<?xml version="1.0" encoding="UTF-8"?>
<includes>
  <include name="ViewDesign_50" description="Side List">
    <control type="group" description="">
	  <visible>Control.IsVisible(50)</visible>
      <control type="group">
	    <animation condition="Skin.HasSetting(View50_SideVideoInformation)" effect="zoom" center="0,1150" start="100,111" end="100,111" time="0" reversible="false">Conditional</animation>
		<include condition="StringCompare(System.Language,Hebrew)">Control_Pos46</include>
		<control type="panel" id="50">
		  <!--<animation condition="Player.HasVideo" effect="slide" start="0,0" end="0,-240" time="0" reversible="false">Conditional</animation>-->
		  <posx>-10</posx>
		  <posy>149</posy>
		  <width>480</width>
		  <height>935</height>
		  <include>4ways</include>
		  <viewtype label="31011">List</viewtype>
		  <include>ViewDesign_50_Layout</include>
		</control>
		
		<control type="grouplist" description="קדימונים-תפריט רחב">
		  <visible>!Skin.HasSetting(View50_Plus)</visible>
		  <visible>!Skin.HasSetting(EnableTrailerButton)</visible>
		  <posx>420</posx>
		  <posy>149</posy>
		  <width>480</width>
		  <height>985</height>
		  <orientation>vertical</orientation>
		  <itemgap>45</itemgap>
		  <include>Trailer_50</include>
	    </control>
		<control type="grouplist" description="קדימונים-תפריט צר">
		  <visible>Skin.HasSetting(View50_Plus)</visible>
		  <visible>!Skin.HasSetting(EnableTrailerButton)</visible>
		  <posx>420</posx>
		  <posy>149</posy>
		  <width>480</width>
		  <height>985</height>
		  <orientation>vertical</orientation>
		  <itemgap>0</itemgap>
		  <include>Trailer_50</include>
		  <include>Trailer_50A</include>
	    </control>
      </control>
	  
    </control>
  </include>

  <include name="ViewDesign_11" description="Center List">
    <control type="group" description="">
	  <visible>Control.IsVisible(11)</visible>
      <control type="group">
	    <include condition="StringCompare(System.Language,Hebrew)">Control_Pos46</include>
		<control type="list" id="11">
		  <posx>-10</posx>
		  <posy>149</posy>
		  <width>480</width>
		  <height>935</height>
		  <include>4ways</include>
		  <viewtype label="">List</viewtype>
		  <include>ViewDesign_50_Layout</include>
		</control>
      </control>
    </control>
  </include>  
  <include name="ViewDesign_450" description="Side List">
    <control type="group" description="">
	  <visible>Control.IsVisible(450)</visible>
      <control type="group">
	    <include condition="StringCompare(System.Language,Hebrew)">Control_Pos46</include>
		<control type="list" id="450">
		  <posx>-10</posx>
		  <posy>149</posy>
		  <width>480</width>
		  <height>935</height>
		  <include>4ways</include>
		  <include>ViewDesign_50_Layout</include>
		</control>
      </control>
    </control>
  </include>
  <include name="ViewDesign_50_Layout">
	  <itemlayout description="(כללי)" condition="Skin.HasSetting(View50_Plus)" height="40" width="480">
		<include>ViewDesign_50_ItemLayout</include>
	  </itemlayout>
	  <focusedlayout description="(כללי)" condition="Skin.HasSetting(View50_Plus)" height="40" width="480">    
		<include>ViewDesign_50_FocusedLayout</include>
	  </focusedlayout>	
	  
	  <itemlayout description="(כללי)" condition="!Skin.HasSetting(View50_Plus)" height="85" width="480">
		<include>ViewDesign_50_ItemLayout</include>
		<include>View50_Plus</include>
	  </itemlayout>
	  <focusedlayout description="(כללי)" condition="!Skin.HasSetting(View50_Plus)" height="85" width="480">    
		<include>ViewDesign_50_FocusedLayout</include>
		<include>View50_Plus</include>
	  </focusedlayout>	
  </include>
  
  <include name="ViewDesign_50_ItemLayout">
    <control type="image" description="מסגרת">
	  <animation condition="!Skin.HasSetting(View50_Plus)" effect="zoom" center="0,0" start="100,100" end="100,200">Conditional</animation>
	  <!--<include>Fade_MenuButtonsOverlay</include>-->
	  <posx>0</posx>
	  <posy>-5</posy>
	  <width>480</width>
	  <height>45</height>
	  <bordertexture colordiffuse="ff000000" border="0">buttons/ButtonA0.png</bordertexture>
	  <bordersize>2</bordersize>
	  <texture border="0" colordiffuse="$VAR[MenuColor]">buttons/ButtonA0.png</texture>
	</control>
	<control type="group" description="פרטים נוספים">
	  <height>60</height>		
	  <posx>417</posx>
	  <width>40</width>
	  <animation condition="StringCompare(System.Language,Hebrew)" effect="slide" start="0,0" end="-405,0">Conditional</animation>
	  <control type="image" description="סמן נצפה רגיל">
		  <animation condition="!StringCompare(System.Language,Hebrew)" effect="slide" start="0,0" end="14,0">Conditional</animation>
		  <animation condition="StringCompare(System.Language,Hebrew)" effect="slide" start="0,0" end="-8,0">Conditional</animation>
		  <height>40</height>
		  <posy>-2</posy>
		  <texture colordiffuse="$VAR[IconUnFocusColor]">$VAR[Overlay2]</texture>
		  <width>40</width>
		  <visible>![[Container.Content(TVShows) + IntegerGreaterThan(ListItem.Property(WatchedEpisodes),0) + IntegerGreaterThan(ListItem.Property(UnWatchedEpisodes),0)] | [Container.Content(Seasons) + IntegerGreaterThan(ListItem.Property(UnWatchedEpisodes),0)] | [Container.Content(Episodes)] + Skin.String(ListItemUnWatchedEpisodes)]</visible>
		  <visible>Window.IsVisible(MyVideoNav.xml)</visible>
	  </control> 
	  <control type="label" description="טקסט נצפה">					
		<include condition="StringCompare(System.Language,Hebrew)">LabelL7</include>
		<include condition="!StringCompare(System.Language,Hebrew)">LabelR7</include>
		<height>40</height>
		<label>$VAR[Button11300]</label>
		<posy>-2</posy>
		<textcolor>grey</textcolor>
		<width>60</width>
		<visible>[Container.Content(TVShows) + IntegerGreaterThan(ListItem.Property(WatchedEpisodes),0) + IntegerGreaterThan(ListItem.Property(UnWatchedEpisodes),0)] | [Container.Content(Seasons) + IntegerGreaterThan(ListItem.Property(UnWatchedEpisodes),0)] | [Container.Content(Episodes)] + Skin.String(ListItemUnWatchedEpisodes)</visible>
		<visible>Window.IsVisible(MyVideoNav.xml)</visible>
	  </control>
	  <control type="label" description="טקסט נצפה">					
		<include condition="StringCompare(System.Language,Hebrew)">LabelL7</include>
		<include condition="!StringCompare(System.Language,Hebrew)">LabelR7</include>
		<height>40</height>
		<label>$VAR[Button11300]</label>
		<posy>-2</posy>
		<textcolor>grey</textcolor>
		<width>60</width>
		<visible>[Container.Content(TVShows) + IntegerGreaterThan(ListItem.Property(WatchedEpisodes),0) + IntegerGreaterThan(ListItem.Property(UnWatchedEpisodes),0)] | [Container.Content(Seasons) + IntegerGreaterThan(ListItem.Property(UnWatchedEpisodes),0)] | [Container.Content(Episodes)] + Skin.String(ListItemUnWatchedEpisodes)</visible>
		<visible>Window.IsVisible(MyVideoNav.xml)</visible>
	  </control>
	  <control type="label" description="שם2">
		  <include condition="StringCompare(System.Language,Hebrew)">LabelL7</include>
		  <include condition="!StringCompare(System.Language,Hebrew)">LabelR7</include>
		  <height>40</height>
		  <label>$VAR[VideoInformation3]</label>
		  <textcolor>grey</textcolor>
		  <width>60</width>
		  <wrapmultiline>true</wrapmultiline>
		  <visible>IsEmpty(Control.GetLabel(11155))</visible>
	  </control>
	</control>
	<control type="label" description="שם">
	  <include condition="StringCompare(System.Language,Hebrew)">Control_Pos47</include>
	  <include condition="StringCompare(System.Language,Hebrew)">LabelR1</include>
	  <include condition="!StringCompare(System.Language,Hebrew)">LabelL1</include>
	  <posx>35</posx>
	  <posy>-4</posy>
	  <width>400</width>
	  <height>40</height>
	  <label>$VAR[VideoInformation1]</label>
	  <visible>[!Skin.HasSetting(View50_BiggerIcon) | Skin.HasSetting(View50_Plus)] | [IsEmpty(ListItem.Icon) + IsEmpty(ListItem.Art(poster)) + IsEmpty(ListItem.Thumb)]</visible>
	</control>
	<control type="label" description="שם עם תמונה מוגדלת">
	  <include condition="StringCompare(System.Language,Hebrew)">Control_Pos47</include>
	  <include condition="StringCompare(System.Language,Hebrew)">LabelR1</include>
	  <include condition="!StringCompare(System.Language,Hebrew)">LabelL1</include>
	  <posx>115</posx>
	  <posy>-4</posy>
	  <width>320</width>
	  <height>40</height>
	  <label>$VAR[VideoInformation1]</label>
	  <visible>Skin.HasSetting(View50_BiggerIcon) + !Skin.HasSetting(View50_Plus)</visible>
	  <visible>[!IsEmpty(ListItem.Icon) | !IsEmpty(ListItem.Art(poster)) | !IsEmpty(ListItem.Thumb)] | StringCompare(Control.GetLabel(13055),DefaultFolderBack.png)</visible>
	</control>
	<control type="label" id="13055">
	  <visible>false</visible>
	  <scroll>true</scroll>
	  <font>size18</font>
	  <label>$VAR[VideoInformation2]</label>
	</control>
	<control type="label" description="סגנונות">
	  <include condition="StringCompare(System.Language,Hebrew)">Control_Pos34</include>
	  <animation description="slide_he" condition="Skin.HasSetting(View50_BiggerIcon) + !Skin.HasSetting(View50_Plus) + !StringCompare(System.Language,Hebrew)" effect="slide" start="0,0" end="30,0" time="0">Conditional</animation>
	  <animation description="slide_he" condition="Skin.HasSetting(View50_BiggerIcon) + !Skin.HasSetting(View50_Plus) + StringCompare(System.Language,Hebrew)" effect="slide" start="0,0" end="-60,0" time="0">Conditional</animation>
	  <animation description="slide_he" condition="!Skin.HasSetting(View50_BiggerIcon) + !Skin.HasSetting(View50_Plus) + StringCompare(System.Language,Hebrew)" effect="slide" start="0,0" end="-30,0" time="0">Conditional</animation>
	  <animation description="slide_he" condition="Window.IsVisible(MyPics.xml) + !StringCompare(System.Language,Hebrew)" effect="slide" start="0,0" end="30,0" time="0">Conditional</animation>
	  <posx>85</posx>
	  <posy>40</posy>
	  <width>250</width>
	  <height>30</height>
	  <textcolor>grey</textcolor>
	  <include condition="StringCompare(System.Language,Hebrew)">LabelR7</include>
	  <include condition="!StringCompare(System.Language,Hebrew)">LabelL7</include>
	  <label>$VAR[VideoInformation5]</label>
	  <visible>!IsEmpty(ListItem.Genre)</visible>
	  <visible>![[Window.IsVisible(MyPVRChannels.xml) | Window.IsVisible(MyPVRGuide.xml) | Window.IsVisible(DialogPVRGuideOSD.xml) | Window.IsVisible(DialogPVRChannelsOSD.xml)] + ListItem.HasEpg]</visible>
	  <visible>!Container.Content(seasons) + !Container.Content(episodes) + !SubString(ListItem.path,videodb://movies/sets/)</visible>
	</control>
	<include>View50_Common</include>
  </include>
  <include name="ViewDesign_50_FocusedLayout">
    <include>AutoView</include>
	<control type="image" description="מסגרת">
	  <animation condition="!Skin.HasSetting(View50_Plus)" effect="zoom" center="0,0" start="100,100" end="100,200">Conditional</animation>
	  <posx>0</posx>
	  <posy>-5</posy>
	  <width>480</width>
	  <height>45</height>
	  <bordertexture colordiffuse="ff000000" border="0">buttons/ButtonA0.png</bordertexture>
	  <bordersize>2</bordersize>
	  <texture border="40" colordiffuse="$VAR[ButtonFocusColor]">buttons/ButtonA0.png</texture>
	</control>
	<control type="group" description="פרטים נוספים">
	  <height>60</height>		
	  <posx>417</posx>
	  <width>40</width>
	  <animation condition="StringCompare(System.Language,Hebrew)" effect="slide" start="0,0" end="-405,0">Conditional</animation>
	  <control type="image" description="סמן נצפה רגיל">
		  <animation condition="!StringCompare(System.Language,Hebrew)" effect="slide" start="0,0" end="14,0">Conditional</animation>
		  <animation condition="StringCompare(System.Language,Hebrew)" effect="slide" start="0,0" end="-8,0">Conditional</animation>
		  <height>40</height>
		  <posy>-2</posy>
		  <texture colordiffuse="$VAR[IconFocusColor]">$VAR[Overlay2]</texture>
		  <width>40</width>
		  <visible>![[Container.Content(TVShows) + IntegerGreaterThan(ListItem.Property(WatchedEpisodes),0) + IntegerGreaterThan(ListItem.Property(UnWatchedEpisodes),0)] | [Container.Content(Seasons) + IntegerGreaterThan(ListItem.Property(UnWatchedEpisodes),0)] | [Container.Content(Episodes)] + Skin.String(ListItemUnWatchedEpisodes)]</visible>
		  <visible>Window.IsVisible(MyVideoNav.xml)</visible>
	  </control> 
	  <control type="label" description="טקסט נצפה">					
		<include condition="StringCompare(System.Language,Hebrew)">LabelL7</include>
		<include condition="!StringCompare(System.Language,Hebrew)">LabelR7</include>
		<height>40</height>
		<label>$VAR[Button11300]</label>
		<posy>-2</posy>
		<textcolor>grey</textcolor>
		<width>60</width>
		<visible>[Container.Content(TVShows) + IntegerGreaterThan(ListItem.Property(WatchedEpisodes),0) + IntegerGreaterThan(ListItem.Property(UnWatchedEpisodes),0)] | [Container.Content(Seasons) + IntegerGreaterThan(ListItem.Property(UnWatchedEpisodes),0)] | [Container.Content(Episodes)] + Skin.String(ListItemUnWatchedEpisodes)</visible>
		<visible>Window.IsVisible(MyVideoNav.xml)</visible>
	  </control>
	  <control type="label" description="שם2">
		  <include condition="StringCompare(System.Language,Hebrew)">LabelL7</include>
		  <include condition="!StringCompare(System.Language,Hebrew)">LabelR7</include>
		  <height>40</height>
		  <label>$VAR[VideoInformation3]</label>
		  <textcolor>grey</textcolor>
		  <width>60</width>
		  <wrapmultiline>true</wrapmultiline>
		  <visible>IsEmpty(Control.GetLabel(11155)) + !IsEmpty(Control.GetLabel(11153))</visible>
	  </control>
	</control>
	<control type="label" description="שם">
	  <include condition="StringCompare(System.Language,Hebrew)">Control_Pos47</include>
	  <include condition="StringCompare(System.Language,Hebrew)">LabelR1</include>
	  <include condition="!StringCompare(System.Language,Hebrew)">LabelL1</include>
	  <textcolor>yellow</textcolor>
	  <posx>35</posx>
	  <posy>-4</posy>
	  <width>400</width>
	  <height>40</height>
	  <label>$VAR[VideoInformation1]</label>
	  <visible>[!Skin.HasSetting(View50_BiggerIcon) | Skin.HasSetting(View50_Plus)] | [IsEmpty(ListItem.Icon) + IsEmpty(ListItem.Art(poster)) + IsEmpty(ListItem.Thumb)]</visible>
	</control>
	<control type="label" description="שם עם תמונה מוגדלת">
	  <include condition="StringCompare(System.Language,Hebrew)">Control_Pos47</include>
	  <include condition="StringCompare(System.Language,Hebrew)">LabelR1</include>
	  <include condition="!StringCompare(System.Language,Hebrew)">LabelL1</include>
	  <textcolor>yellow</textcolor>
	  <posx>115</posx>
	  <posy>-4</posy>
	  <width>320</width>
	  <height>40</height>
	  <label>$VAR[VideoInformation1]</label>
	  <visible>Skin.HasSetting(View50_BiggerIcon) + !Skin.HasSetting(View50_Plus)</visible>
	  <visible>[!IsEmpty(ListItem.Icon) | !IsEmpty(ListItem.Art(poster)) | !IsEmpty(ListItem.Thumb)] | StringCompare(Control.GetLabel(13055),DefaultFolderBack.png)</visible>
	</control>
	<control type="grouplist" description="תמונת סגנון">
	    <animation condition="true" effect="zoom" center="auto" start="100,100" end="80,80">Conditional</animation>
		<animation description="slide_he" condition="StringCompare(System.Language,Hebrew)" effect="slide" start="0,0" end="30,0" time="0">Conditional</animation>
		<animation description="slide_he" condition="Skin.HasSetting(View50_BiggerIcon) + !Skin.HasSetting(View50_Plus) + !StringCompare(System.Language,Hebrew)" effect="slide" start="0,0" end="45,0" time="0">Conditional</animation>
	    <animation description="slide_he" condition="Skin.HasSetting(View50_BiggerIcon) + !Skin.HasSetting(View50_Plus) + StringCompare(System.Language,Hebrew)" effect="slide" start="0,0" end="-40,0" time="0">Conditional</animation>
	    <posx>0</posx>
		<posy>30</posy>
		<include condition="StringCompare(System.Language,Hebrew)">LabelR7</include>
		<include condition="!StringCompare(System.Language,Hebrew)">LabelL7</include>
		<orientation>horizontal</orientation>
		<height>50</height>
		<width>460</width>
		<itemgap>-80</itemgap>
	    <include condition="!Skin.HasSetting(Genre)">MultiVideoGenreFlagging</include>
		<include condition="Skin.HasSetting(Genre)">GenreText</include>
		<visible>!Skin.HasSetting(Genre) + !SubString(ListItem.path,videodb://movies/sets/) + !IsEmpty(ListItem.Genre)</visible>
		<visible>!Container.Content(seasons) + !Container.Content(episodes)</visible>
	</control>
	<control type="label" description="סגנונות">
	  <include condition="StringCompare(System.Language,Hebrew)">Control_Pos34</include>
	  <animation description="slide_he" condition="Window.IsVisible(MyPics.xml) + StringCompare(System.Language,Hebrew)" effect="slide" start="0,0" end="30,0" time="0">Conditional</animation>
	  <animation description="slide_he" condition="Window.IsVisible(MyPics.xml) + !StringCompare(System.Language,Hebrew)" effect="slide" start="0,0" end="30,0" time="0">Conditional</animation>
	  <posx>50</posx>
	  <posy>40</posy>
	  <width>270</width>
	  <height>30</height>
	  <textcolor>grey</textcolor>
	  <include condition="StringCompare(System.Language,Hebrew)">LabelR7</include>
	  <include condition="!StringCompare(System.Language,Hebrew)">LabelL7</include>
	  <label>$VAR[VideoInformation5]</label>
	  <visible>!IsEmpty(ListItem.Genre) + Skin.HasSetting(Genre)</visible>
	  <visible>![[Window.IsVisible(MyPVRChannels.xml) | Window.IsVisible(MyPVRGuide.xml) | Window.IsVisible(DialogPVRGuideOSD.xml) | Window.IsVisible(DialogPVRChannelsOSD.xml)] + ListItem.HasEpg]</visible>
	  <visible>!Container.Content(seasons) + !Container.Content(episodes) + !SubString(ListItem.path,videodb://movies/sets/)</visible>
	</control>
	<include>View50_Common</include>
  </include>
  <include name="View50_Common">
    <control type="image" description="סמן מידע">
	  <height>40</height>		
	  <posx>5</posx>
	  <posy>-3</posy>	      
	  <width>465</width>
	  <include condition="StringCompare(System.Language,Hebrew)">ImageL1</include>
	  <include condition="!StringCompare(System.Language,Hebrew)">ImageR1</include>
	  <texture colordiffuse="grey2">special://home/addons/script.featherence.service/resources/icons/information.png</texture>
	  <include>VisibilityInfoIcon</include>
    </control>
	<control type="button" description="קדימון סרט">
	  <height>40</height>		
	  <posx>430</posx>
	  <posy>-5</posy>	      
	  <width>40</width>
	  <texturefocus>osd/buttons/OSDTrailerFO.png</texturefocus>
	  <texturenofocus>osd/buttons/OSDTrailerNF.png</texturenofocus>
	  <onclick>PlayMedia($INFO[ListItem.Trailer])</onclick>
	  <onclick>Notification(1,1,1000)</onclick>
	  <visible>!IsEmpty(ListItem.Trailer) + !StringCompare(ListItem.Overlay,OverlayWatched.png)</visible>
	  <visible>false</visible>
	</control>
  </include>
  <include name="View50_Plus">
    <control type="label" description="משודר עכשיו">
	  <animation description="slide_he" condition="StringCompare(System.Language,Hebrew)" effect="slide" start="0,0" end="182,0" time="0">Conditional</animation>
	  <posx>75</posx>
	  <posy>40</posy>
	  <width>145</width>
	  <height>30</height>
	  <textcolor>grey</textcolor>
	  <include condition="StringCompare(System.Language,Hebrew)">LabelR7</include>
	  <include condition="!StringCompare(System.Language,Hebrew)">LabelL7</include>
	  <label>$VAR[TopVideoInformation7]</label>
	  <visible>[[Window.IsVisible(MyPVRChannels.xml) | Window.IsVisible(MyPVRGuide.xml) | Window.IsVisible(DialogPVRGuideOSD.xml) | Window.IsVisible(DialogPVRChannelsOSD.xml)] + ListItem.HasEpg]</visible>
	  <visible>[!Skin.HasSetting(View50_BiggerIcon) | Skin.HasSetting(View50_Plus)] | [IsEmpty(ListItem.Icon) + IsEmpty(ListItem.Art(poster)) + IsEmpty(ListItem.Thumb)]</visible>
	</control>
	<control type="label" description="משודר עכשיו עם תמונה מוגדלת">
	  <animation description="slide_he" condition="StringCompare(System.Language,Hebrew)" effect="slide" start="0,0" end="142,0" time="0">Conditional</animation>
	  <posx>112</posx>
	  <posy>40</posy>
	  <width>108</width>
	  <height>30</height>
	  <textcolor>grey</textcolor>
	  <include condition="StringCompare(System.Language,Hebrew)">LabelR7</include>
	  <include condition="!StringCompare(System.Language,Hebrew)">LabelL7</include>
	  <label>$VAR[TopVideoInformation7]</label>
	  <visible>[[Window.IsVisible(MyPVRChannels.xml) | Window.IsVisible(MyPVRGuide.xml) | Window.IsVisible(DialogPVRGuideOSD.xml) | Window.IsVisible(DialogPVRChannelsOSD.xml)] + ListItem.HasEpg]</visible>
	  <visible>Skin.HasSetting(View50_BiggerIcon) + !Skin.HasSetting(View50_Plus)</visible>
	  <visible>[!IsEmpty(ListItem.Icon) | !IsEmpty(ListItem.Art(poster)) | !IsEmpty(ListItem.Thumb)] | StringCompare(Control.GetLabel(13055),DefaultFolderBack.png)</visible>
	</control>
	<control type="image" description="תמונה">
	  <animation description="slide_he" condition="StringCompare(System.Language,Hebrew)" effect="slide" start="0,0" end="382,0" time="0">Conditional</animation>
	  <posx>33</posx>
	  <posy>33</posy>
	  <height>40</height>
	  <width>40</width>
	  <include condition="StringCompare(System.Language,Hebrew)">ImageR2</include>
	  <include condition="!StringCompare(System.Language,Hebrew)">ImageL2</include>
	  <texture background="true">$VAR[VideoInformation2]</texture>
	  <!--<visible>IsEmpty(ListItem.Genre) | !IsEmpty(ListItem.Thumb)</visible>-->
	  <!--<visible>![[Window.IsVisible(MyPVRChannels.xml) | Window.IsVisible(MyPVRGuide.xml) | Window.IsVisible(DialogPVRGuideOSD.xml) | Window.IsVisible(DialogPVRChannelsOSD.xml)] + ListItem.HasEpg]</visible>-->
	  <visible>[!SubString(ListItem.path,videodb://movies/sets/)] | IsEmpty(ListItem.Genre)</visible>
	  <visible>!Skin.HasSetting(View50_BiggerIcon)</visible>
	</control>
	<control type="image" description="תמונה מוגדלת">
	  <animation description="slide_he" condition="StringCompare(System.Language,Hebrew)" effect="slide" start="0,0" end="348,0" time="0">Conditional</animation>
	  <posx>33</posx>
	  <posy>-3</posy>
	  <height>76</height>
	  <width>76</width>
	  <include condition="StringCompare(System.Language,Hebrew)">ImageR2</include>
	  <include condition="!StringCompare(System.Language,Hebrew)">ImageL2</include>
	  <texture background="true">$VAR[VideoInformation2]</texture>
	  <!--<visible>IsEmpty(ListItem.Genre) | !IsEmpty(ListItem.Thumb)</visible>-->
	  <!--<visible>![[Window.IsVisible(MyPVRChannels.xml) | Window.IsVisible(MyPVRGuide.xml) | Window.IsVisible(DialogPVRGuideOSD.xml) | Window.IsVisible(DialogPVRChannelsOSD.xml)] + ListItem.HasEpg]</visible>-->
	  <visible>!SubString(ListItem.path,videodb://movies/sets/) | IsEmpty(ListItem.Genre)</visible>
	  <visible>Skin.HasSetting(View50_BiggerIcon)</visible>
	</control>
	<control type="label" description="שעות/דקות/עונות">
	  <include condition="StringCompare(System.Language,Hebrew)">Control_Pos35</include>
	  <posx>320</posx>
	  <posy>40</posy>
	  <width>170</width>
	  <height>30</height>
	  <textcolor>grey</textcolor>
	  <include condition="StringCompare(System.Language,Hebrew)">LabelR7</include>
	  <include condition="!StringCompare(System.Language,Hebrew)">LabelL7</include>
	  <label>$VAR[VideoInformation4]</label>
	  <visible>!Skin.HasSetting(View50_Plus)</visible>
	  <visible>![[Window.IsVisible(MyPVRChannels.xml) | Window.IsVisible(MyPVRGuide.xml) | Window.IsVisible(DialogPVRGuideOSD.xml) | Window.IsVisible(DialogPVRChannelsOSD.xml)] + ListItem.HasEpg]</visible>
	  <visible>false</visible>
	</control>
	<control type="label" description="שנה">
	  <include condition="StringCompare(System.Language,Hebrew)">Control_Pos37</include>
	  <posx>365</posx>
	  <posy>40</posy>
	  <width>110</width>
	  <height>30</height>
	  <textcolor>grey</textcolor>
	  <include condition="StringCompare(System.Language,Hebrew)">LabelL7</include>
	  <include condition="!StringCompare(System.Language,Hebrew)">LabelR7</include>
	  <label>$VAR[TopVideoInformation2]</label>
	  <visible>!Skin.HasSetting(View50_Plus)</visible>
	  <visible>![[Window.IsVisible(MyPVRChannels.xml) | Window.IsVisible(MyPVRGuide.xml) | Window.IsVisible(DialogPVRGuideOSD.xml) | Window.IsVisible(DialogPVRChannelsOSD.xml)] + ListItem.HasEpg]</visible>
	</control>
	<control type="image" description="דירוג">
	  
	  <include condition="StringCompare(System.Language,Hebrew)">Control_Pos38</include>
	  <posx>360</posx>
	  <posy>23</posy>
	  <width>72</width>
	  <height>55</height>
	  <include condition="StringCompare(System.Language,Hebrew)">ImageR2</include>
	  <include condition="!StringCompare(System.Language,Hebrew)">ImageL2</include>
	  <texture border="1" background="true" colordiffuse="$VAR[MenuColor]">special://home/addons/script.featherence.service/resources/icons/star.png</texture>
	  <visible>!Skin.HasSetting(Show_Rating) + !IsEmpty(ListItem.Rating)</visible>
	  <visible>![[Window.IsVisible(MyPVRChannels.xml) | Window.IsVisible(MyPVRGuide.xml) | Window.IsVisible(DialogPVRGuideOSD.xml) | Window.IsVisible(DialogPVRChannelsOSD.xml)] + ListItem.HasEpg]</visible>
	</control>
	<control type="label" description="דירוג">
	  <include condition="StringCompare(System.Language,Hebrew)">Control_Pos37</include>
	  <posx>385</posx>
	  <posy>40</posy>
	  <width>50</width>
	  <height>30</height>
	  <textcolor>grey</textcolor>
	  <include condition="StringCompare(System.Language,Hebrew)">LabelR7</include>
	  <include condition="!StringCompare(System.Language,Hebrew)">LabelL7</include>
	  <label>$INFO[ListItem.Rating]</label>
	  <visible>!Skin.HasSetting(Show_Rating) + !IsEmpty(ListItem.Rating)</visible>
	  <visible>![[Window.IsVisible(MyPVRChannels.xml) | Window.IsVisible(MyPVRGuide.xml) | Window.IsVisible(DialogPVRGuideOSD.xml) | Window.IsVisible(DialogPVRChannelsOSD.xml)] + ListItem.HasEpg]</visible>
	</control>
	
	<include>PVRprogress</include>
  </include>
  
  <include name="PVRprogress">
	  <control type="group">
		<animation description="50_en" condition="[StringCompare(Container.Viewmode,$LOCALIZE[31011]) | Control.IsVisible(11) | Window.IsVisible(DialogPVRChannelsOSD.xml)] + !Skin.HasSetting(View50_Plus) + !StringCompare(System.Language,Hebrew)" effect="slide" start="0,0" end="150,40" time="0">Conditional</animation>
		<animation description="50_he" condition="[StringCompare(Container.Viewmode,$LOCALIZE[31011]) | Control.IsVisible(11) | Window.IsVisible(DialogPVRChannelsOSD.xml)] + !Skin.HasSetting(View50_Plus) + StringCompare(System.Language,Hebrew)" effect="slide" start="0,0" end="-70,40" time="0">Conditional</animation>
		<animation description="51" condition="StringCompare(Container.Viewmode,$LOCALIZE[31010])" effect="slide" start="0,0" end="-5,54" time="0">Conditional</animation>
		<animation description="54/58" condition="StringCompare(Container.Viewmode,$LOCALIZE[31015]) | StringCompare(Container.Viewmode,$LOCALIZE[31014])" effect="slide" start="0,0" end="20,405" time="0">Conditional</animation>
		<animation description="57" condition="StringCompare(Container.Viewmode,$LOCALIZE[31013])" effect="slide" start="0,0" end="-40,320" time="0">Conditional</animation>
		<visible>ListItem.HasEpg</visible>
		<visible>!StringCompare(Container.Viewmode,$LOCALIZE[31011]) | StringCompare(Container.Viewmode,$LOCALIZE[31011]) + !Skin.HasSetting(View50_Plus)</visible>
		<control type="label" description="StartTime">
		  <posx>80</posx>
		  <posy>0</posy>
		  <width>60</width>
		  <height>30</height>
		  <font>size18</font>
		  <textcolor>grey</textcolor>
		  <align>left</align>
		  <label>$INFO[ListItem.StartTime]</label>
		</control>
		<control type="progress">
		  <posx>135</posx>
		  <posy>10</posy>
		  <width>120</width>
		  <height>13</height>
		  <texturebg>MusicOSD/ProgressBG.png</texturebg>
		  <midtexture>MusicOSD/ProgressM.png</midtexture>
		  <righttexture>MusicOSD/ProgressR.png</righttexture>
		  <lefttexture>MusicOSD/ProgressL.png</lefttexture>
		  <info>ListItem.Progress</info>
		</control>
		<control type="label" description="EndTime">
		  <posx>260</posx>
		  <posy>0</posy>
		  <width>60</width>
		  <height>30</height>
		  <font>size18</font>
		  <textcolor>grey</textcolor>
		  <align>left</align>
		  <label>$INFO[ListItem.EndTime]</label>
		</control>
	  </control>
  </include>
  
  <include name="ViewDesign_51" description="Center List">
    <control type="group" description="">
	  <visible>Control.IsVisible(51)</visible>
      <control type="group">
	    <include>Slide1</include>
		<include>Slide2</include>
		<!--<animation condition="Player.HasVideo" effect="slide" start="0,0" end="0,-240" time="0" reversible="false">Conditional</animation>-->
		<control type="panel" id="51">
		  <posx>520</posx>
		  <posy>200</posy>
		  <width>880</width>
		  <height>812</height>
		  <include>4ways</include>
		  <viewtype label="31010">List</viewtype>
		  <include>ViewDesign_51_Layout</include>
		</control>
		
		<control type="grouplist" description="קדימונים">
		  <visible>!Skin.HasSetting(EnableTrailerButton)</visible>
		  <posx>520</posx>
		  <posy>208</posy>
		  <width>485</width>
		  <height>985</height>
		  <orientation>vertical</orientation>
		  <itemgap>19.7</itemgap>
		  <include>Trailer_51</include>
	    </control>
      </control>
    </control>
  </include>
  
  <include name="ViewDesign_570" description="Center List">
    <control type="group" description="">
	  <visible>Control.IsVisible(570)</visible>
      <control type="group">
		<control type="list" id="570">
		  <include>Slide1</include>
		  <include>Slide2</include>
		  <animation condition="Player.HasVideo" effect="slide" start="0,0" end="0,-240" time="0" reversible="false">Conditional</animation>
		  <posx>20</posx>
		  <posy>140</posy>
		  <width>1880</width>
		  <height>930</height>
		  <include>4ways</include>
		  <include>ViewDesign_51_Layout</include>
		</control>
      </control>
    </control>
  </include>
  <include name="ViewDesign_51_Layout">
	  <itemlayout description="(כללי)" condition="true" height="90" width="960"> <!--[Container.Content(files) | Container.Content(actors) | Container.Content(Sets) | ![Container.Content(Movies) | Container.Content(TVShows) | Container.Content(Seasons) | Container.Content(Episodes) | SubString(ListItem.path,plugin://plugin.video.youtube)]]-->
		<control type="image" description="מסגרת">
		  <!--<include>Fade_MenuButtonsOverlay</include>-->
		  <posx>0</posx>
		  <posy>0</posy>
		  <width>880</width>
		  <height>85</height>
		  <texture border="40" colordiffuse="$VAR[MenuColor]">buttons/types/bd.png</texture>
		</control>
		<include>View51_Common</include>
		<control type="label" description="שם">
		  <include>LabelC3</include>
		  <posx>100</posx>
		  <posy>9</posy>
		  <width>700</width>
		  <height>70</height>
		  <label>$VAR[VideoInformation1]</label>
		</control>
	  </itemlayout>
	  <focusedlayout description="(כללי)" condition="true" height="90" width="960">    
		<include>AutoView</include>
		<control type="image" description="מסגרת">
		  <include>Fade41</include>
		  <posx>0</posx>
		  <posy>0</posy>
		  <width>880</width>
		  <height>85</height>
		  <texture border="40" colordiffuse="$VAR[ButtonFocusColor]">buttons/types/bd.png</texture>
		</control>
		<include>View51_Common</include>
		
		<control type="label" description="שם">
		  <textcolor>yellow</textcolor>
		  <include>LabelC3</include>
		  <posx>100</posx>
		  <posy>9</posy>
		  <width>700</width>
		  <height>70</height>
		  <scroll>true</scroll>
		  <label>$VAR[VideoInformation1]</label>
		</control>
	  </focusedlayout>	
  </include>
  
  <include name="View51_Common">
    <control type="group" description="">
		<animation description="" condition="StringCompare(System.Language,Hebrew)" effect="slide" start="0,0" end="-786,0" time="0">Conditional</animation>
		<height>60</height>		
		<posx>810</posx>
		<posy>15</posy>	      
		<width>40</width>
		<control type="image" description="תמונה לא נבחר">
		  <texture background="true">$VAR[VideoInformation2]</texture>
		  <visible>true</visible>
		</control>
	</control>
	<control type="group" description="">
	  <animation description="" condition="StringCompare(System.Language,Hebrew)" effect="slide" start="0,0" end="786,0" time="0">Conditional</animation>
	  <posx>-295</posx>
	  <posy>-17</posy>
	  <include>InProgressBadge2</include>
	</control>
	
	<control type="label" description="משודר עכשיו">
	  <posx>75</posx>
	  <posy>10</posy>
	  <width>145</width>
	  <height>30</height>
	  <textcolor>grey</textcolor>
	  <include>LabelL7</include>
	  <label>$VAR[TopVideoInformation7]</label>
	  <visible>[[Window.IsVisible(MyPVRChannels.xml) | Window.IsVisible(MyPVRGuide.xml) | Window.IsVisible(DialogPVRGuideOSD.xml) | Window.IsVisible(DialogPVRChannelsOSD.xml)] + ListItem.HasEpg]</visible>
	  <visible>[!Skin.HasSetting(View50_BiggerIcon) | Skin.HasSetting(View50_Plus)] | [IsEmpty(ListItem.Icon) + IsEmpty(ListItem.Art(poster)) + IsEmpty(ListItem.Thumb)]</visible>
	</control>
	<include>PVRprogress</include>
	<control type="group" description="">
	  <animation description="" condition="StringCompare(System.Language,Hebrew)" effect="slide" start="0,0" end="773,0" time="0">Conditional</animation>
	  <posx>13</posx>
	    <control type="image" description="סמן מידע">
		  <aspectratio>keep</aspectratio>
		  <height>70</height>		
		  <posx>0</posx>
		  <posy>7</posy>	      
		  <width>70</width>
		  <texture colordiffuse="grey2">special://home/addons/script.featherence.service/resources/icons/information.png</texture>
		  <include>VisibilityInfoIcon</include>
		  <!--<visible>[!IsEmpty(ListItem.Plot) | !IsEmpty(ListItem.Property(Addon.Description))] + IsEmpty(Control.GetLabel(11153)) + !StringCompare(ListItem.Overlay,OverlayWatched.png)</visible>
		  <visible>![[Container.Content(tvshows) | Container.Content(Seasons) | Container.Content(Episodes) | Container.Content(movies)] + [!IsEmpty(ListItem.Rating) | !IsEmpty(Container.ListItemNoWrap(-1).Rating) | !IsEmpty(Container.ListItemNoWrap(-2).Rating) | !IsEmpty(Container.ListItemNoWrap(1).Rating)] ]</visible>
		  <visible>![[Container.Content(tvshows) + IntegerGreaterThan(ListItem.Property(WatchedEpisodes),0) + IntegerGreaterThan(ListItem.Property(UnWatchedEpisodes),0)] | [Container.Content(Seasons) + IntegerGreaterThan(ListItem.Property(UnWatchedEpisodes),0)] | [Container.Content(Episodes)] + Skin.String(ListItemUnWatchedEpisodes)]</visible>-->
		</control>
		<control type="image" description="אייקון">
		  <include>Fade40</include>
		  <aspectratio align="center">keep</aspectratio>			  			  
		  <height>70</height>
		  <posx>0</posx>
		  <posy>7</posy>
		  <texture colordiffuse="grey2">$VAR[PhotoInformation1]</texture>
		  <width>70</width>
		  <visible>Window.IsVisible(MyPics.xml)</visible>
		</control>
		<control type="label" description="שם2">
		  <include>Fade40</include>
		  <include>LabelL4</include>
		  <posx>15</posx>
		  <posy>7</posy>
		  <width>100</width>
		  <height>70</height>
		  <label>$VAR[VideoInformation3]</label>
		  <textcolor>grey</textcolor>
		  <wrapmultiline>true</wrapmultiline>
		  <visible>!IsEmpty(Control.GetLabel(11153)) | Window.IsVisible(MyPics.xml) + !IsEmpty(ListItem.FileExtension)</visible>
		</control>
		
	</control>
  </include>
  
  <include name="ViewDesign_56" description="Small List">
    <control type="group" description="">
	  <visible>Control.IsVisible(56)</visible>
      <control type="group">
	    <!--<animation condition="Player.HasVideo" effect="slide" start="0,0" end="0,-240" time="0" reversible="false">Conditional</animation>-->
	    <include>Slide1</include>
		<include>Slide2</include>
		<include>ArrowsUpDown</include>
        <control type="panel" id="56">
          <posx>20</posx>
          <posy>210</posy>
          <width>1880</width>
          <height>825</height>
		  <include>4ways</include>
		  <viewtype label="31012">Grid</viewtype>
		  <itemlayout description="(Seasons/Episodes)" condition="!IsEmpty(Control.GetLabel(11155))" height="100" width="960"> <!--SubString(Container.FolderName,Mako)-->
			<control type="image" description="מסגרת">
			  <!--<include>Fade_MenuButtonsOverlay</include>-->
              <posx>760</posx>
              <posy>20</posy>
              <width>360</width>
              <height>100</height>
              <texture border="20" colordiffuse="$VAR[MenuColor]">buttons/types/bd.png</texture>
            </control>
			<control type="label" description="פרק/עונה">
              <include>LabelC3</include>
			  <posx>802</posx>
              <posy>31</posy>
              <width>280</width>
              <height>70</height>
			  <scroll>false</scroll>
			  <label>$VAR[VideoInformation1]</label>
            </control>
		    <control type="label" description="כל העונות">
              <animation condition="!StringCompare(System.Language,Hebrew)" effect="slide" start="0,0" end="-205,0">Conditional</animation>
			  <include condition="StringCompare(System.Language,Hebrew)">LabelR7</include>
			  <include condition="!StringCompare(System.Language,Hebrew)">LabelL7</include>
			  <posx>980</posx>
              <posy>33</posy>
              <width>120</width>
              <height>70</height>
              <textcolor>grey</textcolor>
			  <scroll>false</scroll>
			  <label>$LOCALIZE[20373] $INFO[ListItem.Season]</label>
			  <visible>SubString(Container.FolderName,$LOCALIZE[20366]) + !IsEmpty(ListItem.Episode)</visible>
            </control>			
			<control type="group" description="פרטים נוספים">
			  <height>60</height>		
			  <posx>1180</posx>
			  <posy>50</posy>
			  <width>40</width>
			  <animation condition="StringCompare(System.Language,Hebrew)" effect="slide" start="0,0" end="-405,0">Conditional</animation>
			  <animation condition="!StringCompare(System.Language,Hebrew)" effect="slide" start="0,0" end="-132,0">Conditional</animation>
			  <control type="image" description="סמן נצפה רגיל">
				  <animation condition="StringCompare(System.Language,Hebrew)" effect="slide" start="0,0" end="-5,0">Conditional</animation>
				  <animation condition="!StringCompare(System.Language,Hebrew)" effect="slide" start="0,0" end="20,0">Conditional</animation>
				  <height>40</height>
				  <texture>$VAR[Overlay2]</texture>
				  <width>40</width>
				  <visible>![[Container.Content(TVShows) + IntegerGreaterThan(ListItem.Property(WatchedEpisodes),0) + IntegerGreaterThan(ListItem.Property(UnWatchedEpisodes),0)] | [Container.Content(Seasons) + IntegerGreaterThan(ListItem.Property(UnWatchedEpisodes),0)] | [Container.Content(Episodes)] + Skin.String(ListItemUnWatchedEpisodes)]</visible>
				  <visible>Window.IsVisible(MyVideoNav.xml)</visible>
			  </control> 
			  <control type="label" description="טקסט נצפה">					
				<aligny>top</aligny>
				<include condition="StringCompare(System.Language,Hebrew)">LabelL2</include>
				<include condition="!StringCompare(System.Language,Hebrew)">LabelR2</include>
				<height>40</height>
				<label>$VAR[Button11300]</label>
				<textcolor>grey</textcolor>
				<width>60</width>
				<visible>[Container.Content(TVShows) + IntegerGreaterThan(ListItem.Property(WatchedEpisodes),0) + IntegerGreaterThan(ListItem.Property(UnWatchedEpisodes),0)] | [Container.Content(Seasons) + IntegerGreaterThan(ListItem.Property(UnWatchedEpisodes),0)] | [Container.Content(Episodes)] + Skin.String(ListItemUnWatchedEpisodes)</visible>
				<visible>Window.IsVisible(MyVideoNav.xml)</visible>
			  </control>
			</control>
		  </itemlayout>
          <focusedlayout description="(Seasons/Episodes)" condition="!IsEmpty(Control.GetLabel(11155))" height="100" width="960">    
			<include>AutoView</include>
			<control type="image" description="מסגרת">
			  <posx>760</posx>
              <posy>20</posy>
              <width>360</width>
              <height>100</height>
              <texture border="40" colordiffuse="$VAR[ButtonFocusColor]">buttons/types/bd.png</texture>
            </control>
		    <control type="label" description="פרק/עונה">
              <include>LabelC3</include>
			  <posx>802</posx>
              <posy>31</posy>
              <width>280</width>
              <height>70</height>
              <textcolor>yellow</textcolor>
			  <scroll>false</scroll>
			  <label>$VAR[VideoInformation1]</label>
            </control>
		    <control type="label" description="כל העונות">
              <animation condition="!StringCompare(System.Language,Hebrew)" effect="slide" start="0,0" end="-205,0">Conditional</animation>
			  <include condition="StringCompare(System.Language,Hebrew)">LabelR7</include>
			  <include condition="!StringCompare(System.Language,Hebrew)">LabelL7</include>
			  <posx>980</posx>
              <posy>33</posy>
              <width>120</width>
              <height>70</height>
              <textcolor>grey</textcolor>
			  <scroll>false</scroll>
			  <label>$LOCALIZE[20373] $INFO[ListItem.Season]</label>
			  <visible>SubString(Container.FolderName,$LOCALIZE[20366]) + !IsEmpty(ListItem.Episode)</visible>
            </control>
			<control type="group" description="פרטים נוספים">
			  <height>60</height>		
			  <posx>1180</posx>
			  <posy>50</posy>
			  <width>40</width>
			  <animation condition="StringCompare(System.Language,Hebrew)" effect="slide" start="0,0" end="-405,0">Conditional</animation>
			  <animation condition="!StringCompare(System.Language,Hebrew)" effect="slide" start="0,0" end="-132,0">Conditional</animation>
			  <control type="image" description="סמן נצפה רגיל">
				  <animation condition="StringCompare(System.Language,Hebrew)" effect="slide" start="0,0" end="-5,0">Conditional</animation>
				  <animation condition="!StringCompare(System.Language,Hebrew)" effect="slide" start="0,0" end="20,0">Conditional</animation>
				  <height>40</height>
				  <texture>$VAR[Overlay2]</texture>
				  <width>40</width>
				  <visible>![[Container.Content(TVShows) + IntegerGreaterThan(ListItem.Property(WatchedEpisodes),0) + IntegerGreaterThan(ListItem.Property(UnWatchedEpisodes),0)] | [Container.Content(Seasons) + IntegerGreaterThan(ListItem.Property(UnWatchedEpisodes),0)] | [Container.Content(Episodes)] + Skin.String(ListItemUnWatchedEpisodes)]</visible>
				  <visible>Window.IsVisible(MyVideoNav.xml)</visible>
			  </control> 
			  <control type="label" description="טקסט נצפה">					
				<aligny>top</aligny>
				<include condition="StringCompare(System.Language,Hebrew)">LabelL2</include>
				<include condition="!StringCompare(System.Language,Hebrew)">LabelR2</include>
				<height>40</height>
				<label>$VAR[Button11300]</label>
				<textcolor>grey</textcolor>
				<width>60</width>
				<visible>[Container.Content(TVShows) + IntegerGreaterThan(ListItem.Property(WatchedEpisodes),0) + IntegerGreaterThan(ListItem.Property(UnWatchedEpisodes),0)] | [Container.Content(Seasons) + IntegerGreaterThan(ListItem.Property(UnWatchedEpisodes),0)] | [Container.Content(Episodes)] + Skin.String(ListItemUnWatchedEpisodes)</visible>
				<visible>Window.IsVisible(MyVideoNav.xml)</visible>
			  </control>
			</control>     
          </focusedlayout>        		
		</control>
      </control>
    </control>	
  </include>
  <include name="ViewDesign_57" description="Wall">
    <control type="group" description="">
	  <visible>StringCompare(Container.Viewmode,$LOCALIZE[31013])</visible>
      <control type="group">
        <control type="panel" id="57">
		  <include>Slide1</include>
		  <include>Slide2</include>
          <posx>20</posx>
          <posy>35</posy>
          <width>2000</width>
          <height>1041</height>
		  <include>4ways</include>
		  <viewtype label="31013">Grid</viewtype>
          <itemlayout description="(Movies+TVshows)" height="342" width="267">
            <control type="group">
			   	<include>Fade_MoviesTVCoversOverlay</include>
				<include>Slide2.4</include>
				<include>View57_Common</include>
				<control type="label" description="כותרת">
				  <animation condition="Skin.HasSetting(ShowDVDCases2)" effect="fade" start="60" end="60" time="0">Conditional</animation>
				  <animation condition="!Skin.HasSetting(ShowDVDCases2)" effect="fade" start="90" end="90" time="0">Conditional</animation>
				  <scrollspeed>1</scrollspeed>
				  <align>center</align>
				  <font>size18</font>
				  <posx>58</posx>
				  <posy>286</posy>
				  <width>194</width>
				  <height>35</height>
				  <textcolor>white2</textcolor>
				  <label>$VAR[VideoInformation1]</label>
				</control>
			    <include>PVRprogress</include>
			</control>
		  </itemlayout>
          <focusedlayout description="(Movies+TVshows)" height="342" width="267">
			<include>AutoView</include>
			<control type="group">
			   	<include>Slide2.3</include>
				<animation condition="!Skin.HasSetting(SelectedZoom)" effect="zoom" center="auto" start="100,100" end="110,110">Conditional</animation>
				<include>View57_Common</include>
				<control type="image" description="סמן">
				 <posx>23</posx>
				 <posy>19</posy>              
				 <height>312</height>
				 <width>237</width>
				 <texture colordiffuse="yellow">misc/dvdcases/dvdcases.png</texture>
				 <visible>IsEmpty(Control.GetLabel(11156)) + Window.IsVisible(MyVideoNav.xml) + !Window.IsVisible(DialogBusy.xml)</visible>
				 <visible>!Skin.HasSetting(ShowDVDCases)</visible>
				 <visible>!SubString(ListItem.Label,$LOCALIZE[33078]) + !StringCompare(ListItem.Label,..) + !SubString(ListItem.Label,Next Page)"</visible>
				</control>
				<control type="label" description="כותרת">
				  <animation condition="Skin.HasSetting(ShowDVDCases2)" effect="fade" start="60" end="60" time="0">Conditional</animation>
				  <animation condition="!Skin.HasSetting(ShowDVDCases2)" effect="fade" start="90" end="90" time="0">Conditional</animation>
				  <scrollspeed>1</scrollspeed>
				  <align>center</align>
				  <font>size18</font>
				  <posx>58</posx>
				  <posy>286</posy>
				  <width>194</width>
				  <height>35</height>
				  <textcolor>yellow</textcolor>
				  <label>$VAR[VideoInformation1]</label>
				  <!--<visible>Skin.HasSetting(ShowDVDCases) | !IsEmpty(Control.GetLabel(11156)) | !Window.IsVisible(MyVideoNav.xml)</visible>-->
				</control>
			    <control type="group" description="מסגרת סמן בחירה">
				  <control type="image">
					<include>Fade9</include>
					<bordersize>10</bordersize>
					<posx>37</posx>
					<posy>6</posy>
					<width>234</width>
					<height>326</height>
					<texture border="10" colordiffuse="$VAR[SelectedFrameColor]">misc/frames/selector.png</texture>
					<visible>Skin.HasSetting(ShowDVDCases) | !IsEmpty(Control.GetLabel(11156))</visible>
					<visible>!Skin.HasSetting(SelectedFrame)</visible>
				  </control>
				  <control type="image">
					<include>Fade9</include>
					<bordersize>10</bordersize>
					<posx>13</posx>
					<posy>4</posy>
					<width>258</width>
					<height>330</height>
					<texture border="10" colordiffuse="$VAR[SelectedFrameColor]">misc/frames/selector.png</texture>
					<visible>!Skin.HasSetting(ShowDVDCases) + IsEmpty(Control.GetLabel(11156))</visible>
					<visible>!Skin.HasSetting(SelectedFrame)</visible>
				  </control>
				</control>
				<include>PVRprogress</include>
			</control>
		  </focusedlayout>
		</control>
	  </control>
	  <control type="grouplist" description="קדימונים שורה 1">
          <visible>!Skin.HasSetting(EnableTrailerButton)</visible>
		  <animation condition="[Control.IsVisible(57) + StringCompare(Container.Viewmode,$LOCALIZE[31013]) | Control.IsVisible(58) + StringCompare(Container.Viewmode,$LOCALIZE[31014])] + [!Control.HasFocus(7017)] + !Control.HasFocus(60) + [!IsEmpty(Control.GetLabel(1106)) | !IsEmpty(Control.GetLabel(1105)) | Player.HasVideo] + !Container(57).OnNext + !Container(57).OnPrevious + !Container(58).OnNext + !Container(58).OnPrevious + !Skin.HasSetting(ShowTopVideoInformation)" effect="fade" start="100" end="0" delay="2700" time="700" reversible="false">Conditional</animation>
		  <posx>210</posx>
          <posy>75</posy>
          <width>1800</width>
          <height>300</height>
		  <orientation>horizontal</orientation>
		  <itemgap>197</itemgap>
		  <include>Trailer_57A</include>
	  </control>
	  <control type="grouplist" description="קדימונים שורה 2">
          <visible>!Skin.HasSetting(EnableTrailerButton)</visible>
		  <animation condition="[Control.IsVisible(57) + StringCompare(Container.Viewmode,$LOCALIZE[31013]) | Control.IsVisible(58) + StringCompare(Container.Viewmode,$LOCALIZE[31014])] + [!Control.HasFocus(7017)] + !Control.HasFocus(60) + [!IsEmpty(Control.GetLabel(1106)) | !IsEmpty(Control.GetLabel(1105)) | Player.HasVideo] + !Container(57).OnNext + !Container(57).OnPrevious + !Container(58).OnNext + !Container(58).OnPrevious + !Skin.HasSetting(ShowTopVideoInformation)" effect="fade" start="100" end="0" delay="2700" time="700" reversible="false">Conditional</animation>
		  <posx>210</posx>
          <posy>418</posy>
          <width>1800</width>
          <height>300</height>
		  <orientation>horizontal</orientation>
		  <itemgap>197</itemgap>
		  <include>Trailer_57B</include>
	  </control>
	  <control type="grouplist" description="קדימונים שורה 3">
          <visible>!Skin.HasSetting(EnableTrailerButton)</visible>
		  <animation condition="[Control.IsVisible(57) + StringCompare(Container.Viewmode,$LOCALIZE[31013]) | Control.IsVisible(58) + StringCompare(Container.Viewmode,$LOCALIZE[31014])] + [!Control.HasFocus(7017)] + !Control.HasFocus(60) + [!IsEmpty(Control.GetLabel(1106)) | !IsEmpty(Control.GetLabel(1105)) | Player.HasVideo] + !Container(57).OnNext + !Container(57).OnPrevious + !Container(58).OnNext + !Container(58).OnPrevious + !Skin.HasSetting(ShowTopVideoInformation)" effect="fade" start="100" end="0" delay="2700" time="700" reversible="false">Conditional</animation>
		  <posx>210</posx>
          <posy>761</posy>
          <width>1800</width>
          <height>300</height>
		  <orientation>horizontal</orientation>
		  <itemgap>197</itemgap>
		  <include>Trailer_57C</include>
	  </control>
    </control>
  </include>
  
  <include name="View57_Common">
    <control type="image" description="תמונה">
	  <posx>55</posx>
	  <posy>24</posy>
	  <width>197</width>
	  <height>290</height>
	  <texture background="true">$VAR[VideoInformation2]</texture>
	  <bordertexture colordiffuse="$VAR[MenuColor]" border="0">buttons/ButtonA0.png</bordertexture>
	  <bordersize>1</bordersize>
	  <aspectratio>stretch</aspectratio>
	</control>
	<include>Rating_</include>
	<include>Duration_</include>
    <include>InProgressBadge2</include>
	<control type="group" description="לא נבחר ShowDVDCases">
	  <posx>23</posx>
	  <posy>19</posy>              
	  <height>312</height>
	  <visible>!Skin.HasSetting(ShowDVDCases)</visible>
	  <width>237</width>
	  <include>ShowDVDCases</include>
	</control>
    <control type="image" description="רקע כיתוב">
	  <animation condition="Skin.HasSetting(ShowDVDCases2)" effect="fade" start="60" end="60" time="0">Conditional</animation>
	  <animation condition="!Skin.HasSetting(ShowDVDCases2)" effect="fade" start="90" end="90" time="0">Conditional</animation>
	  <posx>56</posx>
	  <posy>290</posy>
	  <width>195</width>
	  <height>24</height>
	  <texture colordiffuse="ff100c08">buttons/ButtonA0.png</texture>
	  <aspectratio>scale</aspectratio>
	  <visible>!IsEmpty(ListItem.Label) + !StringCompare(ListItem.Label,..)</visible>
	  <!--<visible>Skin.HasSetting(ShowDVDCases) | !IsEmpty(Control.GetLabel(11156)) | !Window.IsVisible(MyVideoNav.xml)</visible>-->
	</control>
	<control type="image" description="סמן מידע">
	  <aspectratio>keep</aspectratio>
	  <height>40</height>		
	  <posx>45</posx>
	  <posy>20</posy>	      
	  <width>60</width>
	  <texture colordiffuse="grey2">special://home/addons/script.featherence.service/resources/icons/information.png</texture>
	  <include>VisibilityInfoIcon</include>
	  <!--<visible>[!IsEmpty(ListItem.Plot) | !IsEmpty(ListItem.Property(Addon.Description))] + IsEmpty(Control.GetLabel(11153)) + !StringCompare(ListItem.Overlay,OverlayWatched.png)</visible>
	  <visible>![[Container.Content(tvshows) | Container.Content(seasons) | Container.Content(episodes) | Container.Content(movies)] + [!IsEmpty(ListItem.Rating) | !IsEmpty(Container.ListItemNoWrap(-1).Rating) | !IsEmpty(Container.ListItemNoWrap(-2).Rating) | !IsEmpty(Container.ListItemNoWrap(1).Rating)]]</visible>
	  <visible>![[Container.Content(TVShows) + IntegerGreaterThan(ListItem.Property(WatchedEpisodes),0) + IntegerGreaterThan(ListItem.Property(UnWatchedEpisodes),0)] | [Container.Content(Seasons) + IntegerGreaterThan(ListItem.Property(UnWatchedEpisodes),0)] | [Container.Content(Episodes)] + Skin.String(ListItemUnWatchedEpisodes)]</visible>-->
	</control>
  </include>
  
  <include name="ViewDesign_58" description="Poster">
    <control type="group" description="">
	  <visible>StringCompare(Container.Viewmode,$LOCALIZE[31014])</visible>
      <control type="group">
        <control type="panel" id="58">
		  <include>Slide1</include>
		  <include>Slide2</include>
          <posx>20</posx>
          <posy>50</posy>
          <width>1900</width>
          <height>1030</height>
		  <include>4ways</include>
          <viewtype label="31014">Grid</viewtype>
		  <include>ViewDesign_58_Layout</include>
        </control>
      </control>
	  <control type="grouplist" description="קדימונים שורה 1">
          <visible>!Skin.HasSetting(EnableTrailerButton)</visible>
		  <animation condition="[Control.IsVisible(57) + StringCompare(Container.Viewmode,$LOCALIZE[31013]) | Control.IsVisible(58) + StringCompare(Container.Viewmode,$LOCALIZE[31014])] + [!Control.HasFocus(7017)] + !Control.HasFocus(60) + [!IsEmpty(Control.GetLabel(1106)) | !IsEmpty(Control.GetLabel(1105)) | Player.HasVideo] + !Container(57).OnNext + !Container(57).OnPrevious + !Container(58).OnNext + !Container(58).OnPrevious + !Skin.HasSetting(ShowTopVideoInformation)" effect="fade" start="100" end="0" delay="2700" time="700" reversible="false">Conditional</animation>
		  <posx>320</posx>
          <posy>115</posy>
          <width>1800</width>
          <height>300</height>
		  <orientation>horizontal</orientation>
		  <itemgap>304</itemgap>
		  <include>Trailer_58A</include>
	  </control>
	  <control type="grouplist" description="קדימונים שורה 2">
          <visible>!Skin.HasSetting(EnableTrailerButton)</visible>
		  <animation condition="[Control.IsVisible(57) + StringCompare(Container.Viewmode,$LOCALIZE[31013]) | Control.IsVisible(58) + StringCompare(Container.Viewmode,$LOCALIZE[31014])] + [!Control.HasFocus(7017)] + !Control.HasFocus(60) + [!IsEmpty(Control.GetLabel(1106)) | !IsEmpty(Control.GetLabel(1105)) | Player.HasVideo] + !Container(57).OnNext + !Container(57).OnPrevious + !Container(58).OnNext + !Container(58).OnPrevious + !Skin.HasSetting(ShowTopVideoInformation)" effect="fade" start="100" end="0" delay="2700" time="700" reversible="false">Conditional</animation>
		  <posx>320</posx>
          <posy>625</posy>
          <width>1800</width>
          <height>300</height>
		  <orientation>horizontal</orientation>
		  <itemgap>304</itemgap>
		  <include>Trailer_58B</include>
	  </control>
    </control>
  </include>
  <include name="ViewDesign_451" description="Poster">
    <control type="group" description="">
	  <visible>Control.IsVisible(451)</visible>
      <control type="group">
        <control type="panel" id="451">
		  <include>Slide1</include>
		  <include>Slide2</include>
          <posx>20</posx>
          <posy>50</posy>
          <width>1880</width>
          <height>1030</height>
		  <include>4ways</include>
          <viewtype label="31014">Grid</viewtype>
		  <include>ViewDesign_58_Layout</include>
        </control>
      </control>
    </control>
  </include>
  <include name="ViewDesign_58_Layout">
	  <itemlayout description="(Plugins)" height="510" width="373">
		<control type="group">
			<!--<animation condition="Skin.HasSetting(View56_Fan) + StringCompare(Container.Viewmode,$LOCALIZE[31015]) + StringCompare(Container(56).Position,1)" effect="rotatey" center="auto" start="55" end="55" time="0" reversible="false">Conditional</animation>-->
			<include>Fade_MoviesTVCoversOverlay</include>
			<include>Slide2.4</include>
			<include>View58_Common</include>
			<control type="label" description="כותרת">
			  <animation condition="Skin.HasSetting(ShowDVDCases2)" effect="fade" start="60" end="60" time="0">Conditional</animation>
			  <animation condition="!Skin.HasSetting(ShowDVDCases2)" effect="fade" start="90" end="90" time="0">Conditional</animation>
			  <include>Fade11</include>
			  <include>LabelC2</include>
			  <posx>60</posx>
			  <posy>435</posy>
			  <width>304</width>
			  <height>35</height>
			  <textcolor>white2</textcolor>
			  <scroll>false</scroll>
			  <label>$VAR[VideoInformation1]</label>
			  <!--<visible>!Skin.HasSetting(ShowDVDCases2) | !IsEmpty(Control.GetLabel(11156)) | !Window.IsVisible(MyVideoNav.xml)</visible>-->
			</control>		
			<control type="label" description="תאריך/שנה">
			  <animation condition="true" effect="fade" end="50" time="200">Conditional</animation>
			  <posx>200</posx>
			  <posy>20</posy>
			  <width>150</width>
			  <height>70</height>
			  <font>size24</font>
			  <align>right</align>
			  <label>$VAR[TopVideoInformation2]</label>
			  <scroll>false</scroll>
			  <visible>false</visible>
			</control>
			<include>PVRprogress</include>
		</control>
	  </itemlayout>
	  <focusedlayout description="(Plugins)" height="510" width="373">
		<include>AutoView</include>
		<control type="group">
			<animation condition="!Skin.HasSetting(SelectedZoom)" effect="zoom" center="auto" start="100,100" end="110,110">Conditional</animation>
			<include>Slide2.3</include>
			<include>View58_Common</include>
			<control type="image" description="סמן">
			 <posx>3</posx>
			 <posy>25</posy>              
			 <height>472</height>
			 <width>380</width>
			 <texture colordiffuse="yellow">misc/dvdcases/dvdcases.png</texture>
			 <visible>IsEmpty(Control.GetLabel(11156)) + Window.IsVisible(MyVideoNav.xml)</visible>
			 <visible>Skin.HasSetting(ShowDVDCases2)</visible>
			 <visible>!SubString(ListItem.Label,$LOCALIZE[33078]) + !StringCompare(ListItem.Label,..) + !SubString(ListItem.Label,Next Page)</visible>
			</control>
			<control type="label" description="כותרת">
			  <animation condition="Skin.HasSetting(ShowDVDCases2)" effect="fade" start="60" end="60" time="0">Conditional</animation>
	          <animation condition="!Skin.HasSetting(ShowDVDCases2)" effect="fade" start="90" end="90" time="0">Conditional</animation>
			  <textcolor>yellow</textcolor>			  
			  <include>LabelC2</include>
			  <posx>60</posx>
			  <posy>435</posy>
			  <width>304</width>
			  <height>35</height>
			  <scroll>false</scroll>
			  <label>$VAR[VideoInformation1]</label>
			  <!--<visible>!Skin.HasSetting(ShowDVDCases2) | !IsEmpty(Control.GetLabel(11156)) | !Window.IsVisible(MyVideoNav.xml)</visible>-->
			</control>
			<control type="label" description="תאריך תמונה">
			  <include>Fade3</include>
			  <include>LabelL4</include>
			  <posx>58</posx>
			  <posy>70</posy>
			  <scroll>false</scroll>
			  <width>270</width>
			  <height>15</height>
			  <label>$VAR[PhotoInformation2]</label>
			  <shadowcolor>black</shadowcolor>
			  <visible>!IsEmpty(ListItem.Date) | !IsEmpty(ListItem.PictureDate)</visible>
			  <visible>Window.IsVisible(MyPics.xml)</visible>
			</control>
			<control type="label" description="תאריך/שנה">
			  <animation condition="true" effect="fade" end="90" time="200">Conditional</animation>
			  <posx>200</posx>
			  <posy>20</posy>
			  <width>150</width>
			  <height>70</height>
			  <font>size24</font>
			  <align>right</align>
			  <label>$VAR[TopVideoInformation2]</label>
			  <scroll>false</scroll>
			  <visible>false</visible>
			</control>
			<control type="group" description="מסגרת סמן בחירה">
			  <control type="image">
				<include>Fade9</include>
				<bordersize>5</bordersize>
				<posx>41</posx>
				<posy>26</posy>
				<width>337</width>
				<height>457</height>
				<texture border="10" colordiffuse="$VAR[SelectedFrameColor]">misc/frames/selector.png</texture>
				<visible>!Skin.HasSetting(ShowDVDCases2) | !IsEmpty(Control.GetLabel(11156))</visible>
				<visible>!Skin.HasSetting(SelectedFrame)</visible>
			  </control>
			  <control type="image">
				<include>Fade9</include>
				<bordersize>5</bordersize>
				<posx>0</posx>
				<posy>16</posy>
				<width>384</width>
				<height>476</height>
				<texture border="10" colordiffuse="$VAR[SelectedFrameColor]">misc/frames/selector.png</texture>
				<visible>Skin.HasSetting(ShowDVDCases2) + IsEmpty(Control.GetLabel(11156))</visible>
				<visible>!Skin.HasSetting(SelectedFrame)</visible>
			  </control>
			</control>
			<include>PVRprogress</include>
		</control>
	  </focusedlayout>
  </include>
  <include name="View58_Common">
    <control type="image" description="תמונה לא נבחר">
	  <bordertexture colordiffuse="$VAR[MenuColor]" border="0">buttons/ButtonA0.png</bordertexture>
	  <bordersize>1</bordersize>
	  <posx>55</posx>
	  <posy>40</posy>
	  <width>310</width>
	  <height>430</height>
	  <texture background="true">$VAR[VideoInformation2]</texture>
	</control>
    <control type="image" description="רקע כיתוב">
	  <animation condition="Skin.HasSetting(ShowDVDCases2)" effect="fade" start="60" end="60" time="0">Conditional</animation>
	  <animation condition="!Skin.HasSetting(ShowDVDCases2)" effect="fade" start="90" end="90" time="0">Conditional</animation>
	  <aspectratio>scale</aspectratio>
	  <height>33</height>
	  <posx>56</posx>
	  <posy>436</posy>
	  <texture colordiffuse="ff100c08" border="0">buttons/ButtonA0.png</texture>
	  <visible>!IsEmpty(ListItem.Label) + !StringCompare(ListItem.Label,..)</visible>
	  <width>308</width>
	  <!--<visible>!Skin.HasSetting(ShowDVDCases2) | !IsEmpty(Control.GetLabel(11156)) | !Window.IsVisible(MyVideoNav.xml)</visible>-->
	</control>
	<control type="image" description="אייקון">
	  <include>Fade8</include>
	  <aspectratio align="center">keep</aspectratio>			  			  
	  <height>70</height>
	  <posx>55</posx>
	  <posy>40</posy>
	  <texture>$VAR[PhotoInformation1]</texture>
	  <width>310</width>
	  <visible>Window.IsVisible(MyPics.xml)</visible>
	</control>
	<include>Rating_</include>
	<include>Duration_</include>
	<include>InProgressBadge2</include>
	<control type="group" description="לא נבחר ShowDVDCases">
	  <visible>Skin.HasSetting(ShowDVDCases2)</visible>
	  <posx>3</posx>
	  <posy>25</posy>              
	  <height>472</height>
	  <width>380</width>
	  <include>ShowDVDCases</include>
	</control>
	<control type="image" description="דירוג">
	  <include>Fade3</include>
	  <bordertexture colordiffuse="ff000000" border="0">buttons/ButtonA0.png</bordertexture>
	  <bordersize>2</bordersize>
	  <posx>75</posx>
	  <posy>50</posy>
	  <width>135</width>
	  <height>30</height>
	  <aspectratio align="center">keep</aspectratio>
	  <texture background="true">$VAR[TopVideoInformation3]</texture>
	  <visible>!IsEmpty(ListItem.Rating)</visible>
	  <visible>false</visible>
	</control>
	<control type="image" description="סמן מידע">
	  <aspectratio>keep</aspectratio>
	  <height>40</height>		
	  <posx>45</posx>
	  <posy>40</posy>	      
	  <width>60</width>
	  <texture colordiffuse="grey2">special://home/addons/script.featherence.service/resources/icons/information.png</texture>
	  <include>VisibilityInfoIcon</include>
	</control>
  </include>
  <include name="ViewDesign_54" description="Line">
    <control type="group" description="">
	  <visible>StringCompare(Container.Viewmode,$LOCALIZE[31015])</visible>
      <control type="group">
		<control type="largeimage" id="70130" description="פאנארט">
			<fadetime>200</fadetime>
			<posx>0</posx>
			<posy>-552</posy>
			<height>1080</height>
			<width>1920</width>
			<visible>false</visible>
			<texture background="false">$VAR[fanart]</texture>
			<aspectratio align="top">keep</aspectratio>
	    </control>
        <control type="panel" id="54">
          <posx>20</posx>
          <posy>565</posy>
          <width>1900</width>
          <height>515</height>
		  <include>2ways</include>
		  <orientation>horizontal</orientation>
          <viewtype label="31015">List</viewtype>
		  <include>ViewDesign_58_Layout</include>
        </control>
		<control type="grouplist" description="קדימונים">
		  <visible>!Skin.HasSetting(EnableTrailerButton)</visible>
		  <posx>322</posx>
          <posy>633</posy>
          <width>1800</width>
          <height>300</height>
		  <orientation>horizontal</orientation>
		  <itemgap>303</itemgap>
		  <include>Trailer_54A</include>
	    </control>
      </control>
    </control>
  </include>

  <include name="ViewDesign_111" description="PVR">
    <control type="group" id="250" description="ראשי">
	  <posx>240</posx>
	  <posy>810</posy>
	  <control type="image" description="מסגרת">
		<aspectratio>stretch</aspectratio>
		<height>350</height>
		<posy>-50</posy>
		<width>1440</width>
		<texture border="20" colordiffuse="$VAR[MenuColor]">buttons/types/bd.png</texture>
	  </control>

	  <control type="group" description="כותרות">
		<control type="label" description="קבוצת ערוצים">
		  <posx>520</posx>
		  <posy>-25</posy>
		  <include>LabelC2</include>
		  <height>5</height>
	      <width>400</width>
	      <textcolor>white</textcolor>
	      <label>$INFO[VideoPlayer.ChannelGroup]</label>
		  <visible>!pvr.IsPlayingRadio</visible>
		</control>
		<control type="label" description="קבוצת רדיו">
		  <posx>520</posx>
		  <posy>-25</posy>
		  <include>LabelC2</include>
		  <height>5</height>
	      <width>400</width>
	      <textcolor>white</textcolor>
	      <label>$INFO[MusicPlayer.ChannelGroup]</label>
		  <visible>pvr.IsPlayingRadio</visible>
		</control>
	  </control>
      <control type="list" id="11">
        <posx>0</posx>
        <posy>-5</posy>
        <width>1440</width>
        <height>300</height>
        <onup>11</onup>
        <ondown>11</ondown>
        <onleft>PreviousChannelGroup</onleft>
        <onright>NextChannelGroup</onright>
        <pagecontrol>60</pagecontrol>
        <itemlayout width="1360" height="54">
          <control type="image" description="הקלטה">
            <posx>10</posx>
            <posy>5</posy>
            <width>40</width>
            <height>40</height>
            <texture>pvr/rec.png</texture>
			<aspectratio>keep</aspectratio>
            <visible>ListItem.IsRecording</visible>
          </control>
		  <control type="image" description="תזמון הקלטה">
            <posx>10</posx>
            <posy>5</posy>
            <width>40</width>
            <height>40</height>
            <texture>pvr/timer.png</texture>
			<aspectratio>keep</aspectratio>
            <visible>ListItem.HasTimer + !ListItem.IsRecording</visible>
          </control>
		  <control type="label" description="מספר הערוץ">
            <posx>50</posx>
			<posy>5</posy>
            <width>60</width>
            <height>40</height>
            <include>LabelL1</include>
            <textcolor>white</textcolor>
            <selectedcolor>yellow</selectedcolor>
            <info>ListItem.ChannelNumber</info>
          </control>
		  <control type="image" description="אייקון">
			<posx>120</posx>
			<posy>5</posy>
			<top></top>
			<width>40</width>
			<height>40</height>
			<texture>$INFO[ListItem.Icon]</texture>
			<aspectratio>keep</aspectratio>
		  </control>
		  <control type="label" description="שעה">
            <posx>170</posx>
			<posy>5</posy>
            <width>145</width>
            <height>40</height>
            <include>LabelL1</include>
            <textcolor>white</textcolor>
            <selectedcolor>yellow</selectedcolor>
            <info>ListItem.StartTime</info>
          </control>
		  <control type="image" description="קו">
			<aspectratio>keep</aspectratio>
			<height>280</height>
			<posx>280</posx>
			<posy>10</posy>
			<top>4</top>
			<width>40</width>
			<texture border="5" colordiffuse="$VAR[MenuColor]">images/LineV.png</texture>
		  </control>
          <control type="label" description="שם הערוץ">
            <posx>310</posx>
            <posy>5</posy>
            <width>400</width>
            <height>40</height>
            <include>LabelL1</include>
            <textcolor>white2</textcolor>
            <selectedcolor>yellow</selectedcolor>
            <info>ListItem.Label</info>
          </control>
		  <control type="image" description="קו">
			<aspectratio>keep</aspectratio>
			<height>280</height>
			<posx>690</posx>
			<posy>10</posy>
			<top>4</top>
			<width>40</width>
			<texture border="5" colordiffuse="$VAR[MenuColor]">images/LineV.png</texture>
		  </control>
		  <control type="label" description="שם התוכנית">
            <posx>740</posx>
            <posy>5</posy>
            <width>1000</width>
            <height>40</height>
            <include>LabelL1</include>
            <textcolor>white</textcolor>
            <selectedcolor>yellow</selectedcolor>
            <info>ListItem.Title</info>
          </control>
		  <control type="image" description="קו">
			<posx>955</posx>
			<posy>10</posy>
			<top>4</top>
			<width>40</width>
			<height>280</height>
			<texture>images/LineV.png</texture>
			<aspectratio>keep</aspectratio>
			<visible>false</visible>
		  </control>
		  <control type="textbox" description="פרטי תוכנית">
            <posx>980</posx>
            <posy>5</posy>
            <width>400</width>
            <height>40</height>
            <include>LabelL1</include>
            <textcolor>white</textcolor>
            <label>$INFO[ListItem.Plot]</label>
			<visible>false</visible>
          </control>
        </itemlayout>
        <focusedlayout width="1360" height="54">
          <control type="image" description="כפתור">
		    <posy>-5</posy>
            <width>1440</width>
            <height>70</height>
            <texture border="40" colordiffuse="$VAR[ButtonFocusColor]">buttons/types/bd.png</texture>
          </control>
          <control type="image" description="הקלטה">
            <posx>10</posx>
            <posy>5</posy>
            <width>40</width>
            <height>40</height>
            <texture>pvr/rec.png</texture>
			<aspectratio>keep</aspectratio>
            <visible>ListItem.IsRecording</visible>
          </control>
		  <control type="image" description="תזמון הקלטה">
            <posx>10</posx>
            <posy>5</posy>
            <width>40</width>
            <height>40</height>
            <texture>pvr/timer.png</texture>
			<aspectratio>keep</aspectratio>
            <visible>ListItem.HasTimer + !ListItem.IsRecording</visible>
          </control>
		  <control type="label" description="מספר הערוץ">
            <posx>50</posx>
			<posy>5</posy>
            <width>60</width>
            <height>40</height>
            <include>LabelL1</include>
            <textcolor>yellow</textcolor>
            <selectedcolor>yellow</selectedcolor>
            <info>ListItem.ChannelNumber</info>
          </control>
		  <control type="image" description="אייקון">
			<posx>120</posx>
			<top>5</top>
			<width>40</width>
			<height>40</height>
			<texture>$INFO[ListItem.Icon]</texture>
			<aspectratio>keep</aspectratio>
		  </control>
		  <control type="label" description="שעה">
            <posx>170</posx>
			<posy>5</posy>
            <width>145</width>
            <height>40</height>
            <include>LabelL1</include>
            <textcolor>yellow</textcolor>
            <selectedcolor>yellow</selectedcolor>
            <info>ListItem.StartTime</info>
          </control>
          <control type="label" description="שם הערוץ">
            <posx>310</posx>
            <posy>5</posy>
            <width>400</width>
            <height>40</height>
            <include>LabelL1</include>
            <textcolor>white2</textcolor>
            <selectedcolor>yellow</selectedcolor>
            <info>ListItem.Label</info>
          </control>
		  <control type="label" description="שם התוכנית">
            <posx>740</posx>
            <posy>5</posy>
            <width>1000</width>
            <height>40</height>
            <include>LabelL1</include>
            <textcolor>yellow</textcolor>
            <selectedcolor>yellow</selectedcolor>
            <info>ListItem.Title</info>
          </control>
		  <control type="image" description="קו">
			<posx>955</posx>
			<posy>10</posy>
			<top>4</top>
			<width>40</width>
			<height>280</height>
			<texture>images/LineV.png</texture>
			<aspectratio>keep</aspectratio>
			<visible>false</visible>
		  </control>
		  <control type="textbox" description="פרטי תוכנית">
            <posx>980</posx>
            <posy>5</posy>
            <width>400</width>
            <height>40</height>
            <include>LabelL1</include>
            <textcolor>yellow</textcolor>
            <label>$INFO[ListItem.Plot]</label>
			<visible>false</visible>
          </control>
        </focusedlayout>
      </control>
    </control>
  </include>
</includes>
