<?xml version="1.0" encoding="UTF-8"?>
<includes>
  <variable name="id90">
    <value condition="!Skin.String(id90)">&quot;90&quot;</value>
	<value condition="Skin.String(id90)">$INFO[Skin.String(id90)]</value>
  </variable>
  <variable name="id91">
    <value condition="!Skin.String(id91)">&quot;91&quot;</value>
	<value condition="Skin.String(id91)">$INFO[Skin.String(id91)]</value>
  </variable>
  <variable name="id92">
    <value condition="!Skin.String(id92)">&quot;92&quot;</value>
	<value condition="Skin.String(id92)">$INFO[Skin.String(id92)]</value>
  </variable>
  <variable name="id93">
    <value condition="!Skin.String(id93)">&quot;93&quot;</value>
	<value condition="Skin.String(id93)">$INFO[Skin.String(id93)]</value>
  </variable>
  <variable name="id94">
    <value condition="!Skin.String(id94)">&quot;94&quot;</value>
	<value condition="Skin.String(id94)">$INFO[Skin.String(id94)]</value>
  </variable>
  <variable name="id95">
    <value condition="!Skin.String(id95)">&quot;95&quot;</value>
	<value condition="Skin.String(id95)">$INFO[Skin.String(id95)]</value>
  </variable>
  <variable name="id96">
    <value condition="!Skin.String(id96)">&quot;96&quot;</value>
	<value condition="Skin.String(id96)">$INFO[Skin.String(id96)]</value>
  </variable>
  <variable name="id97">
    <value condition="!Skin.String(id97)">&quot;97&quot;</value>
	<value condition="Skin.String(id97)">$INFO[Skin.String(id97)]</value>
  </variable>
  <variable name="id98">
    <value condition="!Skin.String(id98)">&quot;98&quot;</value>
	<value condition="Skin.String(id98)">$INFO[Skin.String(id98)]</value>
  </variable>
  <variable name="id99">
    <value condition="!Skin.String(id99)">&quot;99&quot;</value>
	<value condition="Skin.String(id99)">$INFO[Skin.String(id99)]</value>
  </variable>
  <variable name="id100">
    <value condition="!Skin.String(id100)">&quot;100&quot;</value>
	<value condition="Skin.String(id100)">$INFO[Skin.String(id100)]</value>
  </variable>
  <variable name="id101">
    <value condition="!Skin.String(id101)">&quot;101&quot;</value>
	<value condition="Skin.String(id101)">$INFO[Skin.String(id101)]</value>
  </variable>
  <variable name="id102">
    <value condition="!Skin.String(id102)">&quot;102&quot;</value>
	<value condition="Skin.String(id102)">$INFO[Skin.String(id102)]</value>
  </variable>
  <variable name="id103">
    <value condition="!Skin.String(id103)">&quot;103&quot;</value>
	<value condition="Skin.String(id103)">$INFO[Skin.String(id103)]</value>
  </variable>
  <variable name="id104">
    <value condition="!Skin.String(id104)">&quot;104&quot;</value>
	<value condition="Skin.String(id104)">$INFO[Skin.String(id104)]</value>
  </variable>
  <variable name="id105">
    <value condition="!Skin.String(id105)">&quot;105&quot;</value>
	<value condition="Skin.String(id105)">$INFO[Skin.String(id105)]</value>
  </variable>
  <variable name="id106">
    <value condition="!Skin.String(id106)">&quot;106&quot;</value>
	<value condition="Skin.String(id106)">$INFO[Skin.String(id106)]</value>
  </variable>
  <variable name="id107">
    <value condition="!Skin.String(id107)">&quot;107&quot;</value>
	<value condition="Skin.String(id107)">$INFO[Skin.String(id107)]</value>
  </variable>
  <variable name="id108">
    <value condition="!Skin.String(id108)">&quot;108&quot;</value>
	<value condition="Skin.String(id108)">$INFO[Skin.String(id108)]</value>
  </variable>
  <variable name="id109">
    <value condition="!Skin.String(id109)">&quot;109&quot;</value>
	<value condition="Skin.String(id109)">$INFO[Skin.String(id109)]</value>
  </variable>
  <variable name="id110">
    <value condition="!Skin.String(id110)">&quot;110&quot;</value>
	<value condition="Skin.String(id110)">$INFO[Skin.String(id110)]</value>
  </variable>
  <variable name="id111">
    <value condition="!Skin.String(id111)">&quot;111&quot;</value>
	<value condition="Skin.String(id111)">$INFO[Skin.String(id111)]</value>
  </variable>
  <variable name="id112">
    <value condition="!Skin.String(id112)">&quot;112&quot;</value>
	<value condition="Skin.String(id112)">$INFO[Skin.String(id112)]</value>
  </variable>
  <variable name="id113">
    <value condition="!Skin.String(id113)">&quot;113&quot;</value>
	<value condition="Skin.String(id113)">$INFO[Skin.String(id113)]</value>
  </variable>
  <variable name="id114">
    <value condition="!Skin.String(id114)">&quot;114&quot;</value>
	<value condition="Skin.String(id114)">$INFO[Skin.String(id114)]</value>
  </variable>
  <variable name="id115">
    <value condition="!Skin.String(id115)">&quot;115&quot;</value>
	<value condition="Skin.String(id115)">$INFO[Skin.String(id115)]</value>
  </variable>
  <variable name="id116">
    <value condition="!Skin.String(id116)">&quot;116&quot;</value>
	<value condition="Skin.String(id116)">$INFO[Skin.String(id116)]</value>
  </variable>
  <variable name="id117">
    <value condition="!Skin.String(id117)">&quot;117&quot;</value>
	<value condition="Skin.String(id117)">$INFO[Skin.String(id117)]</value>
  </variable>
  <variable name="id118">
    <value condition="!Skin.String(id118)">&quot;118&quot;</value>
	<value condition="Skin.String(id118)">$INFO[Skin.String(id118)]</value>
  </variable>
  <variable name="id119">
    <value condition="!Skin.String(id119)">&quot;119&quot;</value>
	<value condition="Skin.String(id119)">$INFO[Skin.String(id119)]</value>
  </variable>
  
  <variable name="label17">
    <value condition="!Skin.String(label17) | Skin.String(label17,...)">$LOCALIZE[1036]</value>
	<value condition="Skin.String(label17)">$INFO[Skin.String(label17)]</value>
  </variable>
  <variable name="label18">
    <value condition="!Skin.String(label18) | Skin.String(label18,...)">$LOCALIZE[5]</value>
	<value condition="Skin.String(label18)">$INFO[Skin.String(label18)]</value>
  </variable>
  <variable name="label19">
    <value condition="!Skin.String(label19) | Skin.String(label19,...)">$LOCALIZE[13005]</value>
	<value condition="Skin.String(label19)">$INFO[Skin.String(label19)]</value>
  </variable>
  
  <variable name="label33" description="ערוצי רדיו/טלוויזיה">
    <value description="ערוצי רדיו" condition="Window.IsVisible(tvchannels)">$LOCALIZE[19024]</value>
	<value description="ערוצי טלוויזיה" condition="Window.IsVisible(radiochannels)">$LOCALIZE[19023]</value>
  </variable>
  
  <variable name="label1300">
    <value condition="!IsEmpty(Window(home).Property(TEMP))">$INFO[Window(home).Property(TEMP)]</value>
	<value condition="!IsEmpty(Control.GetLabel(1300)) + IntegerGreaterThan(Container(120).NumItems,0)">$INFO[Window(home).Property(DialogSubtitles2)]</value>
  </variable>
  
  <variable name="1label2">
	<value condition="!Skin.HasSetting(ShowSkinVersion)">$LOCALIZE[107]</value>
	<value condition="Skin.HasSetting(ShowSkinVersion)">$LOCALIZE[106]</value>
  </variable>
  
  <variable name="5label2">
	<value condition="!Skin.HasSetting(widget)">$LOCALIZE[107]</value>
	<value condition="Skin.HasSetting(widget)">$LOCALIZE[106]</value>
  </variable>
  
  <variable name="6label2">
	<value condition="!Skin.HasSetting(VideoAudioOSDAlwaysOn)">$LOCALIZE[107]</value>
	<value condition="Skin.HasSetting(VideoAudioOSDAlwaysOn)">$LOCALIZE[106]</value>
  </variable>
  
  <variable name="7label2">
	<value condition="!Skin.HasSetting(HideLibraryUpdates)">$LOCALIZE[107]</value>
	<value condition="Skin.HasSetting(HideLibraryUpdates)">$LOCALIZE[106]</value>
  </variable>
  
  <variable name="8label2">
	<value condition="IsEmpty(Weather.plugin)">$LOCALIZE[106] $LOCALIZE[305]</value>
	<value condition="!IsEmpty(Weather.plugin)">$LOCALIZE[305]</value>
  </variable>
  
  <variable name="13label2">
	<value condition="Skin.HasSetting(Rating)">$LOCALIZE[106]</value>
	<value condition="!Skin.HasSetting(Rating)">$LOCALIZE[107]</value>
  </variable>
  <variable name="13linfo">
	<value condition="Skin.HasSetting(Rating)">misc/help/rating1.png</value>
	<value condition="!Skin.HasSetting(Rating)">misc/help/rating2.png</value>
  </variable>
  
  <variable name="14alabel2">
	<value condition="!Skin.String(PlotAlign)">AUTO</value>
	<value condition="Skin.String(PlotAlign,1)">RTL</value>
	<value condition="Skin.String(PlotAlign,2)">LTR</value>
	<value condition="Skin.String(PlotAlign,3)">JUSTIFY</value>
	<value condition="Skin.String(PlotAlign,4)">CENTER</value>
  </variable>
  
  <variable name="3label2">
	<value condition="!Skin.HasSetting(tips)">$LOCALIZE[107]</value>
	<value condition="Skin.HasSetting(tips)">$LOCALIZE[106]</value>
  </variable>
  
  <variable name="14label2">
	<value condition="!System.GetBool(pvrmanager.enabled)">$LOCALIZE[106] $LOCALIZE[305]</value>
	<value condition="System.GetBool(pvrmanager.enabled)">$LOCALIZE[305]</value>
  </variable>
  
  <variable name="15label2">
	<value condition="Skin.HasSetting(Genre)">$LOCALIZE[106]</value>
	<value condition="!Skin.HasSetting(Genre)">$LOCALIZE[107]</value>
  </variable>

  <variable name="18label2">
	<value condition="Skin.HasSetting(StartUpMusic)">$LOCALIZE[106]</value>
	<value condition="!Skin.HasSetting(StartUpMusic)">$LOCALIZE[107]</value>
  </variable>
  
  <variable name="19label2">
	<value condition="!Skin.String(StartUpMusic)">$LOCALIZE[106]</value>
	<value condition="Skin.String(StartUpMusic)">$LOCALIZE[107]</value>
  </variable>
  
  <variable name="20label2">
	<value condition="!Skin.String(StartUpVideo)">$LOCALIZE[106]</value>
	<value condition="Skin.String(StartUpVideo)">$LOCALIZE[107]</value>
  </variable>
  
  
  <variable name="21label2">
	<value condition="Skin.HasSetting(StartUpVideoFullScreen)">$LOCALIZE[106]</value>
	<value condition="!Skin.HasSetting(StartUpVideoFullScreen)">$LOCALIZE[107]</value>
  </variable>
  
  <variable name="22label2">
	<value condition="Skin.HasSetting(ShowClock)">$LOCALIZE[106]</value>
	<value condition="!Skin.HasSetting(ShowClock)">$LOCALIZE[107]</value>
  </variable>
  
  <variable name="23label2">
	<value description="ברירת מחדל" condition="!Skin.String(ShowClock)">$LOCALIZE[13278]</value>
	<value description="תאריך ושעה" condition="Skin.String(ShowClock,0)">$LOCALIZE[14063]</value>
	<value description="שעה" condition="Skin.String(ShowClock,1)">$LOCALIZE[12392]</value>
	<value description="תאריך" condition="Skin.String(ShowClock,2)">$LOCALIZE[552]</value>
  </variable>
  
  <variable name="24label2">
	<value condition="!Skin.HasSetting(EnableNextAired) | !System.HasAddon(script.tv.show.next.aired)">$LOCALIZE[106]</value>
	<value condition="Skin.HasSetting(EnableNextAired)">$LOCALIZE[107]</value>
  </variable>
  
  <variable name="25label2">
	<value condition="!Skin.HasSetting(AutoView)">$LOCALIZE[106]</value>
	<value condition="Skin.HasSetting(AutoView)">$LOCALIZE[107]</value>
  </variable>
  <variable name="28label2">
    <value condition="!Skin.String(IntroDelay)" description="ברירת מחדל">$LOCALIZE[13278]</value>
    <value condition="Skin.String(IntroDelay,0)" description="0">0</value>
	<value condition="Skin.String(IntroDelay,1)" description="1">1</value>
	<value condition="Skin.String(IntroDelay,2)" description="2">2</value>
	<value condition="Skin.String(IntroDelay,3)" description="3">3</value>
	<value condition="Skin.String(IntroDelay,4)" description="4">4</value>
	<value condition="Skin.String(IntroDelay,5)" description="5">5</value>
  </variable>
  
  <variable name="29label2">
	<value condition="!Skin.String(CustomStartupImage)">$LOCALIZE[106]</value>
	<value condition="Skin.String(CustomStartupImage)">$LOCALIZE[107]</value>
  </variable>
  
  <variable name="36label2">
	<value condition="!Skin.String(screensavermusic)">$LOCALIZE[106]</value>
	<value condition="Skin.String(screensavermusic)">$LOCALIZE[107]</value>
  </variable>
  <variable name="52label2">
	<value condition="!Skin.HasSetting(trailer2)">$LOCALIZE[106]</value>
	<value condition="Skin.HasSetting(trailer2)">$LOCALIZE[107]</value>
  </variable>
  
  <variable name="82label2">
	<value condition="!Skin.HasSetting(Skin_ShowLog)">$LOCALIZE[107]</value>
	<value condition="Skin.HasSetting(Skin_ShowLog)">$LOCALIZE[106]</value>
  </variable>
  <variable name="83label2">
	<value condition="!Skin.String(Skin_ShowLog2)">1</value>
	<value condition="Skin.String(Skin_ShowLog2)">$INFO[Skin.String(Skin_ShowLog2)]</value>
  </variable>
  
  <variable name="157label2">
    <value condition="!Skin.HasSetting(ExtraMouseSupport)">$LOCALIZE[106]</value>
	<value condition="Skin.HasSetting(ExtraMouseSupport)">$LOCALIZE[107]</value>
  </variable>
  
  <variable name="190label2">
	<value condition="!Skin.HasSetting(ButtonLabelPosition)">IN</value>
	<value condition="Skin.HasSetting(ButtonLabelPosition)">OUT</value>
  </variable>
  
  <variable name="191label2">
	<value condition="!Skin.HasSetting(SPMiniButtons)">$LOCALIZE[106]</value>
	<value condition="Skin.HasSetting(SPMiniButtons)">$LOCALIZE[107]</value>
  </variable>

  <variable name="198label2">
    <value condition="!Skin.String(MenuDesign)" description="ברירת מחדל">$LOCALIZE[13278]</value>
    <value condition="Skin.String(MenuDesign,0)" description="פנל">$LOCALIZE[31031]</value>
	<value condition="Skin.String(MenuDesign,1)" description="פנל 2">$LOCALIZE[31031] 2</value>
	<value condition="Skin.String(MenuDesign,2)" description="מאוזן">$LOCALIZE[31032]</value>
	<value condition="Skin.String(MenuDesign,3)" description="מאוזן 2">$LOCALIZE[31032] 2</value>
	<value condition="Skin.String(MenuDesign,4)" description="מאונך">$LOCALIZE[31033]</value>
	<value condition="Skin.String(MenuDesign,6)" description="מאוזן 3">$LOCALIZE[31032] 3</value>
	<value condition="Skin.String(MenuDesign,7)" description="פנל 3">$LOCALIZE[31031] 3</value>
  </variable>
  
  <variable name="199label2">
    <value condition="!Skin.String(ButtonsDesign)" description="ברירת מחדל">$LOCALIZE[13278]</value>
    <value condition="Skin.String(ButtonsDesign,0)" description="מלבנים">$LOCALIZE[31051]</value>
	<value condition="Skin.String(ButtonsDesign,1)" description="עיגולים">$LOCALIZE[31052]</value>
	<value condition="Skin.String(ButtonsDesign,2)" description="משולשים">$LOCALIZE[31053]</value>
	<value condition="Skin.String(ButtonsDesign,3)" description="כריות">$LOCALIZE[31054]</value>
	<value condition="Skin.String(ButtonsDesign,4)" description="משושים">$LOCALIZE[31055]</value>
  </variable>
  
  <variable name="200label2">
    <value condition="!Skin.HasSetting(SelectionMarker)">$LOCALIZE[106]</value>
	<value condition="Skin.HasSetting(SelectionMarker)">$LOCALIZE[107]</value>
  </variable>
  
  <variable name="201label2">
    <value condition="!Skin.HasSetting(SelectionMarker2)">$LOCALIZE[106]</value>
	<value condition="Skin.HasSetting(SelectionMarker2)">$LOCALIZE[107]</value>
  </variable>
  
  <variable name="203label2">
    <value condition="!Skin.HasSetting(ShadowButton)">$LOCALIZE[106]</value>
	<value condition="Skin.HasSetting(ShadowButton)">$LOCALIZE[107]</value>
  </variable>
  
  <variable name="204label2">
    <value condition="Skin.HasSetting(OverlayButton)">$LOCALIZE[106]</value>
	<value condition="!Skin.HasSetting(OverlayButton)">$LOCALIZE[107]</value>
  </variable>
  <variable name="205label2">
    <value condition="Skin.HasSetting(BevelButton)">$LOCALIZE[106]</value>
	<value condition="!Skin.HasSetting(BevelButton)">$LOCALIZE[107]</value>
  </variable>
  <variable name="206label2">
    <value condition="!Skin.HasSetting(StrokeButton)">$LOCALIZE[106]</value>
	<value condition="Skin.HasSetting(StrokeButton)">$LOCALIZE[107]</value>
  </variable>

  <variable name="211label2" description="שקיפות קבועה (כפתורי בית לא נבחר)">
    <value condition="!Skin.HasSetting(FixedUnFocusButtonsTransperancy)">$LOCALIZE[107]</value>
	<value condition="Skin.HasSetting(FixedUnFocusButtonsTransperancy)">$LOCALIZE[106]</value>
  </variable>
  
  <variable name="215label2" description="חיתוך סמלים לפי צורה">
    <value condition="Skin.HasSetting(ReshapeIcons)">$LOCALIZE[107]</value>
	<value condition="!Skin.HasSetting(ReshapeIcons)">$LOCALIZE[106]</value>
  </variable>
  
  <variable name="216label2" description="פעולת כפתור משני">
    <value condition="Skin.HasSetting(SubMenuAction)">$LOCALIZE[107]</value>
	<value condition="!Skin.HasSetting(SubMenuAction)">$LOCALIZE[106]</value>
  </variable>
  
  <variable name="217label2" description="פעולת כפתור משני">
    <value condition="Skin.HasSetting(BigHomeIcons)">$LOCALIZE[107]</value>
	<value condition="!Skin.HasSetting(BigHomeIcons)">$LOCALIZE[106]</value>
  </variable>
  
  <variable name="220label2">
    <value condition="!Skin.HasSetting(background)">$LOCALIZE[107]</value>
	<value condition="Skin.HasSetting(background)">$LOCALIZE[106]</value>
  </variable>
  
  <variable name="222label2">
    <value condition="!Skin.HasSetting(HomeFanartHalfScreen)">$LOCALIZE[106]</value>
	<value condition="Skin.HasSetting(HomeFanartHalfScreen)">$LOCALIZE[107]</value>
  </variable>
  
  <variable name="223label2">
    <value condition="!Skin.HasSetting(HideTopMainBackground)" description="">$LOCALIZE[107]</value>
	<value condition="Skin.HasSetting(HideTopMainBackground)" description="">$LOCALIZE[106]</value>
  </variable>
  
  <variable name="227label2">
    <value condition="!Skin.String(TopBackgroundTexture)">$LOCALIZE[13278]</value>
    <value condition="Skin.String(TopBackgroundTexture,NONE)">$LOCALIZE[106]</value>
	<value condition="Skin.String(TopBackgroundTexture)">$LOCALIZE[107] $INFO[Skin.String(TopBackgroundTexture)]</value>
  </variable>
  
  <variable name="229label2">
    <value condition="!Skin.HasSetting(SubBackground)">$LOCALIZE[106]</value>
	<value condition="Skin.HasSetting(SubBackground)">$LOCALIZE[107]</value>
  </variable>
  
  <variable name="237label2">
    <value condition="!Skin.HasSetting(MultiFanart)">$LOCALIZE[106]</value>
	<value condition="Skin.HasSetting(MultiFanart)">$LOCALIZE[107]</value>
  </variable>

  <variable name="238label2">
	 <value condition="!Skin.String(MultiFanart_timeperimage)">10</value>
	 <value condition="Skin.String(MultiFanart_timeperimage,1)">15</value>
	 <value condition="Skin.String(MultiFanart_timeperimage,2)">20</value>
	 <value condition="Skin.String(MultiFanart_timeperimage,3)">25</value>
	 <value condition="Skin.String(MultiFanart_timeperimage,4)">30</value>
	 <value condition="Skin.String(MultiFanart_timeperimage,5)">7</value>
  </variable>
   
   <variable name="239label2">
	 <value condition="!Skin.String(MultiFanart_fadetime)">0.2</value>
	 <value condition="Skin.String(MultiFanart_fadetime,1)">0.5</value>
	 <value condition="Skin.String(MultiFanart_fadetime,2)">1</value>
	 <value condition="Skin.String(MultiFanart_fadetime,3)">1.5</value>
	 <value condition="Skin.String(MultiFanart_fadetime,4)">2</value>
	 <value condition="Skin.String(MultiFanart_fadetime,5)">2.5</value>
   </variable>
  
  <variable name="240label2">
    <value condition="Skin.HasSetting(MultiFanart_randomize)">$LOCALIZE[106]</value>
	<value condition="!Skin.HasSetting(MultiFanart_randomize)">$LOCALIZE[107]</value>
  </variable>
  
  <variable name="252label2">
	<value condition="Skin.String(MainBackgroundTexture,NONE)">$LOCALIZE[106]</value>
	<value condition="Skin.String(MainBackgroundTexture)">$LOCALIZE[107] $INFO[Skin.String(MainBackgroundTexture)]</value>
  </variable>
  
  <variable name="270label2">
    <value condition="!Skin.HasSetting(MenuBackground)">$LOCALIZE[107]</value>
	<value condition="Skin.HasSetting(MenuBackground)">$LOCALIZE[106]</value>
  </variable>
  <variable name="280label2">
    <value condition="Skin.HasSetting(2DButton2)">$LOCALIZE[107]</value>
	<value condition="!Skin.HasSetting(2DButton2)">$LOCALIZE[106]</value>
  </variable>
  
  <variable name="283label2">
    <value condition="Skin.HasSetting(ShadowButton2)">$LOCALIZE[106]</value>
	<value condition="!Skin.HasSetting(ShadowButton2)">$LOCALIZE[107]</value>
  </variable>
  
  <variable name="284label2">
    <value condition="!Skin.HasSetting(OverlayButton2)">$LOCALIZE[106]</value>
	<value condition="Skin.HasSetting(OverlayButton2)">$LOCALIZE[107]</value>
  </variable>
  <variable name="285label2">
    <value condition="Skin.HasSetting(BevelButton2)">$LOCALIZE[106]</value>
	<value condition="!Skin.HasSetting(BevelButton2)">$LOCALIZE[107]</value>
  </variable>
  <variable name="286label2">
    <value condition="Skin.HasSetting(StrokeButton2)">$LOCALIZE[106]</value>
	<value condition="!Skin.HasSetting(StrokeButton2)">$LOCALIZE[107]</value>
  </variable>
  
  <variable name="324label2">
    <value condition="!Skin.HasSetting(TopInformationSize)">$LOCALIZE[13278]</value>
	<value condition="Skin.HasSetting(TopInformationSize)">BIGGER</value>
  </variable>
  
  <variable name="325label2">
	<value condition="!Skin.String(TopInformationIcons)">$LOCALIZE[107]</value>
	<value condition="Skin.String(TopInformationIcons_name)">$INFO[Skin.String(TopInformationIcons_name)]</value>
  </variable>
  
  <variable name="338label2">
    <value condition="!Skin.HasSetting(RSSVisibility)">Home</value>
	<value condition="Skin.HasSetting(RSSVisibility)">All</value>
  </variable>
  
  <variable name="339label2">
    <value condition="!Skin.HasSetting(RSSOnMedia)">$LOCALIZE[106]</value>
	<value condition="Skin.HasSetting(RSSOnMedia)">$LOCALIZE[107]</value>
  </variable>
  
  <variable name="361label2">
    <value condition="!Skin.HasSetting(VolumeIcon)">$LOCALIZE[107]</value>
	<value condition="Skin.HasSetting(VolumeIcon)">$LOCALIZE[106]</value>
  </variable>
  
  <variable name="365label2">
    <value condition="!Skin.String(VolumePosition)">DEFAULT</value>
	<value condition="Skin.String(VolumePosition,0)">CENTER</value>
	<value condition="Skin.String(VolumePosition,1)">N</value>
	<value condition="Skin.String(VolumePosition,2)">S</value>
	<value condition="Skin.String(VolumePosition,3)">NE</value>
	<value condition="Skin.String(VolumePosition,4)">NW</value>
  </variable>
  
  <variable name="368label2">
    <value condition="!Skin.HasSetting(VolumePercent)">$LOCALIZE[107]</value>
	<value condition="Skin.HasSetting(VolumePercent)">$LOCALIZE[106]</value>
  </variable>
  
  <variable name="369label2">
    <value condition="!Skin.HasSetting(VolumeMute)">$LOCALIZE[107]</value>
	<value condition="Skin.HasSetting(VolumeMute)">$LOCALIZE[106]</value>
  </variable>
  
  
  <variable name="395label">
    <value condition="StringCompare(System.Language,Hebrew)">$LOCALIZE[573] $LOCALIZE[13278]</value>
	<value condition="!StringCompare(System.Language,Hebrew)">$LOCALIZE[13278] $LOCALIZE[573]</value>
  </variable>
  <variable name="label709">
    <value condition="StringCompare(System.Language,Hebrew)">$LOCALIZE[19190] $LOCALIZE[590]</value>
	<value condition="!StringCompare(System.Language,Hebrew)">$LOCALIZE[590] $LOCALIZE[19190]</value>
  </variable>
  <variable name="label710">
    <value>$LOCALIZE[31114]</value>
  </variable>
  
  <variable name="297label2" description="">
    <value condition="!Skin.String(DialogPosition)">$LOCALIZE[13278]</value>
	<value condition="Skin.String(DialogPosition,1)">CENTER</value>
	<!--<value condition="Skin.String(DialogKaiToastPos,2)">SE</value>
	<value condition="Skin.String(DialogKaiToastPos,3)">N</value>
	<value condition="Skin.String(DialogKaiToastPos,4)">NW</value>
	<value condition="Skin.String(DialogKaiToastPos,5)">NE</value>-->
  </variable>
  
  <variable name="335label2">
    <value condition="!Skin.HasSetting(TopVideoInformationFontSize)">$LOCALIZE[106]</value>
	<value condition="Skin.HasSetting(TopVideoInformationFontSize)">$LOCALIZE[107]</value>
  </variable>
  
  <variable name="393label2" description="">
    <value condition="!Skin.String(WindowsOpenClose)">$LOCALIZE[13278]</value>
	<value condition="Skin.String(WindowsOpenClose,0)">0</value>
	<value condition="Skin.String(WindowsOpenClose,1)">400</value>
	<value condition="Skin.String(WindowsOpenClose,2)">500</value>
	<value condition="Skin.String(WindowsOpenClose,3)">750</value>
	<value condition="Skin.String(WindowsOpenClose,4)">1000</value>
	<value condition="Skin.String(WindowsOpenClose,5)">1250</value>
	<value condition="Skin.String(WindowsOpenClose,6)">1500</value>
	<value condition="Skin.String(WindowsOpenClose,7)">2000</value>
	<value condition="Skin.String(WindowsOpenClose,8)">2500</value>
	<value condition="Skin.String(WindowsOpenClose,9)">3000</value>
  </variable>
  
  <variable name="394label2">
    <value condition="Skin.HasSetting(WindowsOpenClose)">$LOCALIZE[106]</value>
	<value condition="!Skin.HasSetting(WindowsOpenClose)">$LOCALIZE[107]</value>
  </variable>
  
  <variable name="398label2">
    <value condition="!Skin.HasSetting(DefaultActionButtons)">$LOCALIZE[106]</value>
	<value condition="Skin.HasSetting(DefaultActionButtons)">$LOCALIZE[107]</value>
  </variable>
  
  <variable name="399label2">
    <value condition="Skin.HasSetting(Action_Thumbnail)">$LOCALIZE[106]</value>
	<value condition="!Skin.HasSetting(Action_Thumbnail)">$LOCALIZE[107]</value>
  </variable>
  
  <variable name="410label2">
    <value condition="Skin.HasSetting(Touch_Support)">$LOCALIZE[107]</value>
	<value condition="!Skin.HasSetting(Touch_Support)">$LOCALIZE[106]</value>
  </variable>
  <variable name="411label2">
    <value condition="!Skin.HasSetting(ButtonsDesignTouch)">$LOCALIZE[107]</value>
	<value condition="Skin.HasSetting(ButtonsDesignTouch)">$LOCALIZE[106]</value>
  </variable>
  <variable name="412label2" description="גודל כפתורי מגע">
    <value condition="!Skin.String(ButtonsSizeTouch)">$LOCALIZE[13278]</value>
	<value condition="Skin.String(ButtonsSizeTouch,0)">Small</value>
	<value condition="Skin.String(ButtonsSizeTouch,1)">Medium</value>
	<value condition="Skin.String(ButtonsSizeTouch,2)">Large</value>
  </variable>
  
  <variable name="417label2" description="מיקום כפתורי מסך מגע">
    <value condition="!Skin.String(TouchButtonsPosition)">$LOCALIZE[13278]</value>
	<value condition="Skin.String(TouchButtonsPosition,1)">SE</value>
	<value condition="Skin.String(TouchButtonsPosition,2)">SW</value>
	<value condition="Skin.String(TouchButtonsPosition,3)">S</value>
	<value condition="Skin.String(TouchButtonsPosition,4)">E</value>
	<value condition="Skin.String(TouchButtonsPosition,5)">W</value>
  </variable>
  
  <variable name="418label2">
    <value condition="!Skin.HasSetting(Touch_Orientation)">$LOCALIZE[31033]</value>
	<value condition="Skin.HasSetting(Touch_Orientation)">$LOCALIZE[31032]</value>
  </variable>
  
  <variable name="451label2">
    <value condition="!Skin.String(WidgetDesign)">5</value>
	<value condition="Skin.String(WidgetDesign,0)">7</value>
	<value condition="Skin.String(WidgetDesign,1)">9</value>
  </variable>
  
  <variable name="452label2">
    <value condition="Skin.HasSetting(ButtonsDesignWidget)">$LOCALIZE[107]</value>
	<value condition="!Skin.HasSetting(ButtonsDesignWidget)">$LOCALIZE[106]</value>
  </variable>
  
  <variable name="459label2">
    <value condition="!Skin.HasSetting(WidgetBackground)">$LOCALIZE[106]</value>
	<value condition="Skin.HasSetting(WidgetBackground)">$LOCALIZE[107]</value>
  </variable>
  
  <variable name="468label2">
    <value condition="!Skin.HasSetting(WidgetLabelBackground)">$LOCALIZE[107]</value>
	<value condition="Skin.HasSetting(WidgetLabelBackground)">$LOCALIZE[106]</value>
  </variable>
  
  <variable name="441label2">
    <value condition="!Skin.HasSetting(PassProtect)">$LOCALIZE[106]</value>
	<value condition="Skin.HasSetting(PassProtect)">$LOCALIZE[107]</value>
  </variable>
  
  <variable name="460label2">
    <value condition="Skin.String(widget311) + !IsEmpty(Skin.String(widget311_name))">$INFO[Skin.String(widget311_name)]</value>
    <value condition="Skin.String(widget311) + IsEmpty(Skin.String(widget311_name))">$INFO[Skin.String(widget311)]</value>
	<value condition="!Skin.String(widget311)">$INFO[Skin.String(label90)]</value>
  </variable>
  
  <variable name="461label2">
    <value condition="Skin.String(widget312) + !IsEmpty(Skin.String(widget312_name))">$INFO[Skin.String(widget312_name)]</value>
    <value condition="Skin.String(widget312) + IsEmpty(Skin.String(widget312_name))">$INFO[Skin.String(widget312)]</value>
	<value condition="!Skin.String(widget312)">$INFO[Skin.String(label91)]</value>
  </variable>
  
  <variable name="462label2">
    <value condition="Skin.String(widget317) + !IsEmpty(Skin.String(widget317_name))">$INFO[Skin.String(widget317_name)]</value>
    <value condition="Skin.String(widget317) + IsEmpty(Skin.String(widget317_name))">$INFO[Skin.String(widget317)]</value>
	<value condition="!Skin.String(widget317)">$INFO[Skin.String(label97)]</value>
  </variable>
  
  <variable name="ReloadSkin_check">
    <value>TEST</value>
	<value condition="Skin.String(MainBackgroundTexture)">MainBackgroundTexture</value>
	<value condition="Skin.String(TopBackgroundTexture)">TopBackgroundTexture</value>
	<value condition="Skin.String(background)">background</value>
	
  </variable>
</includes>
