<?xml version="1.0" encoding="UTF-8"?>
<includes>
  <include file="Defaults.xml" />
  <include file="Includes_Animation.xml" />  
  <include file="Includes_Backgrounds.xml" />
  <include file="Includes_Buttons.xml" />  
  <include file="Includes_CenterMenu.xml" />
  <include file="Includes_CenterMenuContent.xml" />
  <include file="Includes_DialogMenu.xml" />
  <include file="Includes_DialogMenuContent.xml" />
  <include file="Includes_Forms.xml" />  
  <include file="Includes_Home.xml" />
  <include file="Includes_HomeContent.xml" />
  
  <include file="Includes_Genre.xml" />
  <include file="Includes_LeftMenu.xml" />
  <include file="Includes_Settings.xml" />
  <include file="Includes_SettingsContent.xml" />
  <include file="Includes_Small.xml" />
  <include file="Includes_SubContent.xml" />
  <include file="Includes_Widget.xml" />
  <include file="Includes_WidgetContent.xml" />
  <include file="Includes_Variables.xml" />
  <include file="Includes_Variables_label2.xml" />
  <include file="Includes_Views.xml" />
  <include file="Includes_ViewsExtras.xml" />
  <include file="PVRviews.xml" />

  <include name="PVRinfos">
	  <control type="image">
        <description>background image</description>
        <posx>-170</posx>
        <posy>-150</posy>
        <width>1460</width>
        <height>800</height>
        <texture border="20" colordiffuse="$VAR[MenuColor]">buttons/types/bd.png</texture>
        <visible>![Window.IsVisible(FullscreenVideo) | Window.IsVisible(Visualisation)]</visible>
      </control>
	  <control type="image">
          <posy>110</posy>
          <width>1160</width>
          <height>1</height>
          <texture>images/Line.png</texture>
        </control>
      <control type="image">
          <posx>0</posx>
          <posy>370</posy>
          <width>1160</width>
          <height>1</height>
          <texture>images/Line.png</texture>
      </control>
      <control type="label">
        <description>header label</description>
        <posx>20</posx>
        <posy>0</posy>
        <width>1100</width>
        <height>30</height>
        <font>size26</font>
        <label>$LOCALIZE[19047]</label>
        <align>center</align>
        <aligny>center</aligny>
        <textcolor>white</textcolor>
      </control>
      <control type="label">
        <description>Title label</description>
        <posx>20</posx>
        <posy>40</posy>
        <width>1100</width>
        <height>30</height>
        <font>size33B</font>
        <label>$INFO[ListItem.Title]</label>
        <align>center</align>
        <aligny>center</aligny>
        <textcolor>yellow</textcolor>
        <shadowcolor>black</shadowcolor>
      </control>
      <control type="label">
        <description>Start time</description>
        <posx>20</posx>
        <posy>75</posy>
        <width>1100</width>
        <height>25</height>
        <align>center</align>
        <aligny>center</aligny>
        <font>Size26</font>
        <textcolor>grey</textcolor>
        <label>$LOCALIZE[142] $INFO[ListItem.StartTime]</label>
      </control>
      <control type="textbox" id="400">
        <description>Plot value</description>
        <posx>20</posx>
        <posy>110</posy>
        <width>1080</width>
        <height>260</height>
        <font>size26</font>
        <align>justify</align>
        <textcolor>white</textcolor>
        <pagecontrol>-</pagecontrol>
        <label fallback="161">$INFO[ListItem.Plot]</label>
      </control>
      <control type="label">
        <description>Duration</description>
        <posx>60</posx>
        <posy>390</posy>
        <width>1000</width>
        <height>25</height>
        <align>center</align>
        <font>size26</font>
        <textcolor>grey</textcolor>
        <label>$LOCALIZE[552]: $INFO[ListItem.StartDate] / $LOCALIZE[19148]: $INFO[ListItem.ChannelName]</label>
      </control>
      <control type="label">
        <description>Duration</description>
        <posx>60</posx>
        <posy>420</posy>
        <width>1000</width>
        <height>25</height>
        <align>center</align>
        <font>size26</font>
        <textcolor>grey</textcolor>
        <label>$LOCALIZE[180]: $INFO[ListItem.Duration] / $LOCALIZE[135]: $INFO[ListItem.Genre]</label>
      </control>
  </include>
  
  <include name="TopInformation">
	<control type="group" id="7016" description="">
	  <height>45</height>
	  <posy>-6</posy>
	  <animation condition="Skin.HasSetting(TopInformationSize)" effect="zoom" center="0,3" start="100,122" end="100,122" time="0" reversible="false">Conditional</animation>
	  <animation condition="System.IdleTime(10) + Slideshow.IsActive + Window.IsVisible(SlideShow.xml) | System.IdleTime(60)" effect="fade" start="100" end="0" time="7000" reversible="true">Conditional</animation>
      <control type="image" description="מסגרת">
		<include>Fade_TopInformationOverlay</include>
		<posx>-60</posx>
		<texture border="20" colordiffuse="$VAR[TopInformationColor]">buttons/ButtonC0.png</texture>
		<visible>!Skin.HasSetting(Admin)</visible>
	    <width>2040</width>
      </control>
      <control type="image" description="(Admin) מסגרת">
		<posx>-60</posx>
		<texture colordiffuse="ff000000" border="40">buttons/types/bd.png</texture>
		<visible>Skin.HasSetting(Admin)</visible>
	    <width>2040</width>
      </control>
	  <control type="label" id="11010" description="">
		  <label>$VAR[VideoInformation1]</label>
		  <visible>false</visible>
	  </control>
	  <control type="group" description="הכל">
		  <posy>5</posy>
		  <control type="group" description="שמאל_en">
			<posx>10</posx>
			<visible>!Skin.HasSetting(Admin) + !Control.IsVisible(1124)</visible>
			<width>600</width>
			<animation description="Slide_he" condition="StringCompare(System.Language,Hebrew)" effect="slide" start="0,0" end="1300,0">Conditional</animation>
			<control type="label" id="1121" description="שמאל1 (תיקייה)">
			  <aligny>top</aligny>
			  <include condition="StringCompare(System.Language,Hebrew)">LabelR2</include>
			  <include condition="!StringCompare(System.Language,Hebrew)">LabelL2</include>
			  <haspath>false</haspath>
			  <height>20</height>
			  <label>$VAR[TopInformation2]</label>
			  <textcolor>$VAR[TopInformationFontColor]</textcolor>
			  <scroll>true</scroll>
			  <visible>!Control.IsVisible(1122) + !Control.IsVisible(1132)</visible>
			</control>
			<control type="label" id="1122" description="שמאל2 (ספרייה)">
			  <aligny>top</aligny>
			  <include condition="StringCompare(System.Language,Hebrew)">LabelR2</include>
			  <include condition="!StringCompare(System.Language,Hebrew)">LabelL2</include>
			  <haspath>true</haspath>
			  <height>20</height>
			  <label>$VAR[TopInformation2.1]</label>
			  <textcolor>$VAR[TopInformationFontColor]</textcolor>
			  <visible>!IsEmpty(Control.GetLabel(1122))</visible>
			  <visible>StringCompare(ListItem.Label,..) | StringCompare(ListItem.Label,עמוד)</visible>
			</control>
		  </control>
		  <control type="group" description="(includes) שמאל">
			<include>Badges</include>
			<visible>!Skin.HasSetting(Admin)</visible>
		  </control>
		  <control type="label" id="1124" description="זמן לסיום(HasMedia) שמאל2">
		    <animation description="Slide_he" condition="StringCompare(System.Language,Hebrew)" effect="slide" start="0,0" end="1910,0">Conditional</animation>
			<aligny>top</aligny>
			<include condition="StringCompare(System.Language,Hebrew)">LabelR2</include>
			<include condition="!StringCompare(System.Language,Hebrew)">LabelL2</include>
			<posx>10</posx>
			<label>$VAR[TopInformation2.2]</label>
			<textcolor>$VAR[TopInformationFontColor]</textcolor>
			<visible>!Skin.HasSetting(Admin) + Player.HasMedia</visible>
			<visible>!SubString(Player.Folderpath,special://userdata/addon_data/skin.featherence/music/)</visible>
			<visible>!Window.IsVisible(MyPVRChannels.xml)</visible>
			<visible>!SubString(Container.FolderPath,special://userdata/library/videos/) + !SubString(Container.FolderPath,/var/media/) + !SubString(Container.FolderPath,special://home/external/)</visible>
			<visible>!SubString(MusicPlayer.Title,featherence)</visible>
			<width>360</width>
		  </control>
		  <control type="group">
			  <visible>!Window.IsVisible(DialogExtendedProgressBar.xml) + !Window.IsVisible(DialogKaiToast.xml)</visible>
			  <control type="label" description="() אמצע">
				<aligny>top</aligny>
				<textcolor>$VAR[TopInformationFontColor]</textcolor>
				<include>LabelC12</include>
				<include>Fade7</include>
				<label>$VAR[TopInformation3.1]</label>
				
				<posx>600</posx>
				<scroll>false</scroll>
				<!--<visible>!Skin.HasSetting(Admin) + !Control.IsVisible(1127) + [!Player.HasMedia | Window.IsVisible(MyPics.xml) | Window.IsVisible(SlideShow.xml) | Control.HasFocus(311) | Control.HasFocus(312) | Control.HasFocus(313) | Control.HasFocus(314) | Control.HasFocus(315)]</visible>-->
				<width>720</width>
				<visible>!Skin.HasSetting(Admin) + !Control.IsVisible(1127)</visible>
				<visible>!Window.IsVisible(DialogKaiToast.xml)</visible>
				<visible>!Control.IsVisible(1721)</visible>
			  </control>
			  <control type="label" id="1127" description="(HasMedia) אמצע">
				<aligny>top</aligny>
				<textcolor>$VAR[TopInformationFontColor]</textcolor>
				<include>LabelC12</include>
				<label>$VAR[TopInformation3]</label>
				<posx>600</posx>
				<scroll>true</scroll>
				<width>715</width>
				<visible>!Skin.HasSetting(Admin) + Player.HasMedia + !Window.IsVisible(MyPics.xml) + !Window.IsVisible(SlideShow.xml)</visible>
				<visible>!SubString(Player.Folderpath,special://userdata/addon_data/skin.featherence/music/)</visible>
				<visible>!Control.HasFocus(311) + !Control.HasFocus(312) + !Control.HasFocus(313) + !Control.HasFocus(314) + !Control.HasFocus(315)</visible>
				<visible>!SubString(MusicPlayer.Title,featherence)</visible>
				<visible>!Window.IsVisible(DialogKaiToast.xml)</visible>
				<visible>!Control.IsVisible(1721)</visible>
			  </control>
			  <control type="label" description="(Admin) אמצע">
				<aligny>top</aligny>
				<textcolor>$VAR[TopInformationFontColor]</textcolor>
				<include>LabelC12</include>
				<label>$VAR[TopInformation3.1]</label>
				
				<posx>600</posx>
				<scroll>true</scroll>
				<width>720</width>
				<visible>Skin.HasSetting(Admin)</visible>
				<visible>!Window.IsVisible(DialogKaiToast.xml)</visible>
				<visible>!Control.IsVisible(1721)</visible>
			  </control>
			  <include name="RSS_1721">
				<param name="height" value="0" />
				<param name="posx" value="600" />
				<param name="posy" value="0" />
				<param name="width" value="1020" />
				<param name="condition" value="!Player.HasMedia" />
			  </include>
			  <include name="RSS_1721">
				<param name="height" value="0" />
				<param name="posx" value="600" />
				<param name="posy" value="0" />
				<param name="width" value="720" />
				<param name="condition" value="Player.HasMedia" />
			  </include>
			  
		  </control>
		  <control type="group" description="(specials) ימין">
			<include>IconsInformation</include>	
			<visible>true</visible>	
		  </control>
		  <control type="label" description="() ימין">
			<animation description="Slide_he" condition="StringCompare(System.Language,Hebrew)" effect="slide" start="0,0" end="-1900,0">Conditional</animation>
			<aligny>top</aligny>
			<!--<include condition="Skin.HasSetting(TopInformationSize) + StringCompare(System.Language,Hebrew)">LabelL1</include>-->
			<include condition="StringCompare(System.Language,Hebrew)">LabelL2</include>
			<include condition="!StringCompare(System.Language,Hebrew)">LabelR2</include>
			<label>$VAR[ShowClock]</label>		
			<textcolor>$VAR[TopInformationFontColor]</textcolor>
			<posx>10r</posx>
			<visible>Window.IsActive(LoginScreen.xml) | !Skin.HasSetting(ShowClock)</visible> <!--Window.IsActive(home) | -->
			<width>370</width>
		  </control>
	  </control>
	</control>
	<include>TouchSupport</include>
  </include>
  
  <include name="TopVideoInformation">
	<control type="group">
	  <!--<animation condition="!System.IdleTime(3)" effect="fade" start="100" end="70" time="1000">Conditional</animation>-->
      <include>Slide3</include>
	  <include>TopInformationSize0</include>
	  <include>TopInformationSize7</include>
	  <visible>[[Window.IsVisible(DialogFullScreenInfo.xml) | Window.IsVisible(VideoOSD.xml) | Window.IsVisible(DialogSubtitles.xml)] + VideoPlayer.IsFullscreen + Player.Paused] | Window.IsVisible(DialogVideoInfo.xml) | [Window.IsVisible(Home.xml) + [Control.HasFocus(311) | Control.HasFocus(312) | StringCompare(Window(home).Property(Button.ID),97)]] | [StringCompare(Container.Viewmode,$LOCALIZE[31013]) | StringCompare(Container.Viewmode,$LOCALIZE[31014])] + [Container.Content(Seasons) | Container.Content(Episodes) | [Window.IsVisible(CustomHomeCustomizer.xml) + Window.IsVisible(Custom1175.xml)] | !Skin.HasSetting(ShowTopVideoInformation)] | StringCompare(Container.Viewmode,$LOCALIZE[31010]) | StringCompare(Container.Viewmode,$LOCALIZE[31011]) | StringCompare(Container.Viewmode,$LOCALIZE[31015]) | Control.IsVisible(11) | Control.IsVisible(50) | Control.IsVisible(56) | Control.IsVisible(450) | Window.IsVisible(SettingsCategory.xml) | Window.IsVisible(DialogPVRChannelsOSD.xml) | Window.IsVisible(Custom1170.xml) + [StringCompare(Window(home).Property(TEMP),TopVideoInformationColor) | StringCompare(Window(home).Property(TEMP),TopVideoInformationFontColor)]</visible>
	  <animation condition="System.IdleTime(10) + Slideshow.IsActive + Window.IsVisible(SlideShow.xml) | System.IdleTime(60)" effect="fade" start="100" end="0" time="7000" reversible="true">Conditional</animation>
	  <control type="image" description="מסגרת">
		  <animation condition="Window.IsVisible(DialogVideoInfo.xml)" effect="zoom" start="100,100" end="100,256">Conditional</animation>
		  <animation condition="Window.IsVisible(DialogVideoInfo.xml)" effect="slide" start="0,0" end="0,-4">Conditional</animation>
		  <include>Fade_TopVideoInformationOverlay</include>
		  <posx>-20</posx>
          <posy>-566</posy>
          <width>1960</width>
          <height>128</height>
		  
		  <include condition="!Skin.String(TopVideoInformationColor,None)">ButtonTopVideoInformation</include>
		  <include condition="Skin.String(TopVideoInformationColor,None)">ButtonTopVideoInformation_</include>
		  <visible>![Skin.HasSetting(View50_SideVideoInformation) + StringCompare(Container.Viewmode,$LOCALIZE[31011]) + !Window.IsVisible(DialogVideoInfo.xml)]</visible>
      </control>
	  <control type="image" description="מסגרת - מיוחד /SideVideoInformation">
		  <animation description="SideVideoInformation_he" condition="Skin.HasSetting(View50_SideVideoInformation) + StringCompare(Container.Viewmode,$LOCALIZE[31011]) + !Window.IsVisible(DialogVideoInfo.xml) + StringCompare(System.Language,Hebrew)" effect="slide" start="0,0" end="190,0" time="0">Conditional</animation>
		  <include>Fade_TopVideoInformationOverlay</include>
		  <posx>460</posx>
          <posy>111</posy>
          <width>800</width>
          <height>460</height>
		  
		  <include condition="!Skin.String(TopVideoInformationColor,None)">ButtonTopVideoInformation</include>
		  <include condition="Skin.String(TopVideoInformationColor,None)">ButtonTopVideoInformation_</include>
		  <visible>[Skin.HasSetting(View50_SideVideoInformation) + StringCompare(Container.Viewmode,$LOCALIZE[31011]) + !Window.IsVisible(DialogVideoInfo.xml)]</visible>
      </control>
	  <control type="image" description="קו לאורך">
		  <animation condition="Window.IsVisible(DialogVideoInfo.xml)" effect="zoom" start="100,100" end="100,250">Conditional</animation>
		  <animation condition="true" effect="fade" end="10" time="0">Conditional</animation>
		  <aspectratio>keep</aspectratio>
		  <posx>670</posx>
          <posy>-566</posy>
          <width>10</width>
          <height>128</height>
		  <texture border="5" colordiffuse="$VAR[TopVideoInformationColor]">images/LineV.png</texture>
		  <visible>![Skin.HasSetting(View50_SideVideoInformation) + StringCompare(Container.Viewmode,$LOCALIZE[31011]) + !Window.IsVisible(DialogVideoInfo.xml)]</visible>
      </control>
	  <control type="image" description="קו לאורך">
		  <animation condition="true" effect="fade" end="10" time="0">Conditional</animation>
		  <aspectratio>keep</aspectratio>
		  <posx>1225</posx>
          <posy>-566</posy>
          <width>10</width>
          <height>128</height>
		  <texture border="5" colordiffuse="$VAR[TopVideoInformationColor]">images/LineV.png</texture>
		  <visible>![Skin.HasSetting(View50_SideVideoInformation) + StringCompare(Container.Viewmode,$LOCALIZE[31011]) + !Window.IsVisible(DialogVideoInfo.xml)]</visible>
      </control>
	  <control type="image" description="קו לרוחב">
		  <include>Fade_TopVideoInformationOverlay</include>
		  <aspectratio>stretch</aspectratio>
		  <posx>30</posx>
          <posy>-445</posy>
          <width>610</width>
          <height>5</height>
		  <texture border="5" colordiffuse="$VAR[TopVideoInformationColor]">images/line1.png</texture>
		  <visible>Window.IsVisible(DialogVideoInfo.xml)</visible>
      </control>
	  <control type="image" description="קו לרוחב">
		  <include>Fade_TopVideoInformationOverlay</include>
		  <aspectratio>stretch</aspectratio>
		  <posx>685</posx>
          <posy>-490</posy>
          <width>509</width>
          <height>5</height>
		  <texture border="5" colordiffuse="$VAR[TopVideoInformationColor]">images/line1.png</texture>
		  <visible>![Skin.HasSetting(View50_SideVideoInformation) + StringCompare(Container.Viewmode,$LOCALIZE[31011]) + !Window.IsVisible(DialogVideoInfo.xml)]</visible>
      </control>
	  <control type="image" description="קו לרוחב">
		  <include>Fade_TopVideoInformationOverlay</include>
		  <aspectratio>stretch</aspectratio>
		  <posx>1245</posx>
          <posy>-490</posy>
          <width>450</width>
          <height>5</height>
		  <texture border="5" colordiffuse="$VAR[TopVideoInformationColor]">images/line1.png</texture>
		  <visible>![Skin.HasSetting(View50_SideVideoInformation) + StringCompare(Container.Viewmode,$LOCALIZE[31011]) + !Window.IsVisible(DialogVideoInfo.xml)]</visible>
      </control>
	  <control type="group" description="פוסטר">
		<animation description="Slide_he" condition="StringCompare(System.Language,Hebrew)" effect="slide" start="0,0" end="-1690,0">Conditional</animation>
		<animation condition="Window.IsVisible(MyWeather.xml)" effect="zoom" start="100,100" end="150,150" time="3000">Conditional</animation>
		<animation description="SideVideoInformation_en" condition="Skin.HasSetting(View50_SideVideoInformation) + StringCompare(Container.Viewmode,$LOCALIZE[31011]) + !Window.IsVisible(DialogVideoInfo.xml) + !StringCompare(System.Language,Hebrew)" effect="slide" start="0,0" end="-670,670" time="0">Conditional</animation>
		<animation description="SideVideoInformation_he" condition="Skin.HasSetting(View50_SideVideoInformation) + StringCompare(Container.Viewmode,$LOCALIZE[31011]) + !Window.IsVisible(DialogVideoInfo.xml) + StringCompare(System.Language,Hebrew)" effect="slide" start="0,0" end="655,670" time="0">Conditional</animation>
		<include>Fade4</include>
		<height>270</height>
		<posx>1720</posx>
		<posy>-550</posy>
		<width>197</width>
		<include>ShowDVDdisc</include>
		<control type="image" description="פוסטר -ללא מסגרת">
		  <aspectratio>stretch</aspectratio>
		  <texture diffuse="buttons/ButtonA0.png" border="0" background="false">$VAR[TopVideoInformation4]</texture>
		  <visible>!Control.IsVisible(11050)</visible>
		</control>
		<control type="image" id="11050" description="פוסטר -עם מסגרת">
		  <aspectratio>stretch</aspectratio>
		  <texture diffuse="buttons/types/bd.png" border="0" background="false">$VAR[TopVideoInformation4]</texture>
		  <visible>[!SubString(ListItem.Label,$LOCALIZE[33078]) + !StringCompare(ListItem.Label,..) + !SubString(ListItem.Label,Next Page) + IsEmpty(Control.GetLabel(11156)) + Window.IsVisible(MyVideoNav.xml)</visible>
		</control>
		<control type="label" id="1104" description="***פוסטר***">
		  <label>$VAR[TopVideoInformation4]</label>
		  <visible>false</visible>
		</control>
		<control type="group" description="ShowDVDCases">
			<posx>-32</posx>
			<posy>-5</posy>              
			<height>292</height>
			<width>237</width>
			<include>InProgressBadge_</include>
			<include>ShowDVDCases</include>
			<include>InProgressBadge</include>
		</control>
	  </control>  
	  
	 
	  <control type="group" description="משפט סרט/נצפו/פרק+עונה">
		<animation description="Slide_he" condition="StringCompare(System.Language,Hebrew)" effect="slide" start="0,0" end="10,0">Conditional</animation>
		<animation description="SideVideoInformation_en" condition="Skin.HasSetting(View50_SideVideoInformation) + StringCompare(Container.Viewmode,$LOCALIZE[31011]) + !Window.IsVisible(DialogVideoInfo.xml) + !StringCompare(System.Language,Hebrew)" effect="slide" start="0,0" end="-200,685" time="0">Conditional</animation>
		<animation description="SideVideoInformation_he" condition="Skin.HasSetting(View50_SideVideoInformation) + StringCompare(Container.Viewmode,$LOCALIZE[31011]) + !Window.IsVisible(DialogVideoInfo.xml) + StringCompare(System.Language,Hebrew)" effect="slide" start="0,0" end="202,685" time="0">Conditional</animation>
		<include>Fade4</include>
        <posy>-482</posy>
		<visible>!IsEmpty(Control.GetLabel(1107)) + !Window.IsVisible(FileBrowser.xml)</visible>
		<!--<visible>!Window.IsVisible(AddonBrowser.xml)</visible>-->
		<control type="label" id="1107" description="משפט סרט/נצפו/עונה+פרק/משפט הרחבה (1107)">
	      <!--<include condition="!IsEmpty(ListItem.Property(Addon.Description))">ScrollLabel</include>-->
          <posx>685</posx>
		  <height>32</height>
          <font>size21</font>
		  <scroll></scroll>
          <textcolor>$VAR[TopVideoInformationFontColor]</textcolor>
          <align>center</align>
          <label>$VAR[TopVideoInformation7]</label>
		  <visible>!IsEmpty(Control.GetLabel(1107)) + !Window.IsVisible(FileBrowser.xml)</visible>
		  <width>530</width>
        </control>
		
		<control type="fadelabel">
		    <textcolor>$VAR[TopVideoInformationFontColor]</textcolor>
		    <include>LabelC2</include>
			<posy>140</posy>
			<label>$VAR[DirectorButton]</label>
			<label>$VAR[RightMenuDialogVideoInfo2]</label>
			<label>$VAR[RightMenuDialogVideoInfo4]</label>
			<label>$VAR[RightMenuDialogVideoInfo5]</label>
			<label>$VAR[RightMenuDialogVideoInfo3]</label>
			<visible>Window.IsVisible(DialogVideoInfo.xml)</visible>
		</control>
	  </control>
	  <control type="group" description="שם הוידאו">
	    <animation description="Slide_he" condition="StringCompare(System.Language,Hebrew)" effect="slide" start="0,0" end="10,0">Conditional</animation>
		<animation description="SideVideoInformation_en" condition="Skin.HasSetting(View50_SideVideoInformation) + StringCompare(Container.Viewmode,$LOCALIZE[31011]) + !Window.IsVisible(DialogVideoInfo.xml) + !StringCompare(System.Language,Hebrew)" effect="slide" start="0,0" end="-205,685" time="0">Conditional</animation>
		<animation description="SideVideoInformation_he" condition="Skin.HasSetting(View50_SideVideoInformation) + StringCompare(Container.Viewmode,$LOCALIZE[31011]) + !Window.IsVisible(DialogVideoInfo.xml) + StringCompare(System.Language,Hebrew)" effect="slide" start="0,0" end="194,685" time="0">Conditional</animation>
		<include>Fade4</include>
		<visible>!IsEmpty(Control.GetLabel(1108))</visible>
	    <control type="label" id="1108" description="שם">
		  <scroll>false</scroll>
		  <posx>690</posx>
          <posy>-561</posy>
          <height>70</height>
          <font>size34</font>
          <textcolor>yellow</textcolor>
          <align>center</align>
          <label>$VAR[TopVideoInformation8]</label>
		  <width>530</width>
		  <wrapmultiline>true</wrapmultiline>
        </control>
	  </control>
	  <control type="group" description="Right side">
	      <animation description="Slide_he" condition="StringCompare(System.Language,Hebrew) + !Window.IsVisible(MyWeather.xml)" effect="slide" start="0,0" end="-990,0">Conditional</animation>
		  <animation description="SideVideoInformation_en" condition="Skin.HasSetting(View50_SideVideoInformation) + StringCompare(Container.Viewmode,$LOCALIZE[31011]) + !Window.IsVisible(DialogVideoInfo.xml) + !StringCompare(System.Language,Hebrew)" effect="slide" start="0,0" end="-740,810" time="0">Conditional</animation>
		  <animation description="SideVideoInformation_he" condition="Skin.HasSetting(View50_SideVideoInformation) + StringCompare(Container.Viewmode,$LOCALIZE[31011]) + !Window.IsVisible(DialogVideoInfo.xml) + StringCompare(System.Language,Hebrew)" effect="slide" start="0,0" end="720,810" time="0">Conditional</animation>
		  <control type="group" description="תמונת פרק">
			<include>Fade4</include>
			<posx>1221</posx>
			<posy>-450</posy>	      
			<visible>!SubString(Container.FolderPath,plugin://)</visible>
			<visible>!Skin.HasSetting(EpisodeFanart)</visible>
			<control type="image" description="מסגרת">
			  <animation description="Slide_he" condition="StringCompare(System.Language,Hebrew) + !Window.IsVisible(MyWeather.xml)" effect="slide" start="0,0" end="-500,0">Conditional</animation>
			  <animation condition="Window.IsVisible(DialogVideoInfo.xml)" effect="zoom" start="100,100" end="100,270">Conditional</animation>
			  <animation condition="Window.IsVisible(MyWeather.xml)" effect="zoom" start="100,100" end="100,45">Conditional</animation>
			  <animation condition="Window.IsVisible(DialogVideoInfo.xml)" effect="slide" start="0,0" end="0,-5">Conditional</animation>
			  <include>Fade_TopVideoInformationOverlay</include>
			  <posx>0</posx>
			  <posy>0</posy>
			  <width>980</width>
			  <height>191</height>
			  <include condition="!Skin.String(TopVideoInformationColor,None)">ButtonTopVideoInformation</include>
			  <include condition="Skin.String(TopVideoInformationColor,None)">ButtonTopVideoInformation_</include>
			  <visible>!IsEmpty(ListItem.Art(thumb)) + Container.content(Episodes) + !Window.IsActive(VideoFullScreen.xml) | !IsEmpty(Container(50).ListItem.Property(FanartCode))</visible>
			  <visible>!Window.IsVisible(DialogVideoInfo.xml)</visible>
		    </control>
			<control type="image">
			  <aspectratio>stretch</aspectratio>
			  <!--<bordersize>1</bordersize>
			  <bordertexture border="10">misc/frames/fanartborder3.png</bordertexture>-->
			  <posx>-44</posx>
			  <posy>-7</posy>
			  <width>570</width>
			  <height>207</height>
			  <texture border="0" diffuse="buttons/ButtonC0.png">$VAR[TopVideoInformation9]</texture>
			  <visible>!IsEmpty(ListItem.Art(thumb)) + Container.content(Episodes) + !Window.IsActive(VideoFullScreen.xml)</visible>
			</control>
		  </control>
		  <control type="group" description="שנה/יוצר הרחבה">
			<include>Fade4</include>
			<posx>1600</posx>
			<posy>-499</posy>
			<visible>!IsEmpty(Control.GetLabel(1102)) | !IsEmpty(Control.GetLabel(1103))</visible> <!--Window.IsVisible(DialogFullScreenInfo.xml) | -->
			<control type="label" id="1102" description="שנה">
			  <align>right</align>
			  <font>size28</font>
			  <height>70</height>
			  <posx>80</posx>
			  <width>250</width>		
			  <textcolor>$VAR[TopVideoInformationFontColor]</textcolor>
			  <label>$VAR[TopVideoInformation2]</label>
			  <scroll>false</scroll>
			  <visible>!IsEmpty(Control.GetLabel(1102))</visible>
			</control>
		  </control>
		  <control type="group" description="עונה ופרק/יוצר הרחבה">
			<posx>1240</posx>
			<posy>-483</posy>
			<animation description="Slide_he" condition="StringCompare(System.Language,Hebrew)" effect="slide" start="0,0" end="15,0">Conditional</animation>
			<!--<visible>!IsEmpty(Control.GetLabel(1480))</visible>-->
			<control type="label" id="1480" description="עונה ופרק">
			  <align>left</align>
			  <label>$VAR[TopVideoInformation10]</label>
			  <font>size28</font>
			  <height>40</height>
			  <pauseatend>3000</pauseatend>
			  <width>192</width>
			  <textcolor>$VAR[TopVideoInformationFontColor]</textcolor>
			  <visible>!IsEmpty(Control.GetLabel(1480))</visible>
			  <visible>!Control.IsVisible(1481)</visible>
			</control>
			<control type="label" id="1481" description="נצפה לאחרונה">
			  <font>size18</font>
			  <include>LabelC4</include>
			  <height>40</height>
			  <posx>-65</posx>
			  <posy>-5</posy>
			  <scroll>false</scroll>
			  <width>280</width>		
			  <textcolor>$VAR[TopVideoInformationFontColor]</textcolor>
			  <label>$LOCALIZE[31072]:[CR]$INFO[ListItem.LastPlayed]</label>
			  <visible>!IsEmpty(ListItem.LastPlayed)</visible>
			  <visible>[System.IdleTime(3) + !System.IdleTime(6)]</visible>
			</control>
			<control type="label" description="Next Aired">
			  <font>size24</font>
			  <include>LabelC4</include>
			  <height>40</height>
			  <posx>-65</posx>
			  <posy>-2</posy>
			  <scroll>false</scroll>
			  <width>280</width>		
			  <textcolor>$VAR[TopVideoInformationFontColor]</textcolor>
			  <label>Next Aired: $INFO[Window(Home).Property(NextAired.NextDate)]</label>
			  <visible>!IsEmpty(Window(Home).Property(NextAired.NextDate))</visible>
			  <visible>![System.IdleTime(3) + !System.IdleTime(6)] | IsEmpty(ListItem.LastPlayed)</visible>
			  <visible>!Control.IsVisible(1480)</visible>
			</control>
			<control type="label" id="1482" description="עונה ופרק">
			  <align>left</align>
			  <label>$INFO[ListItem.Property(Addon.Creator)]</label>
			  <font>size28</font>
			  <height>40</height>
			  <pauseatend>3000</pauseatend>
			  <width>440</width>
			  <textcolor>$VAR[TopVideoInformationFontColor]</textcolor>
			  <visible>!IsEmpty(Control.GetLabel(1482))</visible>
			  <visible>!Control.IsVisible(1481)</visible>
			</control>
		  </control>
		  <control type="label" id="1103" description="***דירוג***">
			  <label>$VAR[TopVideoInformation3]</label>
			  <visible>false</visible>
		  </control>
		  <control type="image" description="דירוג">
			  <posx>1450</posx>
			  <posy>-478</posy>
			  <height>24</height>
			  <width>125</width>
			  <aspectratio align="center">keep</aspectratio>
			  <texture background="true" colordiffuse="$VAR[TopVideoInformationFontColor]">$VAR[TopVideoInformation3]</texture>
			  <visible>!IsEmpty(Control.GetLabel(1103))</visible>
			  <visible>!Window.IsActive(DialogVideoInfo.xml) | Window.IsActive(DialogVideoInfo.xml) + ![System.IdleTime(3) + !System.IdleTime(6)]</visible>
		  </control>
		  <control type="group" description="דירוג והצבעות/mpaa/נצפה לאחרונה">
			<posx>1368</posx>
			<posy>-483</posy>
			<control type="label" description="דירוג והצבעות">
			  <align>right</align>
			  <aligny>center</aligny>
			  <font>size18</font>
			  <height>40</height>
			  <posx>220</posx>
			  <posy>0</posy>
			  <width>240</width>		
			  <textcolor>$VAR[TopVideoInformationFontColor]</textcolor>
			  <label>$INFO[ListItem.RatingAndVotes]</label>
			  <scroll>false</scroll>
			  <visible>!IsEmpty(ListItem.RatingAndVotes) + Window.IsActive(DialogVideoInfo.xml)</visible>
			  <visible>[System.IdleTime(3) + !System.IdleTime(6)]</visible>
			</control>
			<control type="image">
			  <height>30</height>
			  <visible>!IsEmpty(ListItem.mpaa)</visible>
			  <posx>-13</posx>
			  <posy>3</posy>
			  <width>50</width>
			  <texture>$INFO[ListItem.mpaa,badges/mpaa/,.png] + Window.IsActive(DialogVideoInfo.xml)</texture>
			</control>
		  </control>  
		  <control type="group" description="+סגנון (1106)">
			<include>Fade4</include>
			<visible>!IsEmpty(Control.GetLabel(1105)) | !IsEmpty(Control.GetLabel(1106))</visible>
			<visible>!Window.IsVisible(MyWeather.xml) + !Window.IsVisible(AddonBrowser.xml)</visible>
			<posx>1165</posx>
			<posy>0</posy>
			<control type="label" id="1106" description="ג'אנר">
			  <animation description="Slide_he" condition="StringCompare(System.Language,Hebrew)" effect="slide" start="0,0" end="15,0">Conditional</animation>
			  <posx>65</posx>
			  <posy>-568</posy>
			  <width>320</width>
			  <height>70</height>
			  <textcolor>$VAR[TopVideoInformationFontColor]</textcolor>
			  <include>LabelL1</include>
			  <label>$VAR[TopVideoInformation6]</label>
			  <scroll>false</scroll>
			  <visible>SubString(ListItem.Path,videodb://1/7) | SubString(ListItem.path,videodb://movies/sets/) | ListItem.Property(Addon.Type) | Skin.HasSetting(Admin)</visible>
			</control>
			<control type="grouplist" description="תמונת הסגנון">
				<posx>65</posx>
				<posy>-559</posy>
				<height>50</height>
				<width>360</width>
				<align>left</align>
				<itemgap>-10</itemgap>
				<scrolltime tween="sine" easing="out">200</scrolltime>
				<orientation>horizontal</orientation>
				<visible>!Skin.HasSetting(Genre) + !Window.IsVisible(DialogVideoInfo.xml)</visible>
				<include>MultiVideoGenreFlagging</include>
			</control>
			<control type="grouplist" description="תמונת הסגנון">
				<posx>65</posx>
				<posy>-559</posy>
				<width>360</width>
				<height>50</height>
				<align>left</align>
				<itemgap>-80</itemgap>
				<scrolltime tween="sine" easing="out">200</scrolltime>
				<orientation>horizontal</orientation>
				<visible>!Skin.HasSetting(Genre) + Window.IsVisible(DialogVideoInfo.xml)</visible>
				<include>MultiVideoGenreFlagging</include>
			</control>
			<control type="grouplist" description="שם הסגנון">
				<posx>65</posx>
				<posy>-517</posy>
				<height>40</height>
				<width>360</width>
				<align>left</align>
				<itemgap>-10</itemgap>
				<scrolltime tween="sine" easing="out">200</scrolltime>
				<orientation>horizontal</orientation>
				<textcolor>$VAR[TopVideoInformationFontColor]</textcolor>
				<visible>!Skin.HasSetting(Genre) + !Window.IsVisible(DialogVideoInfo.xml)</visible>
				<include>GenreText</include>
			</control>
			<control type="grouplist" description="שם הסגנון2">
				<posx>80</posx>
				<posy>-517</posy>
				<height>50</height>
				<width>370</width>
				<itemgap>20</itemgap>
				<orientation>horizontal</orientation>
				<textcolor>$VAR[TopVideoInformationFontColor]</textcolor>
				<visible>Skin.HasSetting(Genre)</visible>
				<include>GenreText</include>
			</control>
		  </control>
		  <control type="group" description="מספר עונות">
			<posx>1115</posx>
			<posy>0</posy>
			<control type="label" id="1112" description="מספר">
			  <align>center</align>
			  <height>50</height>
			  <posx>513</posx>
			  <posy>-559</posy>
			  <textcolor>$VAR[TopVideoInformationFontColor]</textcolor>
			  <label>$VAR[TopVideoInformation1112a]</label>
			  <visible>!IsEmpty(Control.GetLabel(1112))</visible>
			  <width>70</width>
			</control>
			<control type="label" description="טקסט">
			  <posx>479</posx>
			  <include>GenreTextPlace</include>
			  <posy>-517</posy>
			  <label>$VAR[TopVideoInformation1112b]</label>
			  <textcolor>$VAR[TopVideoInformationFontColor]</textcolor>
			  <visible>Control.IsVisible(1112)</visible>
			</control>
		  </control>
		  <control type="group" description="אורך בשעות/דקות">
			<posx>1115</posx>
			<posy>0</posy>
			<visible>!Window.IsVisible(MyWeather.xml)</visible>
			<control type="label" id="1101" description="אורך/מספר עונה/גרסה הרחבה">
			  <include condition="Window.IsVisible(AddonBrowser.xml) | Window.IsVisible(DialogAddonInfo.xml) | StringCompare(Container.FolderName,$LOCALIZE[24001])">Control_Pos39</include>
			  <textcolor>$VAR[TopVideoInformationFontColor]</textcolor>
			  <include>LabelR12</include> 
			  <posx>565</posx>
			  <posy>-571</posy>
			  <width>120</width>
			  <label>$VAR[TopVideoInformation1]</label>
			  <scroll>false</scroll>
			  <visible>Window.IsVisible(AddonBrowser.xml) | Window.IsVisible(DialogAddonInfo.xml) | Window.IsVisible(MyMusicNav.xml) | Window.IsVisible(MyPVRChannels.xml) | Window.IsVisible(MyPVRGuide.xml) | !Control.IsVisible(1109) + !Control.IsVisible(1110)</visible>
			  <visible>!IsEmpty(Control.GetLabel(1101))</visible>
			</control>
			<control type="label" id="1109" description="אורך-בשעות">
			  <textcolor>$VAR[TopVideoInformationFontColor]</textcolor>
			  <include>LabelC12</include> 
			  <posx>519</posx>
			  <posy>-571</posy>
			  <width>50</width>
			  <label>$VAR[VideoInHours]</label>
			  <visible>IntegerGreaterThan(Control.GetLabel(1109),0) + !IsEmpty(Control.GetLabel(1109))</visible> <!--!Window.IsActive(VideoFullScreen.xml) + !Container.Content(tvshows) + !Container.Content(seasons) + !Container.Content(episodes) + !SubString(Container.FolderPath,shows)] | [Window.IsActive(VideoFullScreen.xml) + !VideoPlayer.Content(episodes)] + -->
			  <visible>[!IntegerGreaterThan(ListItem.Property(TotalSeasons),1) + Container.Content(tvshows)] | !Container.Content(tvshows)</visible>
			  <visible>!SubString(ListItem.path,videodb://movies/sets/)</visible>
			</control>
			<control type="label" id="1110" description="אורך-בדקות">
			  <textcolor>$VAR[TopVideoInformationFontColor]</textcolor>
			  <include>LabelC12</include> 
			  <posx>519</posx>
			  <posy>-571</posy>
			  <width>50</width>
			  <label>$VAR[VideoInMins]</label>
			  <visible>IntegerGreaterThan(Control.GetLabel(1110),0) + !IsEmpty(Control.GetLabel(1110)) + !Control.IsVisible(1109)</visible> <!--!Window.IsActive(VideoFullScreen.xml) + !Container.Content(tvshows) + !Container.Content(seasons) + !Container.Content(episodes) + !SubString(Container.FolderPath,shows)] | [Window.IsActive(VideoFullScreen.xml) + !VideoPlayer.Content(episodes)] + -->
			  <visible>[!IntegerGreaterThan(ListItem.Property(TotalSeasons),1) + Container.Content(tvshows)] | !Container.Content(tvshows)</visible>
			  <visible>!SubString(ListItem.path,videodb://movies/sets/)</visible>
			</control>
			<control type="label" description="שעות">
			  <align>center</align>
			  <label>$LOCALIZE[12392]</label>
			  <textcolor>$VAR[TopVideoInformationFontColor]</textcolor>
			  <font>size18</font>
			  <posx>510</posx>
			  <posy>-539</posy>
			  <visible>Control.IsVisible(1109)</visible>
			  <width>70</width>
			</control>
			<control type="label" description="דקות">
			  <align>center</align>
			  <label>$LOCALIZE[12391]</label>
			  <textcolor>$VAR[TopVideoInformationFontColor]</textcolor>
			  <font>size18</font>
			  <posx>510</posx>
			  <posy>-539</posy>
			  <visible>Control.IsVisible(1110)</visible>
			  <width>70</width>
			</control>
		  </control>
	  </control>
	  <control type="group" description="פרטי וידאו (1105)">
		<animation description="Slide_he" condition="StringCompare(System.Language,Hebrew) + !Window.IsVisible(MyWeather.xml)" effect="slide" start="0,0" end="1250,0">Conditional</animation>
		<animation description="SideVideoInformation_en" condition="Skin.HasSetting(View50_SideVideoInformation) + StringCompare(Container.Viewmode,$LOCALIZE[31011]) + !Window.IsVisible(DialogVideoInfo.xml) + !StringCompare(System.Language,Hebrew)" effect="slide" start="0,0" end="285,1270" time="0" reversible="false">Conditional</animation>
		<animation description="SideVideoInformation_he" condition="Skin.HasSetting(View50_SideVideoInformation) + StringCompare(Container.Viewmode,$LOCALIZE[31011]) + !Window.IsVisible(DialogVideoInfo.xml) + StringCompare(System.Language,Hebrew)" effect="slide" start="0,0" end="-555,1270" time="0" reversible="false">Conditional</animation>
		<animation description="SideVideoInformation_zoom" condition="Skin.HasSetting(View50_SideVideoInformation) + StringCompare(Container.Viewmode,$LOCALIZE[31011]) + !Window.IsVisible(DialogVideoInfo.xml)" effect="zoom" center="auto" start="80,130" end="80,130" time="0" reversible="false">Conditional</animation>
		<!--<animation condition="Window.IsVisible(DialogVideoInfo.xml)" effect="zoom" center="0,0" start="100,100" end="100,120" time="0">Conditional</animation>-->
		<include>Fade4</include>
		<visible>!IsEmpty(Control.GetLabel(1105)) + !SubString(Control.GetLabel(1105),$LOCALIZE[20457])</visible>
		<control type="label" id="1105" description="***פרטי סרט***">
		  <label>$VAR[TopVideoInformation5]</label>
		  <visible>false</visible>
		</control>
		<control type="group" description="פרטי סרט">
			<posx>10</posx>
			<posy>-561</posy>
			<control type="textbox" description="פרטי סרט - גופן רגיל">
			  <textcolor>$VAR[TopVideoInformationFontColor]</textcolor>
			  <font>size24</font>
			  <include condition="[StringCompare(System.Language,Hebrew) + !Skin.String(PlotAlign)] | Skin.String(PlotAlign,1)">LabelR1</include>
			  <include condition="[!StringCompare(System.Language,Hebrew) + !Skin.String(PlotAlign)] | Skin.String(PlotAlign,2)">LabelL1</include>
			  <include condition="Skin.String(PlotAlign,3)">LabelJ1</include>
			  <include condition="Skin.String(PlotAlign,4)">LabelC1</include>
			  <include>AutoScrollText</include>
			  <width>660</width>
			  <height>115</height>
			  <label>$VAR[TopVideoInformation5]</label>
			  <visible>!Window.IsVisible(DialogVideoInfo.xml) + !Window.IsVisible(FileBrowser.xml) + !Skin.HasSetting(TopVideoInformationFontSize)</visible>
			</control>
			<control type="textbox" description="פרטי סרט - גופן גדול">
			  <textcolor>$VAR[TopVideoInformationFontColor]</textcolor>
			  <font>size30</font>
			  <include condition="[StringCompare(System.Language,Hebrew) + !Skin.String(PlotAlign)] | Skin.String(PlotAlign,1)">LabelR1</include>
			  <include condition="[!StringCompare(System.Language,Hebrew) + !Skin.String(PlotAlign)] | Skin.String(PlotAlign,2)">LabelL1</include>
			  <include condition="Skin.String(PlotAlign,3)">LabelJ1</include>
			  <include condition="Skin.String(PlotAlign,4)">LabelC1</include>
			  <include>AutoScrollText2</include>
			  <width>650</width>
			  <height>115</height>
			  <label>$VAR[TopVideoInformation5]</label>
			  <visible>!Window.IsVisible(DialogVideoInfo.xml) + !Window.IsVisible(FileBrowser.xml) + Skin.HasSetting(TopVideoInformationFontSize)</visible>
			</control>
			<control type="textbox" description="פרטי סרט - חלון פרטי סרט">
			  <textcolor>$VAR[TopVideoInformationFontColor]</textcolor>
			  <font>size30</font>
			  <include condition="[StringCompare(System.Language,Hebrew) + !Skin.String(PlotAlign)] | Skin.String(PlotAlign,1)">LabelR1</include>
			  <include condition="[!StringCompare(System.Language,Hebrew) + !Skin.String(PlotAlign)] | Skin.String(PlotAlign,2)">LabelL1</include>
			  <include condition="Skin.String(PlotAlign,3)">LabelJ1</include>
			  <include condition="Skin.String(PlotAlign,4)">LabelC1</include>
			  <include>AutoScrollText</include>
			  <width>650</width>
			  <height>285</height> <!--130-->
			  <label>$VAR[TopVideoInformation5]</label>
			  <visible>Window.IsVisible(DialogVideoInfo.xml)</visible>
			</control>
		</control>
	  </control>
	</control>
	
	<control type="label" id="11155" description="לתצוגת פרקים/עונות -57/58">
	  <label>$VAR[11155label]</label>
	  <posx>40</posx>
	  <posy>150</posy>
	  <visible>false</visible>
    </control>
	<control type="label" id="11153" description="לתצוגת פרקים/עונות -57/58">
	  <label>$VAR[VideoInformation3]</label>
	  <visible>false</visible>
    </control>
  </include>
  <include name="TopMenuDialogSlider" description="(הזזת תרגום)">
    <control type="group">  			
      <posx>740</posx>
      <posy>0</posy>
	  <!--<animation effect="fade" start="100" end="0" time="4000">VisibleChange</animation>-->
	  <!--<animation condition="System.IdleTime(5)" effect="fade" start="100" end="0" time="4000">Conditional</animation>-->
      <control type="image" description="מסגרת">
		<include>Border_Common</include>
		<height>190</height>
        <width>440</width>
        <texture border="20" colordiffuse="$VAR[TopInformationColor]">buttons/types/bd.png</texture>
      </control>
	  <control type="grouplist">
	    <height>205</height>
		<itemgap>15</itemgap>
        <posx>20</posx>
        <posy>20</posy>		
		<width>400</width>
		  <control type="label" id="10" description="Heading">
			<include>LabelC10</include>
			<height>40</height>
		  </control>
		  <control type="slider" id="11" description="Slider">	
			<onup>11</onup>
			<ondown>11</ondown>
			<onleft>noop</onleft>
			<onright>noop</onright>
			<width>400</width>
		  </control>
		  <control type="label" id="12" description="Slider value">
			<include>LabelC10</include>
			<height>20</height>
		  </control>
	  </control>
	</control>
  </include>   
  
  <include name="featherencepause">
	<control type="group" description="לוגו בעצירת ניגון">
	  <left>867</left>
	  <top>447</top>
	  <visible>Player.Paused | Slideshow.IsPaused</visible>
	  <control type="image" description="logo">
		<animation type="VisibleChange" reversible="false">
			<effect type="fade" start="0" end="100" time="4000" delay="1000" />
		</animation>
		<animation type="WindowOpen" reversible="false">
			<effect type="fade" start="0" end="100" time="4000" delay="1000" />
		</animation>
		<animation type="WindowClose" reversible="false">
			<effect type="fade" start="100" end="0" time="0" delay="500" />
		</animation>
		<left>0</left>
		<top>0</top>
		<width>186</width>
		<height>186</height>
		<texture diffuse="BBBBBBBB">osd/featherence_pause4.png</texture>
	  </control>
	  <control type="image" description="pause">
		<animation type="VisibleChange" reversible="false">
			<effect type="fade" start="0" end="90" time="500" />
		</animation>
		<animation type="WindowOpen" reversible="false">
			<effect type="fade" start="0" end="90" time="500" />
		</animation>
		<animation type="WindowClose" reversible="false">
			<effect type="fade" start="100" end="0" time="500" />
		</animation>
		<left>0</left>
		<top>0</top>
		<width>186</width>
		<height>186</height>
		<texture>osd/featherence_pause2.png</texture>
	  </control>
	  <control type="label">
	    <animation condition="true" effect="fade" start="50" end="50">Conditional</animation>
		<align>center</align>
		<height>186</height>
	    <label>$INFO[Player.CacheLevel]</label>
		<left>0</left>
		<font>size18</font>
		<top>-40</top>
	    <width>186</width>
	  </control>
	</control>
  </include>
</includes>
