<?xml version="1.0" encoding="UTF-8" standalone="yes"?>
<addon id="resource.images.weatherfanart.single" name="Weather Fanart - Single" version="0.0.5" provider-name="Silverxxx,Team Kodi">
	<extension point="kodi.resource.images" compile="false" type="weather" />
	<requires>
		<import addon="kodi.resource" version="1.0.0"/>
	</requires>
	<extension point="xbmc.addon.metadata">
		<summary lang="en">Weather Fanart Single</summary>
		<description lang="en">A single Weather Fanart image for every weather condition</description>
		<platform>all</platform>
	</extension>
</addon>
