<?xml version="1.0" encoding="UTF-8"?>
<window id="126">
  <defaultcontrol always="true">450</defaultcontrol>
  <allowoverlay>no</allowoverlay>
  <onload>Dialog.Close(1175)</onload>
  
  <controls>
	  <include>BlackBackground2</include>
	  <include>ViewDesign_450</include>
	  <include>MenuDesign_Center</include>
	  <include>TopVideoInformation</include>
	  <include>ScrollBar</include>
	  <include>TopInformation</include>
	  
	  <control type="label" id="412" description="Path of the selected item">
	    <visible>false</visible>
	  </control>
  </controls>
</window>
