<?xml version="1.0" encoding="UTF-8"?>
<includes>
  <include name="ArrowsLeftRight">
    <control type="group" description="סמן חץ ימינה">
	    <animation condition="Window.IsVisible(SettingsCategory.xml)" effect="slide" start="0,0" end="100,0" time="0">Conditional</animation>
		<animation condition="Window.IsVisible(DialogVideoInfo.xml) + ControlGroup(22).HasFocus" effect="slide" start="0,0" end="-935,22" time="0">Conditional</animation>
		<animation condition="Window.IsVisible(DialogVideoInfo.xml) + Container(50).HasFocus + !ControlGroup(22).HasFocus" effect="slide" start="0,0" end="400,730" time="0">Conditional</animation>
		<include>Fade4</include>
		<visible>[Control.IsVisible(100) + Container(100).HasNext] | !Control.IsVisible(100)</visible>
		<visible>Window.IsVisible(DialogVideoInfo.xml) + ControlGroup(22).HasFocus + Container(22).HasNext | !ControlGroup(22).HasFocus</visible>
		<visible>Container(50).HasFocus + Container(50).HasNext | !Container(50).HasFocus | ControlGroup(22).HasFocus</visible>
		<visible>[Control.IsVisible(3) + Container(3).HasNext] | !Control.IsVisible(3)</visible>
		<posx>1450</posx>
		<posy>85</posy>
		<control type="image" description="לא נבחר">
		  <width>40</width>
		  <height>40</height>
		  <texture border="0">images/ArrowNF.png</texture>
		  <visible>[Control.IsVisible(100) + !Container(100).Position(3)] | !Control.IsVisible(100)</visible>
		  <visible>[Control.IsVisible(3) + !Container(3).Position(3)] | !Control.IsVisible(3)</visible>
		  <visible>Window.IsVisible(DialogVideoInfo.xml) + [Container(50).HasFocus + !Container(50).Position(4)] | !Container(50).HasFocus | ControlGroup(22).HasFocus</visible>
		  <visible>!Control.IsVisible(2051)</visible>
		</control>
		<control type="image" id="2051" description="נבחר">
		  <width>40</width>
		  <height>40</height>
		  <texture border="0">images/ArrowFO.png</texture>
		  <visible>[Control.IsVisible(100) + Container(100).Position(3)] | !Control.IsVisible(100)</visible>
		  <visible>Window.IsVisible(DialogVideoInfo.xml) + [Container(50).HasFocus + Container(50).Position(4)] | !Container(50).HasFocus</visible>
		  <visible>!ControlGroup(22).HasFocus</visible>
		  <visible>!Control.IsVisible(3)</visible>
		</control>
	</control>
	
	<control type="group" description="סמן חץ שמאלה">
		<animation condition="Window.IsVisible(SettingsCategory.xml)" effect="slide" start="0,0" end="-100,0" time="0">Conditional</animation>
		<animation condition="Window.IsVisible(DialogVideoInfo.xml) + ControlGroup(22).HasFocus" effect="slide" start="0,0" end="-437,22" time="0">Conditional</animation>
		<animation condition="Window.IsVisible(DialogVideoInfo.xml) + Container(50).HasFocus + !ControlGroup(22).HasFocus" effect="slide" start="0,0" end="-1060,620" time="0">Conditional</animation>
		<include>Fade4</include>
		<visible>[Control.IsVisible(100) + Container(100).HasPrevious] | !Control.IsVisible(100)</visible>
		<visible>Window.IsVisible(DialogVideoInfo.xml) + ControlGroup(22).HasFocus + Container(22).HasPrevious | !ControlGroup(22).HasFocus</visible>
		<visible>Container(50).HasFocus + Container(50).HasPrevious | !Container(50).HasFocus | ControlGroup(22).HasFocus</visible>
		<visible>[Control.IsVisible(3) + Container(3).HasPrevious] | !Control.IsVisible(3)</visible>
		<posx>430</posx>
		<posy>85</posy>
		<control type="image" description="לא נבחר">
		  <width>40</width>
		  <height>40</height>
		  <texture border="0">images/Arrow2NF.png</texture>
		  <visible>[Control.IsVisible(100) + !Container(100).Position(0)] | !Control.IsVisible(100)</visible>
		  <visible>[Control.IsVisible(3) + !Container(3).Position(0)] | !Control.IsVisible(3)</visible>
		  <visible>Window.IsVisible(DialogVideoInfo.xml) + [Container(50).HasFocus + !Container(50).Position(0)] | !Container(50).HasFocus | ControlGroup(22).HasFocus</visible>
		  <visible>!Control.IsVisible(2052)</visible>
		</control>
		<control type="image" id="2052" description="נבחר">
		  <width>40</width>
		  <height>40</height>
		  <texture border="0">images/Arrow2FO.png</texture>
		  <visible>[Control.IsVisible(100) + Container(100).Position(0)] | !Control.IsVisible(100)</visible>
		  <visible>Window.IsVisible(DialogVideoInfo.xml) + [Container(50).HasFocus + Container(50).Position(0)] | !Container(50).HasFocus</visible>
		  <visible>!ControlGroup(22).HasFocus</visible>
		  <visible>!Control.IsVisible(3)</visible>
		</control>
	</control>
	
  </include>
  
  <include name="MenuDesign_TopSettings" description="לשוניות">
    <include>ArrowsLeftRight</include>
    <control type="list" id="100" description="TopMenu">
	  <posx>460</posx>
	  <posy>50</posy>
	  <align>center</align>
	  <height>100</height>
	  <itemgap>5</itemgap>
	  <onup condition="!Window.IsVisible(CustomHomeCustomizer.xml) + Control.IsVisible(7011)">7017</onup>
	  <onup condition="!Window.IsVisible(CustomHomeCustomizer.xml) + Player.HasAudio">ActivateWindow(12901)</onup>
	  <onleft>noop</onleft>
	  <onright>noop</onright>
	  <ondown>50</ondown>
	  <preloaditems>2</preloaditems>
	  <pagecontrol>60</pagecontrol>	  
	  <scrolltime tween="sine" easing="inout">220</scrolltime>
	  <orientation>horizontal</orientation>
	  <width>1000</width>
	  <itemlayout width="250" height="70">
	    <control type="group">
		    <animation condition="[Control.IsVisible(50) + !IsEmpty(Container(50).ListItemNoWrap(0).Property(rinfo))] + !Container(50).OnNext + !Container(50).OnPrevious + !Container(100).OnPrevious + !Container(100).OnNext" effect="fade" start="100" end="10" delay="3000" time="220" reversible="true">Conditional</animation>
		
			<control type="image" description="מסגרת">
			  <include>Fade_MenuButtonsOverlay</include>
			  <posx>0</posx>
			  <posy>20</posy>
			  <width>250</width>
			  <height>75</height>
			  <texture border="20" colordiffuse="$VAR[MenuColor]">buttons/ButtonE0.png</texture>
			</control>
			<control type="label" description="שם">
			  <include>LabelC3</include>
			  <posx>10</posx>
			  <posy>20</posy>
			  <width>230</width>
			  <height>75</height>
			  <label>$INFO[ListItem.Label]</label>
			  <visible>!IsEmpty(ListItem.Label)</visible>
			</control>
		</control>
	  </itemlayout>
	  <focusedlayout height="75" width="250">
		<control type="image" description="מסגרת">
		  <include>Fade14</include>
		  <posx>0</posx>
		  <posy>20</posy>
		  <width>250</width>
		  <height>75</height>
		  <texture border="30">buttons/ButtonE.png</texture>
		</control>
		<control type="label" description="שם">
		  <textcolor>Yellow</textcolor>
		  <include>LabelC3</include>
		  <posx>10</posx>
		  <posy>20</posy>
		  <width>230</width>
		  <height>75</height>
		  <scroll>true</scroll>
		  <label>$INFO[ListItem.Label]</label>
		  <visible>!IsEmpty(ListItem.Label)</visible>
		</control>
	  </focusedlayout>
	  <content>
	    <include condition="Window.IsVisible(Custom1173.xml)">Content_Custom1173_100</include>
	    <include condition="Window.IsVisible(Settings.xml)">Content_Settings_100</include>
		<include condition="Window.IsVisible(Custom1170.xml)">Content_Custom1170_100</include>
		<include condition="Window.IsVisible(Custom1172.xml)">Content_Custom1172_100</include>
		<include condition="Window.IsVisible(SkinSettings.xml)">Content_SkinSettings_100</include>
		
	  </content>
	</control>
  </include>
  
  <include name="ArrowsUpDown">
    <control type="group" description="סמן חץ למעלה">
		<animation condition="Control.IsVisible(9005)" effect="slide" start="0,0" end="-733,-150" time="0">Conditional</animation>
		<animation condition="Control.IsVisible(56)" effect="slide" start="0,0" end="-12.5,50" time="0">Conditional</animation>
		<visible>[Control.IsVisible(50) + Container(50).HasPrevious] | !Control.IsVisible(50)</visible>
		<visible>[Control.IsVisible(5) + Container(5).HasPrevious] | !Control.IsVisible(5)</visible>
		<visible>[Control.IsVisible(450) + Container(450).HasPrevious] | !Control.IsVisible(450)</visible>
		<visible>[Control.IsVisible(9005) + Container(9005).HasPrevious] | !Control.IsVisible(9005)</visible>
		<visible>[Control.IsVisible(56) + Container(56).HasPrevious] | !Control.IsVisible(56)</visible>
		<include>Fade4</include>
		<posx>950</posx>
		<posy>155</posy>
		<control type="image" description="לא נבחר">
		  <width>40</width>
		  <height>40</height>
		  <texture border="0">images/Arrow3NF.png</texture>
		  <visible>[Control.IsVisible(50) + !Container(50).Position(0)] | !Control.IsVisible(50)</visible>
		  <visible>[Control.IsVisible(5) + ControlGroup(5).HasFocus] | !Control.IsVisible(5)</visible>
		  <visible>[Control.IsVisible(450) + !Container(450).Position(0)] | !Control.IsVisible(450)</visible>
		  <visible>[Control.IsVisible(9005) + !Container(9005).Position(0)] | !Control.IsVisible(9005)</visible>
		  <visible>[Control.IsVisible(56) + !Container(56).Position(0)] | !Control.IsVisible(56)</visible>
		</control>
		<control type="image" description="נבחר">
		  <width>40</width>
		  <height>40</height>
		  <texture border="0">images/Arrow3FO.png</texture>
		  <visible>[Control.IsVisible(50) + Container(50).Position(0)] | !Control.IsVisible(50)</visible>
		  <visible>!Control.IsVisible(5)</visible>
		  <visible>[Control.IsVisible(450) + Container(450).Position(0)] | !Control.IsVisible(450)</visible>
		  <visible>[Control.IsVisible(9005) + Container(9005).Position(0)] | !Control.IsVisible(9005)</visible>
		  <visible>[Control.IsVisible(56) + Container(56).Position(0)] | !Control.IsVisible(56)</visible>
		</control>
	</control>
	
	<control type="group" description="סמן חץ למטה">
		<animation condition="Window.IsVisible(Custom1173.xml)" effect="slide" start="0,0" end="0,-440" time="0">Conditional</animation>
		<animation condition="Control.IsVisible(9005)" effect="slide" start="0,0" end="-733,-672" time="0">Conditional</animation>
		<animation condition="Control.IsVisible(56)" effect="slide" start="0,0" end="-12.5,0" time="0">Conditional</animation>
		<include>Fade4</include>
		<visible>[Control.IsVisible(50) + Container(50).HasNext] | !Control.IsVisible(50)</visible>
		<visible>[Control.IsVisible(5) + Container(5).HasNext] | !Control.IsVisible(5)</visible>
		<visible>[Control.IsVisible(450) + Container(450).HasNext] | !Control.IsVisible(450)</visible>
		<visible>[Control.IsVisible(9005) + Container(9005).HasNext] | !Control.IsVisible(9005)</visible>
		<visible>[Control.IsVisible(56) + Container(56).HasNext] | !Control.IsVisible(56)</visible>
		<posx>950</posx>
		<posy>1040</posy>
		<control type="image" description="לא נבחר">
		  <width>40</width>
		  <height>40</height>
		  <texture border="0">images/Arrow4NF.png</texture>
		  <visible>[Control.IsVisible(50) + !Container(50).Position(9)] | !Control.IsVisible(50)</visible>
		  <visible>[Window.IsVisible(Custom1173.xml) + !Container(50).Position(4)] | !Window.IsVisible(Custom1173.xml)</visible>
		  <visible>[Control.IsVisible(5) + ControlGroup(5).HasFocus] | !Control.IsVisible(5)</visible>
		  <visible>[Control.IsVisible(450) + !Container(450).Position(9)] | !Control.IsVisible(450)</visible>
		  <visible>[Control.IsVisible(9005) + !Container(9005).Position(4)] | !Control.IsVisible(9005)</visible>
		  <visible>[Control.IsVisible(56) + !Container(56).Position(7)] | !Control.IsVisible(56)</visible>
		</control>
		<control type="image" description="נבחר">
		  <width>40</width>
		  <height>40</height>
		  <texture border="0">images/Arrow4FO.png</texture>
		  <visible>[Control.IsVisible(50) + Container(50).Position(9)] | !Control.IsVisible(50) | Window.IsVisible(Custom1173.xml)</visible>
		  <visible>[Window.IsVisible(Custom1173.xml) + Container(50).Position(4)] | !Window.IsVisible(Custom1173.xml)</visible>
		  <visible>!Control.IsVisible(5)</visible>
		  <visible>[Control.IsVisible(450) + Container(450).Position(9)] | !Control.IsVisible(450)</visible>
		  <visible>[Control.IsVisible(9005) + Container(9005).Position(4)] | !Control.IsVisible(9005)</visible>
		  <visible>[Control.IsVisible(56) + Container(56).Position(7)] | !Control.IsVisible(56)</visible>
		</control>
	</control>
	
  </include>

  <include name="MenuDesign_Settings_height2">
	<height>415</height>
  </include>
  <include name="MenuDesign_Settings" description="Panel_Full">
	<control type="group">
	    <animation condition="Window.IsVisible(Custom1173.xml)" effect="zoom" center="960,170" start="100,82" end="100,82" time="0">Conditional</animation>
		<include>ArrowsUpDown</include>
		<control type="panel" id="50">
		  <posx>20</posx>
		  <posy>190</posy>
		  <width>1880</width>
		  <include condition="Window.IsVisible(Custom1173.xml)">MenuDesign_Settings_height2</include>
		  <height>830</height>
		  <include>4ways4</include>
		  <preloaditems>2</preloaditems>	  
		  <scrolltime tween="sine" easing="inout">220</scrolltime>
		  <pagecontrol>60</pagecontrol>
		  <include>MenuDesign_Settings_Layout</include>
		  <content>
			<include condition="Window.IsVisible(Settings.xml)">Content_Settings_50</include>
			<include condition="Window.IsVisible(Custom1173.xml)">Content_Custom1173_50</include>
			<include condition="Window.IsVisible(SkinSettings.xml)">Content_SkinSettings_50</include>
		  </content>
		</control>
	</control>
    
  </include>

  <include name="MenuDesign_Settings_Layout">
	  <itemlayout description="(כללי)" height="82" width="960">
		<control type="image" description="מסגרת">
		  <include>Fade_MenuButtonsOverlay</include>
		  <posx>440</posx>
		  <width>1000</width>
		  <height>90</height>
		  <texture border="20" colordiffuse="$VAR[MenuColor]">buttons/ButtonE0.png</texture>
		  <visible></visible>
		</control>
		<control type="image" description="מסגרת נתון">
		  <include>Fade_MenuButtonsOverlay</include>
		  <posx>500</posx>
		  <width>200</width>
		  <height>90</height>
		  <texture border="20" colordiffuse="">buttons/ButtonEF.png</texture>
		</control>
		<control type="image" description="מסגרת תמונה">
		  <posx>1380</posx>
		  <posy>22</posy>
		  <width>40</width>
		  <height>40</height>
		  <texture>$INFO[ListItem.Thumb]</texture>
		  <visible>!IsEmpty(ListItem.Thumb)</visible>
		</control>
		<control type="image" description="סמן מידע">
		  <posx>460</posx>
		  <posy>22</posy>
		  <width>40</width>
		  <height>40</height>
		  <texture background="true" colordiffuse="White">special://home/addons/script.featherence.service/resources/icons/information.png</texture>
		  <visible>!IsEmpty(ListItem.Property(rinfo))</visible>
		</control>
		<control type="label" description="שם">
		  <include condition="StringCompare(System.Language,Hebrew)">LabelR1</include>
		  <include condition="!StringCompare(System.Language,Hebrew)">LabelL1</include>
		  <posx>700</posx>
		  <posy>2</posy>
		  <width>675</width>
		  <height>70</height>
		  <label>$INFO[ListItem.Label]</label>
		  <visible>!IsEmpty(ListItem.Label)</visible>
		</control>
		<control type="label" description="נתון">
		  <align>center</align>
		  <textcolor>Grey2</textcolor>
		  <include>LabelC2</include>
		  <posx>525</posx>
		  <posy>2</posy>
		  <width>150</width>
		  <height>70</height>
		  <label>$INFO[ListItem.Label2]</label>
		  <visible>!IsEmpty(ListItem.Label2)</visible>
		</control>  				
	  </itemlayout>
	  <focusedlayout description="(כללי)" height="82" width="960">
		<control type="image" description="מסגרת נבחר"> 
		  <visible>!Control.HasFocus(100)</visible>
		  <height>90</height>
		  <posx>440</posx>
		  <width>1000</width>
		  <texture background="true" border="20">buttons/ButtonE.png</texture>
		</control>
		<control type="image" description="מסגרת נבחר (באג)"> 
		  <visible>Control.HasFocus(100)</visible>
		  <height>90</height>
		  <posx>440</posx>
		  <width>1000</width>
		  <texture border="20" colordiffuse="$VAR[MenuColor]">buttons/ButtonE0.png</texture>
		</control>
		<control type="image" description="מסגרת נתון">
		  <include>Fade_MenuButtonsOverlay</include>
		  <posx>500</posx>
		  <width>200</width>
		  <height>90</height>
		  <texture border="20" colordiffuse="">buttons/ButtonEF.png</texture>
		</control>
		<control type="image" description="מסגרת תמונה">
		  <posx>1380</posx>
		  <posy>22</posy>
		  <width>40</width>
		  <height>40</height>
		  <texture>$INFO[ListItem.Thumb]</texture>
		  <visible>!IsEmpty(ListItem.Thumb)</visible>
		</control>
		<control type="image" description="סמן מידע">
		  <posx>460</posx>
		  <posy>22</posy>
		  <width>40</width>
		  <height>40</height>
		  <texture background="true" colordiffuse="Yellow">special://home/addons/script.featherence.service/resources/icons/information.png</texture>
		  <visible>!IsEmpty(ListItem.Property(rinfo))</visible>
		</control>
		<control type="label" description="שם">
		  <textcolor>Yellow</textcolor>
		  <include condition="StringCompare(System.Language,Hebrew)">LabelR1</include>
		  <include condition="!StringCompare(System.Language,Hebrew)">LabelL1</include>
		  <posx>700</posx>
		  <posy>2</posy>
		  <width>675</width>
		  <height>70</height>
		  <scroll>true</scroll>
		  <label>$INFO[ListItem.Label]</label>
		  <visible>!IsEmpty(ListItem.Label)</visible>
		</control>
		<control type="label" description="נתון">
		  <align>center</align>
		  <textcolor>Yellow</textcolor>
		  <include>LabelC2</include>
		  <posx>525</posx>
		  <posy>2</posy>
		  <width>150</width>
		  <height>70</height>
		  <scroll>true</scroll>
		  <label>$INFO[ListItem.Label2]</label>
		  <visible>!IsEmpty(ListItem.Label2)</visible>
		</control>
	  </focusedlayout>
  </include>
</includes>
