<?xml version="1.0" encoding="UTF-8"?>
<window>
  <defaultcontrol always="true">450</defaultcontrol>
  <onload condition="Window.IsVisible(Custom1175.xml)">Dialog.Close(1175)</onload>
  <controls>
	  <include>BlackBackground2</include>
	  <include>MenuDesign_Left</include>
	  <include>ViewDesign_450</include>
	  <!--<include>ViewDesign_451</include>-->
	  <include>TopVideoInformation</include>
	  
	<control type="group" description="תפריט ימין (9005)">
	  <include condition="String.IsEqual(System.Language,Hebrew)">Control_Pos35</include>
      <height>455</height>	  
	  <posx>1475</posx>
	  <posy>345</posy>	  
	  <width>480</width>	  	  
      <include content="MenuBackground">
			<param name="color" value="$VAR[MenuColor]" />
			<param name="height" value="0" />
			<param name="posx" value="0" />
			<param name="posy" value="0" />
			<param name="width" value="0" />
			<param name="condition" value="true"/>
		
			<param name="type0" value="false" description="MenuBackground"/>
			<param name="type1" value="true" description="DialogBackground"/>
	  </include>
      <control type="grouplist" id="9005" description="קבוצה תפריט ימין">
        <itemgap>0</itemgap>
        <include>4ways3</include>
        <orientation>Vertical</orientation>
	    <control type="button" id="413" description="OK">
          <onclick>SetProperty(TEMP2,ok,home)</onclick>
		  <include>SideMenuCommon</include>
		  <include condition="String.IsEqual(System.Language,Hebrew)">ButtonR1</include>
		  <include condition="!String.IsEqual(System.Language,Hebrew)">ButtonL1</include>
		  <font>size28</font>
		  <label>186</label>
        </control>
        <control type="button" id="414" description="Cancel">
          <include>SideMenuCommon</include>
		  <include condition="String.IsEqual(System.Language,Hebrew)">ButtonR1</include>
		  <include condition="!String.IsEqual(System.Language,Hebrew)">ButtonL1</include>
		  <font>size28</font>
		  <label>222</label>
        </control>
        <control type="button" id="415" description="Create folder">
		  <include>SideMenuCommon</include>
		  <include condition="String.IsEqual(System.Language,Hebrew)">ButtonR1</include>
		  <include condition="!String.IsEqual(System.Language,Hebrew)">ButtonL1</include>
		  <font>size28</font>
		  <label>119</label>
		  <visible>Window.IsVisible(FileBrowser.xml) + Control.IsEnabled(415)</visible>
		</control>
		<control type="radiobutton" id="416" description="Horizontal Flip">
		  <include>SideMenuCommon</include>
		  <include condition="String.IsEqual(System.Language,Hebrew)">ButtonR1</include>
		  <include condition="!String.IsEqual(System.Language,Hebrew)">ButtonL1</include>
		  <font>size28</font>
		  <label>Horizontal Flip</label>
		  <visible>Window.IsVisible(FileBrowser.xml) + Control.IsEnabled(416)</visible>
		</control>
		<control type="button" id="405" description="ברירת מחדל">
		  <include>SideMenuCommon</include>
		  <include condition="String.IsEqual(System.Language,Hebrew)">ButtonR1</include>
		  <include condition="!String.IsEqual(System.Language,Hebrew)">ButtonL1</include>
		  <font>size28</font>
		  <label>$LOCALIZE[571] $INFO[Window(home).Property(TEMP)] $INFO[Window(home).Property(Button.Name)]</label>
		  <onclick>RunScript(script.featherence.service,,?mode=235)</onclick>
		  <visible>Window.IsVisible(CustomHomeCustomizer.xml) + !String.IsEmpty(Window(home).Property(Button.ID)) + !IntegerGreaterThan(Window(home).Property(Button.ID),99) + !Window.IsVisible(Custom1139.xml)</visible>
		  <visible>String.IsEqual(Window(home).Property(TEMP),icon) | String.IsEqual(Window(home).Property(TEMP),background)</visible>
		  <visible>Window.IsVisible(FileBrowser.xml)</visible>
		</control>
		
		<control type="button" id="406" description="העדפת תצוגה: ">
		  <include>SideMenuCommon</include>
		  <include condition="String.IsEqual(System.Language,Hebrew)">ButtonR1</include>
		  <include condition="!String.IsEqual(System.Language,Hebrew)">ButtonL1</include>
		  <font>size28</font>
		  <label>$VAR[406label]</label>
		  <onclick>Skin.ToggleSetting(51over50)</onclick>
		  <onclick>Dialog.Close(filebrowser)</onclick>
		  <visible>Window.IsVisible(FileBrowser.xml)</visible>
		</control>
		
		<!--
		<item id="299" description="העדפת תצוגה Center List">
		<label>$LOCALIZE[31524]</label>
		<label2>$VAR[299label2]</label2>
		<thumb>special://home/addons/script.featherence.service/resources/icons/star.png</thumb>
		<property name="rinfo">$LOCALIZE[31525]</property>
		<onclick>Skin.ToggleSetting(51over50)</onclick>
		<visible>Container(100).Hasfocus(22)</visible>
		<visible>false</visible>
	  </item>
	  -->
      </control>
	</control>
  
	  <include>ScrollBar</include>
	  <include>TopInformation</include>
	  <control type="label" id="412" description="Path of the selected item">
	    <visible>false</visible>
	  </control>
  </controls>
</window>
