<?xml version="1.0" encoding="UTF-8"?>
<includes>
  <include name="DialogMenu" description="חלון תחתון">
    <control type="group">  			
      <posx>640</posx>
      <posy>665</posy>
	  <animation condition="Skin.String(DialogPosition,1)" effect="slide" start="0,0" end="0,-315">Conditional</animation>
	  <include content="MenuBackground">
		<param name="color" value="$VAR[DialogMenuColor]" />
		<param name="height" value="410" />
		<param name="posx" value="0" />
		<param name="posy" value="0" />
		<param name="width" value="640" />
		<param name="condition" value="true"/>
		
		<param name="type0" value="false" description="MenuBackground"/>
		<param name="type1" value="true" description="DialogBackground"/>
      </include>
	  <include content="MenuBackground">
		<param name="color" value="$VAR[DialogMenuColor]" />
		<param name="height" value="250" />
		<param name="posx" value="20" />
		<param name="posy" value="80" />
		<param name="width" value="600" />
		<param name="condition" value="Control.IsVisible(1500)"/>
		
		<param name="type0" value="true" description="MenuBackground"/>
		<param name="type1" value="false" description="DialogBackground"/>
      </include>
	
	  <control type="grouplist">
	    <height>370</height>
		<itemgap>20</itemgap>
		<orientation>vertical</orientation>
        <posx>20</posx>
        <posy>20</posy>		
		<width>600</width>
		  <include condition="Window.IsVisible(10100)">BottomMenuDialogYesNo</include>
		  <include condition="Window.IsVisible(12002)">BottomMenuDialogOk</include>
		  <include condition="Window.IsVisible(10101)">BottomMenuDialogProgress</include>
		  <include condition="Window.IsVisible(DialogBusy.xml)">BottomMenuDialogBusy</include>
	  </control>
	</control>
  </include>       
  
  
  <include name="onload_tips">
	  <onload condition="String.IsEmpty(Window(home).Property(tips)) | String.IsEqual(Window(home).Property(tips),)">SetProperty(tips,1,home)</onload>
	  <onload condition="String.IsEqual(Window(home).Property(tips),1)">SetProperty(tips,2,home)</onload>
	  <onload condition="String.IsEqual(Window(home).Property(tips),2)">SetProperty(tips,3,home)</onload>
	  <onload condition="String.IsEqual(Window(home).Property(tips),3)">SetProperty(tips,4,home)</onload>
	  <onload condition="String.IsEqual(Window(home).Property(tips),4)">SetProperty(tips,5,home)</onload>
	  <onload condition="String.IsEqual(Window(home).Property(tips),5)">SetProperty(tips,6,home)</onload>
	  <onload condition="String.IsEqual(Window(home).Property(tips),6)">SetProperty(tips,7,home)</onload>
	  <onload condition="String.IsEqual(Window(home).Property(tips),7)">SetProperty(tips,8,home)</onload>
	  <onload condition="String.IsEqual(Window(home).Property(tips),8)">SetProperty(tips,9,home)</onload>
	  <onload condition="String.IsEqual(Window(home).Property(tips),9)">SetProperty(tips,10,home)</onload>
	  <onload condition="String.IsEqual(Window(home).Property(tips),10)">SetProperty(tips,11,home)</onload>
	  <onload condition="String.IsEqual(Window(home).Property(tips),11)">SetProperty(tips,12,home)</onload>
	  <onload condition="String.IsEqual(Window(home).Property(tips),12)">SetProperty(tips,13,home)</onload>
	  <onload condition="String.IsEqual(Window(home).Property(tips),13)">SetProperty(tips,14,home)</onload>
	  <onload condition="String.IsEqual(Window(home).Property(tips),14)">SetProperty(tips,15,home)</onload>
	  <onload condition="String.IsEqual(Window(home).Property(tips),15)">SetProperty(tips,16,home)</onload>
	  <onload condition="String.IsEqual(Window(home).Property(tips),16)">SetProperty(tips,17,home)</onload>
	  <onload condition="String.IsEqual(Window(home).Property(tips),17)">SetProperty(tips,18,home)</onload>
	  <onload condition="String.IsEqual(Window(home).Property(tips),18)">SetProperty(tips,19,home)</onload>
	  <onload condition="String.IsEqual(Window(home).Property(tips),19)">SetProperty(tips,20,home)</onload>
	  <onload condition="String.IsEqual(Window(home).Property(tips),20)">SetProperty(tips,21,home)</onload>
	  <onload condition="String.IsEqual(Window(home).Property(tips),21)">SetProperty(tips,22,home)</onload>
	  <onload condition="String.IsEqual(Window(home).Property(tips),22)">SetProperty(tips,23,home)</onload>
	  <onload condition="String.IsEqual(Window(home).Property(tips),23)">SetProperty(tips,24,home)</onload>
	  <onload condition="String.IsEqual(Window(home).Property(tips),24)">SetProperty(tips,25,home)</onload>
	  <onload condition="String.IsEqual(Window(home).Property(tips),25)">SetProperty(tips,26,home)</onload>
	  <onload condition="String.IsEqual(Window(home).Property(tips),26)">SetProperty(tips,27,home)</onload>
	  <onload condition="String.IsEqual(Window(home).Property(tips),27)">SetProperty(tips,28,home)</onload>
	  <onload condition="String.IsEqual(Window(home).Property(tips),28)">SetProperty(tips,29,home)</onload>
	  <onload condition="String.IsEqual(Window(home).Property(tips),29)">SetProperty(tips,30,home)</onload>
	  <onload condition="String.IsEqual(Window(home).Property(tips),30)">ClearProperty(tips,home)</onload>
  </include>
</includes>
