<?xml version="1.0" encoding="UTF-8"?>
<includes>
   <include name="Slide1" description="(Backgrounds)">
     <animation condition="[$EXP[View54] | Control.IsVisible(56) | [Control.HasFocus(7017) + [$EXP[View57] | $EXP[View58]]] ] + Player.HasVideo + !$EXP[View50] + !Control.IsVisible(11) + !$EXP[View51] + !$EXP[View59]" effect="slide" start="0,0" end="0,552" time="700" reversible="false">Conditional</animation>
	 <animation description="MyPVRGuide" condition="Player.HasVideo + Control.IsVisible(11) + [Window.IsVisible(MyPVRGuide.xml)]" effect="slide" start="0,0" end="0,552" time="700" reversible="false">Conditional</animation>
	 <animation condition="[$EXP[View57] |  $EXP[View58]] + [!Control.HasFocus(7017)] + !Control.HasFocus(60) + [$EXP[Contents] | Player.HasVideo] + !Container(57).OnNext + !Container(57).OnPrevious + !Container(58).OnNext + !Container(58).OnPrevious + !Skin.HasSetting(ShowTopVideoInformation)" effect="slide" start="0,0" end="0,552" delay="3000" time="700" reversible="false">Conditional</animation>
	 
	 <animation description="No Fanart" condition="[$EXP[View57] |  $EXP[View58]] + [!Control.HasFocus(7017)] + !Control.HasFocus(60) + $EXP[Contents] + [IsEmpty(Control.GetLabel(70130)) | Skin.HasSetting(background2)] + !Container.OnNext + !Container.OnPrevious + !Player.HasVideo + !Skin.HasSetting(ShowTopVideoInformation)" effect="slide" start="0,0" end="0,-252" delay="3000" time="700" reversible="false">Conditional</animation>
   </include>
   
   <include name="Slide1.5" description="Backgrounds-Home">
     <animation condition="[!Container(9000).Row(0) + !Container(9000).Row(1) | Container(9000).HasPrevious()] + [Skin.String(MenuDesign,0) | Skin.String(MenuDesign,1) | Skin.String(MenuDesign,7)]" effect="slide" start="0,0" end="0,-552" time="220" reversible="false">Conditional</animation>
   </include>

   <include name="Slide2" description="(Zoom-Backgrounds)">
     <animation condition="[Control.IsVisible(56) | [Control.HasFocus(7017) + [$EXP[View57] | $EXP[View58]]] ] + Player.HasVideo + !$EXP[View50] + !Control.IsVisible(11) + !$EXP[View51] + !$EXP[View59]" effect="zoom" end="100,50" time="700" reversible="false">Conditional</animation>
	 <animation description="MyPVRGuide" condition="Player.HasVideo + Control.IsVisible(11) + [Window.IsVisible(MyPVRGuide.xml)]" effect="zoom" end="100,50" time="700" reversible="false">Conditional</animation>
	 <animation condition="[$EXP[View57] |  $EXP[View58]] + [!Control.HasFocus(7017)] + !Control.HasFocus(60) + [$EXP[Contents] | Player.HasVideo] + !Container(57).OnNext + !Container(57).OnPrevious + !Container(58).OnNext + !Container(58).OnPrevious + !Skin.HasSetting(ShowTopVideoInformation)" effect="zoom" end="100,50" delay="3000" time="700" reversible="false">Conditional</animation>
	 <animation description="No Fanart" condition="[$EXP[View57] |  $EXP[View58]] + [!Control.HasFocus(7017)] + !Control.HasFocus(60) + $EXP[Contents] + [IsEmpty(Control.GetLabel(70130)) | Skin.HasSetting(background2)] + !Container.OnNext + !Container.OnPrevious + !Player.HasVideo + !Skin.HasSetting(ShowTopVideoInformation)" effect="zoom" end="100,150" delay="3000" time="700" reversible="false">Conditional</animation>
   </include>
   <include name="Slide2.7" description="(Fanart) / 58">
	 <animation condition="$EXP[View58] + !Control.HasFocus(7017) + !Control.HasFocus(60) + [$EXP[Contents] | Player.HasVideo] + !Container(58).OnNext + !Container(58).OnPrevious" effect="slide" start="0,0" end="0,-552" delay="3000" time="700" reversible="false">Conditional</animation>
   </include>
   
   <include name="Fade_MoviesTVCoversOverlay" description="שקיפות עטיפות">
     <animation condition="!Skin.String(MoviesTVCoversOverlay) + $EXP[Fade_MoviesTVCoversOverlay]" effect="fade" start="100" end="60" delay="3000" time="700" reversible="true">Conditional</animation>
	 
	 <animation condition="Skin.String(MoviesTVCoversOverlay,10) + $EXP[Fade_MoviesTVCoversOverlay]" effect="fade" start="100" end="10" delay="3000" time="700" reversible="true">Conditional</animation>
	 <animation condition="Skin.String(MoviesTVCoversOverlay,20) + $EXP[Fade_MoviesTVCoversOverlay]" effect="fade" start="100" end="20" delay="3000" time="700" reversible="true">Conditional</animation>
	 <animation condition="Skin.String(MoviesTVCoversOverlay,30) + $EXP[Fade_MoviesTVCoversOverlay]" effect="fade" start="100" end="30" delay="3000" time="700" reversible="true">Conditional</animation>
	 <animation condition="Skin.String(MoviesTVCoversOverlay,40) + $EXP[Fade_MoviesTVCoversOverlay]" effect="fade" start="100" end="40" delay="3000" time="700" reversible="true">Conditional</animation>
	 <animation condition="Skin.String(MoviesTVCoversOverlay,50) + $EXP[Fade_MoviesTVCoversOverlay]" effect="fade" start="100" end="50" delay="3000" time="700" reversible="true">Conditional</animation>
	 <animation condition="Skin.String(MoviesTVCoversOverlay,60) + $EXP[Fade_MoviesTVCoversOverlay]" effect="fade" start="100" end="60" delay="3000" time="700" reversible="true">Conditional</animation>
	 <animation condition="Skin.String(MoviesTVCoversOverlay,70) + $EXP[Fade_MoviesTVCoversOverlay]" effect="fade" start="100" end="70" delay="3000" time="700" reversible="true">Conditional</animation>
	 <animation condition="Skin.String(MoviesTVCoversOverlay,75) + $EXP[Fade_MoviesTVCoversOverlay]" effect="fade" start="100" end="75" delay="3000" time="700" reversible="true">Conditional</animation>
	 <animation condition="Skin.String(MoviesTVCoversOverlay,80) + $EXP[Fade_MoviesTVCoversOverlay]" effect="fade" start="100" end="80" delay="3000" time="700" reversible="true">Conditional</animation>
	 <animation condition="Skin.String(MoviesTVCoversOverlay,85) + $EXP[Fade_MoviesTVCoversOverlay]" effect="fade" start="100" end="85" delay="3000" time="700" reversible="true">Conditional</animation>
	 <animation condition="Skin.String(MoviesTVCoversOverlay,90) + $EXP[Fade_MoviesTVCoversOverlay]" effect="fade" start="100" end="90" delay="3000" time="700" reversible="true">Conditional</animation>
	 <animation condition="Skin.String(MoviesTVCoversOverlay,95) + $EXP[Fade_MoviesTVCoversOverlay]" effect="fade" start="100" end="95" delay="3000" time="700" reversible="true">Conditional</animation>
	 <animation condition="Skin.String(MoviesTVCoversOverlay,100) + Control.IsVisible(7013) + [Container.Content(Tvshows) | Container.Content(Movies)] + [$EXP[Contents] | Player.HasVideo] + !Container.OnNext + !Container.OnPrevious + !Control.HasFocus(60)" effect="fade" start="100" end="100" delay="3000" time="700" reversible="true">Conditional</animation>
   </include>
   
   <include name="Slide2.4" description="(zoom)">
	 <animation condition="!$EXP[View54] + !$EXP[View59] + !Skin.HasSetting(FullFanartTopVideoInformation) + Skin.HasSetting(FullFanartZoomOut) + Control.IsVisible(7013) + [Container.Content(Tvshows) | Container.Content(Movies)] + $EXP[Contents] + !Player.HasVideo + !Container(57).OnNext + !Container(57).OnPrevious + !Container(58).OnNext + !Container(58).OnPrevious + !Container(59).OnNext + !Container(59).OnPrevious + !Control.HasFocus(60) + [!Skin.HasSetting(ShowTopVideoInformation) | Control.IsVisible(59)]" effect="zoom" end="70,70" center="150,0" delay="3000" time="700" reversible="false">Conditional</animation>
   </include>
   
   <include name="Slide3" description="(TopVideoInformation)">
     <!--<animation description="ALL EXCEPT!" condition="[!Window.IsVisible(MyPVRGuide.xml) + !Window.IsVisible(DialogPVRInfo.xml) + !Window.IsVisible(Home.xml) | Window.IsVisible(DialogFavourites.xml)] + !Window.IsVisible(VideoFullScreen.xml) + !$EXP[View50s] + !$EXP[View51s] + [ ![$EXP[View57] | $EXP[View58] | $EXP[View59]] ] + [$EXP[Contents] | Window.IsVisible(DialogVideoInfo.xml)]" effect="slide" tween="Cubic" easing="out" start="0,0" end="0,592" delay="220" time="700" reversible="false">Conditional</animation>-->
     
	 <animation description="51_side_en" condition="Skin.HasSetting(SideVideoInformationAnimation) + $EXP[View51s] + !Window.IsVisible(DialogVideoInfo.xml) + $EXP[Contents] + !String.IsEqual(System.Language,Hebrew)" effect="slide" tween="Cubic" easing="out" start="-580,0" end="0,0" delay="220" time="700" reversible="false">Conditional</animation>
     <animation description="51_side_he" condition="Skin.HasSetting(SideVideoInformationAnimation) + $EXP[View51s] + !Window.IsVisible(DialogVideoInfo.xml) + $EXP[Contents] + String.IsEqual(System.Language,Hebrew)" effect="slide" tween="Cubic" easing="out" start="580,0" end="0,0" delay="220" time="700" reversible="false">Conditional</animation>
	 <animation description="50" condition="Skin.HasSetting(SideVideoInformationAnimation) + [ $EXP[View50] ] + !Window.IsVisible(DialogVideoInfo.xml) + $EXP[Contents]" effect="slide" tween="Cubic" easing="out" start="0,-580" end="0,0" delay="220" time="700" reversible="false">Conditional</animation>
	 <animation description="59" condition="Skin.HasSetting(SideVideoInformationAnimation) + [ $EXP[View59] ] + !Window.IsVisible(DialogVideoInfo.xml) + $EXP[Contents]" effect="slide" tween="Cubic" easing="out" start="0,580" end="0,0" delay="220" time="700" reversible="false">Conditional</animation>
   </include>
   
   <include name="Slide3f" description="(TopVideoInformation)">
	 <animation description="ALL EXCEPT!_fade" condition="!Window.IsVisible(DialogVideoInfo.xml) + !Window.IsVisible(Home.xml) + !$EXP[View57] + !$EXP[View58] + $EXP[Contents]" effect="fade" start="0" end="100" delay="220" time="440" reversible="false">Conditional</animation>
	 <animation description="57/58" condition="[$EXP[View57] |  $EXP[View58]] + [!Control.HasFocus(7017)] + [!Control.HasFocus(60) + [$EXP[Contents] | Window.IsVisible(AddonBrowser.xml)] + !Container.OnNext + !Container.OnPrevious + !Skin.HasSetting(ShowTopVideoInformation)]" effect="fade" start="0" end="100" delay="3000" time="700" reversible="false">Conditional</animation>
	 <animation description="בית-ו'ידגט" condition="Window.IsVisible(Home.xml) + [$EXP[ContentsWidget] | ControlGroup(9009).HasFocus()]" effect="fade" start="0" end="100" delay="220" time="440" reversible="false">Conditional</animation>
   </include>
   
   <include name="Slide5" description="LeftMenu2">
	  <animation effect="slide" start="0,0" end="400,0" delay="0" time="0" reversible="true">VisibleChange</animation>
   </include>
   <include name="Slide6" description="LeftMenu">
	  <animation effect="slide" start="0,0" end="400,0" delay="0" time="700" reversible="true">WindowOpen</animation>
   </include>
   <include name="Slide7" description="RightMenu">
	  <animation effect="slide" start="0,0" end="-400,0" delay="0" time="0" reversible="true">VisibleChange</animation>
   </include>
   <include name="Slide7.5" description="RightMenu">
	  <animation effect="slide" start="0,0" end="-400,0" delay="0" time="700" reversible="true">WindowOpen</animation>
   </include>
   <include name="Slide8" description="BottomMenu">
	  <animation effect="slide" start="0,0" end="0,-400" delay="0" time="700" reversible="true">WindowOpen</animation>
   </include>
   <include name="Slide9" description="TopMenu">
	  <animation effect="slide" start="0,0" end="0,400" delay="0" time="700" reversible="true">WindowOpen</animation>
   </include>
   
   <include name="Fade1" description="VideoWindow">
	  <animation effect="fade" time="7000">VisibleChange</animation>
   </include>
   <include name="Fade2" description="VideoWindow">
	  <animation effect="fade" start="0" end="80" time="7000">VisibleChange</animation>
   </include>
   <include name="Fade3">
     <animation effect="fade" end="100" delay="0" time="220">Focus</animation>
     <animation effect="fade" end="0" time="100">Unfocus</animation>
   </include>
   <include name="Fade4">
	  <animation effect="fade" start="0" end="100" delay="220" time="440">VisibleChange</animation>
   </include>
  <include name="Fade5">
    <control type="image" description="BG">
      <animation condition="true" effect="fade" end="40" time="200">Conditional</animation>
      <width>1920</width>
      <height>1080</height>
      <texture colordiffuse="ff000000" border="0">buttons/ButtonA0.png</texture>
    </control>
  </include>
  <include name="Fade6">
     <animation type="WindowOpen" reversible="false">
	   <effect type="fade" time="200"/>
	 </animation>
     <animation type="WindowClose" reversible="false">
	   <effect type="fade" time="200"/>
	 </animation>
  </include>

  <include name="Fade7">
    <animation condition="System.IdleTime(3) + !Window.IsVisible(DialogVideoInfo.xml) + !Container().Scrolling + $EXP[Contents] + [$EXP[View57] | $EXP[View58] | Control.IsVisible(50) | $EXP[View51] | $EXP[View50] | $EXP[View54] | Window.IsVisible(SettingsCategory.xml) | Window.IsVisible(DialogContextMenu.xml) | Window.IsVisible(DialogVideoInfo.xml) | Window.IsActive(DialogFullScreenInfo.xml)]" effect="fade" start="100" end="40" time="1000">Conditional</animation>
	<animation condition="Window.IsVisible(DialogVideoInfo.xml)" effect="fade" start="100" end="0" time="1000">Conditional</animation>
  </include>
  <include name="Fade8">
	<animation effect="fade" start="70" end="50" time="220">Focus</animation>
    <animation effect="fade" start="50" end="70" time="220">unFocus</animation>
  </include>
  <include name="Fade9">
	<animation effect="fade" start="0" end="100" time="0" reversible="false">Focus</animation>
	<animation effect="fade" start="100" end="0" time="0" reversible="false">unFocus</animation>
  </include>
  
  <include name="Fade90">
	<animation effect="fade" start="0" end="100" delay="100" time="100">Focus</animation>
    <animation effect="fade" start="0" end="0" time="100">Unfocus</animation>
  </include>  
  
  <include name="Fade10" description="9009/311/312">
     <animation condition="!Window.IsVisible(CustomHomeCustomizer.xml) + [ Control.HasFocus(312) + !Container(312).OnPrevious + !Container(312).OnNext | Control.HasFocus(311) + !Container(311).OnPrevious + !Container(311).OnNext | Control.HasFocus(9000) + !Container(9000).OnPrevious + !Container(9000).OnNext ]" effect="fade" start="100" end="0" delay="5000" time="3000" reversible="false">Conditional</animation>
  </include>
   <include name="Fade11" description="">
     <animation condition="Window.IsVisible(DialogContextMenu.xml) | ControlGroup(9000).HasFocus() | ControlGroup(450).HasFocus()" effect="fade" start="100" end="50" time="200">Conditional</animation>
   </include>
   <include name="Fade12" description="VideoWindow">
	  <animation effect="fade" start="70" end="70" time="1000">WindowOpen</animation>
   </include>
   <include name="Fade13" description="VideoWindow">
	  <animation effect="fade" start="100" end="0" time="1000">WindowClose</animation>
   </include>
   <include name="Fade14" desciption="Skin.HasSetting(Performance2)-algorithmdirtyregions">
	  <animation effect="fade" start="100" end="100" time="0" reversible="false">Focus</animation>
	  <animation effect="fade" start="100" end="70" time="200" reversible="false">UnFocus</animation>
   </include>
   
   <include name="Fade41" desciption="">
	  <animation condition="Control.HasFocus(60) | ControlGroup(9000).HasFocus() | ControlGroup(9001).HasFocus() | ControlGroup(9002).HasFocus()" effect="fade" start="100" end="60" time="220">Conditional</animation>
   </include>
   <include name="Fade40">
	 <animation condition="true" effect="fade" start="100" end="40" time="1000">Conditional</animation>
   </include>
   <include name="Fade20">
     <animation effect="fade" end="100" delay="200" time="200">Visible</animation>
     <animation effect="fade" end="0" time="100">Hidden</animation>
   </include>
   
   <include name="MenuDesign_Home_itemlayout">
      <animation description="Slide 1080" condition="Window.IsVisible(Home.xml) + Skin.HasSetting(HomeFanartHalfScreen) + Skin.HasSetting(FixedUnFocusButtonsTransperancy) + [Control.HasFocus(311) | Control.HasFocus(312) | ControlGroup(9009).HasFocus | Integer.IsGreater(Container(9000).NumItems,5)] + System.IdleTime(7)" effect="slide" start="0,0" end="0,1080" delay="3000" time="700" reversible="true">Conditional</animation>
	  <animation description="Fade 1" condition="Skin.HasSetting(FixedUnFocusButtonsTransperancy) + [[Control.HasFocus(311) | Control.HasFocus(312) | Integer.IsGreater(Container(9000).NumItems,5)] + System.IdleTime(3)] + ![Window.IsVisible(CustomHomeCustomizer.xml) + Window.IsVisible(CustomHomeCustomizer2.xml)]" effect="fade" start="100" end="70" time="220" reversible="true">Conditional</animation>
	  <animation description="Fade 2" condition="Skin.HasSetting(FixedUnFocusButtonsTransperancy) + [[Control.HasFocus(311) | Control.HasFocus(312) | Integer.IsGreater(Container(9000).NumItems,5)] + System.IdleTime(7)] + ![Window.IsVisible(CustomHomeCustomizer.xml) + Window.IsVisible(CustomHomeCustomizer2.xml)]" effect="fade" start="70" end="40" time="220" reversible="false">Conditional</animation>
	  <animation description="Fade 2" condition="Window.IsVisible(CustomHomeCustomizer.xml) + Window.IsVisible(CustomHomeCustomizer2.xml)" effect="fade" start="100" end="40" time="220" reversible="true">Conditional</animation>
   </include>
   
   <include name="Fade_IconOverlayButton">
     <animation condition="!Skin.String(IconOverlayButton)" effect="fade" end="60" time="0">Conditional</animation>
	 
	 <animation condition="Skin.String(IconOverlayButton,10)" effect="fade" end="10" time="0">Conditional</animation>
	 <animation condition="Skin.String(IconOverlayButton,20)" effect="fade" end="20" time="0">Conditional</animation>
	 <animation condition="Skin.String(IconOverlayButton,30)" effect="fade" end="30" time="0">Conditional</animation>
	 <animation condition="Skin.String(IconOverlayButton,40)" effect="fade" end="40" time="0">Conditional</animation>
	 <animation condition="Skin.String(IconOverlayButton,50)" effect="fade" end="50" time="0">Conditional</animation>
	 <animation condition="Skin.String(IconOverlayButton,60)" effect="fade" end="60" time="0">Conditional</animation>
	 <animation condition="Skin.String(IconOverlayButton,65)" effect="fade" end="65" time="0">Conditional</animation>
	 <animation condition="Skin.String(IconOverlayButton,70)" effect="fade" end="70" time="0">Conditional</animation>
	 <animation condition="Skin.String(IconOverlayButton,80)" effect="fade" end="80" time="0">Conditional</animation>
	 <animation condition="Skin.String(IconOverlayButton,85)" effect="fade" end="85" time="0">Conditional</animation>
	 <animation condition="Skin.String(IconOverlayButton,90)" effect="fade" end="90" time="0">Conditional</animation>
	 <animation condition="Skin.String(IconOverlayButton,95)" effect="fade" end="95" time="0">Conditional</animation>
	 <animation condition="Skin.String(IconOverlayButton,100)" effect="fade" end="100" time="0">Conditional</animation>
   </include>
   
   <include name="Fade_PassProtectOverlay">
     <animation condition="!Skin.String(PassProtectOverlay)" effect="fade" end="30" time="0">Conditional</animation>
	 
	 <animation condition="Skin.String(PassProtectOverlay,10)" effect="fade" end="10" time="0">Conditional</animation>
	 <animation condition="Skin.String(PassProtectOverlay,20)" effect="fade" end="20" time="0">Conditional</animation>
	 <animation condition="Skin.String(PassProtectOverlay,30)" effect="fade" end="30" time="0">Conditional</animation>
	 <animation condition="Skin.String(PassProtectOverlay,40)" effect="fade" end="40" time="0">Conditional</animation>
	 <animation condition="Skin.String(PassProtectOverlay,50)" effect="fade" end="50" time="0">Conditional</animation>
	 <animation condition="Skin.String(PassProtectOverlay,60)" effect="fade" end="60" time="0">Conditional</animation>
	 <animation condition="Skin.String(PassProtectOverlay,65)" effect="fade" end="65" time="0">Conditional</animation>
	 <animation condition="Skin.String(PassProtectOverlay,70)" effect="fade" end="70" time="0">Conditional</animation>
	 <animation condition="Skin.String(PassProtectOverlay,80)" effect="fade" end="80" time="0">Conditional</animation>
	 <animation condition="Skin.String(PassProtectOverlay,85)" effect="fade" end="85" time="0">Conditional</animation>
	 <animation condition="Skin.String(PassProtectOverlay,90)" effect="fade" end="90" time="0">Conditional</animation>
	 <animation condition="Skin.String(PassProtectOverlay,95)" effect="fade" end="95" time="0">Conditional</animation>
	 <animation condition="Skin.String(PassProtectOverlay,100)" effect="fade" end="100" time="0">Conditional</animation>
   </include>
   
   <include name="Fade_MainBackgroundOverlay">
     <animation condition="$EXP[Fade_MainBackgroundOverlay]" effect="fade" start="20" end="20" time="0">Conditional</animation>
	 <animation condition="![$EXP[Fade_MainBackgroundOverlay]] + !Skin.String(MainBackgroundOverlay)" effect="fade" start="90" end="90" time="0">Conditional</animation>
	 
	 <animation condition="![$EXP[Fade_MainBackgroundOverlay]] + Skin.String(MainBackgroundOverlay,10)" effect="fade" start="10" end="10" time="0">Conditional</animation>
	 <animation condition="![$EXP[Fade_MainBackgroundOverlay]] + Skin.String(MainBackgroundOverlay,20)" effect="fade" start="20" end="20" time="0">Conditional</animation>
	 <animation condition="![$EXP[Fade_MainBackgroundOverlay]] + Skin.String(MainBackgroundOverlay,30)" effect="fade" start="30" end="30" time="0">Conditional</animation>
	 <animation condition="![$EXP[Fade_MainBackgroundOverlay]] + Skin.String(MainBackgroundOverlay,40)" effect="fade" start="40" end="40" time="0">Conditional</animation>
	 <animation condition="![$EXP[Fade_MainBackgroundOverlay]] + Skin.String(MainBackgroundOverlay,50)" effect="fade" start="50" end="50" time="0">Conditional</animation>
	 <animation condition="![$EXP[Fade_MainBackgroundOverlay]] + Skin.String(MainBackgroundOverlay,60)" effect="fade" start="60" end="60" time="0">Conditional</animation>
	 <animation condition="![$EXP[Fade_MainBackgroundOverlay]] + Skin.String(MainBackgroundOverlay,65)" effect="fade" start="65" end="65" time="0">Conditional</animation>
	 <animation condition="![$EXP[Fade_MainBackgroundOverlay]] + Skin.String(MainBackgroundOverlay,70)" effect="fade" start="70" end="70" time="0">Conditional</animation>
	 <animation condition="![$EXP[Fade_MainBackgroundOverlay]] + Skin.String(MainBackgroundOverlay,80)" effect="fade" start="80" end="80" time="0">Conditional</animation>
	 <animation condition="![$EXP[Fade_MainBackgroundOverlay]] + Skin.String(MainBackgroundOverlay,85)" effect="fade" start="85" end="85" time="0">Conditional</animation>
	 <animation condition="![$EXP[Fade_MainBackgroundOverlay]] + Skin.String(MainBackgroundOverlay,90)" effect="fade" start="90" end="90" time="0">Conditional</animation>
	 <animation condition="![$EXP[Fade_MainBackgroundOverlay]] + Skin.String(MainBackgroundOverlay,95)" effect="fade" start="95" end="95" time="0">Conditional</animation>
	 <animation condition="![$EXP[Fade_MainBackgroundOverlay]] + Skin.String(MainBackgroundOverlay,100)" effect="fade" start="100" end="100" time="0">Conditional</animation>
   </include>
   
   <include name="Fade_TopMainBackgroundOverlay">
     <animation condition="$EXP[Fade_MainBackgroundOverlay]" effect="fade" start="20" end="20" time="0">Conditional</animation>
	 <animation condition="![$EXP[Fade_MainBackgroundOverlay]] + !Skin.String(TopMainBackgroundOverlay)" effect="fade" start="90" end="90" time="0">Conditional</animation>
	 
	 <animation condition="![$EXP[Fade_MainBackgroundOverlay]] + Skin.String(TopMainBackgroundOverlay,10)" effect="fade" start="10" end="10" time="0">Conditional</animation>
	 <animation condition="![$EXP[Fade_MainBackgroundOverlay]] + Skin.String(TopMainBackgroundOverlay,20)" effect="fade" start="20" end="20" time="0">Conditional</animation>
	 <animation condition="![$EXP[Fade_MainBackgroundOverlay]] + Skin.String(TopMainBackgroundOverlay,30)" effect="fade" start="30" end="30" time="0">Conditional</animation>
	 <animation condition="![$EXP[Fade_MainBackgroundOverlay]] + Skin.String(TopMainBackgroundOverlay,40)" effect="fade" start="40" end="40" time="0">Conditional</animation>
	 <animation condition="![$EXP[Fade_MainBackgroundOverlay]] + Skin.String(TopMainBackgroundOverlay,50)" effect="fade" start="50" end="50" time="0">Conditional</animation>
	 <animation condition="![$EXP[Fade_MainBackgroundOverlay]] + Skin.String(TopMainBackgroundOverlay,60)" effect="fade" start="60" end="60" time="0">Conditional</animation>
	 <animation condition="![$EXP[Fade_MainBackgroundOverlay]] + Skin.String(TopMainBackgroundOverlay,65)" effect="fade" start="65" end="65" time="0">Conditional</animation>
	 <animation condition="![$EXP[Fade_MainBackgroundOverlay]] + Skin.String(TopMainBackgroundOverlay,70)" effect="fade" start="70" end="70" time="0">Conditional</animation>
	 <animation condition="![$EXP[Fade_MainBackgroundOverlay]] + Skin.String(TopMainBackgroundOverlay,80)" effect="fade" start="80" end="80" time="0">Conditional</animation>
	 <animation condition="![$EXP[Fade_MainBackgroundOverlay]] + Skin.String(TopMainBackgroundOverlay,85)" effect="fade" start="85" end="85" time="0">Conditional</animation>
	 <animation condition="![$EXP[Fade_MainBackgroundOverlay]] + Skin.String(TopMainBackgroundOverlay,90)" effect="fade" start="90" end="90" time="0">Conditional</animation>
	 <animation condition="![$EXP[Fade_MainBackgroundOverlay]] + Skin.String(TopMainBackgroundOverlay,95)" effect="fade" start="95" end="95" time="0">Conditional</animation>
	 <animation condition="![$EXP[Fade_MainBackgroundOverlay]] + Skin.String(TopMainBackgroundOverlay,100)" effect="fade" start="100" end="100" time="0">Conditional</animation>
   </include>
   
   <include name="Fade_TopInformationOverlay">
     <animation condition="!Skin.String(TopInformationOverlay)" effect="fade" end="70" time="0">Conditional</animation>
	 
	 <animation condition="Skin.String(TopInformationOverlay,10)" effect="fade" end="10" time="0">Conditional</animation>
	 <animation condition="Skin.String(TopInformationOverlay,20)" effect="fade" end="20" time="0">Conditional</animation>
	 <animation condition="Skin.String(TopInformationOverlay,30)" effect="fade" end="30" time="0">Conditional</animation>
	 <animation condition="Skin.String(TopInformationOverlay,40)" effect="fade" end="40" time="0">Conditional</animation>
	 <animation condition="Skin.String(TopInformationOverlay,50)" effect="fade" end="50" time="0">Conditional</animation>
	 <animation condition="Skin.String(TopInformationOverlay,60)" effect="fade" end="60" time="0">Conditional</animation>
	 <animation condition="Skin.String(TopInformationOverlay,65)" effect="fade" end="65" time="0">Conditional</animation>
	 <animation condition="Skin.String(TopInformationOverlay,70)" effect="fade" end="70" time="0">Conditional</animation>
	 <animation condition="Skin.String(TopInformationOverlay,80)" effect="fade" end="80" time="0">Conditional</animation>
	 <animation condition="Skin.String(TopInformationOverlay,85)" effect="fade" end="85" time="0">Conditional</animation>
	 <animation condition="Skin.String(TopInformationOverlay,90)" effect="fade" end="90" time="0">Conditional</animation>
	 <animation condition="Skin.String(TopInformationOverlay,95)" effect="fade" end="95" time="0">Conditional</animation>
	 <animation condition="Skin.String(TopInformationOverlay,100)" effect="fade" end="100" time="0">Conditional</animation>
   </include>
   
   <include name="Fade_WindowsOpenClose">
     <animation type="WindowOpen" reversible="false" condition="!Skin.String(WindowsOpenClose)">
	   <effect type="fade" start="40" end="100" time="440" />
	 </animation>
     <animation type="WindowClose" reversible="false" condition="!Skin.String(WindowsOpenClose)">
	   <effect type="fade" start="100" end="40" time="440" />
	 </animation>
	 
	 <animation type="WindowOpen" reversible="false" condition="Skin.String(WindowsOpenClose,0)">
	   <effect type="fade" start="40" end="100" time="0" />
	 </animation>
     <animation type="WindowClose" reversible="false" condition="Skin.String(WindowsOpenClose,0)">
	   <effect type="fade" start="100" end="40" time="0" />
	 </animation>
	 
	 <animation type="WindowOpen" reversible="false" condition="Skin.String(WindowsOpenClose,1)">
	   <effect type="fade" start="40" end="100" time="400" />
	 </animation>
     <animation type="WindowClose" reversible="false" condition="Skin.String(WindowsOpenClose,1)">
	   <effect type="fade" start="100" end="40" time="400" />
	 </animation>
	 
	 <animation type="WindowOpen" reversible="false" condition="Skin.String(WindowsOpenClose,2)">
	   <effect type="fade" start="40" end="100" time="500"/>
	 </animation>
     <animation type="WindowClose" reversible="false" condition="Skin.String(WindowsOpenClose,2)">
	   <effect type="fade" start="100" end="40" time="500"/>
	 </animation>
	 
	 <animation type="WindowOpen" reversible="false" condition="Skin.String(WindowsOpenClose,3)">
	   <effect type="fade" start="40" end="100" time="750"/>
	 </animation>
     <animation type="WindowClose" reversible="false" condition="Skin.String(WindowsOpenClose,3)">
	   <effect type="fade" start="100" end="40" time="750"/>
	 </animation>
	 
	 <animation type="WindowOpen" reversible="false" condition="Skin.String(WindowsOpenClose,4)">
	   <effect type="fade" start="40" end="100" time="1000"/>
	 </animation>
     <animation type="WindowClose" reversible="false" condition="Skin.String(WindowsOpenClose,4)">
	   <effect type="fade" start="100" end="40" time="1000"/>
	 </animation>
	 
	 <animation type="WindowOpen" reversible="false" condition="Skin.String(WindowsOpenClose,5)">
	   <effect type="fade" start="40" end="100" time="1250"/>
	 </animation>
     <animation type="WindowClose" reversible="false" condition="Skin.String(WindowsOpenClose,5)">
	   <effect type="fade" start="100" end="40" time="1250"/>
	 </animation>
	 
	 <animation type="WindowOpen" reversible="false" condition="Skin.String(WindowsOpenClose,6)">
	   <effect type="fade" start="40" end="100" time="1500"/>
	 </animation>
     <animation type="WindowClose" reversible="false" condition="Skin.String(WindowsOpenClose,6)">
	   <effect type="fade" start="100" end="40" time="1500"/>
	 </animation>
	 
	 <animation type="WindowOpen" reversible="false" condition="Skin.String(WindowsOpenClose,7)">
	   <effect type="fade" start="40" end="100" time="2000"/>
	 </animation>
     <animation type="WindowClose" reversible="false" condition="Skin.String(WindowsOpenClose,7)">
	   <effect type="fade" start="100" end="40" time="2000"/>
	 </animation>
	 
	 <animation type="WindowOpen" reversible="false" condition="Skin.String(WindowsOpenClose,8)">
	   <effect type="fade" start="40" end="100" time="2500"/>
	 </animation>
     <animation type="WindowClose" reversible="false" condition="Skin.String(WindowsOpenClose,8)">
	   <effect type="fade" start="100" end="40" time="2500"/>
	 </animation>
	 
	 <animation type="WindowOpen" reversible="false" condition="Skin.String(WindowsOpenClose,9)">
	   <effect type="fade" start="40" end="100" time="3000"/>
	 </animation>
     <animation type="WindowClose" reversible="false" condition="Skin.String(WindowsOpenClose,9)">
	   <effect type="fade" start="100" end="40" time="3000"/>
	 </animation>
	 
	 <animation type="WindowOpen" reversible="false" condition="!Skin.HasSetting(WindowsOpenClose)">
	   <effect type="zoom" start="80" end="100" center="640,360" easing="out" tween="back" time="225" />
	 </animation>
	 <animation type="WindowClose" reversible="false" condition="!Skin.HasSetting(WindowsOpenClose)">
	   <effect type="zoom" start="100" end="80" center="640,360" easing="in" tween="back" time="225" />
	 </animation>
	 
   </include>
   
   <include name="Fade_TopVideoInformationOverlay">
     <animation condition="!Skin.String(TopVideoInformationOverlay)" effect="fade" end="70" time="0">Conditional</animation>
	 
	 <animation condition="Skin.String(TopVideoInformationOverlay,10)" effect="fade" end="10" time="0">Conditional</animation>
	 <animation condition="Skin.String(TopVideoInformationOverlay,20)" effect="fade" end="20" time="0">Conditional</animation>
	 <animation condition="Skin.String(TopVideoInformationOverlay,30)" effect="fade" end="30" time="0">Conditional</animation>
	 <animation condition="Skin.String(TopVideoInformationOverlay,40)" effect="fade" end="40" time="0">Conditional</animation>
	 <animation condition="Skin.String(TopVideoInformationOverlay,50)" effect="fade" end="50" time="0">Conditional</animation>
	 <animation condition="Skin.String(TopVideoInformationOverlay,60)" effect="fade" end="60" time="0">Conditional</animation>
	 <animation condition="Skin.String(TopVideoInformationOverlay,65)" effect="fade" end="65" time="0">Conditional</animation>
	 <animation condition="Skin.String(TopVideoInformationOverlay,70)" effect="fade" end="70" time="0">Conditional</animation>
	 <animation condition="Skin.String(TopVideoInformationOverlay,85)" effect="fade" end="85" time="0">Conditional</animation>
	 <animation condition="Skin.String(TopVideoInformationOverlay,90)" effect="fade" end="90" time="0">Conditional</animation>
	 <animation condition="Skin.String(TopVideoInformationOverlay,95)" effect="fade" end="95" time="0">Conditional</animation>
	 <animation condition="Skin.String(TopVideoInformationOverlay,100)" effect="fade" end="100" time="0">Conditional</animation>
   </include>
   
   <include name="Fade_MenuBackgroundOverlay">
     <animation condition="!Skin.String(MenuBackgroundOverlay)" effect="fade" end="70" time="0">Conditional</animation>
	 
	 <animation condition="Skin.String(MenuBackgroundOverlay,10)" effect="fade" end="10" time="0">Conditional</animation>
	 <animation condition="Skin.String(MenuBackgroundOverlay,20)" effect="fade" end="20" time="0">Conditional</animation>
	 <animation condition="Skin.String(MenuBackgroundOverlay,30)" effect="fade" end="30" time="0">Conditional</animation>
	 <animation condition="Skin.String(MenuBackgroundOverlay,40)" effect="fade" end="40" time="0">Conditional</animation>
	 <animation condition="Skin.String(MenuBackgroundOverlay,50)" effect="fade" end="50" time="0">Conditional</animation>
	 <animation condition="Skin.String(MenuBackgroundOverlay,60)" effect="fade" end="60" time="0">Conditional</animation>
	 <animation condition="Skin.String(MenuBackgroundOverlay,70)" effect="fade" end="70" time="0">Conditional</animation>
	 <animation condition="Skin.String(MenuBackgroundOverlay,80)" effect="fade" end="80" time="0">Conditional</animation>
	 <animation condition="Skin.String(MenuBackgroundOverlay,85)" effect="fade" end="85" time="0">Conditional</animation>
	 <animation condition="Skin.String(MenuBackgroundOverlay,90)" effect="fade" end="90" time="0">Conditional</animation>
	 <animation condition="Skin.String(MenuBackgroundOverlay,95)" effect="fade" end="95" time="0">Conditional</animation>
	 <animation condition="Skin.String(MenuBackgroundOverlay,100)" effect="fade" end="100" time="0">Conditional</animation>
   </include>
   
   <include name="Fade_DialogBackgroundOverlay">
     <animation condition="!Skin.String(DialogBackgroundOverlay)" effect="fade" end="95" time="0">Conditional</animation>
	 
	 <animation condition="Skin.String(DialogBackgroundOverlay,10)" effect="fade" end="10" time="0">Conditional</animation>
	 <animation condition="Skin.String(DialogBackgroundOverlay,20)" effect="fade" end="20" time="0">Conditional</animation>
	 <animation condition="Skin.String(DialogBackgroundOverlay,30)" effect="fade" end="30" time="0">Conditional</animation>
	 <animation condition="Skin.String(DialogBackgroundOverlay,40)" effect="fade" end="40" time="0">Conditional</animation>
	 <animation condition="Skin.String(DialogBackgroundOverlay,50)" effect="fade" end="50" time="0">Conditional</animation>
	 <animation condition="Skin.String(DialogBackgroundOverlay,60)" effect="fade" end="60" time="0">Conditional</animation>
	 <animation condition="Skin.String(DialogBackgroundOverlay,70)" effect="fade" end="70" time="0">Conditional</animation>
	 <animation condition="Skin.String(DialogBackgroundOverlay,80)" effect="fade" end="80" time="0">Conditional</animation>
	 <animation condition="Skin.String(DialogBackgroundOverlay,85)" effect="fade" end="85" time="0">Conditional</animation>
	 <animation condition="Skin.String(DialogBackgroundOverlay,90)" effect="fade" end="90" time="0">Conditional</animation>
	 <animation condition="Skin.String(DialogBackgroundOverlay,95)" effect="fade" end="95" time="0">Conditional</animation>
	 <animation condition="Skin.String(DialogBackgroundOverlay,100)" effect="fade" end="100" time="0">Conditional</animation>
   </include>
   
   <include name="Fade_KeyboardBackgroundOverlay">
     <animation condition="!Skin.String(KeyboardBackgroundOverlay)" effect="fade" end="90" time="0">Conditional</animation>
	 
     <animation condition="Skin.String(KeyboardBackgroundOverlay,10)" effect="fade" end="10" time="0">Conditional</animation>
	 <animation condition="Skin.String(KeyboardBackgroundOverlay,20)" effect="fade" end="20" time="0">Conditional</animation>
	 <animation condition="Skin.String(KeyboardBackgroundOverlay,30)" effect="fade" end="30" time="0">Conditional</animation>
	 <animation condition="Skin.String(KeyboardBackgroundOverlay,40)" effect="fade" end="40" time="0">Conditional</animation>
	 <animation condition="Skin.String(KeyboardBackgroundOverlay,50)" effect="fade" end="50" time="0">Conditional</animation>
	 <animation condition="Skin.String(KeyboardBackgroundOverlay,60)" effect="fade" end="60" time="0">Conditional</animation>
	 <animation condition="Skin.String(KeyboardBackgroundOverlay,65)" effect="fade" end="65" time="0">Conditional</animation>
	 <animation condition="Skin.String(KeyboardBackgroundOverlay,70)" effect="fade" end="70" time="0">Conditional</animation>
	 <animation condition="Skin.String(KeyboardBackgroundOverlay,80)" effect="fade" end="80" time="0">Conditional</animation>
	 <animation condition="Skin.String(KeyboardBackgroundOverlay,85)" effect="fade" end="85" time="0">Conditional</animation>
	 <animation condition="Skin.String(KeyboardBackgroundOverlay,90)" effect="fade" end="90" time="0">Conditional</animation>
	 <animation condition="Skin.String(KeyboardBackgroundOverlay,95)" effect="fade" end="95" time="0">Conditional</animation>
	 <animation condition="Skin.String(KeyboardBackgroundOverlay,100)" effect="fade" end="100" time="0">Conditional</animation>
   </include>
   
   <include name="Fade_VolumeBackgroundOverlay">
     <animation condition="!Skin.String(VolumeBackgroundOverlay)" effect="fade" end="50" time="0">Conditional</animation>
	 
     <animation condition="Skin.String(VolumeBackgroundOverlay,10)" effect="fade" end="10" time="0">Conditional</animation>
	 <animation condition="Skin.String(VolumeBackgroundOverlay,20)" effect="fade" end="20" time="0">Conditional</animation>
	 <animation condition="Skin.String(VolumeBackgroundOverlay,30)" effect="fade" end="30" time="0">Conditional</animation>
	 <animation condition="Skin.String(VolumeBackgroundOverlay,40)" effect="fade" end="40" time="0">Conditional</animation>
	 <animation condition="Skin.String(VolumeBackgroundOverlay,50)" effect="fade" end="50" time="0">Conditional</animation>
	 <animation condition="Skin.String(VolumeBackgroundOverlay,60)" effect="fade" end="60" time="0">Conditional</animation>
	 <animation condition="Skin.String(VolumeBackgroundOverlay,65)" effect="fade" end="65" time="0">Conditional</animation>
	 <animation condition="Skin.String(VolumeBackgroundOverlay,70)" effect="fade" end="70" time="0">Conditional</animation>
	 <animation condition="Skin.String(VolumeBackgroundOverlay,80)" effect="fade" end="80" time="0">Conditional</animation>
	 <animation condition="Skin.String(VolumeBackgroundOverlay,85)" effect="fade" end="85" time="0">Conditional</animation>
	 <animation condition="Skin.String(VolumeBackgroundOverlay,90)" effect="fade" end="90" time="0">Conditional</animation>
	 <animation condition="Skin.String(VolumeBackgroundOverlay,95)" effect="fade" end="95" time="0">Conditional</animation>
	 <animation condition="Skin.String(VolumeBackgroundOverlay,100)" effect="fade" end="100" time="0">Conditional</animation>
   </include>
   
   <include name="Fade_VolumeIconOverlay">
     <animation condition="!Skin.String(VolumeIconOverlay)" effect="fade" end="70" time="0">Conditional</animation>
	 
     <animation condition="Skin.String(VolumeIconOverlay,10)" effect="fade" end="10" time="0">Conditional</animation>
	 <animation condition="Skin.String(VolumeIconOverlay,20)" effect="fade" end="20" time="0">Conditional</animation>
	 <animation condition="Skin.String(VolumeIconOverlay,30)" effect="fade" end="30" time="0">Conditional</animation>
	 <animation condition="Skin.String(VolumeIconOverlay,40)" effect="fade" end="40" time="0">Conditional</animation>
	 <animation condition="Skin.String(VolumeIconOverlay,50)" effect="fade" end="50" time="0">Conditional</animation>
	 <animation condition="Skin.String(VolumeIconOverlay,60)" effect="fade" end="60" time="0">Conditional</animation>
	 <animation condition="Skin.String(VolumeIconOverlay,65)" effect="fade" end="65" time="0">Conditional</animation>
	 <animation condition="Skin.String(VolumeIconOverlay,70)" effect="fade" end="70" time="0">Conditional</animation>
	 <animation condition="Skin.String(VolumeIconOverlay,80)" effect="fade" end="80" time="0">Conditional</animation>
	 <animation condition="Skin.String(VolumeIconOverlay,85)" effect="fade" end="85" time="0">Conditional</animation>
	 <animation condition="Skin.String(VolumeIconOverlay,90)" effect="fade" end="90" time="0">Conditional</animation>
	 <animation condition="Skin.String(VolumeIconOverlay,95)" effect="fade" end="95" time="0">Conditional</animation>
	 <animation condition="Skin.String(VolumeIconOverlay,100)" effect="fade" end="100" time="0">Conditional</animation>
   </include>
   
   <include name="Fade_SubMenuMarkOverlay">
     <animation condition="!Skin.String(SubMenuMarkOverlay)" effect="fade" end="70" time="0">Conditional</animation>
	 
     <animation condition="Skin.String(SubMenuMarkOverlay,10)" effect="fade" end="10" time="0">Conditional</animation>
	 <animation condition="Skin.String(SubMenuMarkOverlay,20)" effect="fade" end="20" time="0">Conditional</animation>
	 <animation condition="Skin.String(SubMenuMarkOverlay,30)" effect="fade" end="30" time="0">Conditional</animation>
	 <animation condition="Skin.String(SubMenuMarkOverlay,40)" effect="fade" end="40" time="0">Conditional</animation>
	 <animation condition="Skin.String(SubMenuMarkOverlay,50)" effect="fade" end="50" time="0">Conditional</animation>
	 <animation condition="Skin.String(SubMenuMarkOverlay,60)" effect="fade" end="60" time="0">Conditional</animation>
	 <animation condition="Skin.String(SubMenuMarkOverlay,65)" effect="fade" end="65" time="0">Conditional</animation>
	 <animation condition="Skin.String(SubMenuMarkOverlay,70)" effect="fade" end="70" time="0">Conditional</animation>
	 <animation condition="Skin.String(SubMenuMarkOverlay,80)" effect="fade" end="80" time="0">Conditional</animation>
	 <animation condition="Skin.String(SubMenuMarkOverlay,85)" effect="fade" end="85" time="0">Conditional</animation>
	 <animation condition="Skin.String(SubMenuMarkOverlay,90)" effect="fade" end="90" time="0">Conditional</animation>
	 <animation condition="Skin.String(SubMenuMarkOverlay,95)" effect="fade" end="95" time="0">Conditional</animation>
	 <animation condition="Skin.String(SubMenuMarkOverlay,100)" effect="fade" end="100" time="0">Conditional</animation>
   </include>
   
   <include name="Fade_WidgetOverlay">
     <animation condition="!Skin.String(WidgetOverlay) + [ Player.HasVideo | !$EXP[ContentsWidget] ]" effect="fade" start="100" end="70" delay="220" time="440" reversible="true">Conditional</animation>
	 
     <animation condition="Skin.String(WidgetOverlay,10) + [ Player.HasVideo | !$EXP[ContentsWidget] ]" effect="fade" start="100" end="10" delay="220" time="440" reversible="true">Conditional</animation>
	 <animation condition="Skin.String(WidgetOverlay,20) + [ Player.HasVideo | !$EXP[ContentsWidget] ]" effect="fade" start="100" end="20" delay="220" time="440" reversible="true">Conditional</animation>
	 <animation condition="Skin.String(WidgetOverlay,30) + [ Player.HasVideo | !$EXP[ContentsWidget] ]" effect="fade" start="100" end="30" delay="220" time="440" reversible="true">Conditional</animation>
	 <animation condition="Skin.String(WidgetOverlay,40) + [ Player.HasVideo | !$EXP[ContentsWidget] ]" effect="fade" start="100" end="40" delay="220" time="440" reversible="true">Conditional</animation>
	 <animation condition="Skin.String(WidgetOverlay,50) + [ Player.HasVideo | !$EXP[ContentsWidget] ]" effect="fade" start="100" end="50" delay="220" time="440" reversible="true">Conditional</animation>
	 <animation condition="Skin.String(WidgetOverlay,60) + [ Player.HasVideo | !$EXP[ContentsWidget] ]" effect="fade" start="100" end="60" delay="220" time="440" reversible="true">Conditional</animation>
	 <animation condition="Skin.String(WidgetOverlay,65) + [ Player.HasVideo | !$EXP[ContentsWidget] ]" effect="fade" start="100" end="65" delay="220" time="440" reversible="true">Conditional</animation>
	 <animation condition="Skin.String(WidgetOverlay,70) + [ Player.HasVideo | !$EXP[ContentsWidget] ]" effect="fade" start="100" end="70" delay="220" time="440" reversible="true">Conditional</animation>
	 <animation condition="Skin.String(WidgetOverlay,80) + [ Player.HasVideo | !$EXP[ContentsWidget] ]" effect="fade" start="100" end="80" delay="220" time="440" reversible="true">Conditional</animation>
	 <animation condition="Skin.String(WidgetOverlay,85) + [ Player.HasVideo | !$EXP[ContentsWidget] ]" effect="fade" start="100" end="85" delay="220" time="440" reversible="true">Conditional</animation>
	 <animation condition="Skin.String(WidgetOverlay,90) + [ Player.HasVideo | !$EXP[ContentsWidget] ]" effect="fade" start="100" end="90" delay="220" time="440" reversible="true">Conditional</animation>
	 <animation condition="Skin.String(WidgetOverlay,95) + [ Player.HasVideo | !$EXP[ContentsWidget] ]" effect="fade" start="100" end="95" delay="220" time="440" reversible="true">Conditional</animation>
	 <animation condition="Skin.String(WidgetOverlay,100) + [ Player.HasVideo | !$EXP[ContentsWidget] ]" effect="fade" start="100" end="100" delay="220" time="440" reversible="true">Conditional</animation>
   </include>
   
   <include name="Fade_BackgroundOverlay">
     <fadetime>220</fadetime>
     <animation condition="!Skin.String(BackgroundOverlay)" effect="fade" end="100" time="0">Conditional</animation>
	 
     <animation condition="Skin.String(BackgroundOverlay,10)" effect="fade" end="10" time="0">Conditional</animation>
	 <animation condition="Skin.String(BackgroundOverlay,20)" effect="fade" end="20" time="0">Conditional</animation>
	 <animation condition="Skin.String(BackgroundOverlay,30)" effect="fade" end="30" time="0">Conditional</animation>
	 <animation condition="Skin.String(BackgroundOverlay,40)" effect="fade" end="40" time="0">Conditional</animation>
	 <animation condition="Skin.String(BackgroundOverlay,50)" effect="fade" end="50" time="0">Conditional</animation>
	 <animation condition="Skin.String(BackgroundOverlay,60)" effect="fade" end="60" time="0">Conditional</animation>
	 <animation condition="Skin.String(BackgroundOverlay,70)" effect="fade" end="70" time="0">Conditional</animation>
	 <animation condition="Skin.String(BackgroundOverlay,80)" effect="fade" end="80" time="0">Conditional</animation>
	 <animation condition="Skin.String(BackgroundOverlay,85)" effect="fade" end="85" time="0">Conditional</animation>
	 <animation condition="Skin.String(BackgroundOverlay,90)" effect="fade" end="90" time="0">Conditional</animation>
	 <animation condition="Skin.String(BackgroundOverlay,95)" effect="fade" end="95" time="0">Conditional</animation>
	 <animation condition="Skin.String(BackgroundOverlay,100)" effect="fade" end="100" time="0">Conditional</animation>
   </include>
   
   <include name="Fade_Background2Overlay">
	 
	 <animation condition="$EXP[Fade_Background2Overlay] + !Skin.String(Background2Overlay)" effect="fade" start="100" end="100" delay="0" time="0">Conditional</animation>
	 
     <animation condition="$EXP[Fade_Background2Overlay] + Skin.String(Background2Overlay,10)" effect="fade" start="100" end="10" delay="0" time="0">Conditional</animation>
	 <animation condition="$EXP[Fade_Background2Overlay] + Skin.String(Background2Overlay,20)" effect="fade" start="100" end="20" delay="0" time="0">Conditional</animation>
	 <animation condition="$EXP[Fade_Background2Overlay] + Skin.String(Background2Overlay,30)" effect="fade" start="100" end="30" delay="0" time="0">Conditional</animation>
	 <animation condition="$EXP[Fade_Background2Overlay] + Skin.String(Background2Overlay,40)" effect="fade" start="100" end="40" delay="0" time="0">Conditional</animation>
	 <animation condition="$EXP[Fade_Background2Overlay] + Skin.String(Background2Overlay,50)" effect="fade" start="100" end="50" delay="0" time="0">Conditional</animation>
	 <animation condition="$EXP[Fade_Background2Overlay] + Skin.String(Background2Overlay,60)" effect="fade" start="100" end="60" delay="0" time="0">Conditional</animation>
	 <animation condition="$EXP[Fade_Background2Overlay] + Skin.String(Background2Overlay,70)" effect="fade" start="100" end="70" delay="0" time="0">Conditional</animation>
	 <animation condition="$EXP[Fade_Background2Overlay] + Skin.String(Background2Overlay,80)" effect="fade" start="100" end="80" delay="0" time="0">Conditional</animation>
	 <animation condition="$EXP[Fade_Background2Overlay] + Skin.String(Background2Overlay,85)" effect="fade" start="100" end="85" delay="0" time="0">Conditional</animation>
	 <animation condition="$EXP[Fade_Background2Overlay] + Skin.String(Background2Overlay,90)" effect="fade" start="100" end="90" delay="0" time="0">Conditional</animation>
	 <animation condition="$EXP[Fade_Background2Overlay] + Skin.String(Background2Overlay,95)" effect="fade" start="100" end="95" delay="0" time="0">Conditional</animation>
	 <animation condition="$EXP[Fade_Background2Overlay] + Skin.String(Background2Overlay,100)" effect="fade" start="100" end="100" delay="0" time="0">Conditional</animation>
   </include>
   
   <include name="Fade_MenuButtonsOverlay">
     <animation condition="!Skin.String(MenuButtonsOverlay)" effect="fade" end="100" time="0">Conditional</animation>
	 
	 <animation condition="Skin.String(MenuButtonsOverlay,10)" effect="fade" end="10" time="0">Conditional</animation>
	 <animation condition="Skin.String(MenuButtonsOverlay,20)" effect="fade" end="20" time="0">Conditional</animation>
	 <animation condition="Skin.String(MenuButtonsOverlay,30)" effect="fade" end="30" time="0">Conditional</animation>
	 <animation condition="Skin.String(MenuButtonsOverlay,40)" effect="fade" end="40" time="0">Conditional</animation>
	 <animation condition="Skin.String(MenuButtonsOverlay,50)" effect="fade" end="50" time="0">Conditional</animation>
	 <animation condition="Skin.String(MenuButtonsOverlay,60)" effect="fade" end="60" time="0">Conditional</animation>
	 <animation condition="Skin.String(MenuButtonsOverlay,70)" effect="fade" end="70" time="0">Conditional</animation>
	 <animation condition="Skin.String(MenuButtonsOverlay,75)" effect="fade" end="75" time="0">Conditional</animation>
	 <animation condition="Skin.String(MenuButtonsOverlay,80)" effect="fade" end="80" time="0">Conditional</animation>
	 <animation condition="Skin.String(MenuButtonsOverlay,85)" effect="fade" end="85" time="0">Conditional</animation>
	 <animation condition="Skin.String(MenuButtonsOverlay,90)" effect="fade" end="90" time="0">Conditional</animation>
	 <animation condition="Skin.String(MenuButtonsOverlay,95)" effect="fade" end="95" time="0">Conditional</animation>
	 <animation condition="Skin.String(MenuButtonsOverlay,100)" effect="fade" end="100" time="0">Conditional</animation>
   </include>
   
   <include name="Fade_ButtonsColorOverlay">
     <animation condition="!Skin.String(ButtonsColorOverlay)" effect="fade" start="100" end="100" time="0" reversible="false">Conditional</animation>
	 
	 <animation condition="Skin.String(ButtonsColorOverlay,10)" effect="fade" start="10" end="10" time="0" reversible="false">Conditional</animation>
	 <animation condition="Skin.String(ButtonsColorOverlay,20)" effect="fade" start="20" end="20" time="0" reversible="false">Conditional</animation>
	 <animation condition="Skin.String(ButtonsColorOverlay,30)" effect="fade" start="30" end="30" time="0" reversible="false">Conditional</animation>
	 <animation condition="Skin.String(ButtonsColorOverlay,40)" effect="fade" start="40" end="40" time="0" reversible="false">Conditional</animation>
	 <animation condition="Skin.String(ButtonsColorOverlay,50)" effect="fade" start="50" end="50" time="0" reversible="false">Conditional</animation>
	 <animation condition="Skin.String(ButtonsColorOverlay,60)" effect="fade" start="60" end="60" time="0" reversible="false">Conditional</animation>
	 <animation condition="Skin.String(ButtonsColorOverlay,65)" effect="fade" start="65" end="65" time="0" reversible="false">Conditional</animation>
	 <animation condition="Skin.String(ButtonsColorOverlay,70)" effect="fade" start="70" end="70" time="0" reversible="false">Conditional</animation>
	 <animation condition="Skin.String(ButtonsColorOverlay,85)" effect="fade" start="85" end="85" time="0" reversible="false">Conditional</animation>
	 <animation condition="Skin.String(ButtonsColorOverlay,90)" effect="fade" start="90" end="90" time="0" reversible="false">Conditional</animation>
	 <animation condition="Skin.String(ButtonsColorOverlay,95)" effect="fade" start="95" end="95" time="0" reversible="false">Conditional</animation>
	 <animation condition="Skin.String(ButtonsColorOverlay,100)" effect="fade" start="100" end="100" time="0" reversible="false">Conditional</animation>
   </include>
   
   <include name="fixedlist_tweak">
     <include>Fade9</include>
	 <animation condition="!Window.IsVisible(Custom1173.xml)" effect="slide" start="0,0" end="0,185" time="0">Conditional</animation>
     <animation condition="Container(50).Position(1)" effect="slide" start="0,0" end="0,-82" time="0">Conditional</animation>
	 <animation condition="Container(50).Position(2)" effect="slide" start="0,0" end="0,-164" time="0">Conditional</animation>
	 <animation condition="Container(50).Position(3)" effect="slide" start="0,0" end="0,-246" time="0">Conditional</animation>
	 <animation condition="Container(50).Position(4)" effect="slide" start="0,0" end="0,-328" time="0">Conditional</animation>
	 <animation condition="Container(50).Position(5)" effect="slide" start="0,0" end="0,-410" time="0">Conditional</animation>
	 <animation condition="Container(50).Position(6)" effect="slide" start="0,0" end="0,-492" time="0">Conditional</animation>
	 <animation condition="Container(50).Position(7)" effect="slide" start="0,0" end="0,-574" time="0">Conditional</animation>
	 <animation condition="Container(50).Position(8)" effect="slide" start="0,0" end="0,-656" time="0">Conditional</animation>
	 <animation condition="Container(50).Position(9)" effect="slide" start="0,0" end="0,-738" time="0">Conditional</animation>
	 <animation condition="Container(50).Position(10)" effect="slide" start="0,0" end="0,-820" time="0">Conditional</animation>
   </include>
   
   <include name="Slide_MenuDesign_Home_Icons" description="אופקי ופנל">
     <animation description="עיגולים" condition="Skin.String(ButtonsDesign,1)" effect="slide" start="0,0" end="0,0" time="0">Conditional</animation>
	 <animation description="משולשים" condition="Skin.String(ButtonsDesign,2) + false" effect="slide" start="0,0" end="0,0" time="0">Conditional</animation>
	 <animation description="משושים" condition="Skin.String(ButtonsDesign,4) + false" effect="slide" start="0,0" end="0,0" time="0">Conditional</animation>
   </include>
   
   <include name="Slide_MenuDesign_Home_Labels" description="אופקי ופנל">
     <animation description="עיגולים" condition="!Skin.HasSetting(ButtonLabelPosition) + Skin.String(ButtonsDesign,1)" effect="slide" start="0,0" end="0,-23" time="0">Conditional</animation>
	 <animation description="משולשים" condition="!Skin.HasSetting(ButtonLabelPosition) + Skin.String(ButtonsDesign,2) + false" effect="slide" start="0,0" end="0,0" time="0">Conditional</animation>
	 <animation description="משושים" condition="!Skin.HasSetting(ButtonLabelPosition) + Skin.String(ButtonsDesign,4) + false" effect="slide" start="0,0" end="0,0" time="0">Conditional</animation>
	 
	 <animation description="מיקום כותרת כפתור" condition="Skin.HasSetting(ButtonLabelPosition)" effect="slide" start="0,0" end="0,40" time="0" reversible="true">Conditional</animation>
   </include>
   
   <include name="Slide_MenuDesign2_Home_Icons" description="מאונך לא נבחר">
     <animation description="עיגולים" condition="!Skin.HasSetting(BigHomeIcons) + String.IsEqual(System.Language,Hebrew) + Skin.String(ButtonsDesign,1)" effect="slide" start="0,0" end="-68,0" time="0">Conditional</animation>
	 <animation description="עיגולים" condition="!Skin.HasSetting(BigHomeIcons) + !String.IsEqual(System.Language,Hebrew) + Skin.String(ButtonsDesign,1)" effect="slide" start="0,0" end="68,0" time="0">Conditional</animation>
	  
	 <animation description="משולשים" condition="!Skin.HasSetting(BigHomeIcons) + String.IsEqual(System.Language,Hebrew) + Skin.String(ButtonsDesign,2)" effect="slide" start="0,0" end="0,-28" time="0">Conditional</animation>
	 <animation description="משולשים" condition="!Skin.HasSetting(BigHomeIcons) + !String.IsEqual(System.Language,Hebrew) + Skin.String(ButtonsDesign,2)" effect="slide" start="0,0" end="0,-28" time="0">Conditional</animation>
   </include>
   
   <include name="Slide_MenuDesign2_Home_Icons2" description="מאונך נבחר">
     <animation description="עיגולים" condition="!Skin.HasSetting(BigHomeIcons) + String.IsEqual(System.Language,Hebrew) + Skin.String(ButtonsDesign,1)" effect="slide" start="0,0" end="-5,0" time="0">Conditional</animation>
	 <animation description="עיגולים" condition="!Skin.HasSetting(BigHomeIcons) + !String.IsEqual(System.Language,Hebrew) + Skin.String(ButtonsDesign,1)" effect="slide" start="0,0" end="5,0" time="0">Conditional</animation>
	  
	 <animation description="משולשים" condition="!Skin.HasSetting(BigHomeIcons) + String.IsEqual(System.Language,Hebrew) + Skin.String(ButtonsDesign,2)" effect="slide" start="0,0" end="-10,0" time="0">Conditional</animation>
	 <animation description="משולשים" condition="!Skin.HasSetting(BigHomeIcons) + !String.IsEqual(System.Language,Hebrew) + Skin.String(ButtonsDesign,2)" effect="slide" start="0,0" end="10,0" time="0">Conditional</animation>
	  
	 <animation description="VerticalMenu" condition="String.IsEqual(System.Language,Hebrew)" effect="slide" start="0,0" end="20,0" delay="0" time="0" reversible="true">Conditional</animation>
   </include>
   
   <include name="Slide_MenuDesign2_Home_Labels" description="מאונך לא נבחר">
	 <animation description="משולשים" condition="Skin.String(ButtonsDesign,2)" effect="slide" start="0,0" end="0,55" time="0">Conditional</animation>
   </include>
   
   <include name="Slide_MenuDesign2_Home_Labels2" description="מאונך נבחר">
     <animation description="עיגולים" condition="String.IsEqual(System.Language,Hebrew) + Skin.String(ButtonsDesign,1)" effect="slide" start="0,0" end="-5,0" time="0">Conditional</animation>
	 <animation description="עיגולים" condition="!String.IsEqual(System.Language,Hebrew) + Skin.String(ButtonsDesign,1)" effect="slide" start="0,0" end="5,0" time="0">Conditional</animation>
	 <animation description="משולשים" condition="String.IsEqual(System.Language,Hebrew) + Skin.String(ButtonsDesign,2)" effect="slide" start="0,0" end="-10,0" time="0">Conditional</animation>
	 <animation description="משולשים" condition="!String.IsEqual(System.Language,Hebrew) + Skin.String(ButtonsDesign,2)" effect="slide" start="0,0" end="10,0" time="0">Conditional</animation>
	 <animation description="משושים" condition="String.IsEqual(System.Language,Hebrew) + Skin.String(ButtonsDesign,4)" effect="slide" start="0,0" end="-10,0" time="0">Conditional</animation>
	 <animation description="משושים" condition="!String.IsEqual(System.Language,Hebrew) + Skin.String(ButtonsDesign,4)" effect="slide" start="0,0" end="10,0" time="0">Conditional</animation>
	  
	 
	 <animation description="VerticalMenu" condition="String.IsEqual(System.Language,Hebrew)" effect="slide" start="0,0" end="20,0" delay="0" time="0" reversible="true">Conditional</animation>
   </include>
   
   <include name="TopInformationSize0">
     <animation condition="Skin.String(TopInformationSize,0)" effect="slide" start="0,0" end="0,9" time="0" reversible="true">Conditional</animation>
     <animation condition="Skin.String(TopInformationSize,1)" effect="slide" start="0,0" end="0,27" time="0" reversible="true">Conditional</animation>
     <animation condition="Skin.String(TopInformationSize,2)" effect="slide" start="0,0" end="0,47" time="0" reversible="true">Conditional</animation>
	 
   </include>
   
   <include name="TopInformationSize8" condition="Widget">
     <animation condition="!Skin.String(WidgetPosition) + Skin.String(TopInformationSize,0)" effect="slide" start="0,0" end="0,9" time="0" reversible="true">Conditional</animation>
     <animation condition="!Skin.String(WidgetPosition) + Skin.String(TopInformationSize,1)" effect="slide" start="0,0" end="0,27" time="0" reversible="true">Conditional</animation>
     <animation condition="!Skin.String(WidgetPosition) + Skin.String(TopInformationSize,2)" effect="slide" start="0,0" end="0,47" time="0" reversible="true">Conditional</animation>
	 
   </include>
   
    <include name="TopInformationSize01" description="TopVideoInformation">
     <animation condition="Skin.String(TopInformationSize,0) + [!$EXP[View50s] + !$EXP[View51s] + !$EXP[View59] | Window.IsVisible(DialogVideoInfo.xml)]" effect="slide" start="0,0" end="0,9" time="0" reversible="true">Conditional</animation>
     <animation condition="Skin.String(TopInformationSize,1) + [!$EXP[View50s] + !$EXP[View51s] + !$EXP[View59] | Window.IsVisible(DialogVideoInfo.xml)]" effect="slide" start="0,0" end="0,27" time="0" reversible="true">Conditional</animation>
     <animation condition="Skin.String(TopInformationSize,2) + [!$EXP[View50s] + !$EXP[View51s] + !$EXP[View59] | Window.IsVisible(DialogVideoInfo.xml)]" effect="slide" start="0,0" end="0,47" time="0" reversible="true">Conditional</animation>
	 
   </include>

   <include name="TopInformationSize11" description="Backgrounds3-fanart">
     <animation description="Others" condition="Skin.String(TopInformationSize,0) + !$EXP[View50p] + !$EXP[View51] + !$EXP[View56] + !$EXP[View57] + !$EXP[View58] + !$EXP[View54] + ![$EXP[View59] + Skin.HasSetting(FullFanart59)] + !$EXP[View50s] + ![ Window.IsVisible(SkinSettings.xml) | Window.IsVisible(Settings.xml) | Window.IsVisible(SettingsCategory.xml) ]" effect="zoom" center="0,950" start="100,99" end="100,99" time="0" reversible="false">Conditional</animation>
     <animation description="Others" condition="Skin.String(TopInformationSize,1) + !$EXP[View50p] + !$EXP[View51] + !$EXP[View56] + !$EXP[View57] + !$EXP[View58] + !$EXP[View54] + ![$EXP[View59] + Skin.HasSetting(FullFanart59)] + !$EXP[View50s] + ![ Window.IsVisible(SkinSettings.xml) | Window.IsVisible(Settings.xml) | Window.IsVisible(SettingsCategory.xml) ]" effect="zoom" center="0,1040" start="100,97.1" end="100,97.1" time="0" reversible="false">Conditional</animation>
     <animation description="Others" condition="Skin.String(TopInformationSize,2) + !$EXP[View50p] + !$EXP[View51] + !$EXP[View56] + !$EXP[View57] + !$EXP[View58] + !$EXP[View54] + ![$EXP[View59] + Skin.HasSetting(FullFanart59)] + !$EXP[View50s] + ![ Window.IsVisible(SkinSettings.xml) | Window.IsVisible(Settings.xml) | Window.IsVisible(SettingsCategory.xml) ]" effect="zoom" center="0,1070" start="100,94.5" end="100,94.5" time="0" reversible="false">Conditional</animation>
	 
	 
	 
	 <animation description="View50_side" condition="Skin.String(TopInformationSize,0) + [$EXP[View50s] + !Skin.HasSetting(View50_Plus2)]" effect="zoom" center="0,900" start="100,99" end="100,99" time="0" reversible="false">Conditional</animation>
     <animation description="View50_side" condition="Skin.String(TopInformationSize,1) + [$EXP[View50s] + !Skin.HasSetting(View50_Plus2)]" effect="zoom" center="0,1400" start="100,98" end="100,98" time="0" reversible="false">Conditional</animation>
     <animation description="View50_side" condition="Skin.String(TopInformationSize,2) + [$EXP[View50s] + !Skin.HasSetting(View50_Plus2)]" effect="zoom" center="0,1150" start="100,95.5" end="100,95.5" time="0" reversible="false">Conditional</animation>
	 
	 <animation description="View59" condition="Skin.String(TopInformationSize,0) + [$EXP[View59] + !Skin.HasSetting(FullFanart59)]" effect="zoom" center="0,1750" start="100,99" end="100,99" time="0" reversible="false">Conditional</animation>
     <animation description="View59" condition="Skin.String(TopInformationSize,1) + [$EXP[View59] + !Skin.HasSetting(FullFanart59)]" effect="zoom" center="0,1200" start="100,97.5" end="100,97.5" time="0" reversible="false">Conditional</animation>
     <animation description="View59" condition="Skin.String(TopInformationSize,2) + [$EXP[View59] + !Skin.HasSetting(FullFanart59)]" effect="zoom" center="0,1150" start="100,95" end="100,95" time="0" reversible="false">Conditional</animation>
   </include>
   
   <include name="TopInformationSize12" description="Backgrounds3">
     <animation description="Others" condition="Skin.String(TopInformationSize,0) + !$EXP[View51] + !$EXP[View56] + !$EXP[View57] + !$EXP[View58] + !$EXP[View54] + !$EXP[View59] + !$EXP[View50s]" effect="zoom" center="0,850" start="100,99" end="100,99" time="0" reversible="false">Conditional</animation>
     <animation description="Others" condition="Skin.String(TopInformationSize,1) + !$EXP[View51] + !$EXP[View56] + !$EXP[View57] + !$EXP[View58] + !$EXP[View54] + !$EXP[View59] + !$EXP[View50s]" effect="zoom" center="0,1200" start="100,97.5" end="100,97.5" time="0" reversible="false">Conditional</animation>
     <animation description="Others" condition="Skin.String(TopInformationSize,2) + !$EXP[View51] + !$EXP[View56] + !$EXP[View57] + !$EXP[View58] + !$EXP[View54] + !$EXP[View59] + !$EXP[View50s]" effect="zoom" center="0,1150" start="100,95" end="100,95" time="0" reversible="false">Conditional</animation>
	 
	 <animation description="View50_side" condition="Skin.String(TopInformationSize,0) + [$EXP[View50s] + !Skin.HasSetting(View50_Plus2)]" effect="zoom" center="0,900" start="100,99" end="100,99" time="0" reversible="false">Conditional</animation>
     <animation description="View50_side" condition="Skin.String(TopInformationSize,1) + [$EXP[View50s] + !Skin.HasSetting(View50_Plus2)]" effect="zoom" center="0,1320" start="100,95" end="100,95" time="0" reversible="false">Conditional</animation>
     <animation description="View50_side" condition="Skin.String(TopInformationSize,2) + [$EXP[View50s] + !Skin.HasSetting(View50_Plus2)]" effect="zoom" center="0,1150" start="100,95.5" end="100,95.5" time="0" reversible="false">Conditional</animation>
   </include>
   
   <include name="TopInformationSize1" description="Views">
	 <animation description="Others" condition="Skin.String(TopInformationSize,0) + !$EXP[View51] + !$EXP[View57] + !$EXP[View58] + !$EXP[View54] + !$EXP[View59] + !$EXP[View50s]" effect="zoom" center="0,1800" start="100,99.5" end="100,99.5" time="0" reversible="false">Conditional</animation>
     <animation description="Others" condition="Skin.String(TopInformationSize,1) + !$EXP[View51] + !$EXP[View57] + !$EXP[View58] + !$EXP[View54] + !$EXP[View59] + !$EXP[View50s]" effect="zoom" center="0,1200" start="100,97.5" end="100,97.5" time="0" reversible="false">Conditional</animation>
     <animation description="Others" condition="Skin.String(TopInformationSize,2) + !$EXP[View51] + !$EXP[View57] + !$EXP[View58] + !$EXP[View54] + !$EXP[View59] + !$EXP[View50s]" effect="zoom" center="0,1150" start="100,95" end="100,95" time="0" reversible="false">Conditional</animation>
	 
	 <animation description="View57" condition="!Skin.String(TopInformationSize) + $EXP[View57]" effect="zoom" center="0,490" start="100,97.5" end="100,97.5" time="0" reversible="false">Conditional</animation>
	 <animation description="View57" condition="Skin.String(TopInformationSize,0) + $EXP[View57]" effect="zoom" center="0,600" start="100,96.5" end="100,96.5" time="0" reversible="false">Conditional</animation>
     <animation description="View57" condition="Skin.String(TopInformationSize,1) + $EXP[View57]" effect="zoom" center="0,740" start="100,94.5" end="100,94.5" time="0" reversible="false">Conditional</animation>
     <animation description="View57" condition="Skin.String(TopInformationSize,2) + $EXP[View57]" effect="zoom" center="0,870" start="100,93.5" end="100,93.5" time="0" reversible="false">Conditional</animation>

	 <animation description="View58" condition="Skin.String(TopInformationSize,0) + $EXP[View58]" effect="zoom" center="0,700" start="100,99.5" end="100,99.5" time="0" reversible="false">Conditional</animation>
     <animation description="View58" condition="Skin.String(TopInformationSize,1) + $EXP[View58]" effect="zoom" center="0,1300" start="100,98.5" end="100,98.5" time="0" reversible="false">Conditional</animation>
     <animation description="View58" condition="Skin.String(TopInformationSize,2) + $EXP[View58]" effect="zoom" center="0,1200" start="100,97" end="100,97" time="0" reversible="false">Conditional</animation>

	 <animation description="View59" condition="!Skin.String(TopInformationSize) + $EXP[View59]" effect="zoom" center="0,490" start="100,97.5" end="100,97.5" time="0" reversible="false">Conditional</animation>
	 <animation description="View59" condition="Skin.String(TopInformationSize,0) + $EXP[View59]" effect="zoom" center="0,600" start="100,96" end="100,96" time="0" reversible="false">Conditional</animation>
     <animation description="View59" condition="Skin.String(TopInformationSize,1) + $EXP[View59]" effect="zoom" center="0,680" start="100,94.5" end="100,94" time="0" reversible="false">Conditional</animation>
     <animation description="View59" condition="Skin.String(TopInformationSize,2) + $EXP[View59]" effect="zoom" center="0,870" start="100,92.5" end="100,92.5" time="0" reversible="false">Conditional</animation>

	 <animation description="View50_side" condition="Skin.String(TopInformationSize,0) + [$EXP[View50s]]" effect="zoom" center="0,900" start="100,99" end="100,99" time="0" reversible="false">Conditional</animation>
     <animation description="View50_side" condition="Skin.String(TopInformationSize,1) + [$EXP[View50s]]" effect="zoom" center="0,1400" start="100,98" end="100,98" time="0" reversible="false">Conditional</animation>
     <animation description="View50_side" condition="Skin.String(TopInformationSize,2) + [$EXP[View50s]]" effect="zoom" center="0,1030" start="100,95" end="100,95" time="0" reversible="false">Conditional</animation>
   </include>
   
   <include name="TopInformationSize2" description="7017">
     <animation description="Nav+OthersViews" condition="Skin.String(TopInformationSize,0) + !$EXP[View50] + !$EXP[View54] + [Window.IsVisible(MyVideoNav.xml) | Window.IsVisible(MyPlaylist.xml) | Window.IsVisible(MyPVRChannels.xml)]" effect="zoom" center="0,-320" start="100,98" end="100,98" time="0" reversible="false">Conditional</animation>
     <animation description="Nav+View50" condition="Skin.String(TopInformationSize,0) + $EXP[View50] + [Window.IsVisible(MyVideoNav.xml) | Window.IsVisible(MyPlaylist.xml) | Window.IsVisible(MyPVRChannels.xml)]" effect="zoom" center="0,-120" start="100,99" end="100,99" time="0" reversible="false">Conditional</animation>
     <animation description="Nav+Settings" condition="Skin.String(TopInformationSize,0) + [ Window.IsVisible(SkinSettings.xml) | Window.IsVisible(Settings.xml) | Window.IsVisible(SettingsCategory.xml) ]" effect="zoom" center="0,-320" start="100,98" end="100,98" time="0" reversible="false">Conditional</animation>
	 <animation description="Home" condition="Skin.String(TopInformationSize,0) + [ Window.IsVisible(Home.xml) | Window.IsVisible(CustomHomeCustomizer.xml) ]" effect="zoom" center="0,820" start="100,99" end="100,99" time="0" reversible="false">Conditional</animation>
	 
	 <animation description="Nav+OthersViews" condition="Skin.String(TopInformationSize,1) + !$EXP[View50] + !$EXP[View54] + [Window.IsVisible(MyVideoNav.xml) | Window.IsVisible(MyPlaylist.xml) | Window.IsVisible(MyPVRChannels.xml)]" effect="zoom" center="0,150" start="100,97.5" end="100,97.5" time="0" reversible="false">Conditional</animation>
	 <animation description="Nav+View50" condition="Skin.String(TopInformationSize,1) + $EXP[View50] + [Window.IsVisible(MyVideoNav.xml) | Window.IsVisible(MyPlaylist.xml) | Window.IsVisible(MyPVRChannels.xml)]" effect="zoom" center="0,70" start="100,97.5" end="100,97.5" time="0" reversible="false">Conditional</animation>
	 <animation description="Nav+View54" condition="Skin.String(TopInformationSize,1) + $EXP[View54] + [Window.IsVisible(MyVideoNav.xml) | Window.IsVisible(MyPlaylist.xml) | Window.IsVisible(MyPVRChannels.xml)]" effect="zoom" center="0,-120" start="100,93.5" end="100,93.5" time="0" reversible="false">Conditional</animation>
     <animation description="Nav+Settings" condition="Skin.String(TopInformationSize,1) + [ Window.IsVisible(SkinSettings.xml) | Window.IsVisible(Settings.xml) | Window.IsVisible(SettingsCategory.xml) ]" effect="zoom" center="0,150" start="100,97.5" end="100,97.5" time="0" reversible="false">Conditional</animation>
     <animation description="Home-Vertical" condition="Skin.String(TopInformationSize,1) + [Skin.String(MenuDesign,4) | Skin.String(MenuDesign,5)] + [ Window.IsVisible(Home.xml) | Window.IsVisible(CustomHomeCustomizer.xml) ]" effect="zoom" center="0,1350" start="100,98.5" end="100,98.5" time="0" reversible="false">Conditional</animation>
     <animation description="Home-Horizontal" condition="Skin.String(TopInformationSize,1) + [Skin.String(MenuDesign,2) | Skin.String(MenuDesign,3) | !Skin.String(MenuDesign)] + [ Window.IsVisible(Home.xml) | Window.IsVisible(CustomHomeCustomizer.xml) ]" effect="zoom" center="0,1050" start="100,97.5" end="100,97.5" time="0" reversible="false">Conditional</animation>
     <animation description="Home-Panel" condition="Skin.String(TopInformationSize,1) + [Skin.String(MenuDesign,0) | Skin.String(MenuDesign,1) | Skin.String(MenuDesign,7)] + [ Window.IsVisible(Home.xml) | Window.IsVisible(CustomHomeCustomizer.xml) ]" effect="zoom" center="0,750" start="100,96.5" end="100,96.5" time="0" reversible="false">Conditional</animation>
	 
	 <animation description="Nav+OthersViews" condition="Skin.String(TopInformationSize,2) + !$EXP[View50] + !$EXP[View54] + [Window.IsVisible(MyVideoNav.xml) | Window.IsVisible(MyPlaylist.xml) | Window.IsVisible(MyPVRChannels.xml)]" effect="zoom" center="0,150" start="100,97.5" end="100,97.5" time="0" reversible="false">Conditional</animation>
	 <animation description="Nav+View50" condition="Skin.String(TopInformationSize,2) + $EXP[View50] + [Window.IsVisible(MyVideoNav.xml) | Window.IsVisible(MyPlaylist.xml) | Window.IsVisible(MyPVRChannels.xml)]" effect="zoom" center="0,0" start="100,99.5" end="100,99.5" time="0" reversible="false">Conditional</animation>
	 <animation description="Nav+View54" condition="Skin.String(TopInformationSize,2) + $EXP[View54] + [Window.IsVisible(MyVideoNav.xml) | Window.IsVisible(MyPlaylist.xml) | Window.IsVisible(MyPVRChannels.xml)]" effect="zoom" center="0,-90" start="100,90" end="100,90" time="0" reversible="false">Conditional</animation>
     <animation description="Nav+Settings" condition="Skin.String(TopInformationSize,2) + [ Window.IsVisible(SkinSettings.xml) | Window.IsVisible(Settings.xml) | Window.IsVisible(SettingsCategory.xml) ]" effect="zoom" center="0,150" start="100,97.5" end="100,97.5" time="0" reversible="false">Conditional</animation>
	 <animation description="Home-Verical" condition="Skin.String(TopInformationSize,2) + [Skin.String(MenuDesign,4) | Skin.String(MenuDesign,5)] + [ Window.IsVisible(Home.xml) | Window.IsVisible(CustomHomeCustomizer.xml) ]" effect="zoom" center="0,1350" start="100,96.5" end="100,96.5" time="0" reversible="false">Conditional</animation>
	 <animation description="Home-Horizontal"condition="Skin.String(TopInformationSize,2) + [Skin.String(MenuDesign,2) | Skin.String(MenuDesign,3) | !Skin.String(MenuDesign)] + [ Window.IsVisible(Home.xml) | Window.IsVisible(CustomHomeCustomizer.xml) ]" effect="zoom" center="0,800" start="100,94" end="100,94" time="0" reversible="false">Conditional</animation>
	 <animation description="Home-Panel" condition="Skin.String(TopInformationSize,2) + [Skin.String(MenuDesign,0) | Skin.String(MenuDesign,1) | Skin.String(MenuDesign,7)] + [ Window.IsVisible(Home.xml) | Window.IsVisible(CustomHomeCustomizer.xml) ]" effect="zoom" center="0,550" start="100,92" end="100,92" time="0" reversible="false">Conditional</animation>
   </include>
   
   <include name="TopInformationSize3" description="פאנארט-בית">
     <animation description="Slide-Panel" condition="Skin.String(TopInformationSize,0) + [[Skin.String(MenuDesign,0) | Skin.String(MenuDesign,1) | Skin.String(MenuDesign,7)] + [[!Container(9000).Row(0) + !Container(9000).Row(1) | Container(9000).HasPrevious()] | [[Container(9000).Row(0) | Container(9000).Row(1)] + !Container(9000).HasPrevious() + Player.HasVideo]]]" effect="slide" start="0,0" end="0,10" time="0" reversible="false">Conditional</animation>
	 
	 <animation description="Slide-Panel" condition="Skin.String(TopInformationSize,1) + [[Skin.String(MenuDesign,0) | Skin.String(MenuDesign,1) | Skin.String(MenuDesign,7)] + [[!Container(9000).Row(0) + !Container(9000).Row(1) | Container(9000).HasPrevious()] | [[Container(9000).Row(0) | Container(9000).Row(1)] + !Container(9000).HasPrevious() + Player.HasVideo]]]" effect="slide" start="0,0" end="0,10" time="0" reversible="false">Conditional</animation>
   </include>
   
   <include name="TrailerFade">
     <animation condition="!Control.HasFocus(7017) + !Control.HasFocus(60) + [$EXP[Contents] | Player.HasVideo] + !Container(57).OnNext + !Container(57).OnPrevious + !Container(58).OnNext + !Container(58).OnPrevious + !Container(59).OnNext + !Container(59).OnPrevious" effect="fade" start="100" end="0" delay="2700" time="700" reversible="false">Conditional</animation>
	 <animation condition="Control.HasFocus(7017) | Control.HasFocus(60)" effect="fade" start="100" end="0" delay="0" time="220" reversible="true">Conditional</animation>
   </include>
   
</includes>
