<?xml version="1.0" ?>
<openelec>
	<addon_config/>
	<settings>
		<system>
			<wizard_completed>True</wizard_completed>
			<KeyboardLayout1>us</KeyboardLayout1>
			<KeyboardVariant1/>
			<KeyboardLayout2>il</KeyboardLayout2>
			<hostname>OpenELEC</hostname>
			<AutoUpdate>auto</AutoUpdate>
			<UpdateNotify>0</UpdateNotify>
			<KeyboardType>pc105</KeyboardType>
		</system>
		<connman>
			<wizard_completed>True</wizard_completed>
		</connman>
		<services>
			<wizard_completed>True</wizard_completed>
		</services>
		<about>
			<wizard_completed>True</wizard_completed>
		</about>
		<openelec>
			<wizard_completed>True</wizard_completed>
		</openelec>
	</settings>
</openelec>
