<?xml version="1.0" encoding="UTF-8"?>
<window id="129"> <!-- הוסף מקור -->
  <defaultcontrol always="true">11</defaultcontrol>
  <controls>
	<include>TopInformation</include>
    <control type="group" description="">
	  <include content="MenuBackground">
		<param name="color" value="$VAR[MenuColor]" />
		<param name="height" value="80" />
		<param name="posx" value="449" />
		<param name="posy" value="145" />
		<param name="width" value="1022" />
		<param name="condition" value="true"/>
		
		<param name="type0" value="false" description="MenuBackground"/>
		<param name="type1" value="true" description="DialogBackground"/>
      </include>
	  <include content="MenuBackground">
		<param name="color" value="$VAR[MenuColor]" />
		<param name="height" value="875" />
		<param name="posx" value="449" />
		<param name="posy" value="220" />
		<param name="width" value="1022" />
		<param name="condition" value="true"/>
		
		<param name="type0" value="false" description="MenuBackground"/>
		<param name="type1" value="true" description="DialogBackground"/>
    </include>
      <control type="label" id="2" description="Heading">
        <posx>0</posx>
        <posy>220</posy>
        <width>1920</width>
        <font>size39B</font>
        <label>-</label>
        <align>center</align>
      </control>
      <control type="image" description="line">
        <posy>110</posy>
        <height>1</height>
        <width>1920</width>
        <texture colordiffuse="black">images/LineH.png</texture>
      </control>
      <control type="grouplist" id="9001">
        <posx>490</posx>
        <posy>143</posy>
        <width>940</width>
        <itemgap>30</itemgap>
        <orientation>horizontal</orientation>
        <onleft>9001</onleft>
        <onright>9001</onright>
        <ondown>10</ondown>
        <align>center</align>
        <control type="button" id="11" description="Browse">
          <width>285</width>
          <label>1024</label>
        </control>
        <control type="button" id="13" description="Add">
          <width>285</width>
          <label>15019</label>
        </control>
        <control type="button" id="14" description="Remove">
          <width>285</width>
          <label>1210</label>
        </control>
      </control>
      <control type="list" id="10">
        <posx>450</posx>
        <posy>295</posy>
        <width>1020</width>
        <height>430</height>
        <onup>9001</onup>
        <onleft>noop</onleft>
        <onright>noop</onright>
        <ondown>12</ondown>
        <itemlayout height="80">
		  <include content="Buttons_Frame">
			<param name="id" value="" />
			<param name="border" value="0" />
			<param name="color" value="$VAR[ButtonUnFocusColor]" />
			<param name="height" value="75" />
			<param name="posx" value="0" />
			<param name="posy" value="0" />
			<param name="width" value="1020" />
		  </include>
          <control type="label">
            <aligny>center</aligny>
            <height>75</height>
			<info>ListItem.Label</info>
			<posx>20</posx>			
            <width>1000</width>
          </control>
        </itemlayout>
        <focusedlayout height="80">
          <include content="Buttons_Frame">
			<param name="id" value="" />
			<param name="border" value="0" />
			<param name="color" value="$VAR[ButtonFocusColor]" />
			<param name="height" value="75" />
			<param name="posx" value="0" />
			<param name="posy" value="0" />
			<param name="width" value="1020" />
			
			<param name="condition" value="Control.HasFocus(10)"/>
		  </include>
		  <include content="Buttons_Frame">
			<param name="id" value="" />
			<param name="border" value="0" />
			<param name="color" value="$VAR[ButtonUnFocusColor]" />
			<param name="height" value="75" />
			<param name="posx" value="0" />
			<param name="posy" value="0" />
			<param name="width" value="1020" />
			
			<param name="condition" value="!Control.HasFocus(10)"/>
		  </include>
          <control type="label" description="Path label">
            <posx>20</posx>
            <aligny>center</aligny>
            <height>75</height>
            <width>1000</width>
            <info>ListItem.Label</info>
          </control>
        </focusedlayout>
      </control>
      <control type="label" id="0" description="Source Name Label">
        <posx>490</posx>
        <posy>690</posy>
        <width>940</width>
        <align>center</align>
        <label>1022</label>
      </control>
      <control type="edit" id="12" description="Source Name Button Field">
        <posx>450</posx>
        <posy>765</posy>
        <label>-</label>
        <width>1020</width>
        <align>left</align>
        <textoffsetx>20</textoffsetx>
        <onup>10</onup>
        <onleft>18</onleft>
        <onright>19</onright>
        <ondown>1800</ondown>
      </control>
      <control type="grouplist" id="1800">
        <posx>490</posx>
        <posy>890</posy>
        <width>940</width>
        <onup>12</onup>
        <ondown>noop</ondown>
		<onleft>noop</onleft>
		<onright>noop</onright>
        <align>center</align>
        <itemgap>75</itemgap>
        <orientation>horizontal</orientation>
        <control type="button" id="18" description="OK">
          <width>300</width>
          <label>186</label>
        </control>
        <control type="button" id="19" description="Cancel">
          <width>300</width>
          <label>222</label>
        </control>
      </control>
    </control>
  </controls>
</window>
