<?xml version="1.0" encoding="UTF-8"?>
<window type="dialog" id="1170">
	<defaultcontrol always="true">3110</defaultcontrol>
	<onload condition="IsEmpty(Window(home).Property(TEMP))">Dialog.Close(1170)</onload>
	<onload condition="Window.IsVisible(Custom1175.xml)" description="סגירת חלון פעולות">Dialog.Close(1175)</onload>
	<onunload>ClearProperty(TEMP,home)</onunload>
	<onunload>ClearProperty(SelectedColor,home)</onunload>
	<onunload>ClearProperty(SelectedColorName,home)</onunload>
	<controls>
      <control type="group" description="חלון צבעים">
        <posx>-18</posx>
        <posy>22</posy>
		<!-- background panel -->
		<control type="image">
			<animation condition="false" effect="fade" start="90" end="90" time="0">Conditional</animation>
			<width>1955</width>
			<height>530</height>
			<texture border="20" colordiffuse="$VAR[MenuColor]">buttons/ButtonC0.png</texture>
		</control>
        <!--Header-->
        <control type="label">
            <posx>61</posx>
            <posy>60</posy>
            <width min="80" max="1400">auto</width>
            <height>100</height>
            <font>font35_title</font>
			<label>$ADDON[script.skin.helper.service 32011]</label>
            <align>left</align>
            <textcolor>white</textcolor>
			<shadowcolor>black</shadowcolor>
			<visible>false</visible>
        </control>
		<control type="panel" id="3110">
			<viewtype label="31438">icons</viewtype>
			<posx>40</posx>
			<posy>10</posy>
			<width>1880</width>
			<height>415</height>
			<orientation>vertical</orientation>
			<onleft>3110</onleft>
			<onright>3110</onright>
			<onup>noop</onup>
			<ondown>3010</ondown>
			<preloaditems>4</preloaditems>
			<pagecontrol>60</pagecontrol>
			<itemlayout height="140" width="140">
			  <control type="group">
				<posx>20</posx>
				<posy>10</posy>
				<animation condition="StringCompare(ListItem.Label,Window(home).Property(SelectedColor))" effect="zoom" center="100,100" start="100,100" end="122,122" time="3000">Conditional</animation>
				<control type="image">
					<width>135%</width>
					<height>120%</height>
					<texture border="40">$INFO[ListItem.Icon]</texture>
				</control>
				<control type="image" description="סמן בחירה">
				  <width>135%</width>
				  <height>120%</height>
				  <texture colordiffuse="ffe25822" border="10">misc/frames/selector.png</texture>
				  <visible>StringCompare(ListItem.Label,Window(home).Property(SelectedColor))</visible>
				</control>
				<control type="label">
					<include>LabelL2</include>
					<height>20%</height>
					<label>$INFO[ListItem.Label]</label>
					<posx>10</posx>
					<posy>10</posy>
					<shadowcolor>black</shadowcolor>
					<width>100%</width>
					<visible>StringCompare(ListItem.Label,Window(home).Property(SelectedColor))</visible>
				</control>
				<control type="textbox">
					<include>LabelL2</include>
					<height>60%</height>
					<label>$INFO[ListItem.Label2]</label>
					<posx>10</posx>
					<posy>40</posy>
					<shadowcolor>black</shadowcolor>
					<width>130%</width>
					<visible>StringCompare(ListItem.Label,Window(home).Property(SelectedColor))</visible>
				</control>
			  </control>
			</itemlayout>
			<focusedlayout height="140" width="140">
		      <control type="group">
				<posx>20</posx>
				<posy>10</posy>
				<control type="image">
					<animation condition="StringCompare(ListItem.Label,Window(home).Property(SelectedColor))" effect="zoom" center="100,100" start="100,100" end="99,99" time="1000" loop="true">Conditional</animation>
					<posx>-10%</posx>
					<posy>-10%</posy>
					<width>155%</width>
					<height>140%</height>
					<texture border="40">$INFO[ListItem.Icon]</texture>
				</control>
				<control type="image" description="סמן בחירה">
				  <posx>-10%</posx>
				  <posy>-10%</posy>
				  <width>155%</width>
				  <height>140%</height>
				  <texture border="10">misc/frames/selector.png</texture>
				  <visible>true</visible>
				</control>
				<control type="label">
					<include>LabelL2</include>
					<height>20%</height>
					<label>$INFO[ListItem.Label]</label>
					<posx></posx>
					<posy></posy>
					<shadowcolor>black</shadowcolor>
					<width>100%</width>
				</control>
				<control type="textbox">
					<include>LabelL2</include>
					<height>60%</height>
					<label>$INFO[ListItem.Label2]</label>
					<posx></posx>
					<posy>40</posy>
					<shadowcolor>black</shadowcolor>
					<width>130%</width>
				</control>
			  </control>
			</focusedlayout>
			<content>
			  <item id="0" description="black">
			    <onclick>SetProperty(SelectedColor,FF000000, home)</onclick>
				<onclick>SetProperty(SelectedColorName,black, home)</onclick>
				<onclick>SetFocus(9000)</onclick>
				<icon>buttons/colors/FF000000.png</icon>
				<label>FF000000</label>
				<label2>black</label2>
			  </item>
			  <item id="1" description="white">
			    <onclick>SetProperty(SelectedColor,ffffffff, home)</onclick>
				<onclick>SetProperty(SelectedColorName,white, home)</onclick>
				<onclick>SetFocus(9000)</onclick>
				<icon>buttons/colors/ffffffff.png</icon>
				<label>ffffffff</label>
				<label2>white</label2>
			  </item>
			  <item id="2" description="red">
			    <onclick>SetProperty(SelectedColor,ffff0000, home)</onclick>
				<onclick>SetProperty(SelectedColorName,red, home)</onclick>
				<onclick>SetFocus(9000)</onclick>
				<icon>buttons/colors/ffff0000.png</icon>
				<label>ffff0000</label>
				<label2>red</label2>
			  </item>
			  <item id="3" description="yellow">
			    <onclick>SetProperty(SelectedColor,ffffff00, home)</onclick>
				<onclick>SetProperty(SelectedColorName,yellow, home)</onclick>
				<onclick>SetFocus(9000)</onclick>
				<icon>buttons/colors/ffffff00.png</icon>
				<label>ffffff00</label>
				<label2>yellow</label2>
			  </item>
			  <item id="4" description="blue">
			    <onclick>SetProperty(SelectedColor,ff0000ff, home)</onclick>
				<onclick>SetProperty(SelectedColorName,blue, home)</onclick>
				<onclick>SetFocus(9000)</onclick>
				<icon>buttons/colors/ff0000ff.png</icon>
				<label>ff0000ff</label>
				<label2>blue</label2>
			  </item>
			  <item id="5" description="dark brown">
			    <onclick>SetProperty(SelectedColor,ff654321, home)</onclick>
				<onclick>SetProperty(SelectedColorName,dark brown, home)</onclick>
				<onclick>SetFocus(9000)</onclick>
				<icon>buttons/colors/ff654321.png</icon>
				<label>ff654321</label>
				<label2>dark brown</label2>
			  </item>
			  <item id="6" description="dark blue">
			    <onclick>SetProperty(SelectedColor,ff00008b, home)</onclick>
				<onclick>SetProperty(SelectedColorName,dark blue, home)</onclick>
				<onclick>SetFocus(9000)</onclick>
				<icon>buttons/colors/ff00008b.png</icon>
				<label>ff00008b</label>
				<label2>dark blue</label2>
			  </item>
			  <item id="7" description="dark gray">
			    <onclick>SetProperty(SelectedColor,ffa9a9a9, home)</onclick>
				<onclick>SetProperty(SelectedColorName,dark gray, home)</onclick>
				<onclick>SetFocus(9000)</onclick>
				<icon>buttons/colors/ffa9a9a9.png</icon>
				<label>ffa9a9a9</label>
				<label2>dark gray</label2>
			  </item>
			  <item id="8" description="dark green">
			    <onclick>SetProperty(SelectedColor,ff013220, home)</onclick>
				<onclick>SetProperty(SelectedColorName,dark green, home)</onclick>
				<onclick>SetFocus(9000)</onclick>
				<icon>buttons/colors/ff013220.png</icon>
				<label>ff013220</label>
				<label2>dark green</label2>
			  </item>
			  <item id="9" description="dark lavender">
			    <onclick>SetProperty(SelectedColor,ff734f96, home)</onclick>
				<onclick>SetProperty(SelectedColorName,dark lavender, home)</onclick>
				<onclick>SetFocus(9000)</onclick>
				<icon>buttons/colors/ff734f96.png</icon>
				<label>ff734f96</label>
				<label2>dark lavender</label2>
			  </item>
			  <item id="10" description="dark orange">
			    <onclick>SetProperty(SelectedColor,ffff8c00, home)</onclick>
				<onclick>SetProperty(SelectedColorName,dark orange, home)</onclick>
				<onclick>SetFocus(9000)</onclick>
				<icon>buttons/colors/ffff8c00.png</icon>
				<label>ffff8c00</label>
				<label2>dark orange</label2>
			  </item>
			  <item id="11" description="dark pink">
			    <onclick>SetProperty(SelectedColor,ffe75480, home)</onclick>
				<onclick>SetProperty(SelectedColorName,dark pink, home)</onclick>
				<onclick>SetFocus(9000)</onclick>
				<icon>buttons/colors/ffe75480.png</icon>
				<label>ffe75480</label>
				<label2>dark pink</label2>
			  </item>
			  <item id="12" description="dark red">
			    <onclick>SetProperty(SelectedColor,ff8b0000, home)</onclick>
				<onclick>SetProperty(SelectedColorName,dark red, home)</onclick>
				<onclick>SetFocus(9000)</onclick>
				<icon>buttons/colors/ff8b0000.png</icon>
				<label>ff8b0000</label>
				<label2>dark red</label2>
			  </item>
			  <item id="13" description="dark turquoise">
			    <onclick>SetProperty(SelectedColor,ff00ced1, home)</onclick>
				<onclick>SetProperty(SelectedColorName,dark turquoise, home)</onclick>
				<onclick>SetFocus(9000)</onclick>
				<icon>buttons/colors/ff00ced1.png</icon>
				<label>ff00ced1</label>
				<label2>dark turquoise</label2>
			  </item>
			  <item id="14" description="dark violet">
			    <onclick>SetProperty(SelectedColor,ff9400d3, home)</onclick>
				<onclick>SetProperty(SelectedColorName,dark violet, home)</onclick>
				<onclick>SetFocus(9000)</onclick>
				<icon>buttons/colors/ff9400d3.png</icon>
				<label>ff9400d3</label>
				<label2>dark violet</label2>
			  </item>
			  <item id="15" description="emerald">
			    <onclick>SetProperty(SelectedColor,ff50c878, home)</onclick>
				<onclick>SetProperty(SelectedColorName,emerald, home)</onclick>
				<onclick>SetFocus(9000)</onclick>
				<icon>buttons/colors/ff50c878.png</icon>
				<label>ff50c878</label>
				<label2>emerald</label2>
			  </item>
			  <item id="16" description="flame">
			    <onclick>SetProperty(SelectedColor,ffe25822, home)</onclick>
				<onclick>SetProperty(SelectedColorName,flame, home)</onclick>
				<onclick>SetFocus(9000)</onclick>
				<icon>buttons/colors/ffe25822.png</icon>
				<label>ffe25822</label>
				<label2>flame</label2>
			  </item>
			  <item id="17" description="lilac">
			    <onclick>SetProperty(SelectedColor,ffc8a2c8, home)</onclick>
				<onclick>SetProperty(SelectedColorName,lilac, home)</onclick>
				<onclick>SetFocus(9000)</onclick>
				<icon>buttons/colors/ffc8a2c8.png</icon>
				<label>ffc8a2c8</label>
				<label2>lilac</label2>
			  </item>
			  <item id="18" description="light yellow">
			    <onclick>SetProperty(SelectedColor,ffffffed, home)</onclick>
				<onclick>SetProperty(SelectedColorName,light yellow, home)</onclick>
				<onclick>SetFocus(9000)</onclick>
				<icon>buttons/colors/ffffffed.png</icon>
				<label>ffffffed</label>
				<label2>light yellow</label2>
			  </item>
			  <item id="19" description="magenta">
			    <onclick>SetProperty(SelectedColor,ffff00ff, home)</onclick>
				<onclick>SetProperty(SelectedColorName,mageneta, home)</onclick>
				<onclick>SetFocus(9000)</onclick>
				<icon>buttons/colors/ffff00ff.png</icon>
				<label>ffff00ff</label>
				<label2>magneta</label2>
			  </item>
			  <item id="20" description="melon">
			    <onclick>SetProperty(SelectedColor,fffdbcb4, home)</onclick>
				<onclick>SetProperty(SelectedColorName,melon, home)</onclick>
				<onclick>SetFocus(9000)</onclick>
				<icon>buttons/colors/fffdbcb4.png</icon>
				<label>fffdbcb4</label>
				<label2>melon</label2>
			  </item>
			  <item id="21" description="mint">
			    <onclick>SetProperty(SelectedColor,ff3eb489, home)</onclick>
				<onclick>SetProperty(SelectedColorName,mint, home)</onclick>
				<onclick>SetFocus(9000)</onclick>
				<icon>buttons/colors/ff3eb489.png</icon>
				<label>ff3eb489</label>
				<label2>mint</label2>
			  </item>
			  <item id="22" description="carrot orange">
			    <onclick>SetProperty(SelectedColor,ffed9121, home)</onclick>
				<onclick>SetProperty(SelectedColorName,carrot orange, home)</onclick>
				<onclick>SetFocus(9000)</onclick>
				<icon>buttons/colors/ffed9121.png</icon>
				<label>ffed9121</label>
				<label2>carrot orange</label2>
			  </item>
			  <item id="23" description="coffee">
			    <onclick>SetProperty(SelectedColor,ff6f4e37, home)</onclick>
				<onclick>SetProperty(SelectedColorName,coffee, home)</onclick>
				<onclick>SetFocus(9000)</onclick>
				<icon>buttons/colors/ff6f4e37.png</icon>
				<label>ff6f4e37</label>
				<label2>coffee</label2>
			  </item>
			  <item id="24" description="coral pink">
			    <onclick>SetProperty(SelectedColor,fff88379, home)</onclick>
				<onclick>SetProperty(SelectedColorName,coral pink, home)</onclick>
				<onclick>SetFocus(9000)</onclick>
				<icon>buttons/colors/fff88379.png</icon>
				<label>fff88379</label>
				<label2>coral pink</label2>
			  </item>
			  <item id="25" description="cream">
			    <onclick>SetProperty(SelectedColor,fffffdd0, home)</onclick>
				<onclick>SetProperty(SelectedColorName,cream, home)</onclick>
				<onclick>SetFocus(9000)</onclick>
				<icon>buttons/colors/fffffdd0.png</icon>
				<label>fffffdd0</label>
				<label2>cream</label2>
			  </item>
			  <item id="26" description="crimson">
			    <onclick>SetProperty(SelectedColor,ffdc143c, home)</onclick>
				<onclick>SetProperty(SelectedColorName,crimson, home)</onclick>
				<onclick>SetFocus(9000)</onclick>
				<icon>buttons/colors/ffdc143c.png</icon>
				<label>ffdc143c</label>
				<label2>crimson</label2>
			  </item>
			  <item id="27" description="cyan">
			    <onclick>SetProperty(SelectedColor,ff00ffff, home)</onclick>
				<onclick>SetProperty(SelectedColorName,cyan, home)</onclick>
				<onclick>SetFocus(9000)</onclick>
				<icon>buttons/colors/ff00ffff.png</icon>
				<label>ff00ffff</label>
				<label2>cyan</label2>
			  </item>
			  <item id="28" description="eggplant">
			    <onclick>SetProperty(SelectedColor,ff614051, home)</onclick>
				<onclick>SetProperty(SelectedColorName,eggplant, home)</onclick>
				<onclick>SetFocus(9000)</onclick>
				<icon>buttons/colors/ff614051.png</icon>
				<label>ff614051</label>
				<label2>eggplant</label2>
			  </item>
			  <item id="29" description="floral white">
			    <onclick>SetProperty(SelectedColor,fffffaf0, home)</onclick>
				<onclick>SetProperty(SelectedColorName,floral white, home)</onclick>
				<onclick>SetFocus(9000)</onclick>
				<icon>buttons/colors/fffffaf0.png</icon>
				<label>fffffaf0</label>
				<label2>floral white</label2>
			  </item>
			  <item id="30" description="forest green">
			    <onclick>SetProperty(SelectedColor,ff014421, home)</onclick>
				<onclick>SetProperty(SelectedColorName,forest green, home)</onclick>
				<onclick>SetFocus(9000)</onclick>
				<icon>buttons/colors/ff014421.png</icon>
				<label>ff014421</label>
				<label2>forest green</label2>
			  </item>
			  <item id="31" description="ghost white">
			    <onclick>SetProperty(SelectedColor,fff8f8ff, home)</onclick>
				<onclick>SetProperty(SelectedColorName,ghost white, home)</onclick>
				<onclick>SetFocus(9000)</onclick>
				<icon>buttons/colors/fff8f8ff.png</icon>
				<label>fff8f8ff</label>
				<label2>ghost white</label2>
			  </item>
			  <item id="32" description="ginger">
			    <onclick>SetProperty(SelectedColor,ffb06500, home)</onclick>
				<onclick>SetProperty(SelectedColorName,ginger, home)</onclick>
				<onclick>SetFocus(9000)</onclick>
				<icon>buttons/colors/ffb06500.png</icon>
				<label>ffb06500</label>
				<label2>ginger</label2>
			  </item>
			  <item id="33" description="golden brown">
			    <onclick>SetProperty(SelectedColor,ff996515, home)</onclick>
				<onclick>SetProperty(SelectedColorName,golden brown, home)</onclick>
				<onclick>SetFocus(9000)</onclick>
				<icon>buttons/colors/ff996515.png</icon>
				<label>ff996515</label>
				<label2>golden brown</label2>
			  </item>
			  <item id="34" description="gray">
			    <onclick>SetProperty(SelectedColor,ff808080, home)</onclick>
				<onclick>SetProperty(SelectedColorName,gray, home)</onclick>
				<onclick>SetFocus(9000)</onclick>
				<icon>buttons/colors/ff808080.png</icon>
				<label>ff808080</label>
				<label2>gray</label2>
			  </item>
			  <item id="35" description="hot pink">
			    <onclick>SetProperty(SelectedColor,ffff69b4, home)</onclick>
				<onclick>SetProperty(SelectedColorName,hot pink, home)</onclick>
				<onclick>SetFocus(9000)</onclick>
				<icon>buttons/colors/ffff69b4.png</icon>
				<label>ffff69b4</label>
				<label2>hot pink</label2>
			  </item>
			  <item id="36" description="ivory">
			    <onclick>SetProperty(SelectedColor,fffffff0, home)</onclick>
				<onclick>SetProperty(SelectedColorName,ivory, home)</onclick>
				<onclick>SetFocus(9000)</onclick>
				<icon>buttons/colors/fffffff0.png</icon>
				<label>fffffff0</label>
				<label2>ivory</label2>
			  </item>
			  <item id="37" description="jade">
			    <onclick>SetProperty(SelectedColor,ff00a86b, home)</onclick>
				<onclick>SetProperty(SelectedColorName,jade, home)</onclick>
				<onclick>SetFocus(9000)</onclick>
				<icon>buttons/colors/ff00a86b.png</icon>
				<label>ff00a86b</label>
				<label2>jaed</label2>
			  </item>
			  <item id="38" description="jasmine">
			    <onclick>SetProperty(SelectedColor,fff8de7e, home)</onclick>
				<onclick>SetProperty(SelectedColorName,jasmine, home)</onclick>
				<onclick>SetFocus(9000)</onclick>
				<icon>buttons/colors/fff8de7e.png</icon>
				<label>fff8de7e</label>
				<label2>jasmine</label2>
			  </item>
			  <item id="39" description="lavender (floral)">
			    <onclick>SetProperty(SelectedColor,ffb57edc, home)</onclick>
				<onclick>SetProperty(SelectedColorName,lavender (floral), home)</onclick>
				<onclick>SetFocus(9000)</onclick>
				<icon>buttons/colors/ffb57edc.png</icon>
				<label>ffb57edc</label>
				<label2>lavender (floral)</label2>
			  </item>
			  <item id="40" description="lavender blue">
			    <onclick>SetProperty(SelectedColor,ffccccff, home)</onclick>
				<onclick>SetProperty(SelectedColorName,lavender blue, home)</onclick>
				<onclick>SetFocus(9000)</onclick>
				<icon>buttons/colors/ffccccff.png</icon>
				<label>ffccccff</label>
				<label2>lavender blue</label2>
			  </item>
			  <item id="41" description="lavender gray">
			    <onclick>SetProperty(SelectedColor,ffc4c3d0, home)</onclick>
				<onclick>SetProperty(SelectedColorName,lavender gray, home)</onclick>
				<onclick>SetFocus(9000)</onclick>
				<icon>buttons/colors/ffc4c3d0.png</icon>
				<label>ffc4c3d0</label>
				<label2>lavender gray</label2>
			  </item>
			  <item id="42" description="lavender purple">
			    <onclick>SetProperty(SelectedColor,ff967bb6, home)</onclick>
				<onclick>SetProperty(SelectedColorName,lavender purple, home)</onclick>
				<onclick>SetFocus(9000)</onclick>
				<icon>buttons/colors/ff967bb6.png</icon>
				<label>ff967bb6</label>
				<label2>lavender purple</label2>
			  </item>
			  <item id="43" description="light blue">
			    <onclick>SetProperty(SelectedColor,ffadd8e6, home)</onclick>
				<onclick>SetProperty(SelectedColorName,light blue, home)</onclick>
				<onclick>SetFocus(9000)</onclick>
				<icon>buttons/colors/ffadd8e6.png</icon>
				<label>ffadd8e6</label>
				<label2>light blue</label2>
			  </item>
			  <item id="44" description="light gray">
			    <onclick>SetProperty(SelectedColor,ffd3d3d3, home)</onclick>
				<onclick>SetProperty(SelectedColorName,light gray, home)</onclick>
				<onclick>SetFocus(9000)</onclick>
				<icon>buttons/colors/ffd3d3d3.png</icon>
				<label>ffd3d3d3</label>
				<label2>light gray</label2>
			  </item>
			  <item id="45" description="light cyan">
			    <onclick>SetProperty(SelectedColor,ffe0ffff, home)</onclick>
				<onclick>SetProperty(SelectedColorName,light cyan, home)</onclick>
				<onclick>SetFocus(9000)</onclick>
				<icon>buttons/colors/ffe0ffff.png</icon>
				<label>ffe0ffff</label>
				<label2>light cyan</label2>
			  </item>
			  <item id="46" description="light sky blue">
			    <onclick>SetProperty(SelectedColor,ff87cefa, home)</onclick>
				<onclick>SetProperty(SelectedColorName,light sky blue, home)</onclick>
				<onclick>SetFocus(9000)</onclick>
				<icon>buttons/colors/ff87cefa.png</icon>
				<label>ff87cefa</label>
				<label2>light sky blue</label2>
			  </item>
			  <item id="47" description="olive">
			    <onclick>SetProperty(SelectedColor,ff808000, home)</onclick>
				<onclick>SetProperty(SelectedColorName,olive, home)</onclick>
				<onclick>SetFocus(9000)</onclick>
				<icon>buttons/colors/ff808000.png</icon>
				<label>ff808000</label>
				<label2>olive</label2>
			  </item>
			  <item id="48" description="pearl">
			    <onclick>SetProperty(SelectedColor,ffeae0c8, home)</onclick>
				<onclick>SetProperty(SelectedColorName,pearl, home)</onclick>
				<onclick>SetFocus(9000)</onclick>
				<icon>buttons/colors/ffeae0c8.png</icon>
				<label>ffeae0c8</label>
				<label2>pearl</label2>
			  </item>
			  <item id="49" description="peach">
			    <onclick>SetProperty(SelectedColor,ffffe5b4, home)</onclick>
				<onclick>SetProperty(SelectedColorName,peach, home)</onclick>
				<onclick>SetFocus(9000)</onclick>
				<icon>buttons/colors/ffffe5b4.png</icon>
				<label>ffffe5b4</label>
				<label2>peach</label2>
			  </item>
			  <item id="50" description="payne's grey">
			    <onclick>SetProperty(SelectedColor,ff40404f, home)</onclick>
				<onclick>SetProperty(SelectedColorName,payne's grey, home)</onclick>
				<onclick>SetFocus(9000)</onclick>
				<icon>buttons/colors/ff40404f.png</icon>
				<label>ff40404f</label>
				<label2>payne's gray</label2>
			  </item>
			  <item id="51" description="wenge">
			    <onclick>SetProperty(SelectedColor,ff645452, home)</onclick>
				<onclick>SetProperty(SelectedColorName,wenge, home)</onclick>
				<onclick>SetFocus(9000)</onclick>
				<icon>buttons/colors/ff645452.png</icon>
				<label>ff645452</label>
				<label2>wenge</label2>
			  </item>
			  <item id="52" description="white smoke">
			    <onclick>SetProperty(SelectedColor,fff5f5f5, home)</onclick>
				<onclick>SetProperty(SelectedColorName,white smoke, home)</onclick>
				<onclick>SetFocus(9000)</onclick>
				<icon>buttons/colors/fff5f5f5.png</icon>
				<label>fff5f5f5</label>
				<label2>white smoke</label2>
			  </item>
			  <item id="53" description="wine">
			    <onclick>SetProperty(SelectedColor,ff722f37, home)</onclick>
				<onclick>SetProperty(SelectedColorName,wine, home)</onclick>
				<onclick>SetFocus(9000)</onclick>
				<icon>buttons/colors/ff722f37.png</icon>
				<label>ff722f37</label>
				<label2>wine</label2>
			  </item>
			  <item id="54" description="vivid violet">
			    <onclick>SetProperty(SelectedColor,ff9f00ff, home)</onclick>
				<onclick>SetProperty(SelectedColorName,vivid violet, home)</onclick>
				<onclick>SetFocus(9000)</onclick>
				<icon>buttons/colors/ff9f00ff.png</icon>
				<label>ff9f00ff</label>
				<label2>vivid violet</label2>
			  </item>
			  <item id="55" description="vanilla">
			    <onclick>SetProperty(SelectedColor,fff3e5ab, home)</onclick>
				<onclick>SetProperty(SelectedColorName,vanilla, home)</onclick>
				<onclick>SetFocus(9000)</onclick>
				<icon>buttons/colors/fff3e5ab.png</icon>
				<label>fff3e5ab</label>
				<label2>vanilla</label2>
			  </item>
			  <item id="56" description="umber">
			    <onclick>SetProperty(SelectedColor,ff635147, home)</onclick>
				<onclick>SetProperty(SelectedColorName,umber, home)</onclick>
				<onclick>SetFocus(9000)</onclick>
				<icon>buttons/colors/ff635147.png</icon>
				<label>ff635147</label>
				<label2>umber</label2>
			  </item>
			  <item id="57" description="twilight lavender">
			    <onclick>SetProperty(SelectedColor,ff8a496b, home)</onclick>
				<onclick>SetProperty(SelectedColorName,twilight lavender, home)</onclick>
				<onclick>SetFocus(9000)</onclick>
				<icon>buttons/colors/ff8a496b.png</icon>
				<label>ff8a496b</label>
				<label2>twilight lavender</label2>
			  </item>
			  <item id="58" description="tuscan red">
			    <onclick>SetProperty(SelectedColor,ff66424d, home)</onclick>
				<onclick>SetProperty(SelectedColorName,tuscan red, home)</onclick>
				<onclick>SetFocus(9000)</onclick>
				<icon>buttons/colors/ff66424d.png</icon>
				<label>ff66424d</label>
				<label2>tuscan red</label2>
			  </item>
			  <item id="59" description="turquoise green">
			    <onclick>SetProperty(SelectedColor,ffa0d6b4, home)</onclick>
				<onclick>SetProperty(SelectedColorName,turquoise green, home)</onclick>
				<onclick>SetFocus(9000)</onclick>
				<icon>buttons/colors/ffa0d6b4.png</icon>
				<label>ffa0d6b4</label>
				<label2>turquiose green</label2>
			  </item>
			  <item id="60" description="turquoise">
			    <onclick>SetProperty(SelectedColor,ff30d5c8, home)</onclick>
				<onclick>SetProperty(SelectedColorName,turquoise, home)</onclick>
				<onclick>SetFocus(9000)</onclick>
				<icon>buttons/colors/ff30d5c8.png</icon>
				<label>ff30d5c8</label>
				<label2>turquoise</label2>
			  </item>
			  <item id="61" description="blue light">
			    <onclick>SetProperty(SelectedColor,ff00bfff, home)</onclick>
				<onclick>SetProperty(SelectedColorName,blue, home)</onclick>
				<onclick>SetFocus(9000)</onclick>
				<icon>buttons/colors/ff00bfff.png</icon>
				<label>ff00bfff</label>
				<label2>blue light</label2>
			  </item>
			  <item id="62" description="red orange">
			    <onclick>SetProperty(SelectedColor,ffc04000, home)</onclick>
				<onclick>SetProperty(SelectedColorName,red orange, home)</onclick>
				<onclick>SetFocus(9000)</onclick>
				<icon>buttons/colors/ffc04000.png</icon>
				<label>ffc04000</label>
				<label2>red orange</label2>
			  </item>
			  <item id="63" description="yellow green">
			    <onclick>SetProperty(SelectedColor,ffccff00, home)</onclick>
				<onclick>SetProperty(SelectedColorName,yellow green, home)</onclick>
				<onclick>SetFocus(9000)</onclick>
				<icon>buttons/colors/ffccff00.png</icon>
				<label>ffccff00</label>
				<label2>yellow green</label2>
			  </item>			  
			  <item id="64" description="purple pink">
			    <onclick>SetProperty(SelectedColor,fff1a7fe, home)</onclick>
				<onclick>SetProperty(SelectedColorName,purple pink, home)</onclick>
				<onclick>SetFocus(9000)</onclick>
				<icon>buttons/colors/fff1a7fe.png</icon>
				<label>fff1a7fe</label>
				<label2>purple pink</label2>
			  </item>
			</content>
		</control>
		
		<control type="grouplist" id="9000">
			<height>775</height>
			<itemgap>10</itemgap>
			<orientation>horizontal</orientation>
			<posx>40</posx>
			<posy>435</posy>
			<width>1400</width>
			<ondown>noop</ondown>
			<onright>noop</onright>
			<onup>SetFocus(3110,1)</onup>
			<!--<onup>3110</onup>-->
			<onleft>3010</onleft>
			<control type="button" id="3010" description="edit manual">
				<width>200</width>
				<texturenofocus border="20" colordiffuse="$VAR[MenuColor]">buttons/ButtonE0.png</texturenofocus>
				<include>ButtonC1</include>
				<font>Reg32</font>
				<label>$VAR[ManualColor]</label>
				<label2></label2>
				<posy>5</posy>
				<onup>3110</onup>
				<onclick>RunScript(script.featherence.service,,?mode=214&amp;value=5)</onclick>
			</control>
			<control type="button" id="3012" description="שמירה">
				<posx>210</posx>
				<width>200</width>
				<texturenofocus border="20" colordiffuse="$VAR[MenuColor]">buttons/ButtonE0.png</texturenofocus>
				<include>ButtonC1</include>
				<!--<font>Reg32</font>-->
				<enable>!IsEmpty(Window(home).Property(SelectedColor))</enable>
				<onclick>Skin.SetString($INFO[Window(home).Property(TEMP)],$INFO[Window(home).Property(SelectedColor)])</onclick>
				<onclick>Skin.SetString($INFO[Window(home).Property(TEMP)].name,$INFO[Window(home).Property(SelectedColorName)])</onclick>
				<onclick>Dialog.Close(1170)</onclick>
				<label>190</label>
				<posy>5</posy>
			</control>
			<control type="button" id="3013" description="ביטול">
				<posx>210</posx>
				<width>200</width>
				<texturenofocus border="20" colordiffuse="$VAR[MenuColor]">buttons/ButtonE0.png</texturenofocus>
				<include>ButtonC1</include>
				<onclick>Dialog.Close(1170)</onclick>
				<label>222</label>
				<posy>5</posy>
			</control>
			<control type="button" id="30110" description="ברירת מחדל">
				<posx>210</posx>
				<textoffsetx>25</textoffsetx>
				<width>240</width>
				<texturenofocus border="20" colordiffuse="$VAR[MenuColor]">buttons/ButtonE0.png</texturenofocus>
				<include>ButtonC1</include>
				<!--<font>Reg32</font>-->
				<onclick>Skin.SetString($INFO[Window(home).Property(TEMP)],)</onclick>
				<onclick>Skin.SetString($INFO[Window(home).Property(TEMP)].name,)</onclick>
				<onclick>Dialog.Close(1173)</onclick>
				<onclick>Dialog.Close(1117)</onclick>
				<onclick>Dialog.Close(1170)</onclick>
				<onclick>ActivateWindow(1117)</onclick>
				<onclick condition="Window.IsVisible(1173)">ActivateWindow(1173)</onclick>
				<label></label>
				<label2>$LOCALIZE[409]</label2>
				<posy>5</posy>
			</control>
			<control type="button" id="3011" description="שקוף">
				<posx>210</posx>
				<width>200</width>
				<texturenofocus border="20" colordiffuse="$VAR[MenuColor]">buttons/ButtonE0.png</texturenofocus>
				<include>ButtonC1</include>
				<!--<font>Reg32</font>-->
				<onclick>Notification(..,,1000)</onclick>
				<onclick>AlarmClock(1,Notification(...,,1000),0,silent)</onclick>
				<onclick>AlarmClock(2,Action(Close),00:01,silent)</onclick>
				<onclick>AlarmClock(3,Action(Close),00:01,silent)</onclick>
				<onclick>AlarmClock(4,ActivateWindow(1117),00:01,silent)</onclick>
				<onclick>Skin.SetString($INFO[Window(home).Property(TEMP)],NONE)</onclick>
				<onclick>Skin.SetString($INFO[Window(home).Property(TEMP)].name,CLEAR)</onclick>
				<onclick condition="Window.IsVisible(1173)">AlarmClock(5,ActivateWindow(1173),00:01,silent)</onclick>
				<onclick>ClearProperty(TEMP,home)</onclick>
				<label>$LOCALIZE[78013]</label>
				<posy>5</posy>
				<visible>!StringCompare(Window(home).Property(TEMP),IconFocusColor) + !StringCompare(Window(home).Property(TEMP),IconUnFocusColor) + !StringCompare(Window(home).Property(TEMP),MenuColor)</visible>
			</control>
		  </control>
	  </control>
	  <include>TopInformation</include>
	</controls>
</window>
