<?xml version="1.0" encoding="UTF-8"?>
<includes>
  <include name="Keyboard">
	<texturenofocus border="3" colordiffuse="$VAR[KeyboardMainColor]">osd/keyboard/KeyboardKeyNF.png</texturenofocus>
	<texturefocus border="5">osd/keyboard/KeyboardKey.png</texturefocus>
	<alttexturenofocus border="3" colordiffuse="$VAR[KeyboardMainColor]">osd/keyboard/KeyboardKeyNF.png</alttexturenofocus>
	<alttexturefocus border="5">osd/keyboard/KeyboardKey.png</alttexturefocus>
    <align>center</align>
    <aligny>center</aligny>
	<width>50</width>
	<height>50</height>
	<focusedcolor>Yellow</focusedcolor>	
	<font>size24</font>
	<textoffsetx>0</textoffsetx>
    <width>75</width>	
  </include>  
  <include name="LargeListSlider" description="למחוק?">
    <control type="group" description="Slider">
      <include>Slider2</include>
      <animation condition="Container.Position(0)" effect="slide" end="0,-333" time="180" easing="inout" reversible="true">Conditional</animation>
      <animation condition="Container.Position(1)" effect="slide" end="0,-222" time="180" easing="inout" reversible="true">Conditional</animation>
      <animation condition="Container.Position(2)" effect="slide" end="0,-111" time="180" easing="inout" reversible="true">Conditional</animation>
      <animation condition="Container.Position(4)" effect="slide" end="0,111" time="180" easing="inout" reversible="true">Conditional</animation>
      <animation condition="Container.Position(5)" effect="slide" end="0,222" time="180" easing="inout" reversible="true">Conditional</animation>
      <animation condition="Container.Position(6)" effect="slide" end="0,333" time="180" easing="inout" reversible="true">Conditional</animation>
      <animation condition="Container.Position(7)" effect="slide" end="0,444" time="180" easing="inout" reversible="true">Conditional</animation>
    </control>
  </include>
  <include name="ListFade" description="למחוק?">
    <control type="image">
      <visible>Container.HasPrevious</visible>
      <animation effect="fade" time="200">VisibleChange</animation>
      <posx>1005</posx>
      <posy>125</posy>
      <height>81</height>
      <width>832</width>
      <texture flipy="true">images/DefaultGradient.png</texture>
    </control>
  </include>
  <include name="Slider2">
    <control type="image">
      <animation effect="fade" time="100">VisibleChange</animation>
      <posx>-27</posx>
      <posy>306</posy>
      <width>855</width>
      <height>165</height>
      <texture border="32">images/Slider.png</texture>
    </control>
  </include>
  <include name="Unwatched">
  <control type="group">
  <visible>!IsEmpty(ListItem.Property(UnwatchedEpisodes)) + [container.content(TVshows) | container.content(seasons)] + !StringCompare(ListItem.Property(UnwatchedEpisodes),0)</visible>
  <animation effect="fade" time="200" delay="300">Visible</animation>
    <animation effect="fade" end="0">Hidden</animation>
    <control type="image">
      <posy>480</posy>
      <posx>140</posx>
      <height>55</height>
      <width>80</width>
      <aspectratio>keep</aspectratio>
      <texture>badges/Badgecount.png</texture>
    </control>
    <control type="label" description="Label2">
      <align>center</align>
	  <posy>480</posy>
      <posx>140</posx>
      <height>44</height>
      <width>80</width>
      <font>size30</font>
      <textcolor>White</textcolor>
      <label>$INFO[ListItem.Property(UnwatchedEpisodes)]</label>
    </control>
	</control>
  </include>
  
  <include name="ImageL1">
    <aspectratio align="left">keep</aspectratio>
  </include>
  <include name="ImageR1">
    <aspectratio align="right">keep</aspectratio>
  </include>
  <include name="LabelC1" description="">
    <align>center</align>
	<font>size28</font>
  </include>
  <include name="LabelL1" description="">
    <align>left</align>
	<font>size28</font>
	<textcolor>White2</textcolor>
  </include>
  <include name="LabelR1" description="">
    <align>right</align>
	<font>size28</font>
	<textcolor>White2</textcolor>
  </include>
  <include name="LabelJ1" description="">
	<align>justify</align>
	<font>size28</font>
	<textcolor>White2</textcolor>
  </include>
  
  <include name="LabelC2" description="(טקסט2)">
    <align>center</align>
	<font>size24</font>
  </include>
  <include name="LabelL2" description="(טקסט1-מיוחד)">
    <align>left</align>
	<aligny>top</aligny>
	<font>size24</font>
	<radioposx>1350</radioposx>
  </include>
  <include name="LabelR2" description="(טקסט1-מיוחד)">
    <align>right</align>
	<aligny>top</aligny>
	<font>size24</font>
	<radioposx>0</radioposx>
  </include>
  <include name="LabelC3" description="(טקסט3/DEFAULT)">
    <align>center</align>
	<font>size36</font>
  </include>
  <include name="LabelR3" description="?">
    <align>right</align>
	<!--<aligny>top</aligny>-->
	<font>size36</font>
  </include>
  <include name="LabelC4" description="(טקסט4)">
    <align>center</align>
	<font>size21</font>
  </include>
  <include name="LabelR4" description="PVR-משודר עכשיו/DialogKaiToast">
    <align>right</align>
	<font>size21</font>
  </include>
  <include name="LabelL4" description="PVR-משודר עכשיו/DialogKaiToast">
    <align>left</align>
	<font>size21</font>
  </include>
  <include name="LabelC5" description="(טקסט3)">
    <align>center</align>
	<font>size34</font>
  </include>
  
  <include name="LabelL7" description="(custom1131)">
    <align>left</align>
	<font>size18</font>
  </include>
  <include name="LabelC7">
    <align>center</align>
	<font>size18</font>
  </include>
  <include name="LabelR7" description="(custom1131)">
    <align>right</align>
	<font>size18</font>
  </include>
  <include name="LabelC10" description="(כותרת1)">
    <align>center</align>
	<aligny>center</aligny>
	<font>size36B</font>
	<shadowcolor>Black</shadowcolor>
	<textcolor>White2</textcolor>
  </include>
  <include name="LabelC11" description="(כותרת2)">
    <align>center</align>
	<aligny>center</aligny>
	<font>Size42B</font>
	<shadowcolor>Black</shadowcolor>
	<textcolor>White2</textcolor>
  </include>
  <include name="LabelL11" description="(כותרת2)">
    <align>left</align>
	<aligny>center</aligny>
	<font>Size42B</font>
	<shadowcolor>Black</shadowcolor>
	<textcolor>White2</textcolor>
  </include>
  <include name="LabelR11" description="(כותרת2)">
    <align>right</align>
	<aligny>center</aligny>
	<font>Size42B</font>
	<shadowcolor>Black</shadowcolor>
	<textcolor>White2</textcolor>
  </include>
  <include name="LabelC12" description="(כותרת3)">
    <align>center</align>
	<aligny>center</aligny>
	<font>size24B</font>
	<shadowcolor>Black</shadowcolor>
	<textcolor>White2</textcolor>
  </include>
  <include name="LabelC13" description="(כותרת3)">
    <align>center</align>
	<aligny>center</aligny>
	<font>size21B</font>
	<shadowcolor>Black</shadowcolor>
	<textcolor>White2</textcolor>
  </include>
  
  
  <include name="ButtonC1" description="(DEFAULT)">
	<width>480</width>
    <textoffsetx>-</textoffsetx>
    <align>center</align>
    <aligny>center</aligny>
	<textcolor>White2</textcolor>
    <focusedcolor>Yellow</focusedcolor>
	<font>size34</font>
    <disabledcolor>Grey</disabledcolor>
    <texturenofocus>-</texturenofocus>
  </include>
  <include name="ButtonL1" description="()">
	<width>480</width>
    <textoffsetx>40</textoffsetx>
    <align>left</align>
    <texturenofocus>-</texturenofocus>
	<texture border="40" colordiffuse="$VAR[MenuColor]">buttons/ButtonE0.png</texture>
  </include>
  <include name="ButtonR1" description="()">
	<width>480</width>
    <textoffsetx>40</textoffsetx>
    <align>right</align>
    <texturenofocus>-</texturenofocus>
	<texture border="40" colordiffuse="$VAR[MenuColor]">buttons/ButtonE0.png</texture>
  </include>
  <include name="ButtonL2" description="()">
	<width>880</width>
	<textoffsetx>20</textoffsetx>
    <align>left</align>
    <texturenofocus border="40" colordiffuse="$VAR[MenuColor]">buttons/ButtonE0.png</texturenofocus>
	<alttexturenofocus border="40" colordiffuse="$VAR[MenuColor]">buttons/ButtonE0.png</alttexturenofocus> <!--הפעל באמצעות: usealttexture-->
  </include>
  <include name="ButtonR2" description="()">
	<width>880</width>
	<textoffsetx>20</textoffsetx>
    <align>right</align>
    <texturenofocus border="40" colordiffuse="$VAR[MenuColor]">buttons/ButtonE0.png</texturenofocus>
	<alttexturenofocus border="40" colordiffuse="$VAR[MenuColor]">buttons/ButtonE0.png</alttexturenofocus> <!--הפעל באמצעות: usealttexture-->
  </include>
  <include name="ButtonL3" description="()">
	<width>580</width>
    <textoffsetx>40</textoffsetx>
    <align>left</align>
	<font>size24</font>
    <texturenofocus>-</texturenofocus>
	<texture border="20" colordiffuse="$VAR[MenuColor]">buttons/ButtonE0.png</texture>
  </include>
  <include name="ButtonR3" description="()">
	<width>580</width>
    <textoffsetx>40</textoffsetx>
    <align>right</align>
	<font>size24</font>
    <texturenofocus>-</texturenofocus>
	<texture border="20" colordiffuse="$VAR[MenuColor]">buttons/ButtonE0.png</texture>
  </include>
  <include name="ButtonL4" description="()">
	<width>480</width>
    <textoffsetx>20</textoffsetx>
    <align>left</align>
	<textcolor>White2</textcolor>
	<font>size18</font>
    <!--<texturenofocus>-</texturenofocus>-->
  </include>
  <include name="ButtonR5" description="הגדרות">
	<width>480</width>
    <textoffsetx>60</textoffsetx>
    <align>right</align>
	<disabledcolor>Grey</disabledcolor>
    <texturenofocus border="20" colordiffuse="$VAR[MenuColor]">buttons/ButtonE0.png</texturenofocus>
    <texturefocus border="20">buttons/ButtonE.png</texturefocus>
    <alttexturefocus border="20">buttons/ButtonE.png</alttexturefocus>
	<alttexturenofocus colordiffuse="ff96708f" border="40">buttons/ButtonE0.png</alttexturenofocus> <!--הפעל באמצעות: usealttexture-->
  </include>
  <include name="ButtonC10" description="מדף עליון">
	<height>40</height>
	<width>300</width>
	<textcolor>White2</textcolor>
	<textoffsetx>10</textoffsetx>
	<font>size24B</font>
	<radioposy>7</radioposy>
	<texturenofocus border="23" colordiffuse="$VAR[TopVideoInformationColor]">buttons/ButtonC0.png</texturenofocus>
	<alttexturenofocus border="23" colordiffuse="$VAR[TopVideoInformationColor]">buttons/ButtonC0.png</alttexturenofocus>
    <texturefocus border="23">buttons/ButtonC.png</texturefocus>
    <alttexturefocus border="23">buttons/ButtonC.png</alttexturefocus>
  </include>
  <include name="ButtonC10_" description="מדף עליון">
	<height>40</height>
	<width>300</width>
	<textcolor>White2</textcolor>
	<textoffsetx>10</textoffsetx>
	<font>size24B</font>
	<texturenofocus border="23">buttons/ButtonCF.png</texturenofocus>
	<alttexturenofocus border="23">buttons/ButtonCF.png</alttexturenofocus>
    <texturefocus border="23">buttons/ButtonC.png</texturefocus>
    <alttexturefocus border="23">buttons/ButtonC.png</alttexturefocus>
  </include>
  
  <include name="spinposx">
    <spinposx>950</spinposx>
  </include>
  <include name="ButtonSettingsCategory_he" description="()">
	<textoffsetx>647</textoffsetx>
	<textwidth>400</textwidth>
  </include>
  
  <include name="ButtonTopInformation" description="פס עליון">
    <texture border="20" colordiffuse="$VAR[TopInformationColor]">buttons/ButtonC0.png</texture>
  </include>
  <include name="ButtonTopInformation_" description="פס עליון">
    <texture border="20">buttons/ButtonCF.png</texture>
  </include>
  
  <include name="ButtonTopVideoInformation" description="פרטי וידאו">
    <texture border="20" colordiffuse="$VAR[TopVideoInformationColor]">buttons/ButtonC0.png</texture>
  </include>
  <include name="ButtonTopVideoInformation_" description="פרטי וידאו">
    <texture border="20">buttons/ButtonCF.png</texture>
  </include>

  <include name="statusbiglist">
  <control type="image">
            <posx>710</posx>
            <posy>15</posy>
            <width>81</width>
            <height>81</height>
            <texture>$INFO[ListItem.Icon]</texture>
			<visible>![ListItem.IsRecording | ListItem.HasTimer]</visible>
          </control>
          <control type="image" description="rec">
          <posx>720</posx>
		  <posy>15</posy>
		  <height>81</height>
		  <width>81</width>
          <texture>pvr/rec.png</texture>
		  <visible>ListItem.IsRecording</visible>
        </control>
		<control type="image" description="timer">
          <posx>720</posx>
		  <posy>15</posy>
		  <height>81</height>
		  <width>81</width>
          <texture>pvr/timer.png</texture>
		  <visible>!ListItem.IsRecording + ListItem.HasTimer</visible>
        </control>
  </include>
   
   <include name="Control_Pos1" description="50/55/58">
	 <posx>0</posx>
	 <posy>0</posy>
	 <height>1080</height>
   </include>
   <include name="Control_Pos2" description="58+video">
     <posx>0</posx>
	 <posy>552</posy>
	 <height>552</height>
   </include>
   <include name="Control_Pos3" description="">
     <posx>0</posx>
	 <posy>-552</posy>
	 <height>552</height>
   </include>
   <include name="Control_Pos4" description="">
     <posx>0</posx>
	 <posy>-552</posy>
	 <height>1080</height>
   </include>
   <include name="Control_Pos5" description="">
	 <posx>0</posx>
	 <posy>552</posy>
	 <height>1080</height>
   </include>
   <include name="Control_Pos6" description="">
	 <posy>0</posy>
	 <height>552</height>
   </include>
   <include name="Control_Pos7" description="">
   </include>
   <include name="Control_Pos13" description="">
     <posx>0</posx>
	 <posy>-552</posy>
	 <height>276</height>
   </include>
   <include name="Control_Pos40" description="">
	 <posy>546</posy>
   </include>
   <include name="Control_Pos41" description="">
	 <posy>26</posy>
   </include>
</includes>
