﻿<?xml version="1.0" encoding="UTF-8" standalone="yes"?>
<addon id="repository.kodi-senyor" name="kodi senyor repository" version="1.1.0" provider-name="kodi senyor">
	<extension point="xbmc.addon.repository" name="kodi senyor repository">
			<info compressed="false">http://kodi-senyor.co.il/Zips/addons.xml</info>
			<checksum>http://kodi-senyor.co.il/Zips/addons.xml.md5</checksum>
			<datadir zip="true">http://kodi-senyor.co.il/Zips/</datadir>
	</extension>
	<extension point="xbmc.addon.metadata">
		<summary lang="en">kodi-senyor.co.il repo</summary>
		<description lang="en">kodi-senyor.co.il repo</description>
		<platform>all</platform>
	</extension>
</addon>

