<?xml version="1.0" encoding="UTF-8"?>
<includes>
  
  <include name="Buttons_2D_texturenofocus" description="Layouts">
    <include description="הכל-1" condition="Skin.HasSetting(2DButton2) + Skin.HasSetting(OverlayButton2) + Skin.HasSetting(BevelButton2) + Skin.HasSetting(ShadowButton2) + Skin.HasSetting(StrokeButton2)">Buttons_2D_texturenofocus_ButtonD1</include>
	<include description="הכל-1" condition="Skin.HasSetting(2DButton2) + !Skin.HasSetting(OverlayButton2) + !Skin.HasSetting(BevelButton2) + Skin.HasSetting(ShadowButton2) + Skin.HasSetting(StrokeButton2)">Buttons_2D_texturenofocus_ButtonD2</include>
	<include description="הכל-1" condition="Skin.HasSetting(2DButton2) + !Skin.HasSetting(OverlayButton2) + Skin.HasSetting(BevelButton2) + !Skin.HasSetting(ShadowButton2) + Skin.HasSetting(StrokeButton2)">Buttons_2D_texturenofocus_ButtonD3</include>
	<include description="הכל-1" condition="Skin.HasSetting(2DButton2) + !Skin.HasSetting(OverlayButton2) + Skin.HasSetting(BevelButton2) + Skin.HasSetting(ShadowButton2) + !Skin.HasSetting(StrokeButton2)">Buttons_2D_texturenofocus_ButtonD4</include>
	
	<include description="הכל-2" condition="Skin.HasSetting(2DButton2) + Skin.HasSetting(OverlayButton2) + !Skin.HasSetting(BevelButton2) + Skin.HasSetting(ShadowButton2) + Skin.HasSetting(StrokeButton2)">Buttons_2D_texturenofocus_ButtonD11</include>
	<include description="הכל-2" condition="Skin.HasSetting(2DButton2) + Skin.HasSetting(OverlayButton2) + Skin.HasSetting(BevelButton2) + !Skin.HasSetting(ShadowButton2) + Skin.HasSetting(StrokeButton2)">Buttons_2D_texturenofocus_ButtonD12</include>
	<include description="הכל-2" condition="Skin.HasSetting(2DButton2) + Skin.HasSetting(OverlayButton2) + Skin.HasSetting(BevelButton2) + Skin.HasSetting(ShadowButton2) + !Skin.HasSetting(StrokeButton2)">Buttons_2D_texturenofocus_ButtonD13</include>
	<include description="הכל-2" condition="Skin.HasSetting(2DButton2) + !Skin.HasSetting(OverlayButton2) + !Skin.HasSetting(BevelButton2) + !Skin.HasSetting(ShadowButton2) + Skin.HasSetting(StrokeButton2)">Buttons_2D_texturenofocus_ButtonD14</include>
	<include description="הכל-2" condition="Skin.HasSetting(2DButton2) + !Skin.HasSetting(OverlayButton2) + !Skin.HasSetting(BevelButton2) + Skin.HasSetting(ShadowButton2) + !Skin.HasSetting(StrokeButton2)">Buttons_2D_texturenofocus_ButtonD15</include>
	<include description="הכל-2" condition="Skin.HasSetting(2DButton2) + !Skin.HasSetting(OverlayButton2) + Skin.HasSetting(BevelButton2) + !Skin.HasSetting(ShadowButton2) + !Skin.HasSetting(StrokeButton2)">Buttons_2D_texturenofocus_ButtonD16</include>
	
	<include description="הכל-3" condition="Skin.HasSetting(2DButton2) + Skin.HasSetting(OverlayButton2) + !Skin.HasSetting(BevelButton2) + !Skin.HasSetting(ShadowButton2) + Skin.HasSetting(StrokeButton2)">Buttons_2D_texturenofocus_ButtonD21</include>
	<include description="הכל-3" condition="Skin.HasSetting(2DButton2) + Skin.HasSetting(OverlayButton2) + !Skin.HasSetting(BevelButton2) + Skin.HasSetting(ShadowButton2) + !Skin.HasSetting(StrokeButton2)">Buttons_2D_texturenofocus_ButtonD22</include>
	<include description="הכל-3" condition="Skin.HasSetting(2DButton2) + !Skin.HasSetting(OverlayButton2) + !Skin.HasSetting(BevelButton2) + !Skin.HasSetting(ShadowButton2) + !Skin.HasSetting(StrokeButton2)">Buttons_2D_texturenofocus_ButtonD23</include>
	
	<include description="הכל-4" condition="Skin.HasSetting(2DButton2) + Skin.HasSetting(OverlayButton2) + !Skin.HasSetting(BevelButton2) + !Skin.HasSetting(ShadowButton2) + !Skin.HasSetting(StrokeButton2)">Buttons_2D_texturenofocus_ButtonD</include>
	<include description="כלום" condition="!Skin.HasSetting(2DButton2)">Buttons_2D_texturenofocus_ButtonD</include>
  </include>
  
  <include name="Buttons_2D_texturenofocus_ButtonD1">
    <texturenofocus border="40" colordiffuse="$VAR[ButtonUnFocusColor]">buttons/mixed/_/ButtonD1.png</texturenofocus>
  </include>
  <include name="Buttons_2D_texturenofocus_ButtonD2">
    <texturenofocus border="40" colordiffuse="$VAR[ButtonUnFocusColor]">buttons/mixed/_/ButtonD2.png</texturenofocus>
  </include>
  <include name="Buttons_2D_texturenofocus_ButtonD3">
    <texturenofocus border="40" colordiffuse="$VAR[ButtonUnFocusColor]">buttons/mixed/_/ButtonD3.png</texturenofocus>
  </include>
  <include name="Buttons_2D_texturenofocus_ButtonD4">
    <texturenofocus border="40" colordiffuse="$VAR[ButtonUnFocusColor]">buttons/mixed/_/ButtonD4.png</texturenofocus>
  </include>
  
  <include name="Buttons_2D_texturenofocus_ButtonD11">
    <texturenofocus border="40" colordiffuse="$VAR[ButtonUnFocusColor]">buttons/mixed/_/ButtonD11.png</texturenofocus>
  </include>
  <include name="Buttons_2D_texturenofocus_ButtonD12">
    <texturenofocus border="40" colordiffuse="$VAR[ButtonUnFocusColor]">buttons/mixed/_/ButtonD12.png</texturenofocus>
  </include>
  <include name="Buttons_2D_texturenofocus_ButtonD13">
    <texturenofocus border="40" colordiffuse="$VAR[ButtonUnFocusColor]">buttons/mixed/_/ButtonD13.png</texturenofocus>
  </include>
  <include name="Buttons_2D_texturenofocus_ButtonD14">
    <texturenofocus border="40" colordiffuse="$VAR[ButtonUnFocusColor]">buttons/mixed/_/ButtonD14.png</texturenofocus>
  </include>
  <include name="Buttons_2D_texturenofocus_ButtonD15">
    <texturenofocus border="40" colordiffuse="$VAR[ButtonUnFocusColor]">buttons/mixed/_/ButtonD15.png</texturenofocus>
  </include>
  <include name="Buttons_2D_texturenofocus_ButtonD16">
    <texturenofocus border="40" colordiffuse="$VAR[ButtonUnFocusColor]">buttons/mixed/_/ButtonD16.png</texturenofocus>
  </include>
  
  <include name="Buttons_2D_texturenofocus_ButtonD21">
    <texturenofocus border="40" colordiffuse="$VAR[ButtonUnFocusColor]">buttons/mixed/_/ButtonD21.png</texturenofocus>
  </include>
  <include name="Buttons_2D_texturenofocus_ButtonD22">
    <texturenofocus border="40" colordiffuse="$VAR[ButtonUnFocusColor]">buttons/mixed/_/ButtonD22.png</texturenofocus>
  </include>
  <include name="Buttons_2D_texturenofocus_ButtonD23">
    <texturenofocus border="40" colordiffuse="$VAR[ButtonUnFocusColor]">buttons/mixed/_/ButtonD23.png</texturenofocus>
  </include>
  
  <include name="Buttons_2D_texturenofocus_ButtonD">
    <texturenofocus border="40" colordiffuse="$VAR[ButtonUnFocusColor]">buttons/mixed/_/ButtonD4.png</texturenofocus>
  </include>
  
  <include name="Buttons_2D_texturenofocus_ButtonD0">
    <texturenofocus border="40" colordiffuse="$VAR[ButtonUnFocusColor]">buttons/types/bd.png</texturenofocus>
  </include>
  
  
  <include name="Buttons_2D_texturefocus" description="Layouts">
    <include description="הכל-1" condition="Skin.HasSetting(2DButton2) + Skin.HasSetting(OverlayButton2) + Skin.HasSetting(BevelButton2) + Skin.HasSetting(ShadowButton2) + Skin.HasSetting(StrokeButton2)">Buttons_2D_texturefocus_ButtonD1</include>
	<include description="הכל-1" condition="Skin.HasSetting(2DButton2) + !Skin.HasSetting(OverlayButton2) + !Skin.HasSetting(BevelButton2) + Skin.HasSetting(ShadowButton2) + Skin.HasSetting(StrokeButton2)">Buttons_2D_texturefocus_ButtonD2</include>
	<include description="הכל-1" condition="Skin.HasSetting(2DButton2) + !Skin.HasSetting(OverlayButton2) + Skin.HasSetting(BevelButton2) + !Skin.HasSetting(ShadowButton2) + Skin.HasSetting(StrokeButton2)">Buttons_2D_texturefocus_ButtonD3</include>
	<include description="הכל-1" condition="Skin.HasSetting(2DButton2) + !Skin.HasSetting(OverlayButton2) + Skin.HasSetting(BevelButton2) + Skin.HasSetting(ShadowButton2) + !Skin.HasSetting(StrokeButton2)">Buttons_2D_texturefocus_ButtonD4</include>
	
	<include description="הכל-2" condition="Skin.HasSetting(2DButton2) + Skin.HasSetting(OverlayButton2) + !Skin.HasSetting(BevelButton2) + Skin.HasSetting(ShadowButton2) + Skin.HasSetting(StrokeButton2)">Buttons_2D_texturefocus_ButtonD11</include>
	<include description="הכל-2" condition="Skin.HasSetting(2DButton2) + Skin.HasSetting(OverlayButton2) + Skin.HasSetting(BevelButton2) + !Skin.HasSetting(ShadowButton2) + Skin.HasSetting(StrokeButton2)">Buttons_2D_texturefocus_ButtonD12</include>
	<include description="הכל-2" condition="Skin.HasSetting(2DButton2) + Skin.HasSetting(OverlayButton2) + Skin.HasSetting(BevelButton2) + Skin.HasSetting(ShadowButton2) + !Skin.HasSetting(StrokeButton2)">Buttons_2D_texturefocus_ButtonD13</include>
	<include description="הכל-2" condition="Skin.HasSetting(2DButton2) + !Skin.HasSetting(OverlayButton2) + !Skin.HasSetting(BevelButton2) + !Skin.HasSetting(ShadowButton2) + Skin.HasSetting(StrokeButton2)">Buttons_2D_texturefocus_ButtonD14</include>
	<include description="הכל-2" condition="Skin.HasSetting(2DButton2) + !Skin.HasSetting(OverlayButton2) + !Skin.HasSetting(BevelButton2) + Skin.HasSetting(ShadowButton2) + !Skin.HasSetting(StrokeButton2)">Buttons_2D_texturefocus_ButtonD15</include>
	<include description="הכל-2" condition="Skin.HasSetting(2DButton2) + !Skin.HasSetting(OverlayButton2) + Skin.HasSetting(BevelButton2) + !Skin.HasSetting(ShadowButton2) + !Skin.HasSetting(StrokeButton2)">Buttons_2D_texturefocus_ButtonD16</include>
	
	<include description="הכל-3" condition="Skin.HasSetting(2DButton2) + Skin.HasSetting(OverlayButton2) + !Skin.HasSetting(BevelButton2) + !Skin.HasSetting(ShadowButton2) + Skin.HasSetting(StrokeButton2)">Buttons_2D_texturefocus_ButtonD21</include>
	<include description="הכל-3" condition="Skin.HasSetting(2DButton2) + Skin.HasSetting(OverlayButton2) + !Skin.HasSetting(BevelButton2) + Skin.HasSetting(ShadowButton2) + !Skin.HasSetting(StrokeButton2)">Buttons_2D_texturefocus_ButtonD22</include>
	<include description="הכל-3" condition="Skin.HasSetting(2DButton2) + !Skin.HasSetting(OverlayButton2) + !Skin.HasSetting(BevelButton2) + !Skin.HasSetting(ShadowButton2) + !Skin.HasSetting(StrokeButton2)">Buttons_2D_texturefocus_ButtonD23</include>
	
	<include description="הכל-4" condition="Skin.HasSetting(2DButton2) + Skin.HasSetting(OverlayButton2) + !Skin.HasSetting(BevelButton2) + !Skin.HasSetting(ShadowButton2) + !Skin.HasSetting(StrokeButton2)">Buttons_2D_texturefocus_ButtonD</include>
	<include description="כלום" condition="!Skin.HasSetting(2DButton2)">Buttons_2D_texturefocus_ButtonD4</include> <!--Buttons_2D_texturefocus_ButtonD0-->
  </include>
  
  <include name="Buttons_2D_texturefocus_ButtonD1">
    <texturefocus border="40" colordiffuse="$VAR[ButtonFocusColor]">buttons/mixed/_/ButtonD1.png</texturefocus>
  </include>
  <include name="Buttons_2D_texturefocus_ButtonD2">
    <texturefocus border="40" colordiffuse="$VAR[ButtonFocusColor]">buttons/mixed/_/ButtonD2.png</texturefocus>
  </include>
  <include name="Buttons_2D_texturefocus_ButtonD3">
    <texturefocus border="40" colordiffuse="$VAR[ButtonFocusColor]">buttons/mixed/_/ButtonD3.png</texturefocus>
  </include>
  <include name="Buttons_2D_texturefocus_ButtonD4">
    <texturefocus border="40" colordiffuse="$VAR[ButtonFocusColor]">buttons/mixed/_/ButtonD4.png</texturefocus>
  </include>
  
  <include name="Buttons_2D_texturefocus_ButtonD11">
    <texturefocus border="40" colordiffuse="$VAR[ButtonFocusColor]">buttons/mixed/_/ButtonD11.png</texturefocus>
  </include>
  <include name="Buttons_2D_texturefocus_ButtonD12">
    <texturefocus border="40" colordiffuse="$VAR[ButtonFocusColor]">buttons/mixed/_/ButtonD12.png</texturefocus>
  </include>
  <include name="Buttons_2D_texturefocus_ButtonD13">
    <texturefocus border="40" colordiffuse="$VAR[ButtonFocusColor]">buttons/mixed/_/ButtonD13.png</texturefocus>
  </include>
  <include name="Buttons_2D_texturefocus_ButtonD14">
    <texturefocus border="40" colordiffuse="$VAR[ButtonFocusColor]">buttons/mixed/_/ButtonD14.png</texturefocus>
  </include>
  <include name="Buttons_2D_texturefocus_ButtonD15">
    <texturefocus border="40" colordiffuse="$VAR[ButtonFocusColor]">buttons/mixed/_/ButtonD15.png</texturefocus>
  </include>
  <include name="Buttons_2D_texturefocus_ButtonD16">
    <texturefocus border="40" colordiffuse="$VAR[ButtonFocusColor]">buttons/mixed/_/ButtonD16.png</texturefocus>
  </include>
  
  <include name="Buttons_2D_texturefocus_ButtonD21">
    <texturefocus border="40" colordiffuse="$VAR[ButtonFocusColor]">buttons/mixed/_/ButtonD21.png</texturefocus>
  </include>
  <include name="Buttons_2D_texturefocus_ButtonD22">
    <texturefocus border="40" colordiffuse="$VAR[ButtonFocusColor]">buttons/mixed/_/ButtonD22.png</texturefocus>
  </include>
  <include name="Buttons_2D_texturefocus_ButtonD23">
    <texturefocus border="40" colordiffuse="$VAR[ButtonFocusColor]">buttons/mixed/_/ButtonD23.png</texturefocus>
  </include>
  
  <include name="Buttons_2D_texturefocus_ButtonD">
    <texturefocus border="40" colordiffuse="$VAR[ButtonFocusColor]">buttons/mixed/_/ButtonD4.png</texturefocus>
  </include>
  
  <include name="Buttons_2D_texturefocus_ButtonD0">
    <texturefocus border="40" colordiffuse="$VAR[ButtonFocusColor]">buttons/types/bd.png</texturefocus>
  </include>
  
  
  <include name="Buttons_2D_alttexturefocus" description="Layouts">
    <include description="הכל-1" condition="Skin.HasSetting(2DButton2) + Skin.HasSetting(OverlayButton2) + Skin.HasSetting(BevelButton2) + Skin.HasSetting(ShadowButton2) + Skin.HasSetting(StrokeButton2)">Buttons_2D_alttexturefocus_ButtonD1</include>
	<include description="הכל-1" condition="Skin.HasSetting(2DButton2) + !Skin.HasSetting(OverlayButton2) + !Skin.HasSetting(BevelButton2) + Skin.HasSetting(ShadowButton2) + Skin.HasSetting(StrokeButton2)">Buttons_2D_alttexturefocus_ButtonD2</include>
	<include description="הכל-1" condition="Skin.HasSetting(2DButton2) + !Skin.HasSetting(OverlayButton2) + Skin.HasSetting(BevelButton2) + !Skin.HasSetting(ShadowButton2) + Skin.HasSetting(StrokeButton2)">Buttons_2D_alttexturefocus_ButtonD3</include>
	<include description="הכל-1" condition="Skin.HasSetting(2DButton2) + !Skin.HasSetting(OverlayButton2) + Skin.HasSetting(BevelButton2) + Skin.HasSetting(ShadowButton2) + !Skin.HasSetting(StrokeButton2)">Buttons_2D_alttexturefocus_ButtonD4</include>
	
	<include description="הכל-2" condition="Skin.HasSetting(2DButton2) + Skin.HasSetting(OverlayButton2) + !Skin.HasSetting(BevelButton2) + Skin.HasSetting(ShadowButton2) + Skin.HasSetting(StrokeButton2)">Buttons_2D_alttexturefocus_ButtonD11</include>
	<include description="הכל-2" condition="Skin.HasSetting(2DButton2) + Skin.HasSetting(OverlayButton2) + Skin.HasSetting(BevelButton2) + !Skin.HasSetting(ShadowButton2) + Skin.HasSetting(StrokeButton2)">Buttons_2D_alttexturefocus_ButtonD12</include>
	<include description="הכל-2" condition="Skin.HasSetting(2DButton2) + Skin.HasSetting(OverlayButton2) + Skin.HasSetting(BevelButton2) + Skin.HasSetting(ShadowButton2) + !Skin.HasSetting(StrokeButton2)">Buttons_2D_alttexturefocus_ButtonD13</include>
	<include description="הכל-2" condition="Skin.HasSetting(2DButton2) + !Skin.HasSetting(OverlayButton2) + !Skin.HasSetting(BevelButton2) + !Skin.HasSetting(ShadowButton2) + Skin.HasSetting(StrokeButton2)">Buttons_2D_alttexturefocus_ButtonD14</include>
	<include description="הכל-2" condition="Skin.HasSetting(2DButton2) + !Skin.HasSetting(OverlayButton2) + !Skin.HasSetting(BevelButton2) + Skin.HasSetting(ShadowButton2) + !Skin.HasSetting(StrokeButton2)">Buttons_2D_alttexturefocus_ButtonD15</include>
	<include description="הכל-2" condition="Skin.HasSetting(2DButton2) + !Skin.HasSetting(OverlayButton2) + Skin.HasSetting(BevelButton2) + !Skin.HasSetting(ShadowButton2) + !Skin.HasSetting(StrokeButton2)">Buttons_2D_alttexturefocus_ButtonD16</include>
	
	<include description="הכל-3" condition="Skin.HasSetting(2DButton2) + Skin.HasSetting(OverlayButton2) + !Skin.HasSetting(BevelButton2) + !Skin.HasSetting(ShadowButton2) + Skin.HasSetting(StrokeButton2)">Buttons_2D_alttexturefocus_ButtonD21</include>
	<include description="הכל-3" condition="Skin.HasSetting(2DButton2) + Skin.HasSetting(OverlayButton2) + !Skin.HasSetting(BevelButton2) + Skin.HasSetting(ShadowButton2) + !Skin.HasSetting(StrokeButton2)">Buttons_2D_alttexturefocus_ButtonD22</include>
	<include description="הכל-3" condition="Skin.HasSetting(2DButton2) + !Skin.HasSetting(OverlayButton2) + !Skin.HasSetting(BevelButton2) + !Skin.HasSetting(ShadowButton2) + !Skin.HasSetting(StrokeButton2)">Buttons_2D_alttexturefocus_ButtonD23</include>
	
	<include description="הכל-4" condition="Skin.HasSetting(2DButton2) + Skin.HasSetting(OverlayButton2) + !Skin.HasSetting(BevelButton2) + !Skin.HasSetting(ShadowButton2) + !Skin.HasSetting(StrokeButton2)">Buttons_2D_alttexturefocus_ButtonD</include>
	<include description="כלום" condition="!Skin.HasSetting(2DButton2)">Buttons_2D_alttexturefocus_ButtonD4</include>
  </include>
  
  <include name="Buttons_2D_alttexturefocus_ButtonD1">
    <alttexturefocus border="40" colordiffuse="$VAR[ButtonFocusColor]">buttons/mixed/_/ButtonD1.png</alttexturefocus>
  </include>
  <include name="Buttons_2D_alttexturefocus_ButtonD2">
    <alttexturefocus border="40" colordiffuse="$VAR[ButtonFocusColor]">buttons/mixed/_/ButtonD2.png</alttexturefocus>
  </include>
  <include name="Buttons_2D_alttexturefocus_ButtonD3">
    <alttexturefocus border="40" colordiffuse="$VAR[ButtonFocusColor]">buttons/mixed/_/ButtonD3.png</alttexturefocus>
  </include>
  <include name="Buttons_2D_alttexturefocus_ButtonD4">
    <alttexturefocus border="40" colordiffuse="$VAR[ButtonFocusColor]">buttons/mixed/_/ButtonD4.png</alttexturefocus>
  </include>
  
  <include name="Buttons_2D_alttexturefocus_ButtonD11">
    <alttexturefocus border="40" colordiffuse="$VAR[ButtonFocusColor]">buttons/mixed/_/ButtonD11.png</alttexturefocus>
  </include>
  <include name="Buttons_2D_alttexturefocus_ButtonD12">
    <alttexturefocus border="40" colordiffuse="$VAR[ButtonFocusColor]">buttons/mixed/_/ButtonD12.png</alttexturefocus>
  </include>
  <include name="Buttons_2D_alttexturefocus_ButtonD13">
    <alttexturefocus border="40" colordiffuse="$VAR[ButtonFocusColor]">buttons/mixed/_/ButtonD13.png</alttexturefocus>
  </include>
  <include name="Buttons_2D_alttexturefocus_ButtonD14">
    <alttexturefocus border="40" colordiffuse="$VAR[ButtonFocusColor]">buttons/mixed/_/ButtonD14.png</alttexturefocus>
  </include>
  <include name="Buttons_2D_alttexturefocus_ButtonD15">
    <alttexturefocus border="40" colordiffuse="$VAR[ButtonFocusColor]">buttons/mixed/_/ButtonD15.png</alttexturefocus>
  </include>
  <include name="Buttons_2D_alttexturefocus_ButtonD16">
    <alttexturefocus border="40" colordiffuse="$VAR[ButtonFocusColor]">buttons/mixed/_/ButtonD16.png</alttexturefocus>
  </include>
  
  <include name="Buttons_2D_alttexturefocus_ButtonD21">
    <alttexturefocus border="40" colordiffuse="$VAR[ButtonFocusColor]">buttons/mixed/_/ButtonD21.png</alttexturefocus>
  </include>
  <include name="Buttons_2D_alttexturefocus_ButtonD22">
    <alttexturefocus border="40" colordiffuse="$VAR[ButtonFocusColor]">buttons/mixed/_/ButtonD22.png</alttexturefocus>
  </include>
  <include name="Buttons_2D_alttexturefocus_ButtonD23">
    <alttexturefocus border="40" colordiffuse="$VAR[ButtonFocusColor]">buttons/mixed/_/ButtonD23.png</alttexturefocus>
  </include>
  
  <include name="Buttons_2D_alttexturefocus_ButtonD">
    <alttexturefocus border="40" colordiffuse="$VAR[ButtonFocusColor]">buttons/mixed/_/ButtonD4.png</alttexturefocus>
  </include>
  
  <include name="Buttons_2D_alttexturefocus_ButtonD0">
    <alttexturefocus border="40" colordiffuse="$VAR[ButtonFocusColor]">buttons/types/bd.png</alttexturefocus>
  </include>
  
  
  
  <include name="Buttons_2D_alttexturenofocus" description="Layouts">
    <include description="הכל-1" condition="Skin.HasSetting(2DButton2) + Skin.HasSetting(OverlayButton2) + Skin.HasSetting(BevelButton2) + Skin.HasSetting(ShadowButton2) + Skin.HasSetting(StrokeButton2)">Buttons_2D_alttexturenofocus_ButtonD1</include>
	<include description="הכל-1" condition="Skin.HasSetting(2DButton2) + !Skin.HasSetting(OverlayButton2) + !Skin.HasSetting(BevelButton2) + Skin.HasSetting(ShadowButton2) + Skin.HasSetting(StrokeButton2)">Buttons_2D_alttexturenofocus_ButtonD2</include>
	<include description="הכל-1" condition="Skin.HasSetting(2DButton2) + !Skin.HasSetting(OverlayButton2) + Skin.HasSetting(BevelButton2) + !Skin.HasSetting(ShadowButton2) + Skin.HasSetting(StrokeButton2)">Buttons_2D_alttexturenofocus_ButtonD3</include>
	<include description="הכל-1" condition="Skin.HasSetting(2DButton2) + !Skin.HasSetting(OverlayButton2) + Skin.HasSetting(BevelButton2) + Skin.HasSetting(ShadowButton2) + !Skin.HasSetting(StrokeButton2)">Buttons_2D_alttexturenofocus_ButtonD4</include>
	
	<include description="הכל-2" condition="Skin.HasSetting(2DButton2) + Skin.HasSetting(OverlayButton2) + !Skin.HasSetting(BevelButton2) + Skin.HasSetting(ShadowButton2) + Skin.HasSetting(StrokeButton2)">Buttons_2D_alttexturenofocus_ButtonD11</include>
	<include description="הכל-2" condition="Skin.HasSetting(2DButton2) + Skin.HasSetting(OverlayButton2) + Skin.HasSetting(BevelButton2) + !Skin.HasSetting(ShadowButton2) + Skin.HasSetting(StrokeButton2)">Buttons_2D_alttexturenofocus_ButtonD12</include>
	<include description="הכל-2" condition="Skin.HasSetting(2DButton2) + Skin.HasSetting(OverlayButton2) + Skin.HasSetting(BevelButton2) + Skin.HasSetting(ShadowButton2) + !Skin.HasSetting(StrokeButton2)">Buttons_2D_alttexturenofocus_ButtonD13</include>
	<include description="הכל-2" condition="Skin.HasSetting(2DButton2) + !Skin.HasSetting(OverlayButton2) + !Skin.HasSetting(BevelButton2) + !Skin.HasSetting(ShadowButton2) + Skin.HasSetting(StrokeButton2)">Buttons_2D_alttexturenofocus_ButtonD14</include>
	<include description="הכל-2" condition="Skin.HasSetting(2DButton2) + !Skin.HasSetting(OverlayButton2) + !Skin.HasSetting(BevelButton2) + Skin.HasSetting(ShadowButton2) + !Skin.HasSetting(StrokeButton2)">Buttons_2D_alttexturenofocus_ButtonD15</include>
	<include description="הכל-2" condition="Skin.HasSetting(2DButton2) + !Skin.HasSetting(OverlayButton2) + Skin.HasSetting(BevelButton2) + !Skin.HasSetting(ShadowButton2) + !Skin.HasSetting(StrokeButton2)">Buttons_2D_alttexturenofocus_ButtonD16</include>
	
	<include description="הכל-3" condition="Skin.HasSetting(2DButton2) + Skin.HasSetting(OverlayButton2) + !Skin.HasSetting(BevelButton2) + !Skin.HasSetting(ShadowButton2) + Skin.HasSetting(StrokeButton2)">Buttons_2D_alttexturenofocus_ButtonD21</include>
	<include description="הכל-3" condition="Skin.HasSetting(2DButton2) + Skin.HasSetting(OverlayButton2) + !Skin.HasSetting(BevelButton2) + Skin.HasSetting(ShadowButton2) + !Skin.HasSetting(StrokeButton2)">Buttons_2D_alttexturenofocus_ButtonD22</include>
	<include description="הכל-3" condition="Skin.HasSetting(2DButton2) + !Skin.HasSetting(OverlayButton2) + !Skin.HasSetting(BevelButton2) + !Skin.HasSetting(ShadowButton2) + !Skin.HasSetting(StrokeButton2)">Buttons_2D_alttexturenofocus_ButtonD23</include>
	
	<include description="הכל-4" condition="Skin.HasSetting(2DButton2) + Skin.HasSetting(OverlayButton2) + !Skin.HasSetting(BevelButton2) + !Skin.HasSetting(ShadowButton2) + !Skin.HasSetting(StrokeButton2)">Buttons_2D_alttexturenofocus_ButtonD</include>
	<include description="כלום" condition="!Skin.HasSetting(2DButton2)">Buttons_2D_alttexturenofocus_ButtonD4</include>
  </include>
  
  <include name="Buttons_2D_alttexturenofocus_ButtonD1">
    <alttexturenofocus border="40" colordiffuse="ff96708f">buttons/mixed/_/ButtonD1.png</alttexturenofocus>
  </include>
  <include name="Buttons_2D_alttexturenofocus_ButtonD2">
    <alttexturenofocus border="40" colordiffuse="ff96708f">buttons/mixed/_/ButtonD2.png</alttexturenofocus>
  </include>
  <include name="Buttons_2D_alttexturenofocus_ButtonD3">
    <alttexturenofocus border="40" colordiffuse="ff96708f">buttons/mixed/_/ButtonD3.png</alttexturenofocus>
  </include>
  <include name="Buttons_2D_alttexturenofocus_ButtonD4">
    <alttexturenofocus border="40" colordiffuse="ff96708f">buttons/mixed/_/ButtonD4.png</alttexturenofocus>
  </include>
  
  <include name="Buttons_2D_alttexturenofocus_ButtonD11">
    <alttexturenofocus border="40" colordiffuse="ff96708f">buttons/mixed/_/ButtonD11.png</alttexturenofocus>
  </include>
  <include name="Buttons_2D_alttexturenofocus_ButtonD12">
    <alttexturenofocus border="40" colordiffuse="ff96708f">buttons/mixed/_/ButtonD12.png</alttexturenofocus>
  </include>
  <include name="Buttons_2D_alttexturenofocus_ButtonD13">
    <alttexturenofocus border="40" colordiffuse="ff96708f">buttons/mixed/_/ButtonD13.png</alttexturenofocus>
  </include>
  <include name="Buttons_2D_alttexturenofocus_ButtonD14">
    <alttexturenofocus border="40" colordiffuse="ff96708f">buttons/mixed/_/ButtonD14.png</alttexturenofocus>
  </include>
  <include name="Buttons_2D_alttexturenofocus_ButtonD15">
    <alttexturenofocus border="40" colordiffuse="ff96708f">buttons/mixed/_/ButtonD15.png</alttexturenofocus>
  </include>
  <include name="Buttons_2D_alttexturenofocus_ButtonD16">
    <alttexturenofocus border="40" colordiffuse="ff96708f">buttons/mixed/_/ButtonD16.png</alttexturenofocus>
  </include>
  
  <include name="Buttons_2D_alttexturenofocus_ButtonD21">
    <alttexturenofocus border="40" colordiffuse="ff96708f">buttons/mixed/_/ButtonD21.png</alttexturenofocus>
  </include>
  <include name="Buttons_2D_alttexturenofocus_ButtonD22">
    <alttexturenofocus border="40" colordiffuse="ff96708f">buttons/mixed/_/ButtonD22.png</alttexturenofocus>
  </include>
  <include name="Buttons_2D_alttexturenofocus_ButtonD23">
    <alttexturenofocus border="40" colordiffuse="ff96708f">buttons/mixed/_/ButtonD23.png</alttexturenofocus>
  </include>
  
  <include name="Buttons_2D_alttexturenofocus_ButtonD">
    <alttexturenofocus border="40" colordiffuse="ff96708f">buttons/mixed/_/ButtonD4.png</alttexturenofocus>
  </include>
  
  <include name="Buttons_2D_alttexturenofocus_ButtonD0">
    <alttexturenofocus border="40" colordiffuse="ff96708f">buttons/types/bd.png</alttexturenofocus>
  </include>
  
  
  <include name="Buttons_2D_texture" description="Layouts">
    <include description="הכל-1" condition="Skin.HasSetting(2DButton2) + Skin.HasSetting(OverlayButton2) + Skin.HasSetting(BevelButton2) + Skin.HasSetting(ShadowButton2) + Skin.HasSetting(StrokeButton2)">Buttons_2D_texture_ButtonD1</include>
	<include description="הכל-1" condition="Skin.HasSetting(2DButton2) + !Skin.HasSetting(OverlayButton2) + !Skin.HasSetting(BevelButton2) + Skin.HasSetting(ShadowButton2) + Skin.HasSetting(StrokeButton2)">Buttons_2D_texture_ButtonD2</include>
	<include description="הכל-1" condition="Skin.HasSetting(2DButton2) + !Skin.HasSetting(OverlayButton2) + Skin.HasSetting(BevelButton2) + !Skin.HasSetting(ShadowButton2) + Skin.HasSetting(StrokeButton2)">Buttons_2D_texture_ButtonD3</include>
	<include description="הכל-1" condition="Skin.HasSetting(2DButton2) + !Skin.HasSetting(OverlayButton2) + Skin.HasSetting(BevelButton2) + Skin.HasSetting(ShadowButton2) + !Skin.HasSetting(StrokeButton2)">Buttons_2D_texture_ButtonD4</include>
	
	<include description="הכל-2" condition="Skin.HasSetting(2DButton2) + Skin.HasSetting(OverlayButton2) + !Skin.HasSetting(BevelButton2) + Skin.HasSetting(ShadowButton2) + Skin.HasSetting(StrokeButton2)">Buttons_2D_texture_ButtonD11</include>
	<include description="הכל-2" condition="Skin.HasSetting(2DButton2) + Skin.HasSetting(OverlayButton2) + Skin.HasSetting(BevelButton2) + !Skin.HasSetting(ShadowButton2) + Skin.HasSetting(StrokeButton2)">Buttons_2D_texture_ButtonD12</include>
	<include description="הכל-2" condition="Skin.HasSetting(2DButton2) + Skin.HasSetting(OverlayButton2) + Skin.HasSetting(BevelButton2) + Skin.HasSetting(ShadowButton2) + !Skin.HasSetting(StrokeButton2)">Buttons_2D_texture_ButtonD13</include>
	<include description="הכל-2" condition="Skin.HasSetting(2DButton2) + !Skin.HasSetting(OverlayButton2) + !Skin.HasSetting(BevelButton2) + !Skin.HasSetting(ShadowButton2) + Skin.HasSetting(StrokeButton2)">Buttons_2D_texture_ButtonD14</include>
	<include description="הכל-2" condition="Skin.HasSetting(2DButton2) + !Skin.HasSetting(OverlayButton2) + !Skin.HasSetting(BevelButton2) + Skin.HasSetting(ShadowButton2) + !Skin.HasSetting(StrokeButton2)">Buttons_2D_texture_ButtonD15</include>
	<include description="הכל-2" condition="Skin.HasSetting(2DButton2) + !Skin.HasSetting(OverlayButton2) + Skin.HasSetting(BevelButton2) + !Skin.HasSetting(ShadowButton2) + !Skin.HasSetting(StrokeButton2)">Buttons_2D_texture_ButtonD16</include>
	
	<include description="הכל-3" condition="Skin.HasSetting(2DButton2) + Skin.HasSetting(OverlayButton2) + !Skin.HasSetting(BevelButton2) + !Skin.HasSetting(ShadowButton2) + Skin.HasSetting(StrokeButton2)">Buttons_2D_texture_ButtonD21</include>
	<include description="הכל-3" condition="Skin.HasSetting(2DButton2) + Skin.HasSetting(OverlayButton2) + !Skin.HasSetting(BevelButton2) + Skin.HasSetting(ShadowButton2) + !Skin.HasSetting(StrokeButton2)">Buttons_2D_texture_ButtonD22</include>
	<include description="הכל-3" condition="Skin.HasSetting(2DButton2) + !Skin.HasSetting(OverlayButton2) + !Skin.HasSetting(BevelButton2) + !Skin.HasSetting(ShadowButton2) + !Skin.HasSetting(StrokeButton2)">Buttons_2D_texture_ButtonD23</include>
	
	<include description="הכל-4" condition="Skin.HasSetting(2DButton2) + Skin.HasSetting(OverlayButton2) + !Skin.HasSetting(BevelButton2) + !Skin.HasSetting(ShadowButton2) + !Skin.HasSetting(StrokeButton2)">Buttons_2D_texture_ButtonD</include>
	<include description="כלום" condition="!Skin.HasSetting(2DButton2)">Buttons_2D_texture_ButtonD4</include>
  </include>
  
  <include name="Buttons_2D_texture_ButtonD1">
    <texture border="40" colordiffuse="ff96708f">buttons/mixed/_/ButtonD1.png</texture>
  </include>
  <include name="Buttons_2D_texture_ButtonD2">
    <texture border="40" colordiffuse="ff96708f">buttons/mixed/_/ButtonD2.png</texture>
  </include>
  <include name="Buttons_2D_texture_ButtonD3">
    <texture border="40" colordiffuse="ff96708f">buttons/mixed/_/ButtonD3.png</texture>
  </include>
  <include name="Buttons_2D_texture_ButtonD4">
    <texture border="40" colordiffuse="ff96708f">buttons/mixed/_/ButtonD4.png</texture>
  </include>
  
  <include name="Buttons_2D_texture_ButtonD11">
    <texture border="40" colordiffuse="ff96708f">buttons/mixed/_/ButtonD11.png</texture>
  </include>
  <include name="Buttons_2D_texture_ButtonD12">
    <texture border="40" colordiffuse="ff96708f">buttons/mixed/_/ButtonD12.png</texture>
  </include>
  <include name="Buttons_2D_texture_ButtonD13">
    <texture border="40" colordiffuse="ff96708f">buttons/mixed/_/ButtonD13.png</texture>
  </include>
  <include name="Buttons_2D_texture_ButtonD14">
    <texture border="40" colordiffuse="ff96708f">buttons/mixed/_/ButtonD14.png</texture>
  </include>
  <include name="Buttons_2D_texture_ButtonD15">
    <texture border="40" colordiffuse="ff96708f">buttons/mixed/_/ButtonD15.png</texture>
  </include>
  <include name="Buttons_2D_texture_ButtonD16">
    <texture border="40" colordiffuse="ff96708f">buttons/mixed/_/ButtonD16.png</texture>
  </include>
  
  <include name="Buttons_2D_texture_ButtonD21">
    <texture border="40" colordiffuse="ff96708f">buttons/mixed/_/ButtonD21.png</texture>
  </include>
  <include name="Buttons_2D_texture_ButtonD22">
    <texture border="40" colordiffuse="ff96708f">buttons/mixed/_/ButtonD22.png</texture>
  </include>
  <include name="Buttons_2D_texture_ButtonD23">
    <texture border="40" colordiffuse="ff96708f">buttons/mixed/_/ButtonD23.png</texture>
  </include>
  
  <include name="Buttons_2D_texture_ButtonD">
    <texture border="40" colordiffuse="ff96708f">buttons/mixed/_/ButtonD4.png</texture>
  </include>
  
  <include name="Buttons_2D_texture_ButtonD0">
    <texture border="40" colordiffuse="ff96708f">buttons/types/bd.png</texture>
  </include>
  
</includes>
