<?xml version="1.0" encoding="UTF-8"?>
<includes>
  <include name="ViewDesign_50" description="Side List">
    <control type="group" description="">
	  <include>TopInformationSize1</include>
	  <visible>Control.IsVisible(50)</visible>
      <control type="group">
	    <animation condition="Skin.HasSetting(View50_SideVideoInformation)" effect="zoom" center="0,1100" start="100,112" end="100,112" time="0" reversible="false">Conditional</animation>
		<include condition="String.IsEqual(System.Language,Hebrew)">Control_Pos46</include>
		<control type="panel" id="50">
		  <posx>-10</posx>
		  <posy>150</posy>
		  <width>480</width>
		  <height>934</height>
		  <include>4ways</include>
		  <viewtype label="31011">List</viewtype>
		  <include>ViewDesign_50_Layout</include>
		</control>
		<include condition="!Skin.HasSetting(Performance)">Trailer_50</include>
      </control>
	  
    </control>
  </include>

  <include name="ViewDesign_11" description="Side List">
    <control type="group" description="">
	  <visible>Control.IsVisible(11)</visible>
      <control type="group">
	    <include condition="String.IsEqual(System.Language,Hebrew)">Control_Pos46</include>
		<control type="list" id="11">
		  <include>TopInformationSize1</include>
		  <posx>-10</posx>
		  <posy>149</posy>
		  <width>480</width>
		  <height>935</height>
		  <include>4ways</include>
		  <viewtype label="">List</viewtype>
		  <include>ViewDesign_50_Layout</include>
		</control>
      </control>
    </control>
  </include>  
  <include name="ViewDesign_450" description="Side List">
    <control type="group" description="">
	  <visible>Control.IsVisible(450)</visible>
      <control type="group">
		<control type="list" id="450">
		  <include>TopInformationSize1</include>
		  <include condition="!Skin.HasSetting(51over50)">450_50</include>
		  <include condition="Skin.HasSetting(51over50)">450_51</include>
		</control>
      </control>
    </control>
  </include>
  
  <include name="450_50">
    <include condition="String.IsEqual(System.Language,Hebrew)">Control_Pos46</include>
    <posx>-10</posx>
	<posy>149</posy>
	<width>480</width>
	<height>935</height>
	<include>4ways</include>
	<include>ViewDesign_50_Layout</include>
  </include>
  <include name="450_51">
    <posx>520</posx>
	<posy>200</posy>
	<width>1880</width>
	<height>812</height>
	<include>4ways</include>
	<include>ViewDesign_51_Layout</include>
  </include>
  
  <include name="ViewDesign_50_Layout">
	  <itemlayout description="(כללי)" condition="Skin.HasSetting(View50_Plus)" height="40" width="480">
		<include>ViewDesign_50_ItemLayout</include>
	  </itemlayout>
	  <focusedlayout description="(כללי)" condition="Skin.HasSetting(View50_Plus)" height="40" width="480">    
		<include>ViewDesign_50_FocusedLayout</include>
	  </focusedlayout>	
	  
	  <itemlayout description="(כללי)" condition="!Skin.HasSetting(View50_Plus)" height="85" width="480">
		<include>ViewDesign_50_ItemLayout</include>
		<include>View50_Plus</include>
	  </itemlayout>
	  <focusedlayout description="(כללי)" condition="!Skin.HasSetting(View50_Plus)" height="85" width="480">    
		<include>ViewDesign_50_FocusedLayout</include>
		<include>View50_Plus</include>
	  </focusedlayout>	
  </include>
  
  <include name="ViewDesign_50_ItemLayout">
    <control type="image" description="מסגרת">
	  <animation condition="!Skin.HasSetting(View50_Plus)" effect="zoom" center="0,0" start="100,100" end="100,200">Conditional</animation>
	  <!--<include condition="!Skin.HasSetting(Performance)">Fade_MenuButtonsOverlay</include>-->
	  <posx>0</posx>
	  <posy>-5</posy>
	  <width>480</width>
	  <height>45</height>
	  <bordertexture colordiffuse="ff000000" border="0">buttons/ButtonA0.png</bordertexture>
	  <bordersize>2</bordersize>
	  <texture border="0" colordiffuse="$VAR[MenuColor]">buttons/ButtonA0.png</texture>
	</control>
	<control type="group" description="פרטים נוספים">
	  <height>60</height>		
	  <posx>417</posx>
	  <width>40</width>
	  <animation condition="String.IsEqual(System.Language,Hebrew)" effect="slide" start="0,0" end="-405,0">Conditional</animation>
	  <control type="image" description="סמן נצפה רגיל">
		  <animation condition="!String.IsEqual(System.Language,Hebrew)" effect="slide" start="0,0" end="14,0">Conditional</animation>
		  <animation condition="String.IsEqual(System.Language,Hebrew)" effect="slide" start="0,0" end="-8,0">Conditional</animation>
		  <height>40</height>
		  <posy>-2</posy>
		  <texture colordiffuse="$VAR[IconUnFocusColor]">$VAR[Overlay2]</texture>
		  <width>40</width>
		  <visible>![[Container.Content(TVShows) + Integer.IsGreater(ListItem.Property(WatchedEpisodes),0) + Integer.IsGreater(ListItem.Property(UnWatchedEpisodes),0)] | [Container.Content(Seasons) + Integer.IsGreater(ListItem.Property(UnWatchedEpisodes),0)] | [Container.Content(Episodes)] + Skin.String(ListItemUnWatchedEpisodes)]</visible>
		  <visible>Window.IsVisible(MyVideoNav.xml)</visible>
	  </control> 
	  <control type="label" description="טקסט נצפה">					
		<include condition="String.IsEqual(System.Language,Hebrew)">LabelL7</include>
		<include condition="!String.IsEqual(System.Language,Hebrew)">LabelR7</include>
		<height>40</height>
		<label>$VAR[Button11300]</label>
		<posy>-2</posy>
		<textcolor>grey</textcolor>
		<width>60</width>
		<visible>[Container.Content(TVShows) + Integer.IsGreater(ListItem.Property(WatchedEpisodes),0) + Integer.IsGreater(ListItem.Property(UnWatchedEpisodes),0)] | [Container.Content(Seasons) + Integer.IsGreater(ListItem.Property(UnWatchedEpisodes),0)] | [Container.Content(Episodes)] + Skin.String(ListItemUnWatchedEpisodes)</visible>
		<visible>Window.IsVisible(MyVideoNav.xml)</visible>
	  </control>
	  <control type="label" description="טקסט נצפה">					
		<include condition="String.IsEqual(System.Language,Hebrew)">LabelL7</include>
		<include condition="!String.IsEqual(System.Language,Hebrew)">LabelR7</include>
		<height>40</height>
		<label>$VAR[Button11300]</label>
		<posy>-2</posy>
		<textcolor>grey</textcolor>
		<width>60</width>
		<visible>[Container.Content(TVShows) + Integer.IsGreater(ListItem.Property(WatchedEpisodes),0) + Integer.IsGreater(ListItem.Property(UnWatchedEpisodes),0)] | [Container.Content(Seasons) + Integer.IsGreater(ListItem.Property(UnWatchedEpisodes),0)] | [Container.Content(Episodes)] + Skin.String(ListItemUnWatchedEpisodes)</visible>
		<visible>Window.IsVisible(MyVideoNav.xml)</visible>
	  </control>
	  <control type="label" description="שם2">
		  <include condition="String.IsEqual(System.Language,Hebrew)">LabelL7</include>
		  <include condition="!String.IsEqual(System.Language,Hebrew)">LabelR7</include>
		  <height>40</height>
		  <label>$VAR[VideoInformation3]</label>
		  <textcolor>grey</textcolor>
		  <width>60</width>
		  <wrapmultiline>true</wrapmultiline>
		  <visible>String.IsEmpty(Control.GetLabel(11155))</visible>
	  </control>
	</control>
	<control type="label" description="שם">
	  <include condition="String.IsEqual(System.Language,Hebrew)">Control_Pos47</include>
	  <include condition="String.IsEqual(System.Language,Hebrew)">LabelR1</include>
	  <include condition="!String.IsEqual(System.Language,Hebrew)">LabelL1</include>
	  <posx>35</posx>
	  <posy>-4</posy>
	  <width>400</width>
	  <height>40</height>
	  <label>$VAR[VideoInformation1]</label>
	  <visible>[!Skin.HasSetting(View50_BiggerIcon) | Skin.HasSetting(View50_Plus)] | [String.IsEmpty(ListItem.Icon) + String.IsEmpty(ListItem.Art(poster)) + String.IsEmpty(ListItem.Thumb)]</visible>
	</control>
	<control type="label" description="שם עם תמונה מוגדלת">
	  <include condition="String.IsEqual(System.Language,Hebrew)">Control_Pos47</include>
	  <include condition="String.IsEqual(System.Language,Hebrew)">LabelR1</include>
	  <include condition="!String.IsEqual(System.Language,Hebrew)">LabelL1</include>
	  <posx>115</posx>
	  <posy>-4</posy>
	  <width>320</width>
	  <height>40</height>
	  <label>$VAR[VideoInformation1]</label>
	  <visible>Skin.HasSetting(View50_BiggerIcon) + !Skin.HasSetting(View50_Plus)</visible>
	  <visible>[!String.IsEmpty(ListItem.Icon) | !String.IsEmpty(ListItem.Art(poster)) | !String.IsEmpty(ListItem.Thumb)] | String.IsEqual(Control.GetLabel(13055),DefaultFolderBack.png)</visible>
	</control>
	<control type="label" id="13055">
	  <visible>false</visible>
	  <scroll>true</scroll>
	  <font>size18</font>
	  <label>$VAR[VideoInformation2]</label>
	</control>
	<include>View50_Genre</include>
	<include>View50_Common</include>
  </include>
  <include name="View50_Genre">
    <control type="label" description="סגנונות">
	  <include condition="String.IsEqual(System.Language,Hebrew)">Control_Pos34</include>
	  <animation description="slide_he" condition="Skin.HasSetting(View50_BiggerIcon) + !Skin.HasSetting(View50_Plus) + !String.IsEqual(System.Language,Hebrew)" effect="slide" start="0,0" end="30,0" time="0">Conditional</animation>
	  <animation description="slide_he" condition="Skin.HasSetting(View50_BiggerIcon) + !Skin.HasSetting(View50_Plus) + String.IsEqual(System.Language,Hebrew)" effect="slide" start="0,0" end="-60,0" time="0">Conditional</animation>
	  <animation description="slide_he" condition="!Skin.HasSetting(View50_BiggerIcon) + !Skin.HasSetting(View50_Plus) + String.IsEqual(System.Language,Hebrew)" effect="slide" start="0,0" end="-30,0" time="0">Conditional</animation>
	  <animation description="slide_he" condition="Window.IsVisible(MyPics.xml) + !String.IsEqual(System.Language,Hebrew)" effect="slide" start="0,0" end="30,0" time="0">Conditional</animation>
	  <posx>85</posx>
	  <posy>40</posy>
	  <width>250</width>
	  <height>30</height>
	  <textcolor>grey</textcolor>
	  <include condition="String.IsEqual(System.Language,Hebrew)">LabelR7</include>
	  <include condition="!String.IsEqual(System.Language,Hebrew)">LabelL7</include>
	  <label>$VAR[VideoInformation5]</label>
	  <visible>!String.IsEmpty(ListItem.Genre)</visible>
	  <visible>![[Window.IsVisible(MyPVRChannels.xml) | Window.IsVisible(MyPVRGuide.xml) | Window.IsVisible(DialogPVRGuideOSD.xml) | Window.IsVisible(DialogPVRChannelsOSD.xml)] + ListItem.HasEpg]</visible>
	  <visible>!Container.Content(seasons) + !Container.Content(episodes) + !String.Contains(ListItem.path,videodb://movies/sets/)</visible>
	</control>
  </include>
  
  <include name="ViewDesign_50_FocusedLayout">
    <include>AutoView</include>
	<control type="image" description="מסגרת">
	  <animation condition="!Skin.HasSetting(View50_Plus)" effect="zoom" center="0,0" start="100,100" end="100,200">Conditional</animation>
	  <posx>0</posx>
	  <posy>-5</posy>
	  <width>480</width>
	  <height>45</height>
	  <bordertexture colordiffuse="ff000000" border="0">buttons/ButtonA0.png</bordertexture>
	  <bordersize>2</bordersize>
	  <texture border="40" colordiffuse="$VAR[ButtonFocusColor]">buttons/ButtonA0.png</texture>
	</control>
	<control type="group" description="פרטים נוספים">
	  <height>60</height>		
	  <posx>417</posx>
	  <width>40</width>
	  <animation condition="String.IsEqual(System.Language,Hebrew)" effect="slide" start="0,0" end="-405,0">Conditional</animation>
	  <control type="image" description="סמן נצפה רגיל">
		  <animation condition="!String.IsEqual(System.Language,Hebrew)" effect="slide" start="0,0" end="14,0">Conditional</animation>
		  <animation condition="String.IsEqual(System.Language,Hebrew)" effect="slide" start="0,0" end="-8,0">Conditional</animation>
		  <height>40</height>
		  <posy>-2</posy>
		  <texture colordiffuse="$VAR[IconFocusColor]">$VAR[Overlay2]</texture>
		  <width>40</width>
		  <visible>![[Container.Content(TVShows) + Integer.IsGreater(ListItem.Property(WatchedEpisodes),0) + Integer.IsGreater(ListItem.Property(UnWatchedEpisodes),0)] | [Container.Content(Seasons) + Integer.IsGreater(ListItem.Property(UnWatchedEpisodes),0)] | [Container.Content(Episodes)] + Skin.String(ListItemUnWatchedEpisodes)]</visible>
		  <visible>Window.IsVisible(MyVideoNav.xml)</visible>
	  </control> 
	  <control type="label" description="טקסט נצפה">					
		<include condition="String.IsEqual(System.Language,Hebrew)">LabelL7</include>
		<include condition="!String.IsEqual(System.Language,Hebrew)">LabelR7</include>
		<height>40</height>
		<label>$VAR[Button11300]</label>
		<posy>-2</posy>
		<textcolor>grey</textcolor>
		<width>60</width>
		<visible>[Container.Content(TVShows) + Integer.IsGreater(ListItem.Property(WatchedEpisodes),0) + Integer.IsGreater(ListItem.Property(UnWatchedEpisodes),0)] | [Container.Content(Seasons) + Integer.IsGreater(ListItem.Property(UnWatchedEpisodes),0)] | [Container.Content(Episodes)] + Skin.String(ListItemUnWatchedEpisodes)</visible>
		<visible>Window.IsVisible(MyVideoNav.xml)</visible>
	  </control>
	  <control type="label" description="שם2">
		  <include condition="String.IsEqual(System.Language,Hebrew)">LabelL7</include>
		  <include condition="!String.IsEqual(System.Language,Hebrew)">LabelR7</include>
		  <height>40</height>
		  <label>$VAR[VideoInformation3]</label>
		  <textcolor>grey</textcolor>
		  <width>60</width>
		  <wrapmultiline>true</wrapmultiline>
		  <visible>String.IsEmpty(Control.GetLabel(11155)) + !String.IsEmpty(Control.GetLabel(11153))</visible>
	  </control>
	</control>
	<control type="label" description="שם">
	  <include condition="String.IsEqual(System.Language,Hebrew)">Control_Pos47</include>
	  <include condition="String.IsEqual(System.Language,Hebrew)">LabelR1</include>
	  <include condition="!String.IsEqual(System.Language,Hebrew)">LabelL1</include>
	  <textcolor>yellow</textcolor>
	  <posx>35</posx>
	  <posy>-4</posy>
	  <width>400</width>
	  <height>40</height>
	  <label>$VAR[VideoInformation1]</label>
	  <visible>[!Skin.HasSetting(View50_BiggerIcon) | Skin.HasSetting(View50_Plus)] | [String.IsEmpty(ListItem.Icon) + String.IsEmpty(ListItem.Art(poster)) + String.IsEmpty(ListItem.Thumb)]</visible>
	</control>
	<control type="label" description="שם עם תמונה מוגדלת">
	  <include condition="String.IsEqual(System.Language,Hebrew)">Control_Pos47</include>
	  <include condition="String.IsEqual(System.Language,Hebrew)">LabelR1</include>
	  <include condition="!String.IsEqual(System.Language,Hebrew)">LabelL1</include>
	  <textcolor>yellow</textcolor>
	  <posx>115</posx>
	  <posy>-4</posy>
	  <width>320</width>
	  <height>40</height>
	  <label>$VAR[VideoInformation1]</label>
	  <visible>Skin.HasSetting(View50_BiggerIcon) + !Skin.HasSetting(View50_Plus)</visible>
	  <visible>[!String.IsEmpty(ListItem.Icon) | !String.IsEmpty(ListItem.Art(poster)) | !String.IsEmpty(ListItem.Thumb)] | String.IsEqual(Control.GetLabel(13055),DefaultFolderBack.png)</visible>
	</control>
	<include condition="Skin.HasSetting(Performance) | Skin.HasSetting(Genre)">View50_Genre</include>
	<control type="grouplist" description="תמונת סגנון">
	    <animation condition="true" effect="zoom" center="auto" start="100,100" end="80,80">Conditional</animation>
		<animation description="slide_he" condition="String.IsEqual(System.Language,Hebrew)" effect="slide" start="0,0" end="30,0" time="0">Conditional</animation>
		<animation description="slide_he" condition="Skin.HasSetting(View50_BiggerIcon) + !Skin.HasSetting(View50_Plus) + !String.IsEqual(System.Language,Hebrew)" effect="slide" start="0,0" end="45,0" time="0">Conditional</animation>
	    <animation description="slide_he" condition="Skin.HasSetting(View50_BiggerIcon) + !Skin.HasSetting(View50_Plus) + String.IsEqual(System.Language,Hebrew)" effect="slide" start="0,0" end="-40,0" time="0">Conditional</animation>
	    <posx>0</posx>
		<posy>30</posy>
		<include condition="String.IsEqual(System.Language,Hebrew)">LabelR7</include>
		<include condition="!String.IsEqual(System.Language,Hebrew)">LabelL7</include>
		<orientation>horizontal</orientation>
		<height>50</height>
		<width>460</width>
		<itemgap>-80</itemgap>
	    <include condition="!Skin.HasSetting(Genre)">MultiVideoGenreFlagging</include>
		<include condition="Skin.HasSetting(Genre)">GenreText</include>
		<visible>!Skin.HasSetting(Genre) + !String.Contains(ListItem.path,videodb://movies/sets/) + !String.IsEmpty(ListItem.Genre)</visible>
		<visible>!Skin.HasSetting(View50_Plus)</visible>
		<visible>!Container.Content(seasons) + !Container.Content(episodes)</visible>
		<visible>!Skin.HasSetting(Performance)</visible>
	</control>
	<control type="label" description="סגנונות">
	  <include condition="String.IsEqual(System.Language,Hebrew)">Control_Pos34</include>
	  <animation description="slide_he" condition="Window.IsVisible(MyPics.xml) + String.IsEqual(System.Language,Hebrew)" effect="slide" start="0,0" end="30,0" time="0">Conditional</animation>
	  <animation description="slide_he" condition="Window.IsVisible(MyPics.xml) + !String.IsEqual(System.Language,Hebrew)" effect="slide" start="0,0" end="30,0" time="0">Conditional</animation>
	  <posx>50</posx>
	  <posy>40</posy>
	  <width>270</width>
	  <height>30</height>
	  <textcolor>grey</textcolor>
	  <include condition="String.IsEqual(System.Language,Hebrew)">LabelR7</include>
	  <include condition="!String.IsEqual(System.Language,Hebrew)">LabelL7</include>
	  <label>$VAR[VideoInformation5]</label>
	  <visible>!String.IsEmpty(ListItem.Genre) + Skin.HasSetting(Genre)</visible>
	  <visible>![[Window.IsVisible(MyPVRChannels.xml) | Window.IsVisible(MyPVRGuide.xml) | Window.IsVisible(DialogPVRGuideOSD.xml) | Window.IsVisible(DialogPVRChannelsOSD.xml)] + ListItem.HasEpg]</visible>
	  <visible>!Container.Content(seasons) + !Container.Content(episodes) + !String.Contains(ListItem.path,videodb://movies/sets/)</visible>
	</control>
	<include>View50_Common</include>
  </include>
  <include name="View50_Common">
    <control type="image" description="סמן מידע">
	  <height>40</height>		
	  <posx>5</posx>
	  <posy>-3</posy>	      
	  <width>465</width>
	  <include condition="String.IsEqual(System.Language,Hebrew)">ImageL1</include>
	  <include condition="!String.IsEqual(System.Language,Hebrew)">ImageR1</include>
	  <texture colordiffuse="grey2">special://home/addons/script.featherence.service/resources/icons/information.png</texture>
	  <include>VisibilityInfoIcon</include>
	  <include>!Skin.HasSetting(Performance)</include>
    </control>
  </include>
  <include name="View50_Plus">
    <control type="label" description="משודר עכשיו">
	  <animation description="slide_he" condition="String.IsEqual(System.Language,Hebrew)" effect="slide" start="0,0" end="182,0" time="0">Conditional</animation>
	  <posx>75</posx>
	  <posy>40</posy>
	  <width>145</width>
	  <height>30</height>
	  <textcolor>grey</textcolor>
	  <include condition="String.IsEqual(System.Language,Hebrew)">LabelR7</include>
	  <include condition="!String.IsEqual(System.Language,Hebrew)">LabelL7</include>
	  <label>$VAR[TopVideoInformation7]</label>
	  <visible>[[Window.IsVisible(MyPVRChannels.xml) | Window.IsVisible(MyPVRGuide.xml) | Window.IsVisible(DialogPVRGuideOSD.xml) | Window.IsVisible(DialogPVRChannelsOSD.xml)] + ListItem.HasEpg]</visible>
	  <visible>[!Skin.HasSetting(View50_BiggerIcon) | Skin.HasSetting(View50_Plus)] | [String.IsEmpty(ListItem.Icon) + String.IsEmpty(ListItem.Art(poster)) + String.IsEmpty(ListItem.Thumb)]</visible>
	</control>
	<control type="label" description="משודר עכשיו עם תמונה מוגדלת">
	  <animation description="slide_he" condition="String.IsEqual(System.Language,Hebrew)" effect="slide" start="0,0" end="142,0" time="0">Conditional</animation>
	  <posx>112</posx>
	  <posy>40</posy>
	  <width>108</width>
	  <height>30</height>
	  <textcolor>grey</textcolor>
	  <include condition="String.IsEqual(System.Language,Hebrew)">LabelR7</include>
	  <include condition="!String.IsEqual(System.Language,Hebrew)">LabelL7</include>
	  <label>$VAR[TopVideoInformation7]</label>
	  <visible>[[Window.IsVisible(MyPVRChannels.xml) | Window.IsVisible(MyPVRGuide.xml) | Window.IsVisible(DialogPVRGuideOSD.xml) | Window.IsVisible(DialogPVRChannelsOSD.xml)] + ListItem.HasEpg]</visible>
	  <visible>Skin.HasSetting(View50_BiggerIcon) + !Skin.HasSetting(View50_Plus)</visible>
	  <visible>[!String.IsEmpty(ListItem.Icon) | !String.IsEmpty(ListItem.Art(poster)) | !String.IsEmpty(ListItem.Thumb)] | String.IsEqual(Control.GetLabel(13055),DefaultFolderBack.png)</visible>
	</control>
	<control type="image" description="תמונה">
	  <include>BorderFrame</include>
	  <include condition="String.IsEqual(System.Language,Hebrew)">Control_Pos52</include>
	  <posx>33</posx>
	  <posy>33</posy>
	  <height>40</height>
	  <width>40</width>
	  <include condition="String.IsEqual(System.Language,Hebrew)">ImageR2</include>
	  <include condition="!String.IsEqual(System.Language,Hebrew)">ImageL2</include>
	  <texture background="true">$VAR[VideoInformation2]</texture>
	  <visible>[!String.Contains(ListItem.path,videodb://movies/sets/)] | String.IsEmpty(ListItem.Genre)</visible>
	  <visible>!Skin.HasSetting(View50_BiggerIcon)</visible>
	</control>
	<control type="image" description="תמונה מוגדלת">
	  <include>BorderFrame</include>
      <animation description="slide_he" condition="String.IsEqual(System.Language,Hebrew)" effect="slide" start="0,0" end="348,0" time="0">Conditional</animation>
	  <posx>33</posx>
	  <posy>-3</posy>
	  <height>76</height>
	  <width>76</width>
	  <include condition="String.IsEqual(System.Language,Hebrew)">ImageR2</include>
	  <include condition="!String.IsEqual(System.Language,Hebrew)">ImageL2</include>
	  <texture background="true">$VAR[VideoInformation2]</texture>
	  <visible>!String.Contains(ListItem.path,videodb://movies/sets/) | String.IsEmpty(ListItem.Genre)</visible>
	  <visible>Skin.HasSetting(View50_BiggerIcon)</visible>
	</control>
	<control type="label" description="שעות/דקות/עונות">
	  <include condition="String.IsEqual(System.Language,Hebrew)">Control_Pos37</include>
	  <posx>365</posx>
	  <posy>40</posy>
	  <width>110</width>
	  <height>30</height>
	  <textcolor>grey</textcolor>
	  <include condition="String.IsEqual(System.Language,Hebrew)">LabelL7</include>
	  <include condition="!String.IsEqual(System.Language,Hebrew)">LabelR7</include>
	  <label>$VAR[VideoInformation4]</label>
	  <visible>!Skin.HasSetting(View50_Plus)</visible>
	  <visible>![[Window.IsVisible(MyPVRChannels.xml) | Window.IsVisible(MyPVRGuide.xml) | Window.IsVisible(DialogPVRGuideOSD.xml) | Window.IsVisible(DialogPVRChannelsOSD.xml)] + ListItem.HasEpg]</visible>
	  <visible>Skin.HasSetting(Show_Duration) + Container.Content(movies) + System.IdleTime(3) + !System.IdleTime(6)</visible>
	</control>
	<control type="label" description="שנה">
	  <include condition="String.IsEqual(System.Language,Hebrew)">Control_Pos37</include>
	  <posx>365</posx>
	  <posy>40</posy>
	  <width>110</width>
	  <height>30</height>
	  <textcolor>grey</textcolor>
	  <include condition="String.IsEqual(System.Language,Hebrew)">LabelL7</include>
	  <include condition="!String.IsEqual(System.Language,Hebrew)">LabelR7</include>
	  <label>$VAR[TopVideoInformation2]</label>
	  <visible>!Skin.HasSetting(View50_Plus)</visible>
	  <visible>![[Window.IsVisible(MyPVRChannels.xml) | Window.IsVisible(MyPVRGuide.xml) | Window.IsVisible(DialogPVRGuideOSD.xml) | Window.IsVisible(DialogPVRChannelsOSD.xml)] + ListItem.HasEpg]</visible>
	  <visible>![Skin.HasSetting(Show_Duration) + Container.Content(movies) + System.IdleTime(3) + !System.IdleTime(6)]</visible>
	</control>

	<control type="image" description="דירוג">
	  
	  <include condition="String.IsEqual(System.Language,Hebrew)">Control_Pos38</include>
	  <posx>360</posx>
	  <posy>23</posy>
	  <width>72</width>
	  <height>55</height>
	  <include condition="String.IsEqual(System.Language,Hebrew)">ImageR2</include>
	  <include condition="!String.IsEqual(System.Language,Hebrew)">ImageL2</include>
	  <texture border="1" background="true" colordiffuse="$VAR[MenuColor]">special://home/addons/script.featherence.service/resources/icons/star.png</texture>
	  <visible>!Skin.HasSetting(Show_Rating) + !String.IsEmpty(ListItem.Rating)</visible>
	  <visible>![[Window.IsVisible(MyPVRChannels.xml) | Window.IsVisible(MyPVRGuide.xml) | Window.IsVisible(DialogPVRGuideOSD.xml) | Window.IsVisible(DialogPVRChannelsOSD.xml)] + ListItem.HasEpg]</visible>
	  <visible>!Skin.HasSetting(Performance)</visible>
	</control>
	<control type="label" description="דירוג">
	  <include condition="String.IsEqual(System.Language,Hebrew)">Control_Pos37</include>
	  <posx>385</posx>
	  <posy>40</posy>
	  <width>50</width>
	  <height>30</height>
	  <textcolor>grey</textcolor>
	  <include condition="String.IsEqual(System.Language,Hebrew)">LabelR7</include>
	  <include condition="!String.IsEqual(System.Language,Hebrew)">LabelL7</include>
	  <label>$INFO[ListItem.Rating]</label>
	  <visible>!Skin.HasSetting(Show_Rating) + !String.IsEmpty(ListItem.Rating)</visible>
	  <visible>![[Window.IsVisible(MyPVRChannels.xml) | Window.IsVisible(MyPVRGuide.xml) | Window.IsVisible(DialogPVRGuideOSD.xml) | Window.IsVisible(DialogPVRChannelsOSD.xml)] + ListItem.HasEpg]</visible>
	</control>
	
	<include>PVRprogress</include>
  </include>
  
  <include name="PVRprogress">
	  <control type="group">
		<animation description="50_en" condition="[$EXP[View50] | Control.IsVisible(11) | Window.IsVisible(DialogPVRChannelsOSD.xml)] + !Skin.HasSetting(View50_Plus) + !String.IsEqual(System.Language,Hebrew)" effect="slide" start="0,0" end="150,40" time="0">Conditional</animation>
		<animation description="50_he" condition="[$EXP[View50] | Control.IsVisible(11) | Window.IsVisible(DialogPVRChannelsOSD.xml)] + !Skin.HasSetting(View50_Plus) + String.IsEqual(System.Language,Hebrew)" effect="slide" start="0,0" end="-70,40" time="0">Conditional</animation>
		<animation description="51" condition="$EXP[View51]" effect="slide" start="0,0" end="-5,54" time="0">Conditional</animation>
		<animation description="54/58" condition="$EXP[View54] | $EXP[View58]" effect="slide" start="0,0" end="20,405" time="0">Conditional</animation>
		<animation description="57" condition="$EXP[View57]" effect="slide" start="0,0" end="-40,320" time="0">Conditional</animation>
		<visible>ListItem.HasEpg</visible>
		<visible>!$EXP[View50] | $EXP[View50] + !Skin.HasSetting(View50_Plus)</visible>
		<control type="label" description="StartTime">
		  <posx>80</posx>
		  <posy>0</posy>
		  <width>60</width>
		  <height>30</height>
		  <font>size18</font>
		  <textcolor>grey</textcolor>
		  <align>left</align>
		  <label>$INFO[ListItem.StartTime]</label>
		</control>
		<control type="progress">
		  <posx>135</posx>
		  <posy>10</posy>
		  <width>120</width>
		  <height>13</height>
		  <texturebg>MusicOSD/ProgressBG.png</texturebg>
		  <midtexture>MusicOSD/ProgressM.png</midtexture>
		  <righttexture>MusicOSD/ProgressR.png</righttexture>
		  <lefttexture>MusicOSD/ProgressL.png</lefttexture>
		  <info>ListItem.Progress</info>
		</control>
		<control type="label" description="EndTime">
		  <posx>260</posx>
		  <posy>0</posy>
		  <width>60</width>
		  <height>30</height>
		  <font>size18</font>
		  <textcolor>grey</textcolor>
		  <align>left</align>
		  <label>$INFO[ListItem.EndTime]</label>
		</control>
	  </control>
  </include>
  
  <include name="ViewDesign_51" description="Center List">
    <control type="group" description="">
	  <visible>Control.IsVisible(51)</visible>
      <control type="group">
		<control type="panel" id="51">
		  <posx>520</posx>
		  <posy>200</posy>
		  <width>880</width>
		  <height>812</height>
		  <include>4ways</include>
		  <viewtype label="31010">List</viewtype>
		  <include>ViewDesign_51_Layout</include>
		</control>
		
		<include condition="!Skin.HasSetting(Performance)">Trailer_51</include>		
      </control>
    </control>
  </include>
  
  <include name="ViewDesign_570" description="Center List">
    <control type="group" description="">
	  <visible>Control.IsVisible(570)</visible>
      <control type="group">
		<control type="list" id="570">
		  <include>TopInformationSize1</include>
		  <include>Slide1</include>
		  <include>Slide2</include>
		  <animation condition="Player.HasVideo" effect="slide" start="0,0" end="0,-240" time="0" reversible="false">Conditional</animation>
		  <posx>20</posx>
		  <posy>140</posy>
		  <width>1880</width>
		  <height>930</height>
		  <include>4ways</include>
		  <include>ViewDesign_51_Layout</include>
		</control>
      </control>
    </control>
  </include>
  <include name="ViewDesign_51_Layout">
	  <itemlayout description="(כללי)" condition="true" height="90" width="960">
		<control type="image" description="מסגרת">
		  <!--<include condition="!Skin.HasSetting(Performance)">Fade_MenuButtonsOverlay</include>-->
		  <posx>0</posx>
		  <posy>0</posy>
		  <width>880</width>
		  <height>85</height>
		  <texture colordiffuse="$VAR[MenuColor]">buttons/types/bd0.png</texture>
		</control>
		<include>View51_Common</include>
		<control type="label" description="שם">
		  <include>LabelC3</include>
		  <posx>100</posx>
		  <posy>9</posy>
		  <width>700</width>
		  <height>70</height>
		  <label>$VAR[VideoInformation1]</label>
		</control>
	  </itemlayout>
	  <focusedlayout description="(כללי)" condition="true" height="90" width="960">    
		<include>AutoView</include>
		<control type="image" description="מסגרת">
		  <include>Fade41</include>
		  <posx>0</posx>
		  <posy>0</posy>
		  <width>880</width>
		  <height>85</height>
		  <texture border="40" colordiffuse="$VAR[ButtonFocusColor]">buttons/types/bd0.png</texture>
		</control>
		<include>View51_Common</include>
		
		<control type="label" description="שם">
		  <textcolor>yellow</textcolor>
		  <include>LabelC3</include>
		  <posx>100</posx>
		  <posy>9</posy>
		  <width>700</width>
		  <height>70</height>
		  <scroll>true</scroll>
		  <label>$VAR[VideoInformation1]</label>
		</control>
	  </focusedlayout>	
  </include>
  
  <include name="View51_Common">
    <control type="group" description="">
		<animation description="" condition="String.IsEqual(System.Language,Hebrew)" effect="slide" start="0,0" end="-786,0" time="0">Conditional</animation>
		<height>60</height>		
		<posx>810</posx>
		<posy>15</posy>	      
		<width>40</width>
		<control type="image" description="תמונה לא נבחר">
          <include>BorderFrame</include>
		  <texture background="true">$VAR[VideoInformation2]</texture>
		  <visible>true</visible>
		</control>
	</control>
	<control type="group" description="">
	  <animation description="" condition="String.IsEqual(System.Language,Hebrew)" effect="slide" start="0,0" end="786,0" time="0">Conditional</animation>
	  <posx>-295</posx>
	  <posy>-17</posy>
	  <include>InProgressBadge2</include>
	</control>
	
	<control type="label" description="משודר עכשיו">
	  <posx>75</posx>
	  <posy>10</posy>
	  <width>145</width>
	  <height>30</height>
	  <textcolor>grey</textcolor>
	  <include>LabelL7</include>
	  <label>$VAR[TopVideoInformation7]</label>
	  <visible>[[Window.IsVisible(MyPVRChannels.xml) | Window.IsVisible(MyPVRGuide.xml) | Window.IsVisible(DialogPVRGuideOSD.xml) | Window.IsVisible(DialogPVRChannelsOSD.xml)] + ListItem.HasEpg]</visible>
	  <visible>[!Skin.HasSetting(View50_BiggerIcon) | Skin.HasSetting(View50_Plus)] | [String.IsEmpty(ListItem.Icon) + String.IsEmpty(ListItem.Art(poster)) + String.IsEmpty(ListItem.Thumb)]</visible>
	</control>
	<include>PVRprogress</include>
	<control type="group" description="">
	  <animation description="" condition="String.IsEqual(System.Language,Hebrew)" effect="slide" start="0,0" end="773,0" time="0">Conditional</animation>
	  <posx>13</posx>
	    <control type="image" description="סמן מידע">
		  <aspectratio>keep</aspectratio>
		  <height>70</height>		
		  <posx>0</posx>
		  <posy>7</posy>	      
		  <width>70</width>
		  <texture colordiffuse="grey2">special://home/addons/script.featherence.service/resources/icons/information.png</texture>
		  <include>VisibilityInfoIcon</include>
		</control>
		<control type="image" description="אייקון">
		  <include>Fade40</include>
		  <aspectratio align="center">keep</aspectratio>			  			  
		  <height>70</height>
		  <posx>0</posx>
		  <posy>7</posy>
		  <texture colordiffuse="grey2">$VAR[PhotoInformation1]</texture>
		  <width>70</width>
		  <visible>Window.IsVisible(MyPics.xml)</visible>
		</control>
		<control type="label" description="שם2">
		  <include>Fade40</include>
		  <include>LabelL4</include>
		  <posx>15</posx>
		  <posy>7</posy>
		  <width>100</width>
		  <height>70</height>
		  <label>$VAR[VideoInformation3]</label>
		  <textcolor>grey</textcolor>
		  <wrapmultiline>true</wrapmultiline>
		  <visible>!String.IsEmpty(Control.GetLabel(11153)) | Window.IsVisible(MyPics.xml) + !String.IsEmpty(ListItem.FileExtension)</visible>
		</control>
		
	</control>
  </include>
  
  <include name="ViewDesign_56" description="Small List">
    <control type="group" description="">
	  <visible>Control.IsVisible(56)</visible>
      <control type="group">
	    <!--<animation condition="Player.HasVideo" effect="slide" start="0,0" end="0,-240" time="0" reversible="false">Conditional</animation>-->
	    <include>Slide1</include>
		<include>Slide2</include>
		<include condition="!Skin.HasSetting(Performance)">ArrowsUpDown</include>
        <control type="panel" id="56">
		  <posx>20</posx>
          <posy>210</posy>
          <width>1880</width>
          <height>825</height>
		  <include>4ways</include>
		  <viewtype label="31012">Grid</viewtype>
		  <itemlayout description="(Seasons/Episodes)" condition="!String.IsEmpty(Control.GetLabel(11155))" height="100" width="960"> <!--String.Contains(Container.FolderName,Mako)-->
			<control type="image" description="מסגרת">
			  <!--<include condition="!Skin.HasSetting(Performance)">Fade_MenuButtonsOverlay</include>-->
              <posx>760</posx>
              <posy>20</posy>
              <width>360</width>
              <height>100</height>
              <texture colordiffuse="$VAR[MenuColor]">buttons/types/bd0.png</texture>
            </control>
			<control type="label" description="פרק/עונה">
              <include>LabelC3</include>
			  <posx>802</posx>
              <posy>31</posy>
              <width>280</width>
              <height>70</height>
			  <scroll>false</scroll>
			  <label>$VAR[VideoInformation1]</label>
            </control>
		    <control type="label" description="כל העונות">
              <animation condition="!String.IsEqual(System.Language,Hebrew)" effect="slide" start="0,0" end="-205,0">Conditional</animation>
			  <include condition="String.IsEqual(System.Language,Hebrew)">LabelR7</include>
			  <include condition="!String.IsEqual(System.Language,Hebrew)">LabelL7</include>
			  <posx>980</posx>
              <posy>33</posy>
              <width>120</width>
              <height>70</height>
              <textcolor>grey</textcolor>
			  <scroll>false</scroll>
			  <label>$LOCALIZE[20373] $INFO[ListItem.Season]</label>
			  <visible>String.Contains(Container.FolderName,$LOCALIZE[20366]) + !String.IsEmpty(ListItem.Episode)</visible>
            </control>			
			<control type="group" description="פרטים נוספים">
			  <height>60</height>		
			  <posx>1180</posx>
			  <posy>50</posy>
			  <width>40</width>
			  <animation condition="String.IsEqual(System.Language,Hebrew)" effect="slide" start="0,0" end="-405,0">Conditional</animation>
			  <animation condition="!String.IsEqual(System.Language,Hebrew)" effect="slide" start="0,0" end="-132,0">Conditional</animation>
			  <control type="image" description="סמן נצפה רגיל">
				  <animation condition="String.IsEqual(System.Language,Hebrew)" effect="slide" start="0,0" end="-5,0">Conditional</animation>
				  <animation condition="!String.IsEqual(System.Language,Hebrew)" effect="slide" start="0,0" end="20,0">Conditional</animation>
				  <height>40</height>
				  <texture>$VAR[Overlay2]</texture>
				  <width>40</width>
				  <visible>![[Container.Content(TVShows) + Integer.IsGreater(ListItem.Property(WatchedEpisodes),0) + Integer.IsGreater(ListItem.Property(UnWatchedEpisodes),0)] | [Container.Content(Seasons) + Integer.IsGreater(ListItem.Property(UnWatchedEpisodes),0)] | [Container.Content(Episodes)] + Skin.String(ListItemUnWatchedEpisodes)]</visible>
				  <visible>Window.IsVisible(MyVideoNav.xml)</visible>
			  </control> 
			  <control type="label" description="טקסט נצפה">					
				<aligny>top</aligny>
				<include condition="String.IsEqual(System.Language,Hebrew)">LabelL2</include>
				<include condition="!String.IsEqual(System.Language,Hebrew)">LabelR2</include>
				<height>40</height>
				<label>$VAR[Button11300]</label>
				<textcolor>grey</textcolor>
				<width>60</width>
				<visible>[Container.Content(TVShows) + Integer.IsGreater(ListItem.Property(WatchedEpisodes),0) + Integer.IsGreater(ListItem.Property(UnWatchedEpisodes),0)] | [Container.Content(Seasons) + Integer.IsGreater(ListItem.Property(UnWatchedEpisodes),0)] | [Container.Content(Episodes)] + Skin.String(ListItemUnWatchedEpisodes)</visible>
				<visible>Window.IsVisible(MyVideoNav.xml)</visible>
			  </control>
			</control>
		  </itemlayout>
          <focusedlayout description="(Seasons/Episodes)" condition="!String.IsEmpty(Control.GetLabel(11155))" height="100" width="960">    
			<include>AutoView</include>
			<control type="image" description="מסגרת">
			  <posx>760</posx>
              <posy>20</posy>
              <width>360</width>
              <height>100</height>
              <texture colordiffuse="$VAR[ButtonFocusColor]">buttons/types/bd0.png</texture>
            </control>
		    <control type="label" description="פרק/עונה">
              <include>LabelC3</include>
			  <posx>802</posx>
              <posy>31</posy>
              <width>280</width>
              <height>70</height>
              <textcolor>yellow</textcolor>
			  <scroll>false</scroll>
			  <label>$VAR[VideoInformation1]</label>
            </control>
		    <control type="label" description="כל העונות">
              <animation condition="!String.IsEqual(System.Language,Hebrew)" effect="slide" start="0,0" end="-205,0">Conditional</animation>
			  <include condition="String.IsEqual(System.Language,Hebrew)">LabelR7</include>
			  <include condition="!String.IsEqual(System.Language,Hebrew)">LabelL7</include>
			  <posx>980</posx>
              <posy>33</posy>
              <width>120</width>
              <height>70</height>
              <textcolor>grey</textcolor>
			  <scroll>false</scroll>
			  <label>$LOCALIZE[20373] $INFO[ListItem.Season]</label>
			  <visible>String.Contains(Container.FolderName,$LOCALIZE[20366]) + !String.IsEmpty(ListItem.Episode)</visible>
            </control>
			<control type="group" description="פרטים נוספים">
			  <height>60</height>		
			  <posx>1180</posx>
			  <posy>50</posy>
			  <width>40</width>
			  <animation condition="String.IsEqual(System.Language,Hebrew)" effect="slide" start="0,0" end="-405,0">Conditional</animation>
			  <animation condition="!String.IsEqual(System.Language,Hebrew)" effect="slide" start="0,0" end="-132,0">Conditional</animation>
			  <control type="image" description="סמן נצפה רגיל">
				  <animation condition="String.IsEqual(System.Language,Hebrew)" effect="slide" start="0,0" end="-5,0">Conditional</animation>
				  <animation condition="!String.IsEqual(System.Language,Hebrew)" effect="slide" start="0,0" end="20,0">Conditional</animation>
				  <height>40</height>
				  <texture>$VAR[Overlay2]</texture>
				  <width>40</width>
				  <visible>![[Container.Content(TVShows) + Integer.IsGreater(ListItem.Property(WatchedEpisodes),0) + Integer.IsGreater(ListItem.Property(UnWatchedEpisodes),0)] | [Container.Content(Seasons) + Integer.IsGreater(ListItem.Property(UnWatchedEpisodes),0)] | [Container.Content(Episodes)] + Skin.String(ListItemUnWatchedEpisodes)]</visible>
				  <visible>Window.IsVisible(MyVideoNav.xml)</visible>
			  </control> 
			  <control type="label" description="טקסט נצפה">					
				<aligny>top</aligny>
				<include condition="String.IsEqual(System.Language,Hebrew)">LabelL2</include>
				<include condition="!String.IsEqual(System.Language,Hebrew)">LabelR2</include>
				<height>40</height>
				<label>$VAR[Button11300]</label>
				<textcolor>grey</textcolor>
				<width>60</width>
				<visible>[Container.Content(TVShows) + Integer.IsGreater(ListItem.Property(WatchedEpisodes),0) + Integer.IsGreater(ListItem.Property(UnWatchedEpisodes),0)] | [Container.Content(Seasons) + Integer.IsGreater(ListItem.Property(UnWatchedEpisodes),0)] | [Container.Content(Episodes)] + Skin.String(ListItemUnWatchedEpisodes)</visible>
				<visible>Window.IsVisible(MyVideoNav.xml)</visible>
			  </control>
			</control>     
          </focusedlayout>        		
		</control>
      </control>
    </control>	
  </include>
  <include name="ViewDesign_57" description="Wall">
    <control type="group" description="">
	  <visible>$EXP[View57]</visible>
      <control type="group">
		<animation condition="Control.HasFocus(7017) + Player.HasVideo" effect="slide" start="0,0" end="0,-100" time="700" reversible="false">Conditional</animation>
		<animation description="מרווח_slide_en" condition="Skin.HasSetting(View57_Distance) + !String.IsEqual(System.Language,Hebrew)" effect="slide" end="-12,12" reversible="true">Conditional</animation>
		<animation description="מרווח_slide_he" condition="Skin.HasSetting(View57_Distance) + String.IsEqual(System.Language,Hebrew)" effect="slide" end="-12,12" reversible="true">Conditional</animation>
		<animation description="slide_he" condition="String.IsEqual(System.Language,Hebrew)" effect="slide" end="-10,0" reversible="true">Conditional</animation>
		<animation condition="Skin.HasSetting(View57_Distance) + Control.HasFocus(7017)" effect="slide" start="0,0" end="0,60" delay="0" time="700" reversible="false">Conditional</animation>
		<animation condition="!Skin.HasSetting(View57_Distance) + Control.HasFocus(7017)" effect="slide" start="0,0" end="0,80" delay="0" time="700" reversible="false">Conditional</animation>
		<control type="panel" id="57">
		  <include>TopInformationSize1</include>
		  <include>Slide1</include>
		  <include>Slide2</include>
          <posx>30</posx>
          <posy>35</posy>
          <width>2000</width>
          <height>1041</height>
		  <include>4ways</include>
		  <viewtype label="31013">Grid</viewtype>
		  <include>ViewDesign_57_Layout</include>
        </control>
	  </control>
	  <include condition="!Skin.HasSetting(Performance)">Trailer_57</include>
    </control>
  </include>
  
  <include name="ViewDesign_57_Layout">
	  <itemlayout description="(כללי)" condition="true" height="342" width="267">
		<include>ViewDesign_57_ItemLayout</include>
	  </itemlayout>
	  <focusedlayout description="(כללי)" condition="true" height="342" width="267">    
		<include>ViewDesign_57_FocusedLayout</include>
	  </focusedlayout>	
  </include>
  <include name="ViewDesign_57_ItemLayout">
	<control type="group">
		<include condition="!Skin.HasSetting(Performance)">Fade_MoviesTVCoversOverlay</include>
		<include>Slide2.4</include>
		
		<animation description="מרווח עטיפות" condition="$EXP[View57] + Skin.HasSetting(View57_Distance) + !Skin.HasSetting(ShowDVDCases)" effect="zoom" center="auto" end="116.5,112" reversible="true">Conditional</animation>
		<animation description="מרווח פוסטרים" condition="$EXP[View57] + Skin.HasSetting(View57_Distance) + Skin.HasSetting(ShowDVDCases)" effect="zoom" center="auto" end="134,116.5" reversible="true">Conditional</animation>
		<animation description="מרווח עטיפות" condition="$EXP[View59] + Skin.HasSetting(View59_Distance) + !Skin.HasSetting(ShowDVDCases)" effect="zoom" center="auto" end="116.5,112" reversible="true">Conditional</animation>
		<animation description="מרווח פוסטרים" condition="$EXP[View59] + Skin.HasSetting(View59_Distance) + Skin.HasSetting(ShowDVDCases)" effect="zoom" center="auto" end="134,116.5" reversible="true">Conditional</animation>
		<include>View57_Common</include>
		<control type="label" description="כותרת">
		  <animation condition="Skin.HasSetting(ShowDVDCases2)" effect="fade" start="60" end="60" time="0">Conditional</animation>
		  <animation condition="!Skin.HasSetting(ShowDVDCases2)" effect="fade" start="90" end="90" time="0">Conditional</animation>
		  <scrollspeed>1</scrollspeed>
		  <align>center</align>
		  <font>size18</font>
		  <posx>58</posx>
		  <posy>286</posy>
		  <width>194</width>
		  <height>35</height>
		  <textcolor>white2</textcolor>
		  <label>$VAR[VideoInformation1]</label>
		</control>
		<include>PVRprogress</include>
	</control>
  </include>
  <include name="ViewDesign_57_FocusedLayout">
	<include>AutoView</include>
	<control type="group">
		<animation condition="$EXP[View57] + !Skin.HasSetting(SelectedZoom) + !Skin.HasSetting(View57_Distance)" effect="zoom" center="auto" start="100,100" end="110,110">Conditional</animation>
		
		<animation description="מרווח עטיפות+זום" condition="$EXP[View57] + !Skin.HasSetting(SelectedZoom) + Skin.HasSetting(View57_Distance) + !Skin.HasSetting(ShowDVDCases)" effect="zoom" center="auto" end="126.5,122" reversible="true">Conditional</animation>
		<animation description="מרווח עטיפות" condition="$EXP[View57] + Skin.HasSetting(SelectedZoom) + Skin.HasSetting(View57_Distance) + !Skin.HasSetting(ShowDVDCases)" effect="zoom" center="auto" end="116.5,112" reversible="true">Conditional</animation>

		<animation description="מרווח פוסטרים+זום" condition="$EXP[View57] + !Skin.HasSetting(SelectedZoom) + Skin.HasSetting(View57_Distance) + Skin.HasSetting(ShowDVDCases)" effect="zoom" center="auto" end="144,126.5" reversible="true">Conditional</animation>
		<animation description="מרווח פוסטרים" condition="$EXP[View57] + Skin.HasSetting(SelectedZoom) + Skin.HasSetting(View57_Distance) + Skin.HasSetting(ShowDVDCases)" effect="zoom" center="auto" end="134,116.5" reversible="true">Conditional</animation>
		
		<animation condition="$EXP[View59] + !Skin.HasSetting(SelectedZoom) + !Skin.HasSetting(View59_Distance)" effect="zoom" center="auto" start="100,100" end="110,110">Conditional</animation>
		
		<animation description="מרווח עטיפות+זום" condition="$EXP[View59] + !Skin.HasSetting(SelectedZoom) + Skin.HasSetting(View59_Distance) + !Skin.HasSetting(ShowDVDCases)" effect="zoom" center="auto" end="126.5,122" reversible="true">Conditional</animation>
		<animation description="מרווח עטיפות" condition="$EXP[View59] + Skin.HasSetting(SelectedZoom) + Skin.HasSetting(View59_Distance) + !Skin.HasSetting(ShowDVDCases)" effect="zoom" center="auto" end="116.5,112" reversible="true">Conditional</animation>

		<animation description="מרווח פוסטרים+זום" condition="$EXP[View59] + !Skin.HasSetting(SelectedZoom) + Skin.HasSetting(View59_Distance) + Skin.HasSetting(ShowDVDCases)" effect="zoom" center="auto" end="144,126.5" reversible="true">Conditional</animation>
		<animation description="מרווח פוסטרים" condition="$EXP[View59] + Skin.HasSetting(SelectedZoom) + Skin.HasSetting(View59_Distance) + Skin.HasSetting(ShowDVDCases)" effect="zoom" center="auto" end="134,116.5" reversible="true">Conditional</animation>
		
		<include>View57_Common</include>
		<control type="image" description="סמן">
		 <posx>23</posx>
		 <posy>19</posy>              
		 <height>312</height>
		 <width>237</width>
		 <texture colordiffuse="yellow">misc/dvdcases/dvdcases.png</texture>
		 <visible>String.IsEmpty(Control.GetLabel(11156)) + Window.IsVisible(MyVideoNav.xml) + !Window.IsVisible(DialogBusy.xml)</visible>
		 <visible>!Skin.HasSetting(ShowDVDCases)</visible>
		 <visible>!String.Contains(ListItem.Label,$LOCALIZE[33078]) + !String.IsEqual(ListItem.Label,..) + !String.Contains(ListItem.Label,Next Page)"</visible>
		</control>
		<control type="label" description="כותרת">
		  <animation condition="Skin.HasSetting(ShowDVDCases2)" effect="fade" start="60" end="60" time="0">Conditional</animation>
		  <animation condition="!Skin.HasSetting(ShowDVDCases2)" effect="fade" start="90" end="90" time="0">Conditional</animation>
		  <scrollspeed>1</scrollspeed>
		  <align>center</align>
		  <font>size18</font>
		  <posx>58</posx>
		  <posy>286</posy>
		  <width>194</width>
		  <height>35</height>
		  <textcolor>yellow</textcolor>
		  <label>$VAR[VideoInformation1]</label>
		</control>
		<control type="group" description="מסגרת סמן בחירה">
		  <control type="image">
			<include>Fade9</include>
			<bordersize>10</bordersize>
			<posx>37</posx>
			<posy>6</posy>
			<width>234</width>
			<height>326</height>
			<texture border="10" colordiffuse="$VAR[SelectedFrameColor]">misc/frames/selector.png</texture>
			<visible>Skin.HasSetting(ShowDVDCases) | !String.IsEmpty(Control.GetLabel(11156))</visible>
			<visible>!Skin.HasSetting(SelectedFrame)</visible>
		  </control>
		  <control type="image">
			<include>Fade9</include>
			<bordersize>10</bordersize>
			<posx>13</posx>
			<posy>4</posy>
			<width>258</width>
			<height>330</height>
			<texture border="10" colordiffuse="$VAR[SelectedFrameColor]">misc/frames/selector.png</texture>
			<visible>!Skin.HasSetting(ShowDVDCases) + String.IsEmpty(Control.GetLabel(11156))</visible>
			<visible>!Skin.HasSetting(SelectedFrame)</visible>
		  </control>
		</control>
		<include>PVRprogress</include>
	</control>
  </include>
  
  <include name="View57_Common">
    <control type="image" description="תמונה">
	  <include>BorderFrame</include>
	  <posx>55</posx>
	  <posy>24</posy>
	  <width>197</width>
	  <height>290</height>
	  <texture background="true">$VAR[VideoInformation2]</texture>
	  <bordertexture colordiffuse="$VAR[MenuColor]" border="0">buttons/ButtonA0.png</bordertexture>
	  <bordersize>1</bordersize>
	  <aspectratio>stretch</aspectratio>
	  <visible>!Skin.HasSetting(View57_Distance)</visible>
	</control>
	<control type="image" description="תמונה">
	  <include>BorderFrame</include>
	  <posx>55</posx>
	  <posy>24</posy>
	  <width>197</width>
	  <height>290</height>
	  <texture background="true">$VAR[VideoInformation2]</texture>
	  <bordertexture colordiffuse="$VAR[MenuColor]" border="0">buttons/ButtonA0.png</bordertexture>
	  <bordersize>1</bordersize>
	  <aspectratio>stretch</aspectratio>
	  <visible>Skin.HasSetting(View57_Distance)</visible>
	</control>
	<include>Rating_</include>
	<include>Duration_</include>
    <include>InProgressBadge2</include>
	<control type="group" description="לא נבחר ShowDVDCases">
	  <posx>23</posx>
	  <posy>19</posy>              
	  <height>312</height>
	  
	  <width>237</width>
	  <include>ShowDVDCases</include>
	  <!--<visible>!Skin.HasSetting(ShowDVDCases)</visible>
	  <visible>Container.Content(tvshows) | Container.Content(seasons) | Container.Content(episodes) | Container.Content(movies)</visible>
	  <visible>!String.IsEmpty(ListItem.Genre) | !String.IsEmpty(ListItem.Plot) | String.Contains(ListItem.Path,videodb://1/7) | String.Contains(ListItem.path,videodb://movies/sets/)</visible>-->
	</control>
    <control type="image" description="רקע כיתוב">
	  <animation condition="Skin.HasSetting(ShowDVDCases2)" effect="fade" start="60" end="60" time="0">Conditional</animation>
	  <animation condition="!Skin.HasSetting(ShowDVDCases2)" effect="fade" start="90" end="90" time="0">Conditional</animation>
	  <posx>56</posx>
	  <posy>290</posy>
	  <width>195</width>
	  <height>24</height>
	  <texture colordiffuse="ff100c08">buttons/ButtonA0.png</texture>
	  <aspectratio>scale</aspectratio>
	  <visible>!String.IsEmpty(ListItem.Label) + !String.IsEqual(ListItem.Label,..)</visible>
	</control>
	<control type="image" description="סמן מידע">
	  <aspectratio>keep</aspectratio>
	  <height>40</height>		
	  <posx>45</posx>
	  <posy>20</posy>	      
	  <width>60</width>
	  <texture colordiffuse="grey2">special://home/addons/script.featherence.service/resources/icons/information.png</texture>
	  <include>VisibilityInfoIcon</include>
	</control>
  </include>
  
  <include name="ViewDesign_59" description="Side Wall">
    <control type="group" description="">
	  <visible>$EXP[View59]</visible>
      <control type="group">
		<animation description="מרווח_slide_en" condition="Skin.HasSetting(View59_Distance) + [!String.IsEqual(System.Language,Hebrew) + !Skin.String(View59Align) | Skin.String(View59Align,0)]" effect="slide" end="-12,12" reversible="true">Conditional</animation>
		<animation description="מרווח_slide_he" condition="Skin.HasSetting(View59_Distance) + [String.IsEqual(System.Language,Hebrew) + !Skin.String(View59Align) | Skin.String(View59Align,1)]" effect="slide" end="-12,12" reversible="true">Conditional</animation>

		<animation description="slide_he" condition="[String.IsEqual(System.Language,Hebrew) + !Skin.String(View59Align) | Skin.String(View59Align,1)]" effect="slide" end="763,0">Conditional</animation>
		
		<animation description="slide_en+" condition="!String.IsEqual(System.Language,Hebrew) + Skin.String(View59Align,1)" effect="slide" end="20,0">Conditional</animation>
		<animation description="slide_he+" condition="String.IsEqual(System.Language,Hebrew) + Skin.String(View59Align,0)" effect="slide" end="-20,0">Conditional</animation>
		
		
		<control type="panel" id="59">
          <include>TopInformationSize1</include>
		  <posx>30</posx>
          <posy>35</posy>
          <width>1199</width>
          <height>1041</height>
		  <include>4ways</include>
		  <viewtype label="31016">Grid</viewtype>
		  <include>ViewDesign_59_Layout</include>
        </control>
	  </control>
	  <include condition="!Skin.HasSetting(Performance)">Trailer_59</include>
    </control>
  </include>
  
  <include name="ViewDesign_59_Layout">
	  <itemlayout description="(כללי)" condition="true" height="342" width="267">
		<include>ViewDesign_57_ItemLayout</include>
	  </itemlayout>
	  <focusedlayout description="(כללי)" condition="true" height="342" width="267">    
		<include>ViewDesign_57_FocusedLayout</include>
	  </focusedlayout>	
  </include>
  
  <include name="ViewDesign_58" description="Poster">
    <control type="group" description="">
	  <visible>$EXP[View58]</visible>
      <control type="group">
	    <animation condition="Control.HasFocus(7017) + Player.HasVideo" effect="slide" start="0,0" end="0,-45" time="700" reversible="false">Conditional</animation>
		<animation description="מרווח_slide_en" condition="Skin.HasSetting(View58_Distance) + !String.IsEqual(System.Language,Hebrew)" effect="slide" end="-12,0" reversible="true">Conditional</animation>
	    <animation description="מרווח_slide_he" condition="Skin.HasSetting(View58_Distance) + String.IsEqual(System.Language,Hebrew)" effect="slide" end="-32,0" reversible="true">Conditional</animation>

        <control type="panel" id="58">
		  <include>TopInformationSize1</include>
		  <include>Slide1</include>
		  <include>Slide2</include>
          <posx>20</posx>
          <posy>50</posy>
          <width>1900</width>
          <height>1030</height>
		  <include>4ways</include>
          <viewtype label="31014">Grid</viewtype>
		  <include>ViewDesign_58_Layout</include>
        </control>
      </control>
	  <include condition="!Skin.HasSetting(Performance)">Trailer_58</include>
    </control>
  </include>
  <include name="ViewDesign_451" description="Poster">
    <control type="group" description="">
	  <visible>Control.IsVisible(451)</visible>
      <control type="group">
        <control type="panel" id="451">
		  <include>TopInformationSize1</include>
		  <include>Slide1</include>
		  <include>Slide2</include>
          <posx>20</posx>
          <posy>50</posy>
          <width>1880</width>
          <height>1030</height>
		  <include>4ways</include>
          <viewtype label="31014">Grid</viewtype>
		  <include>ViewDesign_58_Layout</include>
        </control>
      </control>
    </control>
  </include>
  <include name="ViewDesign_58_Layout">
	  <itemlayout description="(Plugins)" height="510" width="373">
		<control type="group">
			<include>View54_Boat_Itemlayout_Animation</include>
			<include condition="!Skin.HasSetting(Performance)">Fade_MoviesTVCoversOverlay</include>
			<animation description="מרווח עטיפות" condition="$EXP[View58] + Skin.HasSetting(View58_Distance) + Skin.HasSetting(ShowDVDCases2)" effect="zoom" center="auto" end="105,112" reversible="true">Conditional</animation>
			<animation description="מרווח פוסטרים" condition="$EXP[View58] + Skin.HasSetting(View58_Distance) + !Skin.HasSetting(ShowDVDCases2)" effect="zoom" center="auto" end="120,118.5" reversible="true">Conditional</animation>
			<animation description="מרווח עטיפות" condition="$EXP[View54] + Skin.HasSetting(View54_Distance) + Skin.HasSetting(ShowDVDCases2)" effect="zoom" center="auto" end="105,112" reversible="true">Conditional</animation>
			<animation description="מרווח פוסטרים" condition="$EXP[View54] + Skin.HasSetting(View54_Distance) + !Skin.HasSetting(ShowDVDCases2)" effect="zoom" center="auto" end="120,118.5" reversible="true">Conditional</animation>
			<include>Slide2.4</include>
			<include>View58_Common</include>
			<control type="label" description="כותרת">
			  <animation condition="Skin.HasSetting(ShowDVDCases2)" effect="fade" start="60" end="60" time="0">Conditional</animation>
			  <animation condition="!Skin.HasSetting(ShowDVDCases2)" effect="fade" start="90" end="90" time="0">Conditional</animation>
			  <include>Fade11</include>
			  <include>LabelC2</include>
			  <posx>60</posx>
			  <posy>435</posy>
			  <width>304</width>
			  <height>35</height>
			  <textcolor>white2</textcolor>
			  <scroll>false</scroll>
			  <label>$VAR[VideoInformation1]</label>
			</control>		
			<control type="label" description="תאריך/שנה">
			  <animation condition="true" effect="fade" end="50" time="200">Conditional</animation>
			  <posx>200</posx>
			  <posy>20</posy>
			  <width>150</width>
			  <height>70</height>
			  <font>size24</font>
			  <align>right</align>
			  <label>$VAR[TopVideoInformation2]</label>
			  <scroll>false</scroll>
			  <visible>false</visible>
			</control>
			<include>PVRprogress</include>
		</control>
	  </itemlayout>
	  <focusedlayout description="(Plugins)" height="510" width="373">
		<include>AutoView</include>
		<control type="group">
			<include>View54_Boat_Focuslayout_Animation</include>
			<animation condition="$EXP[View58] + !Skin.HasSetting(SelectedZoom) + !Skin.HasSetting(View58_Distance)" effect="zoom" center="auto" start="100,100" end="110,110">Conditional</animation>
			<animation description="מרווח עטיפות" condition="$EXP[View58] + Skin.HasSetting(View58_Distance) + Skin.HasSetting(ShowDVDCases2) + Skin.HasSetting(SelectedZoom)" effect="zoom" center="auto" end="105,112" reversible="true">Conditional</animation>
			<animation description="מרווח עטיפות + זום" condition="$EXP[View58] + Skin.HasSetting(View58_Distance) + Skin.HasSetting(ShowDVDCases2) + !Skin.HasSetting(SelectedZoom)" effect="zoom" center="auto" end="112,119" reversible="true">Conditional</animation>
			<animation description="מרווח פוסטרים" condition="$EXP[View58] + Skin.HasSetting(View58_Distance) + !Skin.HasSetting(ShowDVDCases2) + Skin.HasSetting(SelectedZoom)" effect="zoom" center="auto" end="120,118.5" reversible="true">Conditional</animation>
			<animation description="מרווח פוסטרים + זום" condition="$EXP[View58] + Skin.HasSetting(View58_Distance) + !Skin.HasSetting(ShowDVDCases2) + !Skin.HasSetting(SelectedZoom)" effect="zoom" center="auto" end="125,123.5" reversible="true">Conditional</animation>
			
			<animation condition="$EXP[View54] + !Skin.HasSetting(SelectedZoom) + !Skin.HasSetting(View54_Distance)" effect="zoom" center="auto" start="100,100" end="110,110">Conditional</animation>
			<animation description="מרווח עטיפות" condition="$EXP[View54] + Skin.HasSetting(View54_Distance) + Skin.HasSetting(ShowDVDCases2) + Skin.HasSetting(SelectedZoom)" effect="zoom" center="auto" end="105,112" reversible="true">Conditional</animation>
			<animation description="מרווח עטיפות + זום" condition="$EXP[View54] + Skin.HasSetting(View54_Distance) + Skin.HasSetting(ShowDVDCases2) + !Skin.HasSetting(SelectedZoom)" effect="zoom" center="auto" end="112,119" reversible="true">Conditional</animation>
			<animation description="מרווח פוסטרים" condition="$EXP[View54] + Skin.HasSetting(View54_Distance) + !Skin.HasSetting(ShowDVDCases2) + Skin.HasSetting(SelectedZoom)" effect="zoom" center="auto" end="120,118.5" reversible="true">Conditional</animation>
			<animation description="מרווח פוסטרים + זום" condition="$EXP[View54] + Skin.HasSetting(View54_Distance) + !Skin.HasSetting(ShowDVDCases2) + !Skin.HasSetting(SelectedZoom)" effect="zoom" center="auto" end="125,123.5" reversible="true">Conditional</animation>
			
			<animation description="זום 54" condition="$EXP[View54] + !Skin.HasSetting(SelectedZoom)" effect="slide" end="0,-12">Conditional</animation>
			
			<include>View58_Common</include>
			<control type="image" description="סמן">
			 <posx>3</posx>
			 <posy>25</posy>              
			 <height>472</height>
			 <width>380</width>
			 <texture colordiffuse="yellow">misc/dvdcases/dvdcases.png</texture>
			 <visible>String.IsEmpty(Control.GetLabel(11156)) + Window.IsVisible(MyVideoNav.xml) + !Window.IsVisible(DialogBusy.xml)</visible>
			 <visible>Skin.HasSetting(ShowDVDCases2)</visible>
			 <visible>Container.Content(tvshows) | Container.Content(seasons) | Container.Content(episodes) | Container.Content(movies)</visible>
			 <visible>!String.IsEmpty(ListItem.Genre) | !String.IsEmpty(ListItem.Plot) | String.Contains(ListItem.Path,videodb://1/7) | String.Contains(ListItem.path,videodb://movies/sets/)</visible>
			 <visible>!String.Contains(ListItem.Label,$LOCALIZE[33078]) + !String.IsEqual(ListItem.Label,..) + !String.Contains(ListItem.Label,Next Page)</visible>
			</control>
			<control type="label" description="כותרת">
			  <animation condition="Skin.HasSetting(ShowDVDCases2)" effect="fade" start="60" end="60" time="0">Conditional</animation>
	          <animation condition="!Skin.HasSetting(ShowDVDCases2)" effect="fade" start="90" end="90" time="0">Conditional</animation>
			  <textcolor>yellow</textcolor>			  
			  <include>LabelC2</include>
			  <posx>60</posx>
			  <posy>435</posy>
			  <width>304</width>
			  <height>35</height>
			  <scroll>false</scroll>
			  <label>$VAR[VideoInformation1]</label>
			</control>
			<control type="label" description="תאריך תמונה">
			  <include>Fade3</include>
			  <include>LabelL4</include>
			  <posx>58</posx>
			  <posy>70</posy>
			  <scroll>false</scroll>
			  <width>270</width>
			  <height>15</height>
			  <label>$VAR[PhotoInformation2]</label>
			  <shadowcolor>black</shadowcolor>
			  <visible>!String.IsEmpty(ListItem.Date) | !String.IsEmpty(ListItem.PictureDate)</visible>
			  <visible>Window.IsVisible(MyPics.xml)</visible>
			</control>
			<control type="label" description="תאריך/שנה">
			  <animation condition="true" effect="fade" end="90" time="200">Conditional</animation>
			  <posx>200</posx>
			  <posy>20</posy>
			  <width>150</width>
			  <height>70</height>
			  <font>size24</font>
			  <align>right</align>
			  <label>$VAR[TopVideoInformation2]</label>
			  <scroll>false</scroll>
			  <visible>false</visible>
			</control>
			<control type="group" description="מסגרת סמן בחירה">
			  <control type="image">
				<include>Fade9</include>
				<bordersize>5</bordersize>
				<posx>41</posx>
				<posy>26</posy>
				<width>337</width>
				<height>457</height>
				<texture border="10" colordiffuse="$VAR[SelectedFrameColor]">misc/frames/selector.png</texture>
				<visible>!Skin.HasSetting(ShowDVDCases2) | !String.IsEmpty(Control.GetLabel(11156))</visible>
				<visible>!Skin.HasSetting(SelectedFrame)</visible>
			  </control>
			  <control type="image">
				<include>Fade9</include>
				<bordersize>5</bordersize>
				<posx>0</posx>
				<posy>16</posy>
				<width>384</width>
				<height>476</height>
				<texture border="10" colordiffuse="$VAR[SelectedFrameColor]">misc/frames/selector.png</texture>
				<visible>Skin.HasSetting(ShowDVDCases2) + String.IsEmpty(Control.GetLabel(11156))</visible>
				<visible>!Skin.HasSetting(SelectedFrame)</visible>
			  </control>
			</control>
			<include>PVRprogress</include>
		</control>
	  </focusedlayout>
  </include>
  <include name="View58_Common">
    <control type="image" description="פוסטר">
	  
	  <include>BorderFrame</include>
	  <posx>55</posx>
	  <posy>40</posy>
	  <width>310</width>
	  <height>430</height>
	  <texture background="true">$VAR[VideoInformation2]</texture>
	</control>

    <control type="image" description="רקע כיתוב">
	  <animation condition="Skin.HasSetting(ShowDVDCases2)" effect="fade" start="60" end="60" time="0">Conditional</animation>
	  <animation condition="!Skin.HasSetting(ShowDVDCases2)" effect="fade" start="90" end="90" time="0">Conditional</animation>
	  <aspectratio>scale</aspectratio>
	  <height>33</height>
	  <posx>56</posx>
	  <posy>436</posy>
	  <texture colordiffuse="ff100c08" border="0">buttons/ButtonA0.png</texture>
	  <visible>!String.IsEmpty(ListItem.Label) + !String.IsEqual(ListItem.Label,..)</visible>
	  <width>308</width>
	</control>
	<control type="image" description="אייקון">
	  <include>Fade8</include>
	  <aspectratio align="center">keep</aspectratio>			  			  
	  <height>70</height>
	  <posx>55</posx>
	  <posy>40</posy>
	  <texture>$VAR[PhotoInformation1]</texture>
	  <width>310</width>
	  <visible>Window.IsVisible(MyPics.xml)</visible>
	</control>
	<include>Rating_</include>
	<include>Duration_</include>
	<include>InProgressBadge2</include>
	<control type="group" description="לא נבחר ShowDVDCases">
	  <visible>Skin.HasSetting(ShowDVDCases2)</visible>
	  <posx>3</posx>
	  <posy>25</posy>              
	  <height>472</height>
	  <width>380</width>
	  <include>ShowDVDCases</include>
	  <visible>Container.Content(tvshows) | Container.Content(seasons) | Container.Content(episodes) | Container.Content(movies)</visible>
	  <visible>!String.IsEmpty(ListItem.Genre) | !String.IsEmpty(ListItem.Plot) | String.Contains(ListItem.Path,videodb://1/7) | String.Contains(ListItem.path,videodb://movies/sets/)</visible>
	</control>
	<control type="image" description="דירוג">
	  <include>Fade3</include>
	  <bordertexture colordiffuse="ff000000" border="0">buttons/ButtonA0.png</bordertexture>
	  <bordersize>2</bordersize>
	  <posx>75</posx>
	  <posy>50</posy>
	  <width>135</width>
	  <height>30</height>
	  <aspectratio align="center">keep</aspectratio>
	  <texture background="true">$VAR[TopVideoInformation3]</texture>
	  <visible>!String.IsEmpty(ListItem.Rating)</visible>
	  <visible>false</visible>
	</control>
	<control type="image" description="סמן מידע">
	  <aspectratio>keep</aspectratio>
	  <height>40</height>		
	  <posx>45</posx>
	  <posy>40</posy>	      
	  <width>60</width>
	  <texture colordiffuse="grey2">special://home/addons/script.featherence.service/resources/icons/information.png</texture>
	  <include>VisibilityInfoIcon</include>
	</control>
  </include>
  <include name="ViewDesign_54" description="Line">
    <control type="group" description="">
	  <visible>$EXP[View54]</visible>
      <control type="group">
	    <!--<animation condition="Skin.HasSetting(View54_Boat) + $EXP[View54] + Container(54).OnNext + Container(54).Position(1)" effect="rotatey" center="auto" start="0" end="-10" time="220" reversible="false">Conditional</animation>-->
		<include>View54_Boat_Itemlayout_Animation</include>
		<control type="image" id="70132" description="פאנארט">
			<fadetime>200</fadetime>
			<posx>0</posx>
			<posy>-552</posy>
			<height>1080</height>
			<width>1920</width>
			<visible>false</visible>
			<texture background="false">$VAR[fanart]</texture>
			<aspectratio align="top">keep</aspectratio>
	    </control>
        <control type="panel" id="54">
		  <animation description="54" condition="true" effect="slide" start="0,0" end="-20,0">Conditional</animation>
          <posx>20</posx>
          <posy>545</posy>
          <width>1900</width>
          <height>515</height>
		  <include>2ways</include>
		  <orientation>horizontal</orientation>
          <viewtype label="31015">List</viewtype>
		  <include>ViewDesign_58_Layout</include>
        </control>
		<include condition="!Skin.HasSetting(Performance)">Trailer_54</include>
      </control>
    </control>
  </include>

  </includes>
