<?xml version="1.0" encoding="UTF-8" standalone="yes"?>
<addon id="resource.images.weathericons.outline" name="Weather Icons - Outline" version="0.0.5" provider-name="Team Kodi">
	<extension point="kodi.resource.images" compile="true" type="weather" />
	<requires>
		<import addon="kodi.resource" version="1.0.0"/>
	</requires>
	<extension point="xbmc.addon.metadata">
		<summary lang="en">Outline Weather Icons</summary>
		<description lang="en">Weather Icons in an outline style</description>
		<platform>all</platform>
	</extension>
</addon>
