<?xml version="1.0" encoding="UTF-8"?>
<window>
  <defaultcontrol>-</defaultcontrol>
  <!--<onload condition="String.IsEmpty(Window(home).Property(mode10)) + !Pvr.IsPlayingTv + !Window.IsVisible(DialogPVRChannelsOSD.xml) + !String.IsEqual(VideoPlayer.Title,featherence_.mp4) + !String.IsEqual(Window(home).Property(TEMP),startup)">RunScript(script.featherence.service,,?mode=10)</onload>-->
  <controls>
      <control type="grouplist" id="0">
        <posx>40</posx>
        <posy>70</posy>
        <width>1800</width>
        <height>500</height>
        <itemgap>10</itemgap>
		<control type="label" id="1" description="numpad seek time">
          <width>1800</width>
          <height>50</height>
          <align>left</align>
          <font>Size24</font>
          <aligny>center</aligny>
          <label>$INFO[Player.SeekNumeric]</label>
		  <visible>Skin.HasSetting(Admin)</visible>
        </control>
        <control type="label" id="10" description="row 1 sys label">
          <width>1800</width>
          <height>50</height>
          <align>left</align>
          <font>Size24</font>
          <aligny>center</aligny>
          <label>-</label>
        </control>
        <control type="label" id="11" description="row 2 sys label">
          <width>1800</width>
          <height>40</height>
          <align>left</align>
          <aligny>center</aligny>
          <font>Size24</font>
          <label>-</label>
        </control>
        <control type="label" id="12" description="row 3 sys label">
          <width>1800</width>
          <height>90</height>
          <align>left</align>
          <aligny>center</aligny>
          <font>Size24</font>
          <label>-</label>
        </control>
      </control>
	  <control type="group" id="1">
			<depth>DepthOSD+</depth>
			<visible>Player.Caching</visible>
			<animation delay="300" effect="fade" time="200">Visible</animation>
			<animation effect="fade" delay="200" time="150">Hidden</animation>
			<centerleft>50%</centerleft>
			<width>110</width>
			<centertop>50%</centertop>
			<height>110</height>
			<control type="image" id="1">
				<centerleft>50%</centerleft>
				<centertop>50%</centertop>
				<width>110</width>
				<height>110</height>
				<texture colordiffuse="BFFFFFFF">osd/texturebg_cache.png</texture>
			</control>
			<control type="image" id="1">
				<centerleft>50%</centerleft>
				<centertop>50%</centertop>
				<width>92</width>
				<height>92</height>
				<texture>osd/texturebg_cache.png</texture>
			</control>
			<control type="image" id="1">
				<centerleft>50%</centerleft>
				<centertop>50%</centertop>
				<width>92</width>
				<height>92</height>
				<!--<texture colordiffuse="FFFFFFFF">$INFO[Player.CacheLevel,dialogs/volume/progress/p,.png]</texture>-->
				<texture colordiffuse="FFFFFFFF">osd/featherence_pause1.png</texture>
			</control>
			<control type="label" id="1">
				<description>buffering value</description>
				<label>$INFO[Player.CacheLevel]</label>
				<centerleft>50%</centerleft>
				<centertop>50%</centertop>
				<width>200</width>
				<height>200</height>
				<aligny>center</aligny>
				<align>center</align>
				<font>size18</font>
			</control>
		</control>
	
  </controls>
</window>
