<?xml version="1.0" encoding="UTF-8"?>
<includes>
  <default type="label">
    <posx>0</posx>
    <posy>0</posy>
    <label>-</label>
    <height>75</height>
    <align>left</align>
    <aligny>center</aligny>
    <font>size36</font>
    <textcolor>White</textcolor>
    <shadowcolor>-</shadowcolor>
    <focusedcolor>White2</focusedcolor>
    <selectedcolor>Yellow</selectedcolor>
    <disabledcolor>Grey</disabledcolor>
    <scroll>false</scroll>
    <scrollspeed>50</scrollspeed>
    <scrollsuffix>|</scrollsuffix>
	<wrapmultiline>false</wrapmultiline>
  </default>
  <default type="fadelabel">
    <posx>0</posx>
    <posy>0</posy>
    <height>75</height>
    <label>-</label>
    <align>left</align>
    <aligny>center</aligny>
    <font>size36</font>
    <textoffsetx>20</textoffsetx>
    <textcolor>White</textcolor>
    <shadowcolor>-</shadowcolor>
    <focusedcolor>White2</focusedcolor>
    <selectedcolor>White2</selectedcolor>
    <disabledcolor>Grey</disabledcolor>
	<scroll>false</scroll>
    <scrollout>false</scrollout>
	<scrollspeed>500</scrollspeed>
    <pauseatend>3000</pauseatend>
    <scrollsuffix>...</scrollsuffix>
  </default>
  <default type="textbox">
    <label>-</label>
    <font>size30</font>
    <textcolor>White</textcolor>
    <shadowcolor>Shadow</shadowcolor>
    <focusedcolor>White2</focusedcolor>
    <selectedcolor>White2</selectedcolor>
    <disabledcolor>Grey</disabledcolor>
    <pagecontrol>61</pagecontrol>
    <pulseonselect></pulseonselect>
	<autoscroll tween="sine" easing="out" delay="2000" time="2500" repeat="2000">True</autoscroll>
	<aligny>top</aligny>
	<wrapmultiline>true</wrapmultiline>
  </default>
  <default type="image">
    <posx>0</posx>
    <posy>0</posy>
    <width>-</width>
    <height>-</height>
    <align>center</align>
    <aligny>center</aligny>
    <texture>-</texture>
    <aspectratio>stretch</aspectratio>
  </default>
  <default type="multiimage">
    <aspectratio>keep</aspectratio>
	<fadetime>200</fadetime>
	<randomize>true</randomize>
  </default>
  <default type="panel">
	<orientation>vertical</orientation>
	<preloaditems>2</preloaditems>
	<scrolltime tween="sine" easing="inout">200</scrolltime>
  </default>
  <default type="grouplist">
    <posx>0</posx>
	<posy>0</posy>
	<align>left</align>
	<itemgap>0</itemgap>
	<orientation>vertical</orientation>
	<scrolltime>200</scrolltime>	
  </default>
  <default type="list">
    <itemgap>0</itemgap>
  </default>  
  <default type="button">
    <align>center</align>
    <aligny>center</aligny>
	<disabledcolor>Grey</disabledcolor>
	<focusedcolor>Yellow</focusedcolor>
	<font>size34</font>
    <height>75</height>
    <label>-</label>  
	<posx>0</posx>
    <posy>0</posy>    
    <pulseonselect>false</pulseonselect>
    <shadowcolor>Shadow</shadowcolor>
	<selectedcolor>White2</selectedcolor>    
	<textcolor>White2</textcolor>
	<textoffsetx>-</textoffsetx>
    <texturenofocus>-</texturenofocus>
    <texturefocus border="40">buttons/ButtonE.png</texturefocus> <!--ff4f4f98-->
	<width>480</width>	
  </default>
  <default type="edit">
    <align>center</align>
    <aligny>center</aligny>
    <disabledcolor>Grey</disabledcolor>	
    <focusedcolor>Yellow</focusedcolor>	
	<font>size33</font>	
    <height>75</height>
	<hinttext>...</hinttext>
    <label>-</label>
    <posx>0</posx>
    <posy>0</posy>	
	<pulseonselect>false</pulseonselect>
    <selectedcolor>White2</selectedcolor>    
	<shadowcolor>Shadow</shadowcolor>	
    <textoffsetx>20</textoffsetx>
    <textcolor>White</textcolor>
    <texturenofocus border="20" colordiffuse="$VAR[MenuColor]">buttons/ButtonE0.png</texturenofocus>
	<texturefocus border="40">buttons/ButtonE.png</texturefocus>
	<width>880</width>
  </default>
  <default type="togglebutton">
    <align>center</align>
    <aligny>center</aligny>
	<altselectedcolor>Yellow</altselectedcolor>
	<disabledcolor>Grey</disabledcolor>
	<focusedcolor>Yellow</focusedcolor>
	<font>size34</font>
    <height>75</height>
    <label>-</label>  
	<posx>0</posx>
    <posy>0</posy>    
    <pulseonselect>false</pulseonselect>
    <shadowcolor>Shadow</shadowcolor>
	<selectedcolor>White2</selectedcolor>    
	<textcolor>White2</textcolor>
	<textoffsetx>20</textoffsetx>
    <texturenofocus border="20" colordiffuse="$VAR[MenuColor]">buttons/ButtonE0.png</texturenofocus>
    <texturefocus border="40">buttons/ButtonE.png</texturefocus>
    <alttexturefocus border="40">buttons/ButtonE.png</alttexturefocus>
	<alttexturenofocus colordiffuse="ff96708f" border="40">buttons/ButtonE0.png</alttexturenofocus> <!--הפעל באמצעות: usealttexture-->	
	<width>480</width>
  </default>
  <default type="radiobutton">
    <align>center</align>
    <aligny>center</aligny>
	<altselectedcolor>Yellow</altselectedcolor>
	<disabledcolor>Grey</disabledcolor>
	<focusedcolor>Yellow</focusedcolor>
	<font>size34</font>
    <height>75</height>
    <label>-</label>  
	<posx>0</posx>
    <posy>10</posy>    
    <pulseonselect>false</pulseonselect>
    <shadowcolor>Shadow</shadowcolor>
	<selectedcolor>White2</selectedcolor>    
	<textcolor>White2</textcolor>
	<textoffsetx>20</textoffsetx>
    <texturenofocus>-</texturenofocus>
    <texturefocus border="40">buttons/ButtonE.png</texturefocus>
	<width>480</width>
    <radiowidth>30</radiowidth>
    <radioheight>30</radioheight>
	<radioposx>-</radioposx>
    <textureradiofocus colordiffuse="ffeeb13f" border="0">buttons/ButtonE0.png</textureradiofocus>
    <textureradionofocus border="0">buttons/ButtonEF.png</textureradionofocus>
    <!--<radioposx>262</radioposx>-->
  </default>
  <default type="spincontrol">
    <posx>0</posx>
    <posy>0</posy>
    <textureup>images/ArrowUpNF.png</textureup>
    <textureupfocus>images/ArrowUpFO.png</textureupfocus>
    <texturedown>images/ArrowDownNF.png</texturedown>
    <texturedownfocus>images/ArrowDownFO.png</texturedownfocus>
    <texturefocus border="20">buttons/ButtonE.png</texturefocus>
	<texturenofocus border="20" colordiffuse="$VAR[MenuColor]">buttons/ButtonE0.png</texturenofocus>
    <spinwidth>14</spinwidth>
    <spinheight>14</spinheight>
    <font>size34</font>
    <textcolor>Yellow</textcolor>
    <shadowcolor>Shadow</shadowcolor>
    <focusedcolor>White2</focusedcolor>
    <selectedcolor>White2</selectedcolor>
    <disabledcolor>Grey</disabledcolor>
    <textoffsetx>20</textoffsetx>
    <align>left</align>
    <aligny>center</aligny>
    <reverse>yes</reverse>
    <pulseonselect>false</pulseonselect>
  </default>
  <default type="spincontrolex">
    <posx>0</posx>
    <posy>0</posy>
    <width>450</width>
    <height>75</height>
    <label>-</label>
    <font>size34</font>
    <textureup>images/ArrowUpNF.png</textureup>
    <textureupfocus>images/ArrowUpFO.png</textureupfocus>
    <texturedown>images/ArrowDownNF.png</texturedown>
    <texturedownfocus>images/ArrowDownFO.png</texturedownfocus>
    <texturefocus border="20">buttons/ButtonE.png</texturefocus>
    <spinposx>20</spinposx>
	<spinposy>0</spinposy>
	<spinwidth>14</spinwidth>
    <spinheight>14</spinheight>
    <textcolor>White2</textcolor>
    <shadowcolor>Shadow</shadowcolor>
    <focusedcolor>Yellow</focusedcolor>
    <selectedcolor>White2</selectedcolor>
    <disabledcolor>Grey</disabledcolor>
    <textoffsetx>60</textoffsetx>
    <align>left</align>
    <aligny>center</aligny>
    <reverse>yes</reverse>
    <pulseonselect>false</pulseonselect>
  </default>
  <default type="slider" description="Seek Slider">
    <width>1000</width>
    <height>40</height>
    <texturesliderbar border="0">buttons/LineH2.png</texturesliderbar>
    <textureslidernibfocus border="10">buttons/ButtonE3S.png</textureslidernibfocus>
	<textureslidernib border="10">buttons/ButtonEFS.png</textureslidernib>
  </default>
  <default type="sliderex" description="Default Slider">
	<aligny>center</aligny>
	<posx>795</posx>
    <posy>225</posy>
    <height>75</height>
    <width>450</width>
    <sliderwidth>120</sliderwidth>
    <sliderheight>24</sliderheight>
	<texturesliderbar border="0" colordiffuse="BBBBBBBB">buttons/ButtonA0.png</texturesliderbar>
    <textureslidernib border="0">buttons/ButtonAF.png</textureslidernib>
    <textureslidernibfocus colordiffuse="ffeeb13f" border="0">buttons/ButtonA0.png</textureslidernibfocus>
	<texturefocus border="40">buttons/ButtonE.png</texturefocus>
    <texturenofocus>-</texturenofocus>
    <font>size33</font>
    <textcolor>White2</textcolor>
    <focusedcolor>Yellow</focusedcolor>
    <selectedcolor>White2</selectedcolor>
    <disabledcolor>Grey</disabledcolor>
    <textoffsetx>20</textoffsetx>
  </default>
  <default type="scrollbar">
    <height>950</height>
    <width>20</width>
    <orientation>vertical</orientation>
	<texturesliderbar diffuse="buttons/ButtonE0.png" colordiffuse="$VAR[IconUnFocusColor]" border="10">buttons/ButtonA0.png</texturesliderbar> <!--ff000000-->
    <texturesliderbarfocus diffuse="buttons/ButtonE0.png" colordiffuse="$VAR[IconFocusColor]" border="10">buttons/ButtonA0.png</texturesliderbarfocus> <!--FFFFBBBB-->
	<textureslidernib border="15">-</textureslidernib>
    <pulseonselect>false</pulseonselect>
    <showonepage>false</showonepage>
  </default>
  <default type="mover">
	<left>60</left>
	<top>192</top>
	<texturefocus border="40">buttons/ButtonE.png</texturefocus>
	<texturenofocus>-</texturenofocus>
  </default>
  <default type="resize">
	<left>60</left>
	<top>192</top>
	<texturefocus border="40">buttons/ButtonE.png</texturefocus>
	<texturenofocus>-</texturenofocus>
  </default>
</includes>
