<?xml version="1.0" encoding="UTF-8"?>
<includes>
  <include name="4ways">
	  <onleft condition="Control.IsVisible(51) + Player.HasVideo + StringCompare(System.Language,Hebrew)">7017</onleft>
	  <onleft condition="Control.IsVisible(90000) + !SubString(Window(home).Property(ViewsSettings),900) + StringCompare(System.Language,Hebrew)">9000</onleft>
	  <onleft condition="Control.IsVisible(90000) + SubString(Window(home).Property(ViewsSettings),9001) + StringCompare(System.Language,Hebrew)">9001</onleft>
	  <onleft condition="Control.IsVisible(90000) + SubString(Window(home).Property(ViewsSettings),9002) + StringCompare(System.Language,Hebrew)">9002</onleft>
	  <onleft condition="!Control.IsVisible(90000) + Control.IsVisible(7011) + Control.IsVisible(7017) + StringCompare(System.Language,Hebrew)">7017</onleft>
	  <onleft condition="!Control.IsVisible(90000) + Player.HasAudio + StringCompare(System.Language,Hebrew)">ActivateWindow(12901)</onleft>

	  <onleft condition="Window.IsVisible(FileBrowser.xml)">9005</onleft>
	  <onleft condition="Control.IsVisible(60) + !StringCompare(System.Language,Hebrew)">60</onleft>
	  <onleft condition="!Control.IsVisible(60) + Control.IsVisible(7011) + !StringCompare(System.Language,Hebrew)">7017</onleft>
	  <onleft condition="!Control.IsVisible(60) + Player.HasAudio + !StringCompare(System.Language,Hebrew)">ActivateWindow(12901)</onleft>
	  <onleft condition="Control.IsVisible(90000) + [Window.IsActive(TVGuide) | Window.IsActive(RadioGuide)] + !StringCompare(System.Language,Hebrew)">9000</onleft>
	  
	  <onright condition="Control.IsVisible(51) + Player.HasVideo + !StringCompare(System.Language,Hebrew)">7017</onright>
	  <onright condition="Control.IsVisible(60) + StringCompare(System.Language,Hebrew)">60</onright>
	  <onright condition="!Control.IsVisible(60) + Control.IsVisible(7011) + StringCompare(System.Language,Hebrew)">7017</onright>
	  <onright condition="!Control.IsVisible(60) + Player.HasAudio + StringCompare(System.Language,Hebrew)">ActivateWindow(12901)</onright>
	  <onright condition="Control.IsVisible(90000) + [Window.IsActive(TVGuide) | Window.IsActive(RadioGuide)] + StringCompare(System.Language,Hebrew)">9000</onright>
	  
	  <onright condition="Window.IsVisible(FileBrowser.xml)">9005</onright>
	  <onright condition="Control.IsVisible(90000) + !SubString(Window(home).Property(ViewsSettings),900) + !StringCompare(System.Language,Hebrew)">9000</onright>
	  <onright condition="Control.IsVisible(90000) + SubString(Window(home).Property(ViewsSettings),9001) + !StringCompare(System.Language,Hebrew)">9001</onright>
	  <onright condition="Control.IsVisible(90000) + SubString(Window(home).Property(ViewsSettings),9002) + !StringCompare(System.Language,Hebrew)">9002</onright>
	  <onright condition="!Control.IsVisible(90000) + Control.IsVisible(7011) + Control.IsVisible(7017) + !StringCompare(System.Language,Hebrew)">7017</onright>
	  <onright condition="!Control.IsVisible(90000) + Player.HasAudio + !StringCompare(System.Language,Hebrew)">ActivateWindow(12901)</onright>
	  

	  
	  <onup condition="Control.IsVisible(7011)">7017</onup>			  
	  <onup condition="Player.HasAudio">ActivateWindow(12901)</onup>
	  <onup condition="Control.IsVisible(90000) + [Window.IsActive(TVGuide) | Window.IsActive(RadioGuide)]">9000</onup>
	  <onup condition="!Player.HasMedia + Control.IsVisible(50)">50</onup>
	  <onup condition="!Player.HasMedia + Control.IsVisible(51)">51</onup>
	  <onup condition="!Player.HasMedia + Control.IsVisible(56)">56</onup>
	  <onup condition="!Player.HasMedia + Control.IsVisible(57)">57</onup>
	  <onup condition="!Player.HasMedia + Control.IsVisible(58)">58</onup>
	  <onup condition="!Player.HasMedia + Control.IsVisible(450)">450</onup>
	  <ondown condition="Window.IsVisible(SettingsCategory.xml)">3</ondown>
	  <ondown condition="[Control.IsVisible(7011) | Player.HasMedia]">noop</ondown>
	  <ondown condition="!Player.HasMedia + Control.IsVisible(50)">50</ondown>
	  <ondown condition="!Player.HasMedia + Control.IsVisible(51)">51</ondown>
	  <ondown condition="!Player.HasMedia + Control.IsVisible(54)">54</ondown>
	  <ondown condition="!Player.HasMedia + Control.IsVisible(56)">56</ondown>
	  <ondown condition="!Player.HasMedia + Control.IsVisible(57)">57</ondown>
	  <ondown condition="!Player.HasMedia + Control.IsVisible(58)">58</ondown>
	  <ondown condition="!Player.HasMedia + Control.IsVisible(58)">450</ondown>
	  <ondown condition="Control.IsVisible(450) + !Player.HasMedia">450</ondown>
	  <ondown condition="Control.IsVisible(10) + [Window.IsVisible(MyPVRChannels.xml) | Window.IsVisible(MyPVRGuide.xml)]">10</ondown>
	  <ondown condition="Control.IsVisible(11) + [Window.IsVisible(MyPVRChannels.xml) | Window.IsVisible(MyPVRGuide.xml)]">11</ondown>
	  <ondown condition="Control.IsVisible(12) + [Window.IsVisible(MyPVRChannels.xml) | Window.IsVisible(MyPVRGuide.xml)]">12</ondown>
	  <ondown condition="Control.IsVisible(13) + [Window.IsVisible(MyPVRChannels.xml) | Window.IsVisible(MyPVRGuide.xml)]">13</ondown>
	  <ondown condition="Control.IsVisible(14) + [Window.IsVisible(MyPVRChannels.xml) | Window.IsVisible(MyPVRGuide.xml)]">14</ondown>
	  <preloaditems>2</preloaditems>
	  <pagecontrol>60</pagecontrol>	  
	  <scrolltime tween="sine" easing="inout">200</scrolltime>
  </include>
  <include name="4ways2" description="IncludeShelf Top">
	<onup condition="Control.IsVisible(7011)">7017</onup>
	<onup condition="Window.IsVisible(CustomHomeCustomizer.xml) + Control.IsVisible(310) + !Control.IsVisible(7011)">310</onup>
	<onup condition="Player.HasAudio">ActivateWindow(12901)</onup>
	<ondown condition="Window.IsVisible(CustomHomeCustomizer.xml) + Control.IsVisible(50)">50</ondown>
	<ondown condition="Window.IsVisible(Home.xml) + Control.IsVisible(90000)">9000</ondown>
	<!--<ondown condition="Window.IsVisible(CustomHomeCustomizer.xml) + Control.IsVisible(50) + [Control.HasFocus(313) | Control.HasFocus(314) | Control.HasFocus(315)]">50</ondown>-->
	<onleft condition="Control.HasFocus(313)">313</onleft>
	<onright condition="Control.HasFocus(313)">313</onright>
	<onleft condition="Control.HasFocus(314)">314</onleft>
	<onright condition="Control.HasFocus(314)">314</onright>	  
	<onleft condition="Control.HasFocus(315)">315</onleft>
	<onright condition="Control.HasFocus(315)">315</onright>
  </include>
  <include name="4ways3" description="SideMenu">
  	<onup condition="ControlGroup(9000).HasFocus() + !ControlGroup(9001).HasFocus() + !ControlGroup(9002).HasFocus()">9000</onup>
	<onup condition="ControlGroup(9001).HasFocus() + !ControlGroup(9002).HasFocus()">9001</onup>
	<onup condition="ControlGroup(9002).HasFocus()">9002</onup>
	<onup condition="ControlGroup(300).HasFocus()">300</onup>
	<ondown condition="ControlGroup(9000).HasFocus() + !ControlGroup(9001).HasFocus() + !ControlGroup(9002).HasFocus()">9000</ondown>
	<ondown condition="ControlGroup(9001).HasFocus() + !ControlGroup(9002).HasFocus()">9001</ondown>
	<ondown condition="ControlGroup(9002).HasFocus()">9002</ondown>
	<ondown condition="ControlGroup(300).HasFocus()">300</ondown>
	<onright description="en" condition="Control.IsVisible(7011) + !StringCompare(System.Language,Hebrew)">7017</onright>
	<onright description="en" condition="Player.HasAudio + !StringCompare(System.Language,Hebrew)">7017</onright>
	<onleft description="en" condition="Window.IsActive(DialogAddonInfo.xml) + !StringCompare(System.Language,Hebrew)">Close</onleft> 
	<onleft description="en" condition="Window.IsActive(SettingsCategory.xml) + !StringCompare(System.Language,Hebrew)">5</onleft> 
    <onleft description="en" condition="[ControlGroup(9000).HasFocus() | ControlGroup(9001).HasFocus() | ControlGroup(9002).HasFocus() | ControlGroup(300).HasFocus | Window.IsVisible(MyPVRChannels.xml)] + !StringCompare(System.Language,Hebrew)">50</onleft>
	
	<onleft description="he" condition="Control.IsVisible(7011) + StringCompare(System.Language,Hebrew)">7017</onleft>
	<onleft description="he" condition="Player.HasAudio + StringCompare(System.Language,Hebrew)">7017</onleft>
	<onright description="he" condition="Window.IsActive(DialogAddonInfo.xml) + StringCompare(System.Language,Hebrew)">Close</onright> 
	<onright description="he" condition="Window.IsActive(SettingsCategory.xml) + StringCompare(System.Language,Hebrew)">5</onright> 
    <onright description="he" condition="[ControlGroup(9000).HasFocus() | ControlGroup(9001).HasFocus() | ControlGroup(9002).HasFocus() | ControlGroup(300).HasFocus | Window.IsVisible(MyPVRChannels.xml)] + StringCompare(System.Language,Hebrew)">50</onright>
  </include>
  <include name="4ways4" description="Includes_Settings">
    <onup condition="!Control.IsVisible(100) + !Window.IsVisible(CustomHomeCustomizer.xml) + Control.IsVisible(7011)">7017</onup>
	<onup condition="!Control.IsVisible(100) + !Window.IsVisible(CustomHomeCustomizer.xml) + Player.HasAudio">ActivateWindow(12901)</onup>
	<onup condition="Control.IsVisible(100)">100</onup>
	
	
	<onleft condition="!Window.IsVisible(CustomHomeCustomizer.xml) + !Window.IsVisible(DialogFavourites.xml)">9000</onleft>
	<onleft condition="!Window.IsVisible(CustomHomeCustomizer.xml) + Control.IsVisible(7011)">7017</onleft>
	<onleft condition="!Window.IsVisible(CustomHomeCustomizer.xml) + Player.HasAudio">ActivateWindow(12901)</onleft>
	<onright condition="!Window.IsVisible(CustomHomeCustomizer.xml) + Control.IsVisible(60)">60</onright>
	<onright condition="!Window.IsVisible(CustomHomeCustomizer.xml) + !Control.IsVisible(60) + Control.IsVisible(7011)">7017</onright>
	<ondown>noop</ondown>
  </include>
    <include name="2ways">
	  <onleft condition="Control.IsVisible(90000) + !SubString(Window(home).Property(ViewsSettings),900)">9000</onleft>
	  <onleft condition="Control.IsVisible(90000) + SubString(Window(home).Property(ViewsSettings),9001)">9001</onleft>
	  <onleft condition="Control.IsVisible(90000) + SubString(Window(home).Property(ViewsSettings),9002)">9002</onleft>
	  <onleft condition="!Control.IsVisible(90000) + Control.IsVisible(7011) + Control.IsVisible(7017)">7017</onleft>
	  <onleft condition="!Control.IsVisible(90000) + Player.HasAudio">ActivateWindow(12901)</onleft>
	  
	  <onright condition="Control.IsVisible(90000) + !SubString(Window(home).Property(ViewsSettings),900)">9000</onright>
	  <onright condition="Control.IsVisible(90000) + SubString(Window(home).Property(ViewsSettings),9001)">9001</onright>
	  <onright condition="Control.IsVisible(90000) + SubString(Window(home).Property(ViewsSettings),9002)">9002</onright>
	  <onright condition="!Control.IsVisible(90000) + Control.IsVisible(7011) + Control.IsVisible(7017)">7017</onright>
	  <onright condition="!Control.IsVisible(90000) + Player.HasAudio">ActivateWindow(12901)</onright>
	  
	  <onup condition="Control.IsVisible(7011)">7017</onup>			  
	  <onup condition="Player.HasAudio">ActivateWindow(12901)</onup>
	  <onup condition="Control.IsVisible(60)">PageUp</onup>
	  
	  <ondown condition="Control.IsVisible(60)">PageDown</ondown>
	  <preloaditems>2</preloaditems>
	  <pagecontrol>60</pagecontrol>	  
	  <scrolltime tween="sine" easing="inout">200</scrolltime>
  </include>
  <include name="ArrowNF">
    <control type="image" description="arrow">
	 <visible>[Window.IsActive(Settings.xml) | ListItem.IsFolder] + ![StringCompare(ListItem.Label,..) | SubString(ListItem.Path,videodb://1/7) | container.content(Movies) | container.content(TVshows) | container.content(Seasons) | container.content(Episodes) | container.content(musicvideos) | container.content(songs) | container.content(addons) | SubString(Container.FolderPath,plugin://,left)]</visible>
	 <posx>75r</posx>
	 <height>81</height>
	 <width>42</width>
	 <aspectratio>keep</aspectratio>
	 <texture>images/ArrowNF.png</texture>
		</control>
	  </include>
	  <include name="ArrowFO">
		<control type="image" description="arrow">
	 <visible>[Window.IsActive(Settings.xml) | ListItem.IsFolder] + ![StringCompare(ListItem.Label,..) | SubString(ListItem.Path,videodb://1/7) | container.content(Movies) | container.content(TVshows) | container.content(Seasons) | container.content(Episodes) | container.content(musicvideos) | container.content(songs) | container.content(addons) | SubString(Container.FolderPath,plugin://,left)]</visible>
	 <animation effect="fade" start="30" end="100" time="150" delay="300">Focus</animation>
	 <posx>75r</posx>
	 <height>81</height>
	 <width>42</width>
	 <aspectratio>keep</aspectratio>
	 <texture>images/ArrowFO.png</texture>
    </control>
  </include>
  <include name="AutoScrollText" description="(Textbox) פרטי וידאו (1105)">
	<autoscroll tween="sine" easing="out" delay="7000" time="3000" repeat="7000">True</autoscroll>
  </include>
  <include name="AutoScrollText2" description="(Textbox) (הגדרות מעטפת/עזרה)">
	<autoscroll tween="sine" easing="out" delay="7000" time="3000" repeat="7000">True</autoscroll>
  </include>
  <include name="Backgrounds1" description="בית">
	<control type="group">
	  <include>Slide1.5</include>
	  <height>552</height>
	  <width>1920</width>
	  <control type="image" description="צבע (רקע עליון)">
		<include>Fade_TopMainBackgroundOverlay</include>
		<include condition="[Skin.String(MenuDesign,2) | Skin.String(MenuDesign,3)]">Control_Pos42</include>
		<animation description="slide-Vertical_he" condition="Skin.String(MenuDesign,4) + StringCompare(System.Language,Hebrew)" effect="slide" start="0,0" end="-270,0" time="0">Conditonal</animation>
		<animation description="slide-Vertical_en" condition="Skin.String(MenuDesign,4) + !StringCompare(System.Language,Hebrew)" effect="slide" start="0,0" end="270,0" time="0">Conditonal</animation>
		<aspectratio>stretch</aspectratio>
		<posx>-15</posx>
		<posy>-7</posy>
		<width>1950</width>
		<include condition="Skin.String(MenuDesign,4)">Control_Pos43</include>
		<height>564</height>
		
		<texture border="40" colordiffuse="$VAR[TopBackgroundColor]">buttons/ButtonC0.png</texture>
		<visible>!Skin.String(TopBackgroundColor,None)</visible>
		<visible>Skin.HasSetting(HideTopMainBackground) | Skin.HasSetting(background) | IsEmpty(Control.GetLabel(700102))</visible>
	  </control>
	  <control type="image" description="טקסטורה (רקע עליון)">
		<include>Fade_TopMainBackgroundOverlay</include>
		<include condition="[Skin.String(MenuDesign,2) | Skin.String(MenuDesign,3)]">Control_Pos42</include>
		<animation description="slide-Vertical_he" condition="Skin.String(MenuDesign,4) + StringCompare(System.Language,Hebrew)" effect="slide" start="0,0" end="-265,0" time="0">Conditonal</animation>
		<animation description="slide-Vertical_en" condition="Skin.String(MenuDesign,4) + !StringCompare(System.Language,Hebrew)" effect="slide" start="0,0" end="265,0" time="0">Conditonal</animation>
		<aspectratio>scale</aspectratio>
		<posy>0</posy>
		<width>1920</width>
		<include condition="Skin.String(MenuDesign,4)">Control_Pos43</include>
		<height>552</height>
		<texture border="30" colordiffuse="$VAR[TopBackgroundColor]">$VAR[TopBackgroundTexture]</texture>
		<visible>!Control.IsVisible(7011)</visible>
		<visible>[[Container(9000).Row(0) | Container(9000).Row(1)] + !Container(9000).HasPrevious()] | ![!Skin.String(MenuDesign) | Skin.String(MenuDesign,1)]</visible>
		<visible>Skin.HasSetting(HideTopMainBackground) | Skin.HasSetting(background) | IsEmpty(Control.GetLabel(700102))</visible>
	  </control>
	  <control type="label" id="700102" description="רקע נוסחא">
	    <visible>false</visible>
		<label>$VAR[background]</label>
	  </control>
	  <control type="label" id="700105" description="רקע נוסחא">
	    <visible>false</visible>
		<label>$VAR[ReloadSkin_check]</label>
	  </control>
	  <!--<control type="image" description="רקע בית תחתון (שחור)">
		<height>1080</height>
		<posy>552</posy>
		<texture colordiffuse="ff000000" border="0">buttons/ButtonA0.png</texture>
	  </control>-->
	  <control type="videowindow" id="7011" description="חלון וידאו/אודיו">
		<animation description="slide-Vertical_he" condition="Skin.String(MenuDesign,4) + StringCompare(System.Language,Hebrew)" effect="slide" start="0,0" end="-265,0" time="0">Conditonal</animation>
		<height>1080</height>
		<include condition="Skin.String(MenuDesign,4)">Control_Pos45</include>
		<visible>Player.HasVideo</visible>
	  </control>
	  <control type="image" description="רקע שחור אחורי - מסתיר חלון וידאו על כל המסך">
		<animation description="slide-horizontal" condition="[Skin.String(MenuDesign,2) | Skin.String(MenuDesign,3)]" effect="slide" start="0,0" end="0,250" time="0">Conditonal</animation>
		<animation description="slide-Vertical_he" condition="Skin.String(MenuDesign,4) + StringCompare(System.Language,Hebrew)" effect="slide" start="0,0" end="-265,552" time="0">Conditonal</animation>
		<animation description="slide-Vertical_en" condition="Skin.String(MenuDesign,4) + !StringCompare(System.Language,Hebrew)" effect="slide" start="0,0" end="265,552" time="0">Conditonal</animation>
		<aspectratio>stretch</aspectratio>
		<height>1080</height>
		<width>1920</width>
		<posy>552</posy>
		<texture colordiffuse="ff000000" border="0">buttons/ButtonA0.png</texture>
		<visible>Player.HasVideo + Control.IsVisible(7011)</visible>
		<visible>!Skin.String(MenuDesign,4)</visible>
	  </control>
	  <control type="largeimage" description="רקע פאנארט">
	    <animation condition="Skin.HasSetting(HomeFanartHalfScreen) + [!Skin.String(MenuDesign) | Skin.String(MenuDesign,1)]" effect="zoom" start="100,100" end="100,51" time="0">Conditional</animation>
		<animation condition="Skin.HasSetting(HomeFanartHalfScreen) + [Skin.String(MenuDesign,2) | Skin.String(MenuDesign,3)]" effect="zoom" start="100,100" end="100,74.1" time="0">Conditional</animation>
		<animation description="No full Fanart-Vertical_he" condition="Skin.HasSetting(HomeFanartHalfScreen) + Skin.String(MenuDesign,4) + StringCompare(System.Language,Hebrew)" effect="zoom" center="0,0" start="100,100" end="86.3,100" time="0">Conditional</animation>
		<animation description="No full Fanart-Vertical_en" condition="Skin.HasSetting(HomeFanartHalfScreen) + Skin.String(MenuDesign,4) + !StringCompare(System.Language,Hebrew)" effect="zoom" center="1920,0" start="100,100" end="86.3,100" time="0">Conditional</animation>
	    <animation description="Slide-Panel" condition="[!Skin.String(MenuDesign) | Skin.String(MenuDesign,1)] + [[!Container(9000).Row(0) + !Container(9000).Row(1) | Container(9000).HasPrevious()] | [[Container(9000).Row(0) | Container(9000).Row(1)] + !Container(9000).HasPrevious() + Player.HasVideo]]" effect="slide" start="0,0" end="0,551" time="220">Conditonal</animation>
		<animation description="Slide-Horizontal" condition="![!Skin.String(MenuDesign) | Skin.String(MenuDesign,1)] + Player.HasVideo" effect="slide" start="0,0" end="0,551" time="220">Conditonal</animation>
		<animation condition="[!Skin.String(MenuDesign) | Skin.String(MenuDesign,1)] + [[!Container(9000).Row(0) + !Container(9000).Row(1) | Container(9000).HasPrevious()] | Player.HasVideo] + Skin.HasSetting(HomeFanartHalfScreen)" effect="fade" start="100" end="0" time="220">Conditonal</animation>
		<aspectratio align="top">scale</aspectratio>
		<visible>!Skin.HasSetting(background)</visible>
		<!--<visible>[[Container(9000).Row(0) | Container(9000).Row(1)] + !Container(9000).HasPrevious()] | [Container(50).Row(0) | Container(50).Row(1)] + !Container(50).HasPrevious()</visible>-->
		<include>Fade_BackgroundOverlay</include>
		<texture>$VAR[background]</texture>
		<posy>0</posy>
		<height>1080</height>
		<width>1920</width>
		<visible>![Skin.HasSetting(HomeFanartHalfScreen) + Player.HasVideo]</visible>
		<visible>![Skin.String(MenuDesign,4) + Player.HasVideo]</visible>
	  </control>
	  <control type="image" description="רקע תחתון צבע">
		<!--<visible>Skin.HasSetting(background)</visible>-->
		<animation condition="[!Container(9000).Row(0) + !Container(9000).Row(1) | Container(9000).HasPrevious()] + [!Skin.String(MenuDesign) | Skin.String(MenuDesign,1)]" effect="slide" start="0,0" end="0,29" time="220">Conditonal</animation>
		<animation description="slide-horizontal" condition="[Skin.String(MenuDesign,2) | Skin.String(MenuDesign,3)]" effect="slide" start="0,0" end="0,250" time="0">Conditonal</animation>
		<animation description="slide-Vertical_he" condition="Skin.String(MenuDesign,4) + StringCompare(System.Language,Hebrew)" effect="slide" start="0,0" end="1660,0" time="0">Conditonal</animation>
		<include condition="Skin.String(MenuDesign,4)">Control_Pos44</include>
		<include>Fade_MainBackgroundOverlay</include>
		<aspectratio>stretch</aspectratio>
		<height>1080</height>
		<width>1950</width>
		<posx>-10</posx>
		<posy>548</posy>
		<texture border="20" colordiffuse="$VAR[MainBackgroundColor]">buttons/ButtonC0.png</texture>
		<visible>!Skin.String(MainBackgroundColor,None)</visible>
	  </control>
	  <control type="image" description="רקע תחתון טקסטורה">
		<animation description="slide-horizontal" condition="[Skin.String(MenuDesign,2) | Skin.String(MenuDesign,3)]" effect="slide" start="0,0" end="0,250" time="0">Conditonal</animation>
		<animation description="slide-Vertical_he" condition="Skin.String(MenuDesign,4) + StringCompare(System.Language,Hebrew)" effect="slide" start="0,0" end="1660,0" time="0">Conditonal</animation>
		<animation description="slide-Vertical_en" condition="Skin.String(MenuDesign,4) + !StringCompare(System.Language,Hebrew)" effect="slide" start="0,0" end="-10,0" time="0">Conditonal</animation>
		<include>Fade_MainBackgroundOverlay</include>
		<aspectratio>scale</aspectratio>
		<include condition="Skin.String(MenuDesign,4)">Control_Pos43</include>
		<height>1080</height>
		<width>1920</width>
		<posx>0</posx>
		<posy>552</posy>
		<texture border="30" colordiffuse="$VAR[MainBackgroundColor]">$VAR[MainBackgroundTexture]</texture>
	  </control>
	  <control type="image" description="מסגרת (רקע עליון)">
		<height>562</height>
		<posy></posy>
		<posx>-15</posx>
		<width>1950</width>
		<texture border="30">buttons/ButtonCF.png</texture>
		<visible>[[Container(9000).Row(0) | Container(9000).Row(1)] + !Container(9000).HasPrevious()]</visible>
		<visible>false</visible>
	  </control>
	  <control type="button" id="7017" description="כפתור וידאו">
		  <animation description="No full Fanart-Vertical_he" condition="Skin.String(MenuDesign,4) + StringCompare(System.Language,Hebrew)" effect="zoom" center="0,30" start="100,100" end="86.3,200" time="0">Conditional</animation>
		  <animation description="No full Fanart-Vertical_en" condition="Skin.String(MenuDesign,4) + !StringCompare(System.Language,Hebrew)" effect="zoom" center="1920,30" start="100,100" end="86.3,200" time="0">Conditional</animation>
		  <include condition="[Skin.String(MenuDesign,2) | Skin.String(MenuDesign,3)]">Control_Pos42</include>
		  <visible>Control.IsVisible(7011)</visible>
		  <texturefocus border="10" colordiffuse="$VAR[SelectedFrameColor]">misc/frames/selector.png</texturefocus>
		  <label></label>
		  <posx>0</posx>
		  <posy>30</posy>
		  <pulseonselect></pulseonselect>
		  <onclick>Fullscreen</onclick>
		  <onup condition="Control.IsVisible(9009)">9009</onup>
		  <onup condition="!Control.IsVisible(9009)">ActivateWindow(12901)</onup>
		  <ondown condition="Window.IsVisible(Home.xml) + Control.IsVisible(700)">700</ondown>
		  <ondown condition="Window.IsVisible(Home.xml) | Window.IsVisible(CustomHomeCustomizer.xml) + Control.IsVisible(9000)">9000</ondown>
		  <onleft condition="Skin.String(MenuDesign,4) + !StringCompare(System.Language,Hebrew)">9000</onleft>
		  <onleft>700</onleft>
		  <onright condition="Skin.String(MenuDesign,4) + StringCompare(System.Language,Hebrew)">9000</onright>
		  <onright>700</onright>
		  <height>522</height>
		  <width>1920</width>
	  </control>
	</control>
    <include>ForwardingRewinding</include>
  </include>
  <include name="Backgrounds3" description="$LOCALIZE[31013] View">
	<control type="group">
	  <include>Slide1</include>
	  <height>552</height>
	  <width>1920</width>
	  <control type="image" description="רקע שחור אחורי (TEMP?)">
		<aspectratio>stretch</aspectratio>
		<height>1080</height>
		<posy>0</posy>
		<texture colordiffuse="ff000000" border="0">buttons/ButtonA0.png</texture>
	  </control>
	  <control type="videowindow" id="7011" description="חלון וידאו"> <!--StringCompare(System.Language,Hebrew)-->
		<animation description="slide-Vertical_he" condition="Control.IsVisible(51) + StringCompare(System.Language,Hebrew)" effect="slide" start="0,0" end="-275,600" time="0">Conditonal</animation>
		<animation description="slide-Vertical_he" condition="Control.IsVisible(51) + !StringCompare(System.Language,Hebrew)" effect="slide" start="0,0" end="235,600" time="0">Conditonal</animation>
		<animation description="slide-Vertical_he" condition="Control.IsVisible(51)" effect="zoom" center="auto" start="100,100" end="76,100" time="0">Conditonal</animation>
		<posy>-552</posy>
		<height>1080</height>
		<width>1920</width>
		<visible>Player.HasVideo</visible>
	  </control>
	  <control type="image" description="רקע שחור אחורי - מסתיר חלון וידאו על כל המסך">
		<!--<animation description="slide-Vertical_he" condition="Control.IsVisible(51) + !StringCompare(System.Language,Hebrew)" effect="slide" start="0,0" end="330,0" time="0">Conditonal</animation>-->
		<aspectratio>stretch</aspectratio>
		<height>1080</height>
		<width>1920</width>
		<posy>0</posy>
		<texture colordiffuse="ff000000" border="0">buttons/ButtonA0.png</texture>
		<visible>Player.HasVideo + Control.IsVisible(7011) + !Control.IsVisible(51)</visible>
	  </control>
	  <control type="image" id="7021" description="רקע תחתון צבע">
		<include>Fade_MainBackgroundOverlay</include>
		<include condition="!Skin.HasSetting(FullFanartTopVideoInformation) + !IsEmpty(Control.GetLabel(70130)) + !Player.HasVideo">Slide1</include>
		<include>Slide1.1</include>
		<animation description="No Fanart" condition="[Control.IsVisible(57) | Control.IsVisible(58)] + !Control.HasFocus(7017) + IsEmpty(Control.GetLabel(11155)) + !Control.HasFocus(60) + [!IsEmpty(Control.GetLabel(1106)) | !IsEmpty(Control.GetLabel(1105))] + [IsEmpty(Control.GetLabel(70130)) + !Player.HasVideo] + !Container(57).OnNext + !Container(57).OnPrevious + !Container(58).OnNext + !Container(58).OnPrevious + !Skin.HasSetting(ShowTopVideoInformation)" effect="slide" start="0,0" end="0,-252" delay="3000" time="700" reversible="false">Conditional</animation>
		
		<animation description="slide-Vertical" condition="Player.HasVideo + Control.IsVisible(51)" effect="zoom" center="auto" start="100,100" end="27,113" time="0">Conditonal</animation>
		<animation description="slide-Vertical_he" condition="Player.HasVideo + Control.IsVisible(51) + StringCompare(System.Language,Hebrew)" effect="slide" start="0,0" end="2750,165" time="0">Conditonal</animation>
		<animation description="slide-Vertical_he" condition="Player.HasVideo + Control.IsVisible(51) + !StringCompare(System.Language,Hebrew)" effect="slide" start="0,0" end="-2785,165" time="0">Conditonal</animation>
		<aspectratio>stretch</aspectratio>
		<height>1080</height>
		<width>1950</width>
		<posx>-15</posx>
		<posy>24</posy>
		<texture border="20" colordiffuse="$VAR[MainBackgroundColor]">buttons/ButtonC0.png</texture>
		<!--<visible>![Control.IsVisible(51) + Player.HasVideo]</visible>-->
	  </control>
	  <control type="image" description="רקע תחתון טקסטורה">
	    <include>Fade_MainBackgroundOverlay</include>
	    <include condition="!Skin.HasSetting(FullFanartTopVideoInformation) + !IsEmpty(Control.GetLabel(70130)) + !Player.HasVideo">Slide1</include>
		<include>Slide1.1</include>
		<animation description="No Fanart" condition="[Control.IsVisible(57) | Control.IsVisible(58)] + !Control.HasFocus(7017) + IsEmpty(Control.GetLabel(11155)) + !Control.HasFocus(60) + [!IsEmpty(Control.GetLabel(1106)) | !IsEmpty(Control.GetLabel(1105))] + [IsEmpty(Control.GetLabel(70130)) + !Player.HasVideo] + !Container(57).OnNext + !Container(57).OnPrevious + !Container(58).OnNext + !Container(58).OnPrevious + !Skin.HasSetting(ShowTopVideoInformation)" effect="slide" start="0,0" end="0,-252" delay="3000" time="700" reversible="false">Conditional</animation>
		<animation description="slide-Vertical_he" condition="Player.HasVideo + Control.IsVisible(51)" effect="zoom" center="auto" start="100,100" end="24,100" time="0">Conditonal</animation>
		<animation description="slide-Vertical_he" condition="Player.HasVideo + Control.IsVisible(51) + StringCompare(System.Language,Hebrew)" effect="slide" start="0,0" end="2985,0" time="0">Conditonal</animation>
		<animation description="slide-Vertical_he" condition="Player.HasVideo + Control.IsVisible(51) + !StringCompare(System.Language,Hebrew)" effect="slide" start="0,0" end="-3020,0" time="0">Conditonal</animation>
		<aspectratio>stretch</aspectratio>
		<height>1080</height>
		<width>1950</width>
		<posx>-15</posx>
		<posy>30</posy>
		<texture border="30" colordiffuse="$VAR[MainBackgroundColor]">$VAR[MainBackgroundTexture]</texture>
	  </control>
	  <control type="largeimage" id="7013" description="פאנארט">
		<fadetime>200</fadetime>
		<include>Fade_Background2Overlay</include>
		<posx>0</posx>
		<posy>-1104</posy>
	    <height>1080</height>
		<width>1920</width>
		<include>Slide2.1</include>
		<include>Slide2.1f</include>
		<texture background="true">$VAR[fanart]</texture>
		<aspectratio align="top">stretch</aspectratio>
		<visible>!IsEmpty(Control.GetLabel(70130))</visible>
		<visible>Control.IsVisible(57) | Control.IsVisible(58)</visible>
		<visible>!Skin.HasSetting(ShowTopVideoInformation) | Skin.HasSetting(AlwaysFanart) | Container.Content(Seasons) | Container.Content(Episodes)</visible>
		<visible>!IsEmpty(Control.GetLabel(1106)) | !IsEmpty(Control.GetLabel(1105))</visible>
		<visible>!SubString(Container.FolderPath,plugin://plugin.video.youtube)</visible>
	  </control>
	  <control type="largeimage" id="7015" description="פאנארט">
		<include condition="!Window.IsVisible(MyPics.xml)">Fade_Background2Overlay</include>
		<aspectratio align="top">stretch</aspectratio>
		<!--<include>Slide2.7</include>-->
		<fadetime>200</fadetime>
		<posx>0</posx>
	    <posy>0</posy>
	    <height>1080</height>
		<width>1920</width>
		<texture background="true">$VAR[fanart]</texture>
		<visible>!IsEmpty(Control.GetLabel(70130)) + !Control.IsVisible(7013)</visible>
		<visible>!Skin.HasSetting(background2)</visible>
		<visible>[!Control.IsVisible(57) + !Control.IsVisible(58)]</visible>
		<visible>![Player.HasVideo + Control.IsVisible(51)]</visible>
	  </control>
	  <control type="largeimage" id="7014" description="רקע פאנארט">
		<include>Fade_Background2Overlay</include>
		<aspectratio align="top">scale</aspectratio>
		<posy>0</posy>
		<height>1080</height>
		<texture background="true">$VAR[background2]</texture>
		<width>1920</width>
		<visible>!Skin.HasSetting(background2) + !Control.IsVisible(7013) + !Control.IsVisible(7015) + !IsEmpty(Control.GetLabel(70140)) + IsEmpty(Control.GetLabel(70130))</visible>
		<visible>[!Control.IsVisible(57) + !Control.IsVisible(58)]</visible>
		<visible>![Player.HasVideo + Control.IsVisible(51)]</visible>
	  </control>
	  <control type="image" description="מסגרת (רקע עליון)">
		<animation condition="true" effect="fade" start="70" end="70" time="0">Conditional</animation>
		<height>562</height>
		<posy>-554</posy>
		<posx>-15</posx>
		<width>1950</width>
		<texture border="20">buttons/ButtonCF.png</texture>
		<visible>!Control.IsVisible(58) + !Control.IsVisible(50)</visible>
		<visible>!IsEmpty(Control.GetLabel(70130)) + [Player.HasVideo | !Container.Content(Seasons) + !Container.Content(Episodes)]</visible>
		<visible>Control.IsVisible(57) + [Player.HasVideo | !Skin.HasSetting(ShowTopVideoInformation) + Skin.HasSetting(FullFanartTopVideoInformation) + !Skin.HasSetting(AlwaysFanart)]</visible>
		<visible>false</visible>
	  </control>
	  <control type="image" description="מסגרת (רקע תחתון)">
	    <include>Slide2.1</include>
		<include>Fade_MainBackgroundOverlay</include>
		
		<animation condition="!Container(57).OnNext + !Container(57).OnPrevious + !Container(58).OnNext + !Container(58).OnPrevious + !Control.HasFocus(60)" effect="fade" start="0" delay="3500" end="100" time="220">Conditional</animation>
		<aspectratio>stretch</aspectratio>
		<height>552</height>
		<width>1950</width>
		<posx>-15</posx>
		<posy>-15</posy>
		<texture border="20">buttons/ButtonEF.png</texture>
		<visible>!IsEmpty(Control.GetLabel(70130)) + [Player.HasVideo | !Container.Content(Seasons) + !Container.Content(Episodes)]</visible>
		<visible>Control.IsVisible(57) + [Player.HasVideo | !Skin.HasSetting(ShowTopVideoInformation) + Skin.HasSetting(FullFanartTopVideoInformation) + !Skin.HasSetting(AlwaysFanart)]</visible>
		<visible>false</visible>
	  </control>
	  <control type="label" id="700105" description="רקע נוסחא">
	    <visible>false</visible>
		<label>$VAR[ReloadSkin_check]</label>
	  </control>
	  <control type="label" id="70130" description="fake">
	    <label>$VAR[fanart]</label>
		<visible>false</visible>
	  </control>
	  <control type="label" id="70140" description="fake">
	    <label>$VAR[background2]</label>
		<visible>false</visible>
	  </control>
	  <control type="button" id="7017">
		<animation description="slide-Vertical_he" condition="Control.IsVisible(51) + StringCompare(System.Language,Hebrew)" effect="slide" start="0,0" end="-235,815" time="0">Conditonal</animation>
		<animation description="slide-Vertical_he" condition="Control.IsVisible(51) + !StringCompare(System.Language,Hebrew)" effect="slide" start="0,0" end="235,815" time="0">Conditonal</animation>
		<animation description="slide-Vertical_he" condition="Control.IsVisible(51)" effect="zoom" center="auto" start="100,100" end="75.5,202" time="0">Conditonal</animation>
		<texturefocus border="10" colordiffuse="$VAR[SelectedFrameColor]">misc/frames/selector.png</texturefocus>
		<texturenofocus colordiffuse="FFFFAAFF"></texturenofocus>
		<posy>-522</posy>
		<onclick condition="Player.HasVideo">Fullscreen</onclick>
		<onup condition="Control.HasFocus(7017)">ActivateWindow(12901)</onup>
		<ondown condition="Control.IsVisible(50) + !Window.IsVisible(MyPVRChannels.xml) + !Window.IsVisible(MyPVRGuide.xml)">50</ondown>
	    <ondown condition="Control.IsVisible(51)">51</ondown>
		<ondown condition="Control.IsVisible(54)">54</ondown>
	    <ondown condition="Control.IsVisible(55)">55</ondown>
		<ondown condition="Control.IsVisible(56)">56</ondown>
	    <ondown condition="Control.IsVisible(57)">57</ondown>		  
	    <ondown condition="Control.IsVisible(58)">58</ondown>
		<onleft condition="Control.IsVisible(51) + StringCompare(System.Language,Hebrew)">9000</onleft>
		<onleft condition="Control.IsVisible(51) + !StringCompare(System.Language,Hebrew)">51</onleft>
		<onright condition="Control.IsVisible(51) + StringCompare(System.Language,Hebrew)">51</onright>
		<onright condition="Control.IsVisible(51) + !StringCompare(System.Language,Hebrew)">9000</onright>
		<height>522</height>
		<width>1920</width>
		<visible>Control.IsVisible(7011)</visible>
	  </control>
	</control>
    <include>ForwardingRewinding</include>
  </include>

  <include name="VideoOSDflag">
	<control type="image">
	  <aspectratio>keep</aspectratio>
	  <animation condition="!Control.IsVisible(707)" effect="slide" start="0,0" end="-50,0" time="0">Conditional</animation>
	  <animation condition="!Control.IsVisible(601)" effect="slide" start="0,0" end="-50,0" time="0">Conditional</animation>
	  <animation condition="!Control.IsVisible(602)" effect="slide" start="0,0" end="-50,0" time="0">Conditional</animation>
	  
	  <animation condition="Control.IsVisible(613)" effect="slide" start="0,0" end="50,0" time="0">Conditional</animation>
	  <animation condition="Control.IsVisible(699)" effect="slide" start="0,0" end="50,0" time="0">Conditional</animation>
	  <animation condition="Control.IsVisible(701)" effect="slide" start="0,0" end="50,0" time="0">Conditional</animation>
	  <animation condition="Control.IsVisible(702)" effect="slide" start="0,0" end="50,0" time="0">Conditional</animation>
	  <animation condition="Control.IsVisible(705)" effect="slide" start="0,0" end="50,0" time="0">Conditional</animation>
	  <animation condition="Control.IsVisible(803)" effect="slide" start="0,0" end="50,0" time="0">Conditional</animation>
	  <animation condition="Control.IsVisible(804)" effect="slide" start="0,0" end="50,0" time="0">Conditional</animation>
	  <animation condition="Control.IsVisible(807)" effect="slide" start="0,0" end="50,0" time="0">Conditional</animation>
	  <animation condition="Control.IsVisible(808)" effect="slide" start="0,0" end="50,0" time="0">Conditional</animation>
	  <animation condition="Control.IsVisible(810)" effect="slide" start="0,0" end="50,0" time="0">Conditional</animation>
	  <posx>1090</posx>
	  <posy>82</posy>
	  <height>40</height>
	  <width>40</width>
	  <texture>$INFO[VideoPlayer.SubtitlesLanguage,badges/countries/v2/,.png]</texture>
	  <visible>Control.IsVisible(703) + !IsEmpty(VideoPlayer.SubtitlesLanguage)</visible>
	  <visible>VideoPlayer.SubtitlesEnabled + VideoPlayer.HasSubtitles</visible>
	</control>
	<control type="label">
	  <posy>400</posy>
	  <label>$INFO[VideoPlayer.SubtitlesLanguage,badges/countries/v2/,.png]</label>
	  <visible>Skin.HasSetting(Admin) + !Skin.HasSetting(Admin2) + Skin.HasSetting(Admin3)</visible>
	</control>
  </include>
  <include name="BlackBackground">
    <control type="image" description="Default BG">
	 <width>1920</width>
	 <height>1080</height>
	 <texture colordiffuse="ff000000" border="0">buttons/ButtonA0.png</texture>
    </control>
  </include>
  <include name="BlackBackground2">
    <control type="image" description="Default BG">
	  <animation condition="true" effect="fade" end="70" time="200">Conditional</animation>
		 <width>1920</width>
		 <height>1080</height>
		 <texture colordiffuse="ff000000" border="0">buttons/ButtonA0.png</texture>
    </control>
  </include>
  <include name="PVRprogress">
	  <control type="group">
	    <posx>585</posx>
		<posy>95</posy>
		<visible>ListItem.HasEpg</visible>
		<control type="progress">
		  <posx>55</posx>
		  <width>190</width>
		  <height>13</height>
		  <texturebg>MusicOSD/ProgressBG.png</texturebg>
		  <midtexture>MusicOSD/ProgressM.png</midtexture>
		  <righttexture>MusicOSD/ProgressR.png</righttexture>
		  <lefttexture>MusicOSD/ProgressL.png</lefttexture>
		  <info>ListItem.Progress</info>
		</control>
		<control type="label" description="StartTime">
		  <posy>-10</posy>
		  <width>70</width>
		  <height>30</height>
		  <font>size18</font>
		  <textcolor>Grey2</textcolor>
		  <align>left</align>
		  <label>$INFO[ListItem.StartTime]</label>
		</control>
		<control type="label" description="EndTime">
		  <posx>250</posx>
		  <posy>-10</posy>
		  <width>70</width>
		  <height>30</height>
		  <font>size18</font>
		  <textcolor>Grey2</textcolor>
		  <align>left</align>
		  <label>$INFO[ListItem.EndTime]</label>
		</control>
	  </control>
  </include>
  <include name="SetFocusView" description="onload">
    <onload condition="Window.IsActive(MyPrograms.xml) + ControlGroup(9000).HasFocus() + StringCompare(Container.Viewmode,$LOCALIZE[31010])">Control.SetFocus(50)</onload>
	<onload condition="Window.IsActive(MyPrograms.xml) + ControlGroup(9000).HasFocus() + StringCompare(Container.Viewmode,$LOCALIZE[31014])">Control.SetFocus(58)</onload>
	
	<onload condition="[Window.IsActive(MyVideoNav.xml) | Window.IsActive(MyPics.xml) | Window.IsActive(MyMusicNav.xml)] + ControlGroup(9000).HasFocus() + StringCompare(Container.Viewmode,$LOCALIZE[31010])">Control.SetFocus(50)</onload>
	<onload condition="[Window.IsActive(MyVideoNav.xml) | Window.IsActive(MyPics.xml)] + ControlGroup(9000).HasFocus() + StringCompare(Container.Viewmode,$LOCALIZE[31014])">Control.SetFocus(58)</onload>
	<onload condition="Window.IsActive(MyVideoNav.xml) + ControlGroup(9000).HasFocus() + StringCompare(Container.Viewmode,$LOCALIZE[31013])">Control.SetFocus(57)</onload>
  </include>
  
  <include name="InProgressBadge">
    <control type="group" description="סדרות בתהליך">
	  <height>60</height>
	  <posx>70r</posx>
	  <posy>5</posy>
	  <width>65</width>
	  <!--<visible>Container.Content(TVShows) + IntegerGreaterThan(ListItem.Property(WatchedEpisodes),0)</visible>-->
	  <visible>!IsEmpty(Control.GetLabel(11300)) | StringCompare(ListItem.Overlay,OverlayWatched.png) | IntegerGreaterThan(ListItem.Property(WatchedEpisodes),0) + !IntegerGreaterThan(ListItem.Property(UnWatchedEpisodes),0)</visible>
	  <control type="image" description="">
		<include>Fade_TopVideoInformationOverlay</include>
		<height>40</height>
		<posx>0</posx>
		<posy>0</posy>
		<texture diffuse="buttons/ButtonE0.png" colordiffuse="$VAR[TopVideoInformationColor]" border="0">buttons/ButtonA0.png</texture>
		<width>100%</width>
		<!--<visible>IntegerGreaterThan(ListItem.Property(UnWatchedEpisodes),0) | ![Skin.HasSetting(ShowDVDCases2) + [Control.IsVisible(54) | Control.IsVisible(58)]]</visible>
		<visible>IntegerGreaterThan(ListItem.Property(UnWatchedEpisodes),0) | ![Skin.HasSetting(ShowDVDCases) + [Control.IsVisible(57)]]</visible>-->
	  </control>
	  <control type="label" id="11300" description="">					
		<include>LabelC2</include>
		<height>50%</height>
		<label>$VAR[Button11300]</label>
		<posx>0</posx>
		<posy>6</posy>
		<width>100%</width>
	  </control>	
	  <control type="image" description="סמן נצפה רגיל">
		  <height>80%</height>
		  <posx>6</posx>
		  <posy>-4</posy>
		  <texture colordiffuse="$VAR[IconUnFocusColor]">$VAR[Overlay2]</texture>
		  <width>80%</width>
		  <visible></visible>
		  <!--<visible>!Skin.HasSetting(ShowDVDCases2) | Skin.HasSetting(ShowDVDCases2) + !Control.IsVisible(54) + !Control.IsVisible(58)</visible>
		  <visible>Skin.HasSetting(ShowDVDCases) | !Skin.HasSetting(ShowDVDCases) + !Control.IsVisible(57)</visible>-->
		  <!--<visible>!IsEmpty(Control.GetLabel(1104)) | Control.IsVisible(50)</visible>--> <!-- | Window.IsVisible(DialogFullScreenInfo.xml)-->
      </control>	  
	  <control type="image" description="סמן נצפה">
	  <!--<animation condition="Control.IsVisible(57)" effect="zoom" center="60,-10" start="100,100" end="70,70" time="0">Conditional</animation>-->
		  <aspectratio align="left">keep</aspectratio>
		  <height>285</height>
		  <posx>-165</posx>
		  <posy>-4</posy>
		  <width>345</width>
		  <texture>$VAR[Overlay]</texture>
		  <visible>IsEmpty(Control.GetLabel(11156))</visible>
      </control>
	</control>
  </include>
  
  <include name="InProgressBadge2">
    <control type="group" description="סדרות בתהליך">	  
	  <animation condition="Control.IsVisible(57)" effect="zoom" center="-203,-34" start="100,100" end="80,80" time="0">Conditional</animation>
	  <!--<animation condition="Control.IsVisible(50)" effect="zoom" center="1413,-30" start="100,100" end="80,80" time="0">Conditional</animation>-->
	  <animation condition="Control.IsVisible(50)" effect="zoom" center="-650,-127" start="100,100" end="68,68" time="0">Conditional</animation>
	  <height>312</height>
	  <posx>137</posx>
	  <posy>37</posy>
	  <width>237</width>	  
	  <visible>Container.Content(TVShows) + IntegerGreaterThan(ListItem.Property(WatchedEpisodes),0) | StringCompare(ListItem.Overlay,OverlayWatched.png)</visible>
	  <control type="image" description="">
		<animation condition="true" effect="fade" start="70" end="70" time="0">Conditional</animation>
		<height>40</height>
		<posx>70r</posx>
		<posy>4</posy>
		<!--<texture diffuse="buttons/ButtonE0.png" colordiffuse="ff100c08" border="0">buttons/ButtonA0.png</texture>-->
		<texture colordiffuse="ff100c08" border="0">buttons/ButtonA0.png</texture>
		<width>60</width>
		<!--<visible>IntegerGreaterThan(ListItem.Property(UnWatchedEpisodes),0) | ![Skin.HasSetting(ShowDVDCases2) + [Control.IsVisible(54) | Control.IsVisible(58)]]</visible>
		<visible>IntegerGreaterThan(ListItem.Property(UnWatchedEpisodes),0) | ![Skin.HasSetting(ShowDVDCases) + [Control.IsVisible(57)]]</visible>-->
	  </control>		  
	  <control type="label" description="">					
		<angle>0</angle>
		<include>LabelC2</include>
		<height>30</height>
		<label>$INFO[ListItem.Property(UnwatchedEpisodes)]</label>
		<posx>70r</posx>
		<posy>8</posy>
		<align>center</align>
		<textcolor>White2</textcolor>
		<visible>IntegerGreaterThan(ListItem.Property(WatchedEpisodes),0) + IntegerGreaterThan(ListItem.Property(UnWatchedEpisodes),0)</visible>
		<width>60</width>
	  </control>
	  <control type="image" description="סמן נצפה רגיל">
		  <height>60</height>
		  <posx>70r</posx>
		  <posy>-6</posy>
		  <texture colordiffuse="$VAR[IconUnFocusColor]">$VAR[Overlay2]</texture>
		  <width>60</width>
		  <visible>![IntegerGreaterThan(ListItem.Property(WatchedEpisodes),0) + IntegerGreaterThan(ListItem.Property(UnWatchedEpisodes),0)]</visible>
		  <!--<visible>!Skin.HasSetting(ShowDVDCases2) | Skin.HasSetting(ShowDVDCases2) + !Control.IsVisible(54) + !Control.IsVisible(58)</visible>
		  <visible>Skin.HasSetting(ShowDVDCases) | !Skin.HasSetting(ShowDVDCases) + !Control.IsVisible(57)</visible>-->
      </control>	  
	</control>
    <control type="image" description="סמן נצפה">
	  <!--<animation condition="Control.IsVisible(57)" effect="zoom" center="60,-10" start="100,100" end="70,70" time="0">Conditional</animation>-->
	  <aspectratio align="left">keep</aspectratio>
	  <height>460</height>
	  <posx>7</posx>
	  <posy>30</posy>
	  <width>350</width>
	  <texture>$VAR[Overlay]</texture>
	  <visible>[[Control.IsVisible(54) | Control.IsVisible(58)] + Skin.HasSetting(ShowDVDCases2)]</visible>
	  <visible>IsEmpty(Control.GetLabel(11156))</visible>
    </control>
	<control type="image" description="סמן נצפה">
	  <!--<animation condition="Control.IsVisible(57)" effect="zoom" center="60,-10" start="100,100" end="70,70" time="0">Conditional</animation>-->
	  <aspectratio align="left">keep</aspectratio>
	  <height>305</height>
	  <posx>24</posx>
	  <posy>19</posy>
	  <width>345</width>
	  <texture>$VAR[Overlay]</texture>
	  <visible>[Control.IsVisible(57) + !Skin.HasSetting(ShowDVDCases)]</visible>
	  <visible>IsEmpty(Control.GetLabel(11156))</visible>
    </control>
  </include>
  <include name="AutoView" description="Videoviews.xml">
    <control type="button">
	  <onfocus description="For ID(50)"    condition="!Skin.HasSetting(AutoView) + !StringCompare(Container.Viewmode,$LOCALIZE[31010]) + [IsEmpty(Container.FolderPath) + IsEmpty(ListItem.Path) | [StringCompare(ListItem.Path,library://video/) + [StringCompare(Container.FolderPath,library://video/) | IsEmpty(Container.FolderPath) + IsEmpty(Container.FolderName)]] | StringCompare(Container.FolderPath,library://video/tvshows/) + StringCompare(ListItem.Path,library://video/tvshows/) | StringCompare(Container.FolderPath,library://video/movies/) + StringCompare(ListItem.Path,library://video/movies/)]">AlarmClock($LOCALIZE[31010],Container.SetViewMode(50),0,silent)</onfocus>
	  <!--MyVideoNav-->
	  <!--<onfocus description="For ID(50)" condition="!Skin.HasSetting(AutoView) + Window.IsVisible(MyVideoNav.xml) + !StringCompare(Container.Viewmode,$LOCALIZE[31010])| StringCompare(Container.FolderName,$LOCALIZE[345]) | StringCompare(Container.FolderName,$LOCALIZE[20348]) | StringCompare(Container.FolderName,$LOCALIZE[20388]) | StringCompare(Container.FolderName,$LOCALIZE[20451]) | StringCompare(Container.FolderName,$LOCALIZE[20459]) | StringCompare(Container.FolderPath,special://userdata/library/) | StringCompare(ListItem.Path,library://video/)]">AlarmClock($LOCALIZE[31010],Container.SetViewMode(50),0,silent)</onfocus>-->

	  <onfocus description="Movies-Center List" condition="Skin.String(AutoView.movies,$LOCALIZE[31010]) + !StringCompare(Container.Viewmode,$LOCALIZE[31010]) + !Skin.HasSetting(AutoView) + Window.IsVisible(MyVideoNav.xml) + [Container.Content(movies) | SubString(Container.FolderPath,videodb://movies/)] + !Container.Content(sets) + !SubString(Container.FolderPath,videodb://movies/sets/) + !Container.Content(actors) + [!IsEmpty(Control.GetLabel(1105)) | !IsEmpty(Control.GetLabel(1106))]">AlarmClock(AutoView,Container.SetViewMode(50),0,silent)</onfocus>
	  <onfocus description="Movies-Side List" condition="Skin.String(AutoView.movies,$LOCALIZE[31011]) + !StringCompare(Container.Viewmode,$LOCALIZE[31011]) + !Skin.HasSetting(AutoView) + Window.IsVisible(MyVideoNav.xml) + [Container.Content(movies) | SubString(Container.FolderPath,videodb://movies/)] + !Container.Content(sets) + !SubString(Container.FolderPath,videodb://movies/sets/) + !Container.Content(actors) + [!IsEmpty(Control.GetLabel(1105)) | !IsEmpty(Control.GetLabel(1106))]">AlarmClock(AutoView,Container.SetViewMode(51),0,silent)</onfocus>
	  <onfocus description="Movies-Line" condition="Skin.String(AutoView.movies,$LOCALIZE[31015]) + !StringCompare(Container.Viewmode,$LOCALIZE[31015]) + !Skin.HasSetting(AutoView) + Window.IsVisible(MyVideoNav.xml) + [Container.Content(movies) | SubString(Container.FolderPath,videodb://movies/)] + !Container.Content(sets) + !SubString(Container.FolderPath,videodb://movies/sets/) + !Container.Content(actors) + [!IsEmpty(Control.GetLabel(1105)) | !IsEmpty(Control.GetLabel(1106))]">AlarmClock(AutoView,Container.SetViewMode(56),0,silent)</onfocus>
	  <onfocus description="Movies-Wall" condition="[Skin.String(AutoView.movies,$LOCALIZE[31013]) | !Skin.String(AutoView.movies)] + !StringCompare(Container.Viewmode,$LOCALIZE[31013]) + !Skin.HasSetting(AutoView) + Window.IsVisible(MyVideoNav.xml) + [Container.Content(movies) | SubString(Container.FolderPath,videodb://movies/)] + !Container.Content(sets) + !SubString(Container.FolderPath,videodb://movies/sets/) + !Container.Content(actors) + [!IsEmpty(Control.GetLabel(1105)) | !IsEmpty(Control.GetLabel(1106))]">AlarmClock(AutoView,Container.SetViewMode(57),0,silent)</onfocus>
	  <onfocus description="Movies-Poster" condition="Skin.String(AutoView.movies,$LOCALIZE[31014]) + !StringCompare(Container.Viewmode,$LOCALIZE[31014]) + !Skin.HasSetting(AutoView) + Window.IsVisible(MyVideoNav.xml) + [Container.Content(movies) | SubString(Container.FolderPath,videodb://movies/)] + !Container.Content(sets) + !SubString(Container.FolderPath,videodb://movies/sets/) + !Container.Content(actors) + [!IsEmpty(Control.GetLabel(1105)) | !IsEmpty(Control.GetLabel(1106))]">AlarmClock(AutoView,Container.SetViewMode(58),0,silent)</onfocus>
	  
	  <onfocus description="TVshows-Center List" condition="Skin.String(AutoView.tvshows,$LOCALIZE[31010]) + !StringCompare(Container.Viewmode,$LOCALIZE[31010]) + !Skin.HasSetting(AutoView) + Window.IsVisible(MyVideoNav.xml) + [Container.Content(tvshows) | SubString(Container.FolderPath,videodb://tvshows/)] + !Container.Content(Seasons) + !Container.content(Episodes) + [!IsEmpty(Control.GetLabel(1105)) | !IsEmpty(Control.GetLabel(1106))]">AlarmClock(AutoView,Container.SetViewMode(50),0,silent)</onfocus>
	  <onfocus description="TVshows-Side List" condition="Skin.String(AutoView.tvshows,$LOCALIZE[31011]) + !StringCompare(Container.Viewmode,$LOCALIZE[31011]) + !Skin.HasSetting(AutoView) + Window.IsVisible(MyVideoNav.xml) + [Container.Content(tvshows) | SubString(Container.FolderPath,videodb://tvshows/)] + !Container.Content(Seasons) + !Container.content(Episodes) + [!IsEmpty(Control.GetLabel(1105)) | !IsEmpty(Control.GetLabel(1106))]">AlarmClock(AutoView,Container.SetViewMode(51),0,silent)</onfocus>
	  <onfocus description="TVshows-Line" condition="Skin.String(AutoView.tvshows,$LOCALIZE[31015]) + !StringCompare(Container.Viewmode,$LOCALIZE[31015]) + !Skin.HasSetting(AutoView) + Window.IsVisible(MyVideoNav.xml) + [Container.Content(tvshows) | SubString(Container.FolderPath,videodb://tvshows/)] + !Container.Content(Seasons) + !Container.content(Episodes) + [!IsEmpty(Control.GetLabel(1105)) | !IsEmpty(Control.GetLabel(1106))]">AlarmClock(AutoView,Container.SetViewMode(56),0,silent)</onfocus>
	  <onfocus description="TVshows-Wall" condition="[Skin.String(AutoView.tvshows,$LOCALIZE[31013]) | !Skin.String(AutoView.tvshows)] + !StringCompare(Container.Viewmode,$LOCALIZE[31013]) + !Skin.HasSetting(AutoView) + Window.IsVisible(MyVideoNav.xml) + [Container.Content(tvshows) | SubString(Container.FolderPath,videodb://tvshows/)] + !Container.Content(Seasons) + !Container.content(Episodes) + [!IsEmpty(Control.GetLabel(1105)) | !IsEmpty(Control.GetLabel(1106))]">AlarmClock(AutoView,Container.SetViewMode(57),0,silent)</onfocus>
	  <onfocus description="TVshows-Poster" condition="Skin.String(AutoView.tvshows,$LOCALIZE[31014]) + !StringCompare(Container.Viewmode,$LOCALIZE[31014]) + !Skin.HasSetting(AutoView) + Window.IsVisible(MyVideoNav.xml) + [Container.Content(tvshows) | SubString(Container.FolderPath,videodb://tvshows/)] + !Container.Content(Seasons) + !Container.content(Episodes) + [!IsEmpty(Control.GetLabel(1105)) | !IsEmpty(Control.GetLabel(1106))]">AlarmClock(AutoView,Container.SetViewMode(58),0,silent)</onfocus>
	  
	  <onfocus description="seasons-Center List" condition="Skin.String(AutoView.seasons,$LOCALIZE[31010]) + !StringCompare(Container.Viewmode,$LOCALIZE[31010]) + !Skin.HasSetting(AutoView) + Window.IsVisible(MyVideoNav.xml) + Container.Content(seasons) + !IsEmpty(Control.GetLabel(11155))">AlarmClock(AutoView,Container.SetViewMode(50),0,silent)</onfocus>
	  <onfocus description="seasons-Side List" condition="Skin.String(AutoView.seasons,$LOCALIZE[31011]) + !StringCompare(Container.Viewmode,$LOCALIZE[31011]) + !Skin.HasSetting(AutoView) + Window.IsVisible(MyVideoNav.xml) + Container.Content(seasons) + !IsEmpty(Control.GetLabel(11155))">AlarmClock(AutoView,Container.SetViewMode(51),0,silent)</onfocus>
	  <onfocus description="seasons-Small List" condition="[Skin.String(AutoView.seasons,$LOCALIZE[31012]) | !Skin.String(AutoView.seasons)] + !StringCompare(Container.Viewmode,$LOCALIZE[31012]) + !Skin.HasSetting(AutoView) + Window.IsVisible(MyVideoNav.xml) + Container.Content(seasons) + !IsEmpty(Control.GetLabel(11155))">AlarmClock(AutoView,Container.SetViewMode(56),0,silent)</onfocus>
	  <onfocus description="seasons-Line" condition="Skin.String(AutoView.seasons,$LOCALIZE[31015]) + !StringCompare(Container.Viewmode,$LOCALIZE[31015]) + !Skin.HasSetting(AutoView) + Window.IsVisible(MyVideoNav.xml) + Container.Content(seasons) + !IsEmpty(Control.GetLabel(11155))">AlarmClock(AutoView,Container.SetViewMode(54),0,silent)</onfocus>
	  <onfocus description="seasons-Wall" condition="Skin.String(AutoView.seasons,$LOCALIZE[31013]) + !StringCompare(Container.Viewmode,$LOCALIZE[31013]) + !Skin.HasSetting(AutoView) + Window.IsVisible(MyVideoNav.xml) + Container.Content(seasons) + !IsEmpty(Control.GetLabel(11155))">AlarmClock(AutoView,Container.SetViewMode(57),0,silent)</onfocus>
	  <onfocus description="seasons-Poster" condition="Skin.String(AutoView.seasons,$LOCALIZE[31014]) + !StringCompare(Container.Viewmode,$LOCALIZE[31014]) + !Skin.HasSetting(AutoView) + Window.IsVisible(MyVideoNav.xml) + Container.Content(seasons) + !IsEmpty(Control.GetLabel(11155))">AlarmClock(AutoView,Container.SetViewMode(58),0,silent)</onfocus>
	  
	  <onfocus description="episodes-Center List" condition="Skin.String(AutoView.episodes,$LOCALIZE[31010]) + !StringCompare(Container.Viewmode,$LOCALIZE[31010]) + !Skin.HasSetting(AutoView) + Window.IsVisible(MyVideoNav.xml) + Container.Content(episodes) + !IsEmpty(Control.GetLabel(11155))">AlarmClock(AutoView,Container.SetViewMode(50),0,silent)</onfocus>
	  <onfocus description="episodes-Side List" condition="Skin.String(AutoView.episodes,$LOCALIZE[31011]) + !StringCompare(Container.Viewmode,$LOCALIZE[31011]) + !Skin.HasSetting(AutoView) + Window.IsVisible(MyVideoNav.xml) + Container.Content(episodes) + !IsEmpty(Control.GetLabel(11155))">AlarmClock(AutoView,Container.SetViewMode(51),0,silent)</onfocus>
	  <onfocus description="episodes-Small List" condition="[Skin.String(AutoView.episodes,$LOCALIZE[31012]) | !Skin.String(AutoView.episodes)] + !StringCompare(Container.Viewmode,$LOCALIZE[31012]) + !Skin.HasSetting(AutoView) + Window.IsVisible(MyVideoNav.xml) + Container.Content(episodes) + !IsEmpty(Control.GetLabel(11155))">AlarmClock(AutoView,Container.SetViewMode(56),0,silent)</onfocus>
	  <onfocus description="episodes-Line" condition="Skin.String(AutoView.episodes,$LOCALIZE[31015]) + !StringCompare(Container.Viewmode,$LOCALIZE[31015]) + !Skin.HasSetting(AutoView) + Window.IsVisible(MyVideoNav.xml) + Container.Content(episodes) + !IsEmpty(Control.GetLabel(11155))">AlarmClock(AutoView,Container.SetViewMode(54),0,silent)</onfocus>
	  <onfocus description="episodes-Wall" condition="Skin.String(AutoView.episodes,$LOCALIZE[31013]) + !StringCompare(Container.Viewmode,$LOCALIZE[31013]) + !Skin.HasSetting(AutoView) + Window.IsVisible(MyVideoNav.xml) + Container.Content(episodes) + !IsEmpty(Control.GetLabel(11155))">AlarmClock(AutoView,Container.SetViewMode(57),0,silent)</onfocus>
	  <onfocus description="episodes-Poster" condition="Skin.String(AutoView.episodes,$LOCALIZE[31014]) + !StringCompare(Container.Viewmode,$LOCALIZE[31014]) + !Skin.HasSetting(AutoView) + Window.IsVisible(MyVideoNav.xml) + Container.Content(episodes) + !IsEmpty(Control.GetLabel(11155))">AlarmClock(AutoView,Container.SetViewMode(58),0,silent)</onfocus>
	  
	  <onfocus description="setmovies-Center List" condition="Skin.String(AutoView.setmovies,$LOCALIZE[31010]) + !StringCompare(Container.Viewmode,$LOCALIZE[31010]) + !Skin.HasSetting(AutoView) + Window.IsVisible(MyVideoNav.xml) + [Container.Content(sets) | SubString(Container.FolderPath,videodb://movies/sets/) | StringCompare(Container.FolderName,$LOCALIZE[20434])]">AlarmClock(AutoView,Container.SetViewMode(50),0,silent)</onfocus>
	  <onfocus description="setmovies-Side List" condition="Skin.String(AutoView.setmovies,$LOCALIZE[31011]) + !StringCompare(Container.Viewmode,$LOCALIZE[31011]) + !Skin.HasSetting(AutoView) + Window.IsVisible(MyVideoNav.xml) + [Container.Content(sets) | SubString(Container.FolderPath,videodb://movies/sets/) | StringCompare(Container.FolderName,$LOCALIZE[20434])]">AlarmClock(AutoView,Container.SetViewMode(51),0,silent)</onfocus>
	  <onfocus description="setmovies-Line" condition="Skin.String(AutoView.setmovies,$LOCALIZE[31015]) + !StringCompare(Container.Viewmode,$LOCALIZE[31015]) + !Skin.HasSetting(AutoView) + Window.IsVisible(MyVideoNav.xml) + [Container.Content(sets) | SubString(Container.FolderPath,videodb://movies/sets/) | StringCompare(Container.FolderName,$LOCALIZE[20434])]">AlarmClock(AutoView,Container.SetViewMode(54),0,silent)</onfocus>
	  <onfocus description="setmovies-Wall" condition="Skin.String(AutoView.setmovies,$LOCALIZE[31013]) + !StringCompare(Container.Viewmode,$LOCALIZE[31013]) + !Skin.HasSetting(AutoView) + Window.IsVisible(MyVideoNav.xml) + [Container.Content(sets) | SubString(Container.FolderPath,videodb://movies/sets/) | StringCompare(Container.FolderName,$LOCALIZE[20434])]">AlarmClock(AutoView,Container.SetViewMode(57),0,silent)</onfocus>
	  <onfocus description="setmovies-Poster" condition="[Skin.String(AutoView.setmovies,$LOCALIZE[31014]) | !Skin.String(AutoView.setmovies)] + !StringCompare(Container.Viewmode,$LOCALIZE[31014]) + !Skin.HasSetting(AutoView) + Window.IsVisible(MyVideoNav.xml) + [Container.Content(sets) | SubString(Container.FolderPath,videodb://movies/sets/) | StringCompare(Container.FolderName,$LOCALIZE[20434])]">AlarmClock(AutoView,Container.SetViewMode(58),0,silent)</onfocus>
	  
	  <onfocus description="actors-Center List" condition="Skin.String(AutoView.actors,$LOCALIZE[31010]) + !StringCompare(Container.Viewmode,$LOCALIZE[31010]) + !Skin.HasSetting(AutoView) + Window.IsVisible(MyVideoNav.xml) + [Container.Content(actors) | SubString(Container.FolderPath,videodb://movies/actors/) | StringCompare(Container.FolderName,$LOCALIZE[344])]">AlarmClock(AutoView,Container.SetViewMode(50),0,silent)</onfocus>
	  <onfocus description="actors-Side List" condition="Skin.String(AutoView.actors,$LOCALIZE[31011]) + !StringCompare(Container.Viewmode,$LOCALIZE[31011]) + !Skin.HasSetting(AutoView) + Window.IsVisible(MyVideoNav.xml) + [Container.Content(actors) | SubString(Container.FolderPath,videodb://movies/actors/) | StringCompare(Container.FolderName,$LOCALIZE[344])]">AlarmClock(AutoView,Container.SetViewMode(51),0,silent)</onfocus>
	  <onfocus description="actors-Line" condition="[Skin.String(AutoView.actors,$LOCALIZE[31015]) | !Skin.String(AutoView.actors)] + !StringCompare(Container.Viewmode,$LOCALIZE[31015]) + !Skin.HasSetting(AutoView) + Window.IsVisible(MyVideoNav.xml) + [Container.Content(actors) | SubString(Container.FolderPath,videodb://movies/actors/) | StringCompare(Container.FolderName,$LOCALIZE[344])]">AlarmClock(AutoView,Container.SetViewMode(54),0,silent)</onfocus>
	  <onfocus description="actors-Wall" condition="Skin.String(AutoView.actors,$LOCALIZE[31013]) + !StringCompare(Container.Viewmode,$LOCALIZE[31013]) + !Skin.HasSetting(AutoView) + Window.IsVisible(MyVideoNav.xml) + [Container.Content(actors) | SubString(Container.FolderPath,videodb://movies/actors/) | StringCompare(Container.FolderName,$LOCALIZE[344])]">AlarmClock(AutoView,Container.SetViewMode(57),0,silent)</onfocus>
	  <onfocus description="actors-Poster" condition="Skin.String(AutoView.actors,$LOCALIZE[31014]) + !StringCompare(Container.Viewmode,$LOCALIZE[31014]) + !Skin.HasSetting(AutoView) + Window.IsVisible(MyVideoNav.xml) + [Container.Content(actors) | SubString(Container.FolderPath,videodb://movies/actors/) | StringCompare(Container.FolderName,$LOCALIZE[344])]">AlarmClock(AutoView,Container.SetViewMode(58),0,silent)</onfocus>
	  
	  <onfocus description="genres-Center List" condition="[Skin.String(AutoView.genres,$LOCALIZE[31010]) | !Skin.String(AutoView.genres)] + !StringCompare(Container.Viewmode,$LOCALIZE[31010]) + !Skin.HasSetting(AutoView) + Window.IsVisible(MyVideoNav.xml) + [Container.Content(genres) | StringCompare(Container.FolderPath,videodb://movies/genres/) | StringCompare(Container.FolderName,$LOCALIZE[135])]">AlarmClock(AutoView,Container.SetViewMode(50),0,silent)</onfocus>
	  <onfocus description="genres-Side List" condition="Skin.String(AutoView.genres,$LOCALIZE[31011]) + !StringCompare(Container.Viewmode,$LOCALIZE[31011]) + !Skin.HasSetting(AutoView) + Window.IsVisible(MyVideoNav.xml) + [Container.Content(genres) | StringCompare(Container.FolderPath,videodb://movies/genres/) | StringCompare(Container.FolderName,$LOCALIZE[135])]">AlarmClock(AutoView,Container.SetViewMode(51),0,silent)</onfocus>
	  <onfocus description="genres-Line" condition="Skin.String(AutoView.genres,$LOCALIZE[31015]) + !StringCompare(Container.Viewmode,$LOCALIZE[31015]) + !Skin.HasSetting(AutoView) + Window.IsVisible(MyVideoNav.xml) + [Container.Content(genres) | StringCompare(Container.FolderPath,videodb://movies/genres/) | StringCompare(Container.FolderName,$LOCALIZE[135])]">AlarmClock(AutoView,Container.SetViewMode(54),0,silent)</onfocus>
	  <onfocus description="genres-Wall" condition="Skin.String(AutoView.genres,$LOCALIZE[31013]) + !StringCompare(Container.Viewmode,$LOCALIZE[31013]) + !Skin.HasSetting(AutoView) + Window.IsVisible(MyVideoNav.xml) + [Container.Content(genres) | StringCompare(Container.FolderPath,videodb://movies/genres/) | StringCompare(Container.FolderName,$LOCALIZE[135])]">AlarmClock(AutoView,Container.SetViewMode(57),0,silent)</onfocus>
	  <onfocus description="genres-Poster" condition="Skin.String(AutoView.genres,$LOCALIZE[31014]) + !StringCompare(Container.Viewmode,$LOCALIZE[31014]) + !Skin.HasSetting(AutoView) + Window.IsVisible(MyVideoNav.xml) + [Container.Content(genres) | StringCompare(Container.FolderPath,videodb://movies/genres/) | StringCompare(Container.FolderName,$LOCALIZE[135])]">AlarmClock(AutoView,Container.SetViewMode(58),0,silent)</onfocus>
	  
	  <onfocus description="others-Center List" condition="Skin.String(AutoView.others,$LOCALIZE[31010]) + !StringCompare(Container.Viewmode,$LOCALIZE[31010]) + !Skin.HasSetting(AutoView) + Window.IsVisible(MyVideoNav.xml) + [Container.Content(years) | Container.Content(studios) | Container.Content(directors) | StringCompare(Container.FolderName,$LOCALIZE[20451])]">AlarmClock(AutoView,Container.SetViewMode(50),0,silent)</onfocus>
	  <onfocus description="others-Side List" condition="[Skin.String(AutoView.others,$LOCALIZE[31011]) | !Skin.String(AutoView.others)] + !StringCompare(Container.Viewmode,$LOCALIZE[31011]) + !Skin.HasSetting(AutoView) + Window.IsVisible(MyVideoNav.xml) + [Container.Content(years) | Container.Content(studios) | Container.Content(directors) | StringCompare(Container.FolderName,$LOCALIZE[20451])]">AlarmClock(AutoView,Container.SetViewMode(51),0,silent)</onfocus>
	  <onfocus description="others-Line" condition="Skin.String(AutoView.others,$LOCALIZE[31015]) + !StringCompare(Container.Viewmode,$LOCALIZE[31015]) + !Skin.HasSetting(AutoView) + Window.IsVisible(MyVideoNav.xml) + [Container.Content(years) | Container.Content(studios) | Container.Content(directors) | StringCompare(Container.FolderName,$LOCALIZE[20451])]">AlarmClock(AutoView,Container.SetViewMode(54),0,silent)</onfocus>
	  <onfocus description="others-Wall" condition="Skin.String(AutoView.others,$LOCALIZE[31013]) + !StringCompare(Container.Viewmode,$LOCALIZE[31013]) + !Skin.HasSetting(AutoView) + Window.IsVisible(MyVideoNav.xml) + [Container.Content(years) | Container.Content(studios) | Container.Content(directors) | StringCompare(Container.FolderName,$LOCALIZE[20451])]">AlarmClock(AutoView,Container.SetViewMode(57),0,silent)</onfocus>
	  <onfocus description="others-Poster" condition="Skin.String(AutoView.others,$LOCALIZE[31014]) + !StringCompare(Container.Viewmode,$LOCALIZE[31014]) + !Skin.HasSetting(AutoView) + Window.IsVisible(MyVideoNav.xml) + [Container.Content(years) | Container.Content(studios) | Container.Content(directors) | StringCompare(Container.FolderName,$LOCALIZE[20451])]">AlarmClock(AutoView,Container.SetViewMode(58),0,silent)</onfocus>
	  
	  <!--[ | SubString(Container.FolderPath,plugin://plugin.video.genesis/?) | SubString(Container.FolderPath,plugin://plugin.video.pulsar/)]] | [[Container.Content(TVshows) | Container.Content(Seasons) | Container.content(Episodes)] + [SubString(Container.FolderPath,videodb://tvshows/)-->
	  <!--<onfocus description="For ID(57)" condition="!Skin.HasSetting(AutoView) + Window.IsVisible(MyVideoNav.xml) + !StringCompare(Container.Viewmode,$LOCALIZE[31013]) + [Container.content(movies) | Container.Content(TVshows) | Container.Content(Seasons) | Container.content(Episodes)]">AlarmClock($LOCALIZE[31013],Container.SetViewMode(57),0,silent)</onfocus>
	  <onfocus description="For ID(57)" condition="!Skin.HasSetting(AutoView) + Window.IsVisible(MyVideoNav.xml) + !StringCompare(Container.Viewmode,$LOCALIZE[31013]) + [Container.content(movies) | Container.Content(TVshows) | Container.Content(Seasons) | Container.content(Episodes)]">AlarmClock($LOCALIZE[31013],Container.SetViewMode(57),0,silent)</onfocus>-->
	  
	  <!--<onfocus description="For ID(58) - Israel TV's Addons" condition="!Skin.HasSetting(AutoView) + Window.IsVisible(MyVideoNav.xml) + !StringCompare(Container.Viewmode,$LOCALIZE[31014]) + [SubString(Container.FolderPath,plugin://plugin.video.sdarot.tv/?) + Container.Content(TVshows) + !Container.content(Episodes) + !Container.content(Seasons)]">AlarmClock($LOCALIZE[31014],Container.SetViewMode(58),0,silent)</onfocus>-->
	  
	  <!--<onfocus description="GenreVar" condition="Window.IsVisible(MyVideoNav.xml) + !Skin.HasSetting(Admin) StringCompare(Container.FolderPath,videodb://movies/genres/) | StringCompare(Container.FolderPath,plugin://plugin.video.genesis/?action=genres_movies) | StringCompare(Container.FolderPath,plugin://plugin.video.genesis/?action=genres_shows)">Container.Update</onfocus>-->
	  <!--MyPics-->
	  <onfocus description="pictures-Center List" condition="Skin.String(AutoView.pictures,$LOCALIZE[31010]) + !StringCompare(Container.Viewmode,$LOCALIZE[31010]) + !Skin.HasSetting(AutoView) + Window.IsVisible(MyPics.xml) + !IsEmpty(Container.FolderPath)">AlarmClock(AutoView,Container.SetViewMode(50),0,silent)</onfocus>
	  <onfocus description="pictures-Wall" condition="Skin.String(AutoView.pictures,$LOCALIZE[31013]) + !StringCompare(Container.Viewmode,$LOCALIZE[31013]) + !Skin.HasSetting(AutoView) + Window.IsVisible(MyPics.xml) + !IsEmpty(Container.FolderPath)">AlarmClock(AutoView,Container.SetViewMode(57),0,silent)</onfocus>
	  <onfocus description="pictures-Poster" condition="[Skin.String(AutoView.pictures,$LOCALIZE[31014]) | !Skin.String(AutoView.pictures)] + !StringCompare(Container.Viewmode,$LOCALIZE[31014]) + !Skin.HasSetting(AutoView) + Window.IsVisible(MyPics.xml) + !IsEmpty(Container.FolderPath)">AlarmClock(AutoView,Container.SetViewMode(58),0,silent)</onfocus>

	  <!--MyPrograms-->
	  <onfocus description="For ID(50) - משחקים" condition="!Skin.HasSetting(AutoView) + Window.IsVisible(MyPrograms.xml) + StringCompare(Container.FolderName,Advanced Launcher) + !StringCompare(Container.Viewmode,$LOCALIZE[31010]) + !IntegerGreaterThan(Container.NumItems,13) + [SubString(ListItem.Label,Arcade) | SubString(ListItem.Label,Nintendo) | SubString(ListItem.Label,Sega) | SubString(ListItem.Label,Sony Playstation) | SubString(ListItem.Label,TurboGrafx)] + [[IsEmpty(ListItem.Plot) + IsEmpty(ListItem.Genre) + IsEmpty(ListItem.Art(fanart))]]">AlarmClock($LOCALIZE[31010],Container.SetViewMode(50),0,silent)</onfocus>
	  <onfocus description="For ID(50) - כללי" condition="!Skin.HasSetting(AutoView) + Window.IsVisible(MyPrograms.xml) + !StringCompare(Container.FolderName,Advanced Launcher) + !StringCompare(Container.Viewmode,$LOCALIZE[31010]) + [SubString(Container.FolderPath,addons://outdated/)]">AlarmClock($LOCALIZE[31010],Container.SetViewMode(50),0,silent)</onfocus>
	  <onfocus description="For ID(58) - משחקים" condition="!Skin.HasSetting(AutoView) + Window.IsVisible(MyPrograms.xml) + StringCompare(Container.FolderName,Advanced Launcher) + !StringCompare(Container.Viewmode,$LOCALIZE[31014]) + [[!IsEmpty(ListItem.Plot) + !IsEmpty(ListItem.Genre) + !IsEmpty(ListItem.Art(fanart))] | IntegerGreaterThan(Container.NumItems,13)]">AlarmClock($LOCALIZE[31014],Container.SetViewMode(58),0,silent)</onfocus>
	  <onfocus description="*For All ID" condition="Window.IsVisible(MyPrograms.xml) + !Skin.HasSetting(Admin) + StringCompare(ListItem.Path,addons://sources/) + IsEmpty(ListItem.FolderName) + IsEmpty(Container.FolderName)">Action(Back)</onfocus>
	  <onfocus description="*For All ID - Addons" condition="Window.IsVisible(MyPrograms.xml) + !Skin.HasSetting(Admin) + [StringCompare(Container.FolderPath,plugin://plugin.programm.featherencemail/)]">Action(Back)</onfocus>
	  <visible>false</visible>
	</control>
  </include>
  
  <include name="ForwardingRewinding">
    <control type="grouplist" description="תצוגה קדימה/אחורה">
		<left>30</left>
		<top>930</top>
		<width>748</width>
		<height>150</height>
		<itemgap>10</itemgap>
		<orientation>horizontal</orientation>
		<include>Fade20</include>
		<visible>Player.Forwarding | Player.Rewinding</visible>
		<usecontrolcoords>true</usecontrolcoords>
		<control type="image">
			<top>3</top>
			<width>90</width>
			<height>87</height>
			<aspectratio>keep</aspectratio>
			<texture flipx="true">osd/ff.png</texture>
			<colordiffuse>FFe5e5e5</colordiffuse>
			<animation effect="fade" start="100" end="60" time="800" pulse="true" condition="true">Conditional</animation>
			<visible>Player.Rewinding</visible>
		</control>
		<control type="label">
			<label>$VAR[VideoPlayerForwardRewindVar]</label>
			<width min="10" max="300">auto</width>
			<height>90</height>
			<textoffsetx>0</textoffsetx>
			<aligny>center</aligny>
			<font>size112</font>
			<shadowcolor>44000000</shadowcolor>
			<textcolor>DDe5e5e5</textcolor>
		</control>
		<control type="image">
			<top>3</top>
			<width>90</width>
			<height>87</height>
			<aspectratio>keep</aspectratio>
			<texture>osd/ff.png</texture>
			<colordiffuse>FFe5e5e5</colordiffuse>
			<animation effect="fade" start="100" end="60" time="800" pulse="true" condition="true">Conditional</animation>
			<visible>Player.Forwarding</visible>
		</control>
	</control>
  </include>
  
  <include name="Badges">
  <control type="grouplist">
	<animation description="Slide_en" condition="!StringCompare(System.Language,Hebrew) + Control.IsVisible(3200)" effect="slide" start="0,0" end="90,0">Conditonal</animation>
	<include condition="StringCompare(System.Language,Hebrew)">Control_Pos50</include>
	<height>24</height>
	<itemgap>10</itemgap>
	<align>left</align>
	<orientation>horizontal</orientation>
	<posx>360</posx>
	<posy>7</posy>
	<visible>Player.HasVideo</visible>
	<visible>!SubString(MusicPlayer.Title,featherence)</visible>
	<control type="image">
	  <texture>$INFO[VideoPlayer.VideoResolution,badges/video/,.png]</texture>
	  <visible>!IsEmpty(VideoPlayer.VideoResolution)</visible>
	  <width>50</width>
	</control>
	<control type="image">
	  <texture>$INFO[VideoPlayer.VideoCodec,badges/video/,.png]</texture>
	  <visible>!IsEmpty(VideoPlayer.VideoCodec)</visible>
	  <width>50</width>
	</control>
	<control type="image">
	  <texture>$INFO[VideoPlayer.AudioChannels,badges/channels/channels,.png]</texture>
	  <visible>[!IsEmpty(VideoPlayer.AudioChannels) | !IsEmpty(MusicPlayer.Channels)]</visible>
	  <width>50</width>
	</control>
	<control type="image">
	  <texture>$INFO[VideoPlayer.AudioCodec,badges/audio/,.png]</texture>
	  <visible>[!IsEmpty(VideoPlayer.AudioCodec) | !IsEmpty(MusicPlayer.Codec)]</visible>
	  <width>50</width>
	</control>
   </control>
   
  <control type="grouplist" id="1132">
    <include>Slide1</include>
	<animation description="Slide_he" condition="StringCompare(System.Language,Hebrew)" effect="slide" start="0,0" end="-1000,0">Conditonal</animation>
	<animation description="Slide_en" condition="!StringCompare(System.Language,Hebrew) + Control.IsVisible(3200)" effect="slide" start="0,0" end="90,0">Conditonal</animation>
	<height>24</height>
	<itemgap>10</itemgap>
	<align>left</align>
	<orientation>horizontal</orientation>
	<posx>1240</posx>
	<posy>-432</posy>
	<visible>!Player.HasVideo + !IsEmpty(ListItem.VideoResolution) + !IsEmpty(ListItem.VideoCodec)</visible>
	<control type="image">
	  <texture>$INFO[ListItem.VideoResolution,badges/video/,.png]</texture>
	  <visible>!IsEmpty(ListItem.VideoResolution)</visible>
	  <width>50</width>
	</control>
	<control type="image">
	  <texture>$INFO[ListItem.VideoCodec,badges/video/,.png]</texture>
	  <visible>!IsEmpty(ListItem.VideoCodec)</visible>
	  <width>50</width>
	</control>
	<control type="image">
	  <texture>$INFO[ListItem.AudioChannels,badges/channels/channels,.png]</texture>
	  <visible>!IsEmpty(ListItem.AudioChannels) | !IsEmpty(MusicPlayer.Channels)</visible>
	  <width>50</width>
	</control>
	<control type="image">
	  <texture>$INFO[ListItem.AudioCodec,badges/audio/,.png]</texture>
	  <visible>!IsEmpty(ListItem.AudioCodec) | !IsEmpty(MusicPlayer.Codec)</visible>
	  <width>50</width>
	</control>
   </control>
  </include>
  <include name="IconsInformation">
   <control type="grouplist">
	<align>right</align>
	<height>24</height>
	<posx>620r</posx>
	<itemgap>10</itemgap>
	<orientation>horizontal</orientation>
	<posy>1</posy>
	<width>250</width>
	<control type="image" id="824" description="אין אינטרנט">
	  <visible>!Control.IsVisible(825)</visible>
	  <visible>[!StringCompare(System.InternetState,$LOCALIZE[15207]) + !IsEmpty(System.InternetState)]</visible>
	  <width>50</width>
	  <texture>badges/specials/internet.png</texture>
	</control>
	<control type="image" id="825" description="אין רשת">
	  <visible>IsEmpty(Network.GatewayAddress) | IsEmpty(Network.IPAddress)</visible>
	  <width>50</width>
	  <texture>badges/specials/lan.png</texture>
	</control>
	<control type="image" id="826" description="אינטרנט קווי / was bugged">
	  <visible>!Control.IsVisible(824) + !Control.IsVisible(825)</visible>
	  <width>50</width>
	  <texture>badges/specials/lanmac.png</texture>
	</control>
	<control type="image" id="829" description="TotalMouse">
	  <visible>Skin.HasSetting(TotalMouse)</visible>
	  <visible>System.Platform.Windows</visible>
	  <width>50</width>
	  <texture>special://home/addons/script.featherence.service/resources/icons/mouse.png</texture>
	</control>
   </control>
  </include>
  <include name="ScrollLabel" description="()">
	<scroll>true</scroll>
	<scrollspeed>100</scrollspeed>
	<scrollsuffix></scrollsuffix>
  </include>
  <include name="ScrollBar">
	<control type="group" description="מצב ספרייה">
	  <include condition="StringCompare(System.Language,Hebrew)">Control_Pos49</include>
	  <visible>Control.IsVisible(60)</visible>
	  <visible>!Control.IsVisible(54)</visible>
	  <visible>IntegerGreaterThan(Container.NumPages,1) | Window.IsVisible(FileBrowser.xml)</visible>
	  <height>950</height>
	  <width>20</width>
	  <posx>0</posx>
	  <posy>147</posy>
	  <control type="image" description="מסגרת">
		<height>100%</height>
		<posx>0</posx>
		<bordertexture colordiffuse="ff000000" border="0">buttons/ButtonA0.png</bordertexture>
		<bordersize>2</bordersize>
		<!--<texture border="20">buttons/ButtonEF.png</texture>-->
		<texture colordiffuse="$VAR[MenuColor]" border="0">buttons/ButtonA0.png</texture>
		<visible></visible>
	  </control>
	  <control type="image" description="מסגרת">
		<height>100%</height>
		<posx>0</posx>
		<bordertexture colordiffuse="ff000000" border="0">buttons/ButtonA0.png</bordertexture>
		<bordersize>2</bordersize>
		<!--<texture border="20">buttons/ButtonEF.png</texture>-->
		<texture colordiffuse="$VAR[MenuColor]" border="0">buttons/ButtonA0.png</texture>
		<visible></visible>
	  </control>
	  <control type="scrollbar" id="60" description="כלי גלילה">
		<height>100%</height>
		<onright condition="Control.IsVisible(7011) + StringCompare(System.Language,Hebrew)">7017</onright>
		<onright condition="Player.HasAudio+ StringCompare(System.Language,Hebrew)">ActivateWindow(12901)</onright>
		<onleft condition="[Window.IsVisible(DialogPeripheralSettings.xml) | Window.IsVisible(SettingsCategory.xml)] + Control.IsVisible(5) + StringCompare(System.Language,Hebrew)">5</onleft>
		<onleft condition="Control.IsVisible(50) + !Window.IsVisible(MyPVRChannels.xml) + StringCompare(System.Language,Hebrew)">50</onleft>
		<onleft condition="Control.IsVisible(51) + StringCompare(System.Language,Hebrew)">51</onleft>
		<onleft condition="Control.IsVisible(52) + StringCompare(System.Language,Hebrew)">52</onleft>
		<onleft condition="Control.IsVisible(55) + StringCompare(System.Language,Hebrew)">55</onleft>
		<onleft condition="Control.IsVisible(56) + StringCompare(System.Language,Hebrew)">56</onleft>
		<onleft condition="Control.IsVisible(57) + StringCompare(System.Language,Hebrew)">57</onleft>
		<onleft condition="Control.IsVisible(58) + StringCompare(System.Language,Hebrew)">58</onleft>
		<onleft condition="Control.IsVisible(450) + StringCompare(System.Language,Hebrew)">450</onleft>
		<onleft condition="Control.IsVisible(10) + Window.IsVisible(MyPVRChannels.xml) + StringCompare(System.Language,Hebrew)">10</onleft>
		<onleft condition="Control.IsVisible(11) + Window.IsVisible(MyPVRChannels.xml) + StringCompare(System.Language,Hebrew)">11</onleft>
		<onleft condition="Control.IsVisible(12) + Window.IsVisible(MyPVRChannels.xml) + StringCompare(System.Language,Hebrew)">12</onleft>
		
		<onleft condition="Control.IsVisible(7011) + !StringCompare(System.Language,Hebrew)">7017</onleft>
		<onleft condition="Player.HasAudio+ !StringCompare(System.Language,Hebrew)">ActivateWindow(12901)</onleft>
		<onright condition="[Window.IsVisible(DialogPeripheralSettings.xml) | Window.IsVisible(SettingsCategory.xml)] + Control.IsVisible(5) + !StringCompare(System.Language,Hebrew)">5</onright>
		<onright condition="Control.IsVisible(50) + !Window.IsVisible(MyPVRChannels.xml) + !StringCompare(System.Language,Hebrew)">50</onright>
		<onright condition="Control.IsVisible(51) + !StringCompare(System.Language,Hebrew)">51</onright>
		<onright condition="Control.IsVisible(52) + !StringCompare(System.Language,Hebrew)">52</onright>
		<onright condition="Control.IsVisible(55) + !StringCompare(System.Language,Hebrew)">55</onright>
		<onright condition="Control.IsVisible(56) + !StringCompare(System.Language,Hebrew)">56</onright>
		<onright condition="Control.IsVisible(57) + !StringCompare(System.Language,Hebrew)">57</onright>
		<onright condition="Control.IsVisible(58) + !StringCompare(System.Language,Hebrew)">58</onright>
		<onright condition="Control.IsVisible(450) + !StringCompare(System.Language,Hebrew)">450</onright>
		<onright condition="Control.IsVisible(10) + Window.IsVisible(MyPVRChannels.xml) + !StringCompare(System.Language,Hebrew)">10</onright>
		<onright condition="Control.IsVisible(11) + Window.IsVisible(MyPVRChannels.xml) + !StringCompare(System.Language,Hebrew)">11</onright>
		<onright condition="Control.IsVisible(12) + Window.IsVisible(MyPVRChannels.xml) + !StringCompare(System.Language,Hebrew)">12</onright>
		<!--<visible>IntegerGreaterThan(Container.NumPages,2)</visible>-->
	  </control>
	</control>
	
	<control type="group" description="מצב ספרייה">
	  <visible>Control.IsVisible(60)</visible>
	  <visible>Control.IsVisible(54)</visible>
	  <height>120</height>
	  <width>1920</width>
	  <posx>30</posx>
	  <posy>1010</posy>
	  <control type="image" description="מסגרת">
		<posx>-10</posx>
		<texture>buttons/LineH.png</texture>
		<width>1920</width>
		<visible></visible>
	  </control>
	  <control type="image" description="מסגרת">
		<posx>-10</posx>
		<texture>buttons/LineH.png</texture>
		<width>1920</width>
		<visible></visible>
	  </control>
	  <control type="scrollbar" id="60" description="כלי גלילה">
	    <orientation>horizontal</orientation>
		<posx>220</posx>
		<posy>50</posy>
		<height>20</height>
		<width>1480</width>
		<onup condition="[Window.IsVisible(DialogPeripheralSettings.xml) | Window.IsVisible(SettingsCategory.xml)] + Control.IsVisible(5)">5</onup>
		<onup condition="Control.IsVisible(54)">54</onup>
	  </control>
	</control>
  </include>
  
  <include name="VisibleFadeEffect" description="OpenELEC - mainWindow.xml">
  </include>
  <include name="WindowTitleCommons" description="OpenELEC">
  </include>
  
  <include name="onunload_ClearProperty_ListItem">
    <onunload condition="!IsEmpty(Window(home).Property(ListItemGenre))">ClearProperty(ListItemGenre,home)</onunload>
    <onunload condition="!IsEmpty(Window(home).Property(ListItemDuration))">ClearProperty(ListItemDuration,home)</onunload>
    <onunload condition="!IsEmpty(Window(home).Property(ListItemRating))">ClearProperty(ListItemRating,home)</onunload>
    <onunload condition="!IsEmpty(Window(home).Property(ListItemYear))">ClearProperty(ListItemYear,home)</onunload>
    <onunload condition="!IsEmpty(Window(home).Property(ListItemUnWatchedEpisodes))">ClearProperty(ListItemUnWatchedEpisodes,home)</onunload>
    <onunload condition="!IsEmpty(Window(home).Property(ListItemTVShowTitle))">ClearProperty(ListItemTVShowTitle,home)</onunload>
	<onunload condition="!IsEmpty(Window(home).Property(ListItemPoster))">ClearProperty(ListItemPoster,home)</onunload>
  </include>
  
  <include name="onfocus_SetProperty_ListItem">
    <control type="button" description="hidden">
	  <onfocus condition="Container.Content(TVShows) + !IsEmpty(ListItem.Year) + [IsEmpty(Window(home).Property(ListItemYear)) | !StringCompare(ListItem.Year,Window(home).Property(ListItemYear))]">AlarmClock(ListItemYear,SetProperty(ListItemYear,$INFO[ListItem.Year],home),00:03,silent)</onfocus>
	  <onfocus condition="Container.Content(TVShows) + !IsEmpty(ListItem.Genre) + [IsEmpty(Window(home).Property(ListItemGenre)) | !StringCompare(ListItem.Genre,Window(home).Property(ListItemGenre))]">AlarmClock(ListItemGenre,SetProperty(ListItemGenre,$INFO[ListItem.Genre],home),00:03,silent)</onfocus>
	  <onfocus condition="Container.Content(TVShows) + !IsEmpty(ListItem.Rating) + [IsEmpty(Window(home).Property(ListItemRating)) | !StringCompare(ListItem.Rating,Window(home).Property(ListItemRating))]">AlarmClock(ListItemRating,SetProperty(ListItemRating,$INFO[ListItem.Rating],home),00:03,silent)</onfocus>
	  <onfocus condition="Container.Content(TVShows) + !IsEmpty(ListItem.Property(UnWatchedEpisodes)) + [IsEmpty(Window(home).Property(ListItemUnWatchedEpisodes)) | !StringCompare(ListItem.Property(UnWatchedEpisodes),Window(home).Property(ListItemUnWatchedEpisodes))]">AlarmClock(ListItemUnWatchedEpisodes,SetProperty(ListItemUnWatchedEpisodes,$INFO[ListItem.Property(UnWatchedEpisodes)],home),00:03,silent)</onfocus>
	  <onfocus condition="Container.Content(TVShows) + !IsEmpty(ListItem.TVShowTitle) + [IsEmpty(Window(home).Property(ListItemTVShowTitle)) | !StringCompare(ListItem.TVShowTitle,Window(home).Property(ListItemTVShowTitle))]">AlarmClock(ListItemTVShowTitle,SetProperty(ListItemTVShowTitle,$INFO[ListItem.TVShowTitle],home),00:03,silent)</onfocus>
	  <onfocus description="remove-only" condition="Container.Content(TVShows) + !IsEmpty(ListItem.TVShowTitle) + [IsEmpty(Window(home).Property(ListItemTVShowTitle)) | !StringCompare(ListItem.TVShowTitle,Window(home).Property(ListItemTVShowTitle))]">AlarmClock(ListItemDuration,ClearProperty(ListItemDuration,home),00:03,silent)</onfocus>
	  <!--<onfocus condition="Skin.HasSetting(Admin) + Container.Content(TVShows) + !StringCompare(ListItem.TVShowTitle,Window(home).Property(ListItemTVShowTitle))">AlarmClock(Notification,Notification(Admin,New ListItemTVShowTitle,1000),00:03,silent)</onfocus>-->
	  <onfocus condition="!Container.Content(episodes) + !IsEmpty(ListItem.Art(poster)) + [IsEmpty(Window(home).Property(ListItemPoster)) | !StringCompare(ListItem.Poster,Window(home).Property(ListItemPoster))]">AlarmClock(ListItemPoster,SetProperty(ListItemPoster,$INFO[ListItem.Art(poster)],home),00:10,silent)</onfocus>
	  <visible>false</visible>
	</control>
  </include>
  
  <include name="onunload_ClearProperty_TopVideoInformation">
    <onunload condition="!IsEmpty(Window(home).Property(TopVideoInformation1)) + !Player.HasVideo">ClearProperty(TopVideoInformation1,home)</onunload>
    <onunload condition="!IsEmpty(Window(home).Property(TopVideoInformation2)) + !Player.HasVideo">ClearProperty(TopVideoInformation2,home)</onunload>
    <onunload condition="!IsEmpty(Window(home).Property(TopVideoInformation3)) + !Player.HasVideo">ClearProperty(TopVideoInformation3,home)</onunload>
    <onunload condition="!IsEmpty(Window(home).Property(TopVideoInformation4)) + !Player.HasVideo">ClearProperty(TopVideoInformation4,home)</onunload>
    <onunload condition="!IsEmpty(Window(home).Property(TopVideoInformation5)) + !Player.HasVideo">ClearProperty(TopVideoInformation5,home)</onunload>
    <onunload condition="!IsEmpty(Window(home).Property(TopVideoInformation6)) + !Player.HasVideo">ClearProperty(TopVideoInformation6,home)</onunload>
	<onunload condition="!IsEmpty(Window(home).Property(TopVideoInformation7)) + !Player.HasVideo">ClearProperty(TopVideoInformation7,home)</onunload>
	<onunload condition="!IsEmpty(Window(home).Property(TopVideoInformation8)) + !Player.HasVideo">ClearProperty(TopVideoInformation8,home)</onunload>
	<onunload condition="!IsEmpty(Window(home).Property(TopVideoInformation9)) + !Player.HasVideo">ClearProperty(TopVideoInformation9,home)</onunload>
  </include>
  <include name="onfocus_SetProperty_TopVideoInformation">
    <control type="button" description="hidden">
	  <onfocus condition="Container.Content(Episodes) + !Player.HasVideo + !IsEmpty(ListItem.Duration) + [IsEmpty(Window(home).Property(TopVideoInformation1)) | !StringCompare(ListItem.Duration,Window(home).Property(TopVideoInformation1))]">AlarmClock(TopVideoInformation1,SetProperty(TopVideoInformation1,$INFO[ListItem.Duration],home),00:03,silent)</onfocus>
	  <onfocus condition="Container.Content(Episodes) + !Player.HasVideo + !IsEmpty(ListItem.Year) + [IsEmpty(Window(home).Property(TopVideoInformation2)) | !StringCompare(ListItem.Year,Window(home).Property(TopVideoInformation2))]">AlarmClock(TopVideoInformation2,SetProperty(TopVideoInformation2,$INFO[ListItem.Year],home),00:03,silent)</onfocus>
	  <onfocus condition="Container.Content(Episodes) + !Player.HasVideo + !IsEmpty(ListItem.Rating) + [IsEmpty(Window(home).Property(TopVideoInformation3)) | !StringCompare(ListItem.Rating,Window(home).Property(TopVideoInformation3))]">AlarmClock(TopVideoInformation3,SetProperty(TopVideoInformation3,$INFO[ListItem.Rating],home),00:03,silent)</onfocus>
	  <!--<onfocus condition="Container.Content(Episodes) + !Player.HasVideo + !IsEmpty(ListItem.Art(tvshow.poster)) + [IsEmpty(Window(home).Property(TopVideoInformation4)) | !StringCompare(ListItem.Art(tvshow.poster),Window(home).Property(TopVideoInformation4))]">AlarmClock(TopVideoInformation4,SetProperty(TopVideoInformation4,$INFO[ListItem.Art(tvshow.poster)],home),00:03,silent)</onfocus>-->
	  <onfocus condition="Container.Content(Episodes) + !Player.HasVideo + !IsEmpty(ListItem.Plot) + [IsEmpty(Window(home).Property(TopVideoInformation5)) | !StringCompare(ListItem.Plot,Window(home).Property(TopVideoInformation5))]">SetProperty(TopVideoInformation5,$INFO[ListItem.Plot],home)</onfocus>
	  <onfocus condition="Container.Content(Episodes) + !Player.HasVideo + [!IsEmpty(ListItem.Genre) | !IsEmpty(Window(home).Property(ListItemGenre))] + [[IsEmpty(Window(home).Property(TopVideoInformation6))] | [!IsEmpty(ListItem.Genre) + !StringCompare(ListItem.Genre,Window(home).Property(TopVideoInformation6))] | [!IsEmpty(Window(home).Property(ListItemGenre)) + !StringCompare(Window(home).Property(ListItemGenre),Window(home).Property(TopVideoInformation6))]]">AlarmClock(TopVideoInformation6,SetProperty(TopVideoInformation6,$VAR[TopVideoInformation6],home),00:03,silent)</onfocus>
	  
	  <!--<onfocus condition="Container.Content(Episodes) + !Player.HasVideo + [!IsEmpty(ListItem.Genre) | !IsEmpty(Window(home).Property(ListItemGenre))] + [[IsEmpty(Window(home).Property(TopVideoInformation6))] | [!IsEmpty(ListItem.Genre) + !StringCompare(ListItem.Genre,Window(home).Property(TopVideoInformation6))] | [!IsEmpty(Window(home).Property(ListItemGenre)) + !StringCompare(Window(home).Property(ListItemGenre),Window(home).Property(TopVideoInformation6))]]">Notification($VAR[TopVideoInformation6],1,1000)</onfocus>-->
	  
	  <onfocus description="7_he" condition="StringCompare(System.Language,Hebrew) + [Container.Content(Episodes) + !Player.HasVideo + !SubString(ListItem.Label,..,left) + !IsEmpty(ListItem.Title) + !IsEmpty(ListItem.Season) + [IsEmpty(Window(home).Property(TopVideoInformation7)) | !StringCompare(ListItem.Genre,Window(home).Property(TopVideoInformation7))]]">AlarmClock(TopVideoInformation7,SetProperty(TopVideoInformation7,"[COLOR Yellow][B]$INFO[ListItem.Episode][/B][/COLOR] $LOCALIZE[20452]: [COLOR Yellow][B]$INFO[ListItem.Season][/B][/COLOR] $LOCALIZE[20373]: [COLOR Yellow][B]$INFO[ListItem.Title] [/B][/COLOR] $LOCALIZE[31408]: ", home),00:03,silent)</onfocus>
	  <onfocus description="7_en" condition="!StringCompare(System.Language,Hebrew) + [Container.Content(Episodes) + !Player.HasVideo + !SubString(ListItem.Label,..,left) + !IsEmpty(ListItem.Title) + !IsEmpty(ListItem.Season) + [IsEmpty(Window(home).Property(TopVideoInformation7)) | !StringCompare(ListItem.Genre,Window(home).Property(TopVideoInformation7))]]">AlarmClock(TopVideoInformation7,SetProperty(TopVideoInformation7,"$LOCALIZE[31408]: [COLOR Yellow][B]$INFO[ListItem.Title][/B][/COLOR] S: [COLOR Yellow][B]$INFO[ListItem.Season][/B][/COLOR] E: [COLOR Yellow][B]$INFO[ListItem.Episode][/B][/COLOR]", home),00:03,silent)</onfocus>
	  <onfocus condition="Container.Content(Episodes) + !Player.HasVideo + !IsEmpty(ListItem.TVShowTitle) + [IsEmpty(Window(home).Property(TopVideoInformation8)) | !StringCompare(ListItem.TVShowTitle,Window(home).Property(TopVideoInformation8))]">AlarmClock(TopVideoInformation8,SetProperty(TopVideoInformation8,$INFO[ListItem.TVShowTitle],home),00:03,silent)</onfocus>
	  <!--<onfocus condition="Skin.HasSetting(Admin) + !Player.HasVideo + !Window.IsVisible(DialogKaiToast.xml) + Container.Content(Episodes) + !StringCompare(ListItem.TVShowTitle,Window(home).Property(TopVideoInformation7))">AlarmClock(TopVideoInformation,Notification(Admin,New TopVideoInformation7,1000),00:03,silent)</onfocus>-->
	  
	  <onfocus condition="!IsEmpty(ListItem.Duration) + [IsEmpty(Window(home).Property(ListItemDuration)) | !StringCompare(ListItem.Duration,Window(home).Property(ListItemDuration))] + !IntegerGreaterThan(ListItem.Duration,1000)">AlarmClock(ListItemDuration,SetProperty(ListItemDuration,$INFO[ListItem.Duration],home),00:03,silent)</onfocus>
	  <visible>false</visible>
	</control>
  </include>
  <include name="list9000_posx_heb">
    <posx>-30</posx>
  </include>
</includes>