<?xml version="1.0" encoding="UTF-8" standalone="yes"?>
<addon id="plugin.video.featherence.music" name="Featherence Music" version="0.1.2" provider-name="finalmakerr &amp; Amir Elgazar">
  <requires>
	<import addon="xbmc.python" version="2.1.0"/>
	<import addon="plugin.video.youtube" version="5.1.0"/>
  </requires>
  <extension point="xbmc.python.pluginsource" library="default.py">
    <provides>video audio</provides>
  </extension>
  <extension point="xbmc.addon.metadata">
    <language>he</language>
	<platform>all</platform>
    <summary lang="en">Light &amp; Genious Music addon</summary>
	<summary lang="he">הרחבת מוזיקה קלילה וגהונית</summary>
    <description lang="en">Features:
- Smart TV Mode.
- Smart Interface allow the users to create thier own music buttons and share with others.
- Customized Fanart for each button.
- Support unlimited URLs per content from varied sources such as Youtube, Dailymotion, Dropbox...
- Smart Search button..
- Sorted and Organized contents.</description>
	<description lang="he"></description>
    <disclaimer lang="en"></disclaimer>
	<forum></forum>
	<email>featherence@groups.facebook.com</email>
	<source></source>
	<website>https://www.facebook.com/groups/featherence/</website>
  </extension>
</addon>