<?xml version="1.0" encoding="UTF-8"?>
<window id="3">
  <defaultcontrol always="true">20</defaultcontrol>
  <allowoverlay>no</allowoverlay>
  <onunload condition="Skin.String(FileManagerFocus)">Skin.SetString(FileManagerFocus,)</onunload>
  <controls>
    <include>BlackBackground</include>
    <include>TopInformation</include>
    <control type="image" description="קו הפרדה">
      <posx>960</posx>
      <posy>150</posy>
      <height>410</height>
      <width>1</width>
      <texture>images/LineV.png</texture>
    </control>
	<control type="image" description="קו הפרדה2">
      <posx>960</posx>
      <posy>560</posy>
      <height>410</height>
      <width>1</width>
      <texture>images/LineV.png</texture>
    </control>
	<control type="image" description="חץ לימין">
      <posx>907</posx>
      <posy>490</posy>
      <height>100</height>
      <width>100</width>
      <texture>images/ArrowNF.png</texture>
	  <visible>Control.HasFocus(20)</visible>
	</control>
	<control type="image" description="חץ ימין2">
      <posx>907</posx>
      <posy>490</posy>
      <height>100</height>
      <width>100</width>
      <texture>images/ArrowFO.png</texture>
	  <visible>Window.IsVisible(DialogContextMenu.xml) + Skin.String(FileManagerFocus,20)</visible>
	</control>
	<control type="image" description="חץ לשמאל">
      <posx>907</posx>
      <posy>490</posy>
      <height>100</height>
      <width>100</width>
      <texture>images/Arrow2NF.png</texture>
	  <visible>Control.HasFocus(21)</visible>
	</control>
	<control type="image" description="חץ לשמאל2">
      <posx>907</posx>
      <posy>490</posy>
      <height>100</height>
      <width>100</width>
      <texture>images/Arrow2FO.png</texture>
	  <visible>Window.IsVisible(DialogContextMenu.xml) + Skin.String(FileManagerFocus,21)</visible>
	</control>
    <control type="group" description="תפריט שמאל">
      <visible>true</visible>
      <animation effect="slide" start="0,0" end="510,0" delay="0" time="700" reversible="true">WindowOpen</animation>
	  <animation condition="!Control.HasFocus(20)" effect="fade" start="100" end="70" time="20" reversible="true">Conditional</animation>
      <height>980</height>	  
	  <posx>-470</posx>
	  <posy>100</posy>	  
	  <width>900</width> 	  
	  <include name="MenuBackground">
		<param name="border" value="0" />
		<param name="color" value="$VAR[MenuColor]" />
		<param name="height" value="0" />
		<param name="posx" value="0" />
		<param name="posy" value="0" />
		<param name="width" value="0" />
		<param name="condition" value="true"/>
		
		<param name="texture" default="buttons/types/bd0.png"/>
		<param name="type0" value="false" description="MenuBackground"/>
		<param name="type1" value="true" description="DialogBackground"/>
      </include>
      <control type="label" id="101" description="כותרת ראשי">
        <posx>40</posx>
		<posy>-50</posy>
        <width>900</width>
        <align>left</align>
        <label>-</label>
        <font>size30B</font>
        <haspath>true</haspath>
        <textcolor>yellow</textcolor>
        <shadowcolor>black</shadowcolor>
      </control>
      <control type="label" id="12" description="סהכ">
        <posx>40</posx>
        <posy>-80</posy>
        <width>480</width>
        <align>left</align>
        <font>size30B</font>
        <textcolor>yellow</textcolor>
        <label>-</label>
      </control>
      <control type="list" id="20" description="רשימה שמאל">
        <posx>-30</posx>
        <posy>47</posy>
        <width>940</width>
        <height>930</height>
        <onleft>61</onleft>
        <onright>21</onright>
        <onup>20</onup>
        <ondown>20</ondown>
        <pagecontrol>61</pagecontrol>
        <itemlayout height="60" width="900">
		  <include name="Buttons_Frame0">
			<param name="id" value="" />
			<param name="border" value="0" />
			<param name="color" value="$VAR[ButtonUnFocusColor]" />
			<param name="height" value="60" />
			<param name="posx" value="0" />
			<param name="posy" value="0" />
			<param name="width" value="940" />
	      </include>
          <control type="label" description="נתון1">
            <posx>35</posx>
            <width>750</width>
            <height>60</height>
            <font>size26</font>
			<align>left</align>
            <aligny>center</aligny>
            <selectedcolor>yellow</selectedcolor>
            <textcolor>white</textcolor>			
            <info>ListItem.Label</info>
          </control>
          <control type="label" description="נתון2">
            <posx>800</posx>
            <height>60</height>
            <width>100</width>
            <font>size18</font>
            <align>right</align>
            <aligny>center</aligny>
            <textcolor>silver</textcolor>
            <info>ListItem.Label2</info>
          </control>
        </itemlayout>
        <focusedlayout height="60" width="900">
          <control type="button" description="hidden">
		    <onfocus condition="!Skin.String(FileManagerFocus,20)">Skin.SetString(FileManagerFocus,20)</onfocus>
			<visible>false</visible>
		  </control>
		  <include name="Buttons_Frame0">
			<param name="id" value="" />
			<param name="border" value="0" />
			<param name="color" value="$VAR[ButtonFocusColor]" />
			<param name="height" value="60" />
			<param name="posx" value="0" />
			<param name="posy" value="0" />
			<param name="width" value="940" />
	      </include>
          <control type="label" description="נתון1">
            <posx>35</posx>
            <posy>0</posy>
            <width>750</width>
            <height>60</height>
            <font>size26</font>
            <aligny>center</aligny>
            <textcolor>white</textcolor>
			<selectedcolor>yellow</selectedcolor>
            <info>ListItem.Label</info>
          </control>
          <control type="label" description="נתון2">
            <posx>800</posx>
            <height>60</height>
            <width>100</width>
            <font>size18</font>
            <align>right</align>
            <aligny>center</aligny>
            <textcolor>silver</textcolor>
            <info>ListItem.Label2</info>
          </control>
        </focusedlayout>
      </control>
    </control>
    <control type="group" description="תפריט ימין">
      <visible>true</visible>
      <animation effect="slide" start="0,0" end="-510,0" delay="0" time="700" reversible="true">WindowOpen</animation>
	  <animation condition="!Control.HasFocus(21)" effect="fade" start="100" end="70" time="20" reversible="true">Conditional</animation>
      <height>980</height>	  
	  <posx>1490</posx>
	  <posy>100</posy>	  
	  <width>900</width>	  	  
      <include name="MenuBackground">
		<param name="border" value="0" />
		<param name="color" value="$VAR[MenuColor]" />
		<param name="height" value="0" />
		<param name="posx" value="0" />
		<param name="posy" value="0" />
		<param name="width" value="0" />
		<param name="condition" value="true"/>
		
		<param name="texture" default="buttons/types/bd0.png"/>
		<param name="type0" value="false" description="MenuBackground"/>
		<param name="type1" value="true" description="DialogBackground"/>
      </include>
      <control type="label" id="102" description="כותרת ראשי">
        <posx>40r</posx>
		<posy>-50</posy>
        <width>900</width>
        <align>right</align>
        <label>-</label>
        <font>size30B</font>
        <haspath>true</haspath>
        <textcolor>yellow</textcolor>
        <shadowcolor>black</shadowcolor>
      </control>
      <control type="label" id="13" description="סהכ">
        <posx>40r</posx>
        <posy>-80</posy>
        <width>480</width>
        <align>right</align>
        <font>size30B</font>
        <textcolor>yellow</textcolor>
        <label>-</label>
      </control>
      <control type="list" id="21" description="רשימה ימין">
        <posx>0</posx>
        <posy>47</posy>
        <width>940</width>
        <height>930</height>
        <onleft>20</onleft>
        <onright>60</onright>
        <onup>21</onup>
        <ondown>21</ondown>
        <pagecontrol>60</pagecontrol>
        <itemlayout height="60" width="900">
		  <include name="Buttons_Frame0">
			<param name="id" value="" />
			<param name="border" value="0" />
			<param name="color" value="$VAR[ButtonUnFocusColor]" />
			<param name="height" value="60" />
			<param name="posx" value="0" />
			<param name="posy" value="0" />
			<param name="width" value="940" />
	      </include>
          <control type="label" description="נתון1">
            <posx>35</posx>
            <width>750</width>
            <height>60</height>
            <font>size26</font>
            <align>left</align>
            <aligny>center</aligny>
			<selectedcolor>yellow</selectedcolor>
            <textcolor>white</textcolor>
            <info>ListItem.Label</info>
          </control>
          <control type="label" description="נתון2">
            <posx>800</posx>
            <height>60</height>
            <width>100</width>
            <font>size18</font>
			<align>right</align>
            <aligny>center</aligny>
            <textcolor>silver</textcolor>
            <info>ListItem.Label2</info>
          </control>
        </itemlayout>
        <focusedlayout height="60" width="900">
          <control type="button" description="hidden">
		    <onfocus condition="!Skin.String(FileManagerFocus,21)">Skin.SetString(FileManagerFocus,21)</onfocus>
			<visible>false</visible>
		  </control>
		  <include name="Buttons_Frame0">
			<param name="id" value="" />
			<param name="border" value="0" />
			<param name="color" value="$VAR[ButtonFocusColor]" />
			<param name="height" value="60" />
			<param name="posx" value="0" />
			<param name="posy" value="0" />
			<param name="width" value="940" />
	      </include>
          <control type="label" description="נתון1">
            <align>left</align>
            <aligny>center</aligny>            
			<posx>35</posx>
			<posy>0</posy>
            <width>750</width>
            <height>60</height>
            <font>size26</font>
			<selectedcolor>yellow</selectedcolor>
            <textcolor>white</textcolor>
            <info>ListItem.Label</info>
          </control>
          <control type="label" description="נתון2">
		    <align>right</align>
			<posx>800</posx>
            <height>60</height>
            <width>100</width>
            <font>size18</font>
            <font>size27</font>
            <aligny>center</aligny>
            <textcolor>silver</textcolor>
            <info>ListItem.Label2</info>
          </control>
        </focusedlayout>
      </control>
    </control>
	
	<control type="group" description="ימין">
	  <height>950</height>
	  <width>20</width>
	  <posx>1900</posx>
	  <posy>146.5</posy>
	  <visible>IntegerGreaterThan(Container(21).NumPages,1)</visible>
	  <control type="image" description="מסגרת">
		<height>100%</height>
		<posx>0</posx>
		<bordertexture colordiffuse="ff000000" border="0">buttons/ButtonA0.png</bordertexture>
		<bordersize>2</bordersize>
		<texture colordiffuse="$VAR[MenuColor]" border="0">buttons/ButtonA0.png</texture>
	  </control>
	  <control type="image" description="מסגרת">
		<height>100%</height>
		<posx>0</posx>
		<bordertexture colordiffuse="ff000000" border="0">buttons/ButtonA0.png</bordertexture>
		<bordersize>2</bordersize>
		<texture colordiffuse="$VAR[MenuColor]" border="0">buttons/ButtonA0.png</texture>
	  </control>
		
	  <control type="scrollbar" id="60" description="כלי גלילה">
		<height>99%</height>
		<posy>1.5</posy>
		<onleft>21</onleft>
		<onright>noop</onright>
	  </control>
    </control>
	
	<control type="group" description="שמאל">
	  <height>950</height>
	  <width>20</width>
	  <posx>0</posx>
	  <posy>146.5</posy>
	  <visible>IntegerGreaterThan(Container(20).NumPages,1)</visible>
	  <control type="image" description="מסגרת">
		<height>100%</height>
		<posx>0</posx>
		<bordertexture colordiffuse="ff000000" border="0">buttons/ButtonA0.png</bordertexture>
		<bordersize>2</bordersize>
		<texture colordiffuse="$VAR[MenuColor]" border="0">buttons/ButtonA0.png</texture>
	  </control>
	  <control type="image" description="מסגרת">
		<height>100%</height>
		<posx>0</posx>
		<bordertexture colordiffuse="ff000000" border="0">buttons/ButtonA0.png</bordertexture>
		<bordersize>2</bordersize>
		<texture colordiffuse="$VAR[MenuColor]" border="0">buttons/ButtonA0.png</texture>
	  </control>
		
	  <control type="scrollbar" id="61" description="כלי גלילה">
		<height>99%</height>
		<posy>1.5</posy>
		<onleft>noop</onleft>
		<onright>20</onright>
	  </control>
    </control>
  </controls>
</window>
