<?xml version="1.0" encoding="UTF-8" standalone="yes"?>
<addon id="plugin.video.featherence.docu" name="Featherence Docu" version="0.1.3" provider-name="finalmakerr, yoel guy">
  <requires>
	<import addon="xbmc.python" version="2.1.0"/>
	<import addon="plugin.video.youtube" version="5.1.0"/>
  </requires>
  <extension point="xbmc.python.pluginsource" library="default.py">
    <provides>video</provides>
  </extension>
  <extension point="xbmc.addon.metadata">
	<platform>all</platform>
    <summary lang="en">Light &amp; Genious Documentary addon</summary>
	<summary lang="he">הרחבת דוקומנטרי קלילה וגהונית</summary>
    <description lang="en">Features:
- Smart TV Mode.
- Smart Interface allow the users to create thier own music buttons and share with others.
- Customized Fanart for each button.
- Support unlimited URLs per content from varied sources such as Youtube, Dailymotion, Dropbox...
- Smart Search button..
- Sorted and Organized contents.</description>
    <disclaimer lang="en">The author does not host or distribute any of the content displayed by this addon. The author does not have any affiliation with the content provider.</disclaimer>
	<forum></forum>
	<email>featherence@groups.facebook.com</email>
	<source>https://github.com/finalmakerr/featherence/tree/master/master/plugin.video.featherence.docu</source>
	<website>https://www.facebook.com/groups/featherence/</website>
  </extension>
</addon>