<?xml version="1.0" encoding="UTF-8"?>
<includes>
  <include name="SetProperty_Home" description="">
    <control type="button">
	  <onfocus description="Remove-WidgetButton.ID_BASE" condition="!String.IsEmpty(Window(home).Property(WidgetButton.ID_))">ClearProperty(WidgetButton.ID_,home)</onfocus>
	  <onfocus description="Remove-WidgetButton.Name" condition="!String.IsEmpty(Window(home).Property(WidgetButton.Name))">ClearProperty(WidgetButton.Name,home)</onfocus>
	  <onfocus description="Button.ID_BASE" condition="!Window.IsVisible(CustomHomeCustomizer2.xml)">SetProperty(Button.ID_,$INFO[Container(9000).ListItemNoWrap(0).Property(id)],home)</onfocus>
	  <onfocus description="Button.ID-Home" condition="!Window.IsVisible(CustomHomeCustomizer2.xml)">SetProperty(Button.ID,$INFO[Container(9000).ListItem(0).Label2],home)</onfocus>
	  <onfocus description="Button.Name-Home" condition="!Window.IsVisible(CustomHomeCustomizer2.xml)">SetProperty(Button.Name,$INFO[System.CurrentControl],home)</onfocus>
	  
	  <onfocus description="Button.ID_BASE-CustomHome2" condition="Window.IsVisible(CustomHomeCustomizer2.xml)">SetProperty(TEMP2,$INFO[Container(9000).ListItemNoWrap(0).Property(id)],home)</onfocus>
	  <onfocus description="Button.ID-CustomHome2" condition="Window.IsVisible(CustomHomeCustomizer2.xml)">SetProperty(TEMP,$INFO[Container(9000).ListItem(0).Label2],home)</onfocus>
	  
	  <visible>false</visible>
	</control>
  </include>
  
  <include name="SetProperty_HomeSP" description="">
    <control type="button">
	  <onfocus description="Remove-WidgetButton.ID_BASE" condition="!String.IsEmpty(Window(home).Property(WidgetButton.ID_))">ClearProperty(WidgetButton.ID_,home)</onfocus>
	  <onfocus description="Remove-WidgetButton.Name" condition="!String.IsEmpty(Window(home).Property(WidgetButton.Name))">ClearProperty(WidgetButton.Name,home)</onfocus>
	  <onfocus description="Button.ID_BASE" condition="!Window.IsVisible(CustomHomeCustomizer2.xml)">SetProperty(Button.ID_,$INFO[Container(9020).ListItemNoWrap(0).Property(id)],home)</onfocus>
	  <onfocus description="Button.ID-Home" condition="!Window.IsVisible(CustomHomeCustomizer2.xml)">SetProperty(Button.ID,$INFO[Container(9020).ListItem(0).Label2],home)</onfocus>
	  <onfocus description="Button.Name-Home" condition="!Window.IsVisible(CustomHomeCustomizer2.xml)">SetProperty(Button.Name,$INFO[System.CurrentControl],home)</onfocus>
	  
	  <onfocus description="Button.ID_BASE-CustomHome2" condition="Window.IsVisible(CustomHomeCustomizer2.xml)">SetProperty(TEMP2,$INFO[Container(9020).ListItemNoWrap(0).Property(id)],home)</onfocus>
	  <onfocus description="Button.ID-CustomHome2" condition="Window.IsVisible(CustomHomeCustomizer2.xml)">SetProperty(TEMP,$INFO[Container(9020).ListItem(0).Label2],home)</onfocus>
	  
	  <visible>false</visible>
	</control>
  </include>
  
  <include name="SetProperty_HomeTouch" description="9008">
    <control type="button">
	  <onfocus description="Remove-WidgetButton.ID_BASE" condition="!String.IsEmpty(Window(home).Property(WidgetButton.ID_))">ClearProperty(WidgetButton.ID_,home)</onfocus>
	  <onfocus description="Remove-WidgetButton.Name" condition="!String.IsEmpty(Window(home).Property(WidgetButton.Name))">ClearProperty(WidgetButton.Name,home)</onfocus>
	  <onfocus description="Button.ID_BASE" condition="!Window.IsVisible(CustomHomeCustomizer2.xml)">SetProperty(Button.ID_,$INFO[Container(9008).ListItemNoWrap(0).Property(id)],home)</onfocus>
	  <onfocus description="Button.ID-Home" condition="!Window.IsVisible(CustomHomeCustomizer2.xml)">SetProperty(Button.ID,$INFO[Container(9008).ListItem(0).Label2],home)</onfocus>
	  <onfocus description="Button.Name-Home" condition="!Window.IsVisible(CustomHomeCustomizer2.xml)">SetProperty(Button.Name,$INFO[System.CurrentControl],home)</onfocus>
	  
	  <onfocus description="Button.ID_BASE-CustomHome2" condition="Window.IsVisible(CustomHomeCustomizer2.xml)">SetProperty(TEMP2,$INFO[Container(9008).ListItemNoWrap(0).Property(id)],home)</onfocus>
	  <onfocus description="Button.ID-CustomHome2" condition="Window.IsVisible(CustomHomeCustomizer2.xml)">SetProperty(TEMP,$INFO[Container(9008).ListItem(0).Label2],home)</onfocus>
	  
	  <visible>false</visible>
	</control>
  </include>
  
  <include name="ArrowsLeftRight2">
	  <control type="group" description="סמן חץ ימינה">
			<include>Fade4</include>
			<visible>Container(9000).HasNext</visible>
			<posx>1870</posx>
			<posy>920</posy>
			<control type="image" description="לא נבחר">
			  <width>40</width>
			  <height>40</height>
			  <texture border="0">images/ArrowNF.png</texture>
			  <visible>!Container(9000).Position(8)</visible>
			</control>
			<control type="image" id="2051" description="נבחר">
			  <width>40</width>
			  <height>40</height>
			  <texture border="0">images/ArrowFO.png</texture>
			  <visible>Container(9000).Position(8)</visible>
			</control>
		</control>
		
		<control type="group" description="סמן חץ שמאלה">
			<include>Fade4</include>
			<visible>Container(9000).HasPrevious</visible>
			<posx>5</posx>
			<posy>920</posy>
			<control type="image" description="לא נבחר">
			  <width>40</width>
			  <height>40</height>
			  <texture border="0">images/Arrow2NF.png</texture>
			  <visible>!Container(9000).Position(0)</visible>
			</control>
			<control type="image" id="2052" description="נבחר">
			  <width>40</width>
			  <height>40</height>
			  <texture border="0">images/Arrow2FO.png</texture>
			  <visible>Container(9000).Position(0)</visible>
			</control>
		</control>
  </include>
  
  <include name="Design_TopButtons">
	<control type="grouplist" id="9009" description="כפתורים עליונים">
	  <include>Fade10</include>
	  <include>TopInformationSize0</include>
	  <animation description="בית-ו'ידגט" condition="Window.IsVisible(Home.xml) + $EXP[ContentsWidget] + !Window.IsVisible(CustomHomeCustomizer.xml)" effect="slide" start="0,0" end="0,114" delay="0" time="0" reversible="false">Conditional</animation>
	  <animation description="בית-ו'ידגט" condition="Window.IsVisible(Home.xml) + $EXP[ContentsWidget] | Window.IsVisible(CustomHomeCustomizer.xml)" effect="fade" start="0" end="100" delay="600" time="220" reversible="true">Conditional</animation>
	  <include condition="String.IsEqual(System.Language,Hebrew)">AlignRtl</include>
	  <animation condition="System.IdleTime(60) + !Window.IsVisible(CustomHomeCustomizer.xml)" effect="fade" start="100" end="0" time="7000" reversible="true">Conditional</animation>
	  <visible>[Window.IsVisible(Home.xml) + [Control.IsVisible(311) | Control.IsVisible(312) | Control.HasFocus(315) | Control.HasFocus(316)]] | !Window.IsVisible(Home.xml)</visible>
	  <visible>Window.IsVisible(CustomHomeCustomizer.xml) + !Window.IsVisible(CustomHomeCustomizer2.xml) | !Window.IsVisible(CustomHomeCustomizer.xml)</visible>
	  <visible>[Container(9000).Row(0) | Container(9000).Row(1)] + !Container(9000).HasPrevious() | ![Skin.String(MenuDesign,0) | Skin.String(MenuDesign,1) | Skin.String(MenuDesign,7)]</visible>
	  <visible>!Window.IsVisible(Custom1173.xml)</visible>
	  <height>40</height>
	  <include condition="[Skin.String(MenuDesign,4) | Skin.String(MenuDesign,5)] + !String.IsEqual(System.Language,Hebrew)">Control_Pos32</include>
	  <include condition="[Skin.String(MenuDesign,4) | Skin.String(MenuDesign,5)] + String.IsEqual(System.Language,Hebrew)">Control_Pos31</include>
	  <posx>20</posx>
	  <posy>35.4</posy>
	  <width>1880</width>
	  <orientation>horizontal</orientation>
	  <onup condition="Player.HasMedia">ActivateWindow(12901)</onup>
	  <ondown condition="Control.IsVisible(311) + Integer.IsGreater(Container(311).NumItems,1)">311</ondown> <!--![Window.IsVisible(CustomHomeCustomizer.xml) + !String.IsEmpty(Window(1117).Property(HideInactiveButtons))]-->
	  <ondown condition="Control.IsVisible(312) + Integer.IsGreater(Container(312).NumItems,1)">312</ondown>
	  <ondown condition="Control.IsVisible(315) + Integer.IsGreater(Container(315).NumItems,1)">315</ondown>
	  <ondown condition="Control.IsVisible(316) + Integer.IsGreater(Container(316).NumItems,1)">316</ondown>
	  <ondown condition="Control.IsVisible(7011)">7017</ondown>
	  <ondown condition="Control.IsVisible(9000)">9000</ondown>
	  <ondown condition="$EXP[View51]">50</ondown>
	  <onright>noop</onright>
	  <onright>noop</onright>
	  <onleft condition="">noop</onleft>
	  
	  
	  <include>Content_TopButtons</include>
	</control>
  </include>
  
  <include name="Menu_Home">
    <include descripton="פנל" condition="Skin.String(MenuDesign,0) | Skin.String(MenuDesign,1) | Skin.String(MenuDesign,7)">Menu_Home9000_0</include>
    <include descripton="מאוזן" condition="Skin.String(MenuDesign,2) | Skin.String(MenuDesign,3) | !Skin.String(MenuDesign)">Menu_Home9000_1</include>
    <include descripton="מאוזן3" condition="Skin.String(MenuDesign,6)">Menu_Home9000_2</include>
    <include descripton="מאונך" condition="Skin.String(MenuDesign,4)">Menu_Home9000_3</include>
  </include>
  
  <include name="Menu_Home9000_0">
    <control type="panel" id="9000" description="פנל">
	  <animation condition="[!Container(9000).Row(0) + !Container(9000).Row(1) | Container(9000).HasPrevious()]" effect="slide" start="0,0" end="0,-551" time="220">Conditional</animation>
	  <visible>Skin.String(MenuDesign,0) | Skin.String(MenuDesign,1) | Skin.String(MenuDesign,7)</visible>
	  <visible>![Window.IsVisible(CustomHomeCustomizer2.xml) + !String.IsEmpty(Window(home).Property(WidgetButton.ID_))]</visible>
	  <posx>30</posx>
	  <posy>581</posy>
	  <width>1850</width>
	  <height>1040</height>
	  <onleft condition="!Skin.HasSetting(SPMiniButtons)">9000</onleft>
	  <onleft condition="Skin.HasSetting(SPMiniButtons)">Action(PageDown)</onleft>
	  <onleft condition="Skin.HasSetting(SPMiniButtons)">Action(PageDown)</onleft>
	  <onleft condition="Skin.HasSetting(SPMiniButtons)">9020</onleft>
	  <onright condition="Control.IsVisible(9020)">9020</onright>
	  <onright>9000</onright>
	  <onup condition="Control.IsVisible(700) + ![Window.IsVisible(CustomHomeCustomizer.xml) + !String.IsEmpty(Window(1117).Property(HideInactiveButtons))]">700</onup>
	  <onup condition="Control.IsVisible(7011)">7017</onup>
	  <onup condition="Control.IsVisible(9009)">9009</onup>
	  <!--<onup>520</onup>-->
	  <ondown>noop</ondown>
	  <scrolltime tween="sine" easing="out">220</scrolltime>
	  <include condition="Skin.String(MenuDesign,0)" description="פנל">MenuDesign_Home</include>
	  <include condition="Skin.String(MenuDesign,1)" description="פנל2">MenuDesign_Home1</include>
	  <include condition="Skin.String(MenuDesign,7)" description="פנל3">MenuDesign_Home3</include>
	  <content>
		<include condition="!Window.IsVisible(LoginScreen)">Content_Home</include>
		<include condition="Window.IsVisible(LoginScreen)">Content_LoginScreen</include>
		<include condition="true">Content_Home2</include>
	  </content>
	</control>
  </include>
  
  <include name="Menu_Home9000_1">
	<control type="list" id="9000" description="מאוזן">
	  <visible>Skin.String(MenuDesign,2) | Skin.String(MenuDesign,3) | !Skin.String(MenuDesign)</visible>
	  <visible>![Window.IsVisible(CustomHomeCustomizer2.xml) + !String.IsEmpty(Window(home).Property(WidgetButton.ID_))]</visible>
	  <posx>0</posx>
	  <posy>820</posy>
	  <width>1920</width>
	  <height>1040</height>
	  <onleft condition="!Skin.HasSetting(SPMiniButtons)">9000</onleft>
	  <onleft condition="Skin.HasSetting(SPMiniButtons)">Action(PageDown)</onleft>
	  <onleft condition="Skin.HasSetting(SPMiniButtons)">Action(PageDown)</onleft>
	  <onleft condition="Skin.HasSetting(SPMiniButtons) + Skin.String(MenuDesign,2)">SetFocus(9000,4)</onleft>
	  <onleft condition="Skin.HasSetting(SPMiniButtons) + Skin.String(MenuDesign,3) | !Skin.String(MenuDesign)">SetFocus(9000,6)</onleft>
	  <onleft condition="Skin.HasSetting(SPMiniButtons)">9020</onleft>
	  <onright condition="Control.IsVisible(9020)">9020</onright>
	  <onright>9000</onright>
	  <onup condition="Control.IsVisible(311) + Integer.IsGreater(Container(311).NumItems,1)">311</onup> <!--![Window.IsVisible(CustomHomeCustomizer.xml) + !String.IsEmpty(Window(1117).Property(HideInactiveButtons))]-->
	  <onup condition="Control.IsVisible(312) + Integer.IsGreater(Container(312).NumItems,1)">312</onup>
	  <onup condition="Control.IsVisible(315) + Integer.IsGreater(Container(315).NumItems,1)">315</onup>
	  <onup condition="Control.IsVisible(316) + Integer.IsGreater(Container(316).NumItems,1)">316</onup>
	  <onup condition="Control.IsVisible(7011)">7017</onup>
	  <onup condition="Control.IsVisible(9009)">9009</onup>
	  <!--<onup>520</onup>-->
	  <ondown description="openSUB-horizontal" condition="!Window.IsVisible(CustomHomeCustomizer.xml) + String.IsEqual(Container(9000).ListItemNoWrap(0).Property(sub),$LOCALIZE[20122]) + Skin.HasSetting(SubMenuAction) + [String.IsEmpty(Container(9000).ListItem(0).Property(pwd)) | !String.IsEmpty(Container(9000).ListItem(0).Property(pwd)) + !String.IsEmpty(Window(home).Property(PassProtect)) | !Skin.String(PassProtect)]">ActivateWindow(1138)</ondown>
	  <ondown>noop</ondown>
	  <scrolltime tween="sine" easing="out">220</scrolltime>
	  <orientation>horizontal</orientation>
	  <include condition="Skin.String(MenuDesign,2)" description="מאוזן">MenuDesign_Home</include>
	  <include condition="Skin.String(MenuDesign,3) | !Skin.String(MenuDesign)" description="מאוזן2">MenuDesign_Home1</include>
	  <include condition="Skin.String(MenuDesign,6)" description="מאוזן">MenuDesign_Home3</include>
	  <content>
		<include condition="!Window.IsVisible(LoginScreen)">Content_Home</include>
		<include condition="Window.IsVisible(LoginScreen)">Content_LoginScreen</include>
		<include condition="!Skin.HasSetting(SPMiniButtons)">Content_Home2</include>
	  </content>
	</control>
	
	<include>Menu_Home9020_1</include>
  </include>
  
  <include name="Menu_Home9000_2">
    <include>ArrowsLeftRight2</include>
	<control type="list" id="9000" description="מאוזן3">
	  <visible>Skin.String(MenuDesign,6)</visible>
	  <visible>![Window.IsVisible(CustomHomeCustomizer2.xml) + !String.IsEmpty(Window(home).Property(WidgetButton.ID_))]</visible>
	  <posx>30</posx>
	  <posy>820</posy>
	  <width>1821</width>
	  <height>1040</height>
	  <onleft condition="!Skin.HasSetting(SPMiniButtons)">9000</onleft>
	  <onleft condition="Skin.HasSetting(SPMiniButtons)">Action(PageDown)</onleft>
	  <onleft condition="Skin.HasSetting(SPMiniButtons)">Action(PageDown)</onleft>
	  <onleft condition="Skin.HasSetting(SPMiniButtons)">SetFocus(9000,8)</onleft>
	  <onleft condition="Skin.HasSetting(SPMiniButtons)">9020</onleft>
	  <onright condition="Control.IsVisible(9020)">9020</onright>
	  <onright>9000</onright>
	  <onup condition="Control.IsVisible(311) + Integer.IsGreater(Container(311).NumItems,1)">311</onup> <!--![Window.IsVisible(CustomHomeCustomizer.xml) + !String.IsEmpty(Window(1117).Property(HideInactiveButtons))]-->
	  <onup condition="Control.IsVisible(312) + Integer.IsGreater(Container(312).NumItems,1)">312</onup>
	  <onup condition="Control.IsVisible(315) + Integer.IsGreater(Container(315).NumItems,1)">315</onup>
	  <onup condition="Control.IsVisible(316) + Integer.IsGreater(Container(316).NumItems,1)">316</onup>
	  <onup condition="Control.IsVisible(7011)">7017</onup>
	  <onup condition="Control.IsVisible(9009)">9009</onup>
	  <!--<onup>520</onup>-->
	  <ondown description="openSUB-horizontal" condition="!Window.IsVisible(CustomHomeCustomizer.xml) + String.IsEqual(Container(9000).ListItem(0).Property(sub),$LOCALIZE[20122]) + Skin.HasSetting(SubMenuAction) + [String.IsEmpty(Container(9000).ListItem(0).Property(pwd)) | !String.IsEmpty(Container(9000).ListItem(0).Property(pwd)) + !String.IsEmpty(Window(home).Property(PassProtect)) | !Skin.String(PassProtect)]">ActivateWindow(1138)</ondown>
	  <ondown>noop</ondown>
	  <scrolltime tween="sine" easing="out">220</scrolltime>
	  <orientation>horizontal</orientation>
	  <include condition="Skin.String(MenuDesign,2)" description="מאוזן">MenuDesign_Home</include>
	  <include condition="Skin.String(MenuDesign,3) | !Skin.String(MenuDesign)" description="מאוזן2">MenuDesign_Home1</include>
	  <include condition="Skin.String(MenuDesign,6)" description="מאוזן">MenuDesign_Home3</include>
	  <content>
		<include condition="!Window.IsVisible(LoginScreen)">Content_Home</include>
		<include condition="Window.IsVisible(LoginScreen)">Content_LoginScreen</include>
		<include condition="!Skin.HasSetting(SPMiniButtons)">Content_Home2</include>
	  </content>
	</control>
  
    <include>Menu_Home9020_1</include>
  </include>
	
  <include name="Menu_Home9000_3">
	<control type="list" id="9000" description="מאונך">
	  <include>TopInformationSize0</include>
	  <include>TopInformationSize1</include>
	  <visible>Skin.String(MenuDesign,4) | Skin.String(MenuDesign,5)</visible>
	  <visible>![Window.IsVisible(CustomHomeCustomizer2.xml) + !String.IsEmpty(Window(home).Property(WidgetButton.ID_))]</visible>
	  <include condition="String.IsEqual(System.Language,Hebrew)">Control_Pos7</include>
	  <posx>0</posx>
	  <posy>60</posy>
	  <width>1850</width>
	  <height>927</height>
	  <onup condition="!Skin.HasSetting(SPMiniButtons)">9000</onup>
	  <onup condition="Skin.HasSetting(SPMiniButtons)">Action(PageDown)</onup>
	  <onup condition="Skin.HasSetting(SPMiniButtons)">Action(PageDown)</onup>
	  <onup condition="Skin.HasSetting(SPMiniButtons)">SetFocus(9000,8)</onup>
	  <onup condition="Skin.HasSetting(SPMiniButtons)">9020</onup>
	  <ondown condition="Control.IsVisible(9020)">9020</ondown>
	  <ondown>9000</ondown>
	  <onright description="openSUB-horizontal" condition="String.IsEqual(System.Language,Hebrew) + !Window.IsVisible(CustomHomeCustomizer.xml) + !String.IsEqual(Container(9000).ListItemNoWrap(0).Property(sub),true) + Skin.HasSetting(SubMenuAction) + [String.IsEmpty(Container(9000).ListItem(0).Property(pwd)) | !String.IsEmpty(Container(9000).ListItem(0).Property(pwd)) + !String.IsEmpty(Window(home).Property(PassProtect))]">ActivateWindow(1138)</onright>
	  <onright condition="Control.IsVisible(7011) + !String.IsEqual(System.Language,Hebrew)">7017</onright>
	  <onright condition="Control.IsVisible(700) + !String.IsEqual(System.Language,Hebrew)">700</onright>
	  <onright condition="Control.IsVisible(9009) + !String.IsEqual(System.Language,Hebrew)">9009</onright>
	  <onright>520</onright>
	  <onleft description="openSUB-horizontal" condition="!String.IsEqual(System.Language,Hebrew) + !Window.IsVisible(CustomHomeCustomizer.xml) + !String.IsEqual(Container(9000).ListItemNoWrap(0).Property(sub),true) + Skin.HasSetting(SubMenuAction) + [String.IsEmpty(Container(9000).ListItem(0).Property(pwd)) | !String.IsEmpty(Container(9000).ListItem(0).Property(pwd)) + !String.IsEmpty(Window(home).Property(PassProtect))]">ActivateWindow(1138)</onleft>
	  <onleft condition="Control.IsVisible(7011) + String.IsEqual(System.Language,Hebrew)">7017</onleft>
	  <onleft condition="Control.IsVisible(700) + String.IsEqual(System.Language,Hebrew)">700</onleft>
	  <onleft condition="Control.IsVisible(9009) + String.IsEqual(System.Language,Hebrew)">9009</onleft>
	  <scrolltime tween="sine" easing="out">220</scrolltime>
	  <orientation>vertical</orientation>
	  <include condition="Skin.String(MenuDesign,4) | Skin.String(MenuDesign,5)" description="מאונך">MenuDesign_Home2</include>
	  <content>
		<include condition="!Window.IsVisible(LoginScreen)">Content_Home</include>
		<include condition="Window.IsVisible(LoginScreen)">Content_LoginScreen</include>
		<include condition="!Skin.HasSetting(SPMiniButtons)">Content_Home2</include>
	  </content>
	</control>
	
	<include>Menu_Home9020_2</include>
  </include>
  
  <include name="Menu_Home9020_1">
     <control type="list" id="9020" description="מאוזןSP">
	  <animation condition="!Container(9000).HasNext() | Control.HasFocus(9020)" effect="fade" start="0" end="100" delay="0" time="220" reversible="false">Conditional</animation>
	  <animation condition="![!Container(9000).HasNext() | Control.HasFocus(9020)]" effect="fade" start="100" end="0" delay="0" time="220" reversible="false">Conditional</animation> 
	  <visible>[!Container(9000).HasPrevious() | !Container(9000).HasNext()] + Skin.HasSetting(SPMiniButtons)</visible>
	  <visible>Skin.String(MenuDesign,2) | Skin.String(MenuDesign,3) | !Skin.String(MenuDesign) | Skin.String(MenuDesign,6)</visible>
	  <visible>![Window.IsVisible(CustomHomeCustomizer2.xml) + !String.IsEmpty(Window(home).Property(WidgetButton.ID_))]</visible>
	  <posx>1830</posx>
	  <posy>824</posy>
	  <width>100</width>
	  <height>225</height>
	  <onleft>9000</onleft>
	  <onright condition="Control.IsVisible(315)">315</onright>
	  <onright condition="Window.IsVisible(Home.xml)">SetFocus(9000,0)</onright>
	  <onright condition="Window.IsVisible(Home.xml)">Action(PageUp)</onright>
	  <onright condition="Window.IsVisible(Home.xml)">Action(PageUp)</onright>
	  <onup condition="Control.IsVisible(315)">315</onup>
	  <ondown>noop</ondown>
	  <scrolltime tween="sine" easing="out">220</scrolltime>
	  <orientation>vertical</orientation>
	  <include condition="Skin.String(MenuDesign,2)" description="מאוזן">MenuDesign_HomeSP3</include>
	  <include condition="Skin.String(MenuDesign,3) | !Skin.String(MenuDesign)" description="מאוזן2">MenuDesign_HomeSP3</include>
	  <include condition="Skin.String(MenuDesign,6)" description="מאוזן">MenuDesign_HomeSP3</include>
	  <content>
		<include condition="true">Content_Home2</include>
	  </content>
	</control>
  </include>
  
  <include name="Menu_Home9020_2">
	<control type="list" id="9020" description="מאונךSP">
	  <animation condition="!Container(9000).HasNext() | Control.HasFocus(9020)" effect="fade" start="0" end="100" delay="0" time="220" reversible="false">Conditional</animation>
	  <animation condition="![!Container(9000).HasNext() | Control.HasFocus(9020)]" effect="fade" start="100" end="0" delay="0" time="220" reversible="false">Conditional</animation>
	  <animation description="slide_he" condition="String.IsEqual(System.Language,Hebrew)" effect="slide" start="0,0" end="1675,0" time="0">Conditional</animation>
	  <visible>[!Container(9000).HasPrevious() | !Container(9000).HasNext()] + Skin.HasSetting(SPMiniButtons)</visible>
	  <visible>Skin.String(MenuDesign,4) | Skin.String(MenuDesign,5)</visible>
	  <visible>![Window.IsVisible(CustomHomeCustomizer2.xml) + !String.IsEmpty(Window(home).Property(WidgetButton.ID_))]</visible>
	  <posx>0</posx>
	  <posy>987</posy>
	  <width>230</width>
	  <height>100</height>
	  <onleft>noop</onleft>
	  <onright>noop</onright>
	  <onup>9000</onup>
	  <ondown condition="Window.IsVisible(Home.xml) + !$EXP[ContentsWidget]">SetFocus(9000,0)</ondown>
	  <ondown condition="Window.IsVisible(Home.xml) + !$EXP[ContentsWidget]">Action(PageUp)</ondown>
	  <ondown condition="Window.IsVisible(Home.xml) + !$EXP[ContentsWidget]">Action(PageUp)</ondown>
	  <ondown condition="Window.IsVisible(Home.xml) + !$EXP[ContentsWidget]">SetFocus(9000,0)</ondown>
	  <ondown condition="Control.IsVisible(311) + Integer.IsGreater(Container(311).NumItems,1)">311</ondown> <!--![Window.IsVisible(CustomHomeCustomizer.xml) + !String.IsEmpty(Window(1117).Property(HideInactiveButtons))]-->
	  <ondown condition="Control.IsVisible(312) + Integer.IsGreater(Container(312).NumItems,1)">312</ondown>
	  <ondown condition="Control.IsVisible(315) + Integer.IsGreater(Container(315).NumItems,1)">315</ondown>
	  <ondown condition="Control.IsVisible(316) + Integer.IsGreater(Container(316).NumItems,1)">316</ondown>
	  <scrolltime tween="sine" easing="out">220</scrolltime>
	  <orientation>horizontal</orientation>
	  <include condition="Skin.String(MenuDesign,4)" description="מאונך">MenuDesign_HomeSP3</include>
	  <content>
		<include condition="true">Content_Home2</include>
	  </content>
	</control>
  </include>
  
  <include name="MenuDesign_Home" description="פנל/מאוזן">
    <itemlayout height="230" width="368">
	  <control type="group">
		<include>MenuDesign_Home_itemlayout</include>
		<include content="Buttons_Color" description="צבע">
			<param name="height" value="180" />
			<param name="posx" value="30" />
			<param name="posy" value="30" />
			<param name="width" value="312" />
		</include>
		<include content="Buttons_Icon" description="סמלים גדולים">
			<param name="color" value="$VAR[IconUnFocusColor]" />
			<param name="height" value="170" />
			<param name="posx" value="30" />
			<param name="posy" value="34" />
			<param name="width" value="312" />
			
			<param name="condition" value="Skin.HasSetting(BigHomeIcons)" description="" />
			<param name="type0" value="true" description="UnFocus" />
			<param name="type1" value="false" description="Focus" />
		</include>
		<control type="image" description="אלמנט כפתור לא נבחר">
          <posx>30</posx>
          <posy>30</posy>
          <width>312</width>
          <height>180</height>
          <texture>buttons/effects/black2.png</texture>
		  <visible>Skin.String(ElementUButton)</visible>
        </control>
		<control type="image" description="צללית">
		  <posx>30</posx>
          <posy>30</posy>
          <width>312</width>
          <height>180</height>
		  <include condition="!Skin.String(ButtonsDesign)">ButtonsDesign_shadow</include>
		  <include condition="Skin.String(ButtonsDesign,0)">ButtonsDesign0_shadow</include>
		  <include condition="Skin.String(ButtonsDesign,1)">ButtonsDesign1_shadow</include>
		  <include condition="Skin.String(ButtonsDesign,2)">ButtonsDesign2_shadow</include>
		  <include condition="Skin.String(ButtonsDesign,3)">ButtonsDesign3_shadow</include>
		  <include condition="Skin.String(ButtonsDesign,4)">ButtonsDesign4_shadow</include>
          <texture>buttons/effects/shadow.png</texture>
		  <visible>Skin.HasSetting(ShadowButton)</visible>
        </control>
		<control type="image" description="שקופית">
          <posx>30</posx>
          <posy>30</posy>
          <width>312</width>
          <height>180</height>
		  <include condition="!Skin.String(ButtonsDesign)">ButtonsDesign_gardient</include>
		  <include condition="Skin.String(ButtonsDesign,0)">ButtonsDesign0_gardient</include>
		  <include condition="Skin.String(ButtonsDesign,1)">ButtonsDesign1_gardient</include>
		  <include condition="Skin.String(ButtonsDesign,2)">ButtonsDesign2_gardient</include>
		  <include condition="Skin.String(ButtonsDesign,3)">ButtonsDesign3_gardient</include>
		  <include condition="Skin.String(ButtonsDesign,4)">ButtonsDesign4_gardient</include>
          <texture>buttons/effects/gardient.png</texture>
		  <visible>!Skin.HasSetting(OverlayButton)</visible>
        </control>
		<control type="image" description="שפוע Bevel">
          <posx>30</posx>
          <posy>30</posy>
          <width>312</width>
          <height>180</height>
		  <include condition="!Skin.String(ButtonsDesign)">ButtonsDesign_bevel</include>
		  <include condition="Skin.String(ButtonsDesign,0)">ButtonsDesign0_bevel</include>
		  <include condition="Skin.String(ButtonsDesign,1)">ButtonsDesign1_bevel</include>
		  <include condition="Skin.String(ButtonsDesign,2)">ButtonsDesign2_bevel</include>
		  <include condition="Skin.String(ButtonsDesign,3)">ButtonsDesign3_bevel</include>
		  <include condition="Skin.String(ButtonsDesign,4)">ButtonsDesign4_bevel</include>
          <texture>buttons/effects/bevel.png</texture>
		  <visible>!Skin.HasSetting(BevelButton)</visible>
        </control>
		<control type="image" description="מסגרת (Stroke)">
          <posx>30</posx>
          <posy>30</posy>
          <width>312</width>
          <height>180</height>
          <include condition="!Skin.String(ButtonsDesign)">ButtonsDesign_stroke</include>
		  <include condition="Skin.String(ButtonsDesign,0)">ButtonsDesign0_stroke</include>
		  <include condition="Skin.String(ButtonsDesign,1)">ButtonsDesign1_stroke</include>
		  <include condition="Skin.String(ButtonsDesign,2)">ButtonsDesign2_stroke</include>
		  <include condition="Skin.String(ButtonsDesign,3)">ButtonsDesign3_stroke</include>
		  <include condition="Skin.String(ButtonsDesign,4)">ButtonsDesign4_stroke</include>
		  <texture>buttons/effects/stroke.png</texture>
		  <visible>Skin.HasSetting(StrokeButton)</visible>
        </control>
		<include content="Buttons_Icon" description="סמל">
			<param name="color" value="$VAR[IconUnFocusColor]" />
			<param name="height" value="120" />
			<param name="posx" value="30" />
			<param name="posy" value="45" />
			<param name="width" value="312" />
			
			<param name="condition" value="!Skin.HasSetting(BigHomeIcons)" description="" />
			<param name="type0" value="true" description="UnFocus" />
			<param name="type1" value="false" description="Focus" />
		</include>
		<control type="image" description="OFF">
          <aspectratio>keep</aspectratio>
		  <height>180</height>
		  <posx>30</posx>
          <posy>30</posy>
		  <texture>images/off.png</texture>
		  <visible>Window.IsVisible(CustomHomeCustomizer.xml) + !String.IsEmpty(ListItem.Property(off))</visible>
		  <width>312</width>
        </control>
		<control type="image" description="Movies Widget">
		  <aspectratio>keep</aspectratio>
		  <height>60</height>
		  <posx>30</posx>
          <posy>30</posy>
		  <texture colordiffuse="$VAR[IconUnFocusColor]">buttons/icons/moviesf.png</texture>
		  <visible>Window.IsVisible(CustomHomeCustomizer.xml)</visible>
		  <visible>String.Contains(ListItem.Label2,90) + !Skin.String(widget311) | String.IsEqual(ListItem.Label2,Skin.String(widget311))</visible>
		  <width>104</width>
        </control>
		<control type="image" description="TVshows Widget">
		  <aspectratio>keep</aspectratio>
		  <height>60</height>
		  <posx>30</posx>
          <posy>30</posy>
		  <texture colordiffuse="$VAR[IconUnFocusColor]">buttons/icons/tvshowsf.png</texture>
		  <visible>Window.IsVisible(CustomHomeCustomizer.xml)</visible>
		  <visible>String.Contains(ListItem.Label2,91) + !Skin.String(widget312) | String.IsEqual(ListItem.Label2,Skin.String(widget312))</visible>
		  <width>104</width>
        </control>
		<control type="image" description="Weather Widget">
		  <aspectratio>keep</aspectratio>
		  <height>60</height>
		  <posx>30</posx>
          <posy>30</posy>
		  <texture colordiffuse="$VAR[IconUnFocusColor]">buttons/icons/weatherf.png</texture>
		  <visible>Window.IsVisible(CustomHomeCustomizer.xml)</visible>
		  <visible>String.Contains(ListItem.Label2,97) + !Skin.String(widget317) | String.IsEqual(ListItem.Label2,Skin.String(widget317))</visible>
		  <width>104</width>
        </control>
		<control type="image" description="תפריט משני">
		  <include>Fade_SubMenuMarkOverlay</include>
		  <height>180</height>
		  <posx>30</posx>
          <posy>32</posy>
		  <include condition="!Skin.String(ButtonsDesign)">ButtonsDesign_sub</include>
		  <include condition="Skin.String(ButtonsDesign,0)">ButtonsDesign0_sub</include>
		  <include condition="Skin.String(ButtonsDesign,1)">ButtonsDesign1_sub</include>
		  <include condition="Skin.String(ButtonsDesign,2)">ButtonsDesign2_sub</include>
		  <include condition="Skin.String(ButtonsDesign,3)">ButtonsDesign3_sub</include>
		  <include condition="Skin.String(ButtonsDesign,4)">ButtonsDesign4_sub</include>
		  <texture colordiffuse="$VAR[SubMenuMarkColor]">buttons/effects/sub.png</texture>
		  <visible>!String.IsEmpty(ListItem.Property(sub))</visible>
		  <width>310</width>
        </control>
        <control type="label" description="כותרת">
		  <include>Slide_MenuDesign_Home_Labels</include>
		  <include>Fade_IconOverlayButton</include>
          <textcolor>$VAR[IconUnFocusColor]</textcolor>
		  <include>LabelC1</include>
		  <posx>35</posx>
          <posy>170</posy>
          <width>300</width>
          <height>24</height>
          <label>[B]$INFO[ListItem.Label][/B]</label>
		  <shadowcolor>black</shadowcolor>
        </control>
	  </control>
    </itemlayout>
    <focusedlayout height="250" width="388">
	  <control type="group">
	    <include>SetProperty_Home</include>
		<!--<animation condition="Skin.String(MenuDesign,1)" effect="zoom" center="312,180" end="50,100" time="0" reversible="false">Conditional</animation>-->
		<include content="Buttons_Color" description="צבע">
			<param name="height" value="200" />
			<param name="posx" value="20" />
			<param name="posy" value="20" />
			<param name="width" value="332" />
		</include>
		<include content="Buttons_Icon" description="סמלים גדולים">
			<param name="color" value="$VAR[IconFocusColor]" />
			<param name="height" value="193" />
			<param name="posx" value="20" />
			<param name="posy" value="24" />
			<param name="width" value="332" />
			
			<param name="condition" value="Skin.HasSetting(BigHomeIcons)" description="" />
			<param name="type0" value="false" description="UnFocus" />
			<param name="type1" value="true" description="Focus" />
		</include>
		<control type="image" description="אלמנט כפתור נבחר">
          <posx>20</posx>
          <posy>20</posy>
          <width>332</width>
          <height>200</height>
          <texture>buttons/effects/black2.png</texture>
		  <visible>Skin.String(ElementFButton)</visible>
        </control>
		<control type="image" description="סמן בחירה 2">
		  <colordiffuse>BFFFFFFF</colordiffuse>
		  <posx>20</posx>
          <posy>20</posy>
          <width>332</width>
          <height>200</height>
		  <include condition="!Skin.String(ButtonsDesign)">ButtonsDesign_choosen</include>
		  <include condition="Skin.String(ButtonsDesign,0)">ButtonsDesign0_choosen</include>
		  <include condition="Skin.String(ButtonsDesign,1)">ButtonsDesign1_choosen</include>
		  <include condition="Skin.String(ButtonsDesign,2)">ButtonsDesign2_choosen</include>
		  <include condition="Skin.String(ButtonsDesign,3)">ButtonsDesign3_choosen</include>
		  <include condition="Skin.String(ButtonsDesign,4)">ButtonsDesign4_choosen</include>
		  <texture border="0" diffuse="buttons/colors/ffffffff.png">buttons/effects/choosen.png</texture>
		  <visible>Skin.HasSetting(SelectionMarker2) + [Control.HasFocus(9000) | Window.IsVisible(Custom1173.xml)]</visible>
        </control>
		<control type="image" description="סמן בחירה 3">
		  <bordersize>1</bordersize>
		  <posx>18</posx>
          <posy>14</posy>
		  <width>335</width>
		  <height>211</height>
		  <texture border="10" colordiffuse="$VAR[SelectedFrameColor]">misc/frames/selector.png</texture>
		  <visible>[Skin.HasSetting(SelectionMarker) + [Control.HasFocus(9000) | Window.IsVisible(Custom1173.xml)]] | [Window.IsVisible(CustomHomeCustomizer.xml) + [Window.IsVisible(Custom1175.xml) | Window.IsVisible(CustomHomeCustomizer2.xml) | Window.IsVisible(Custom1170.xml) + String.IsEqual(Window(home).Property(TEMP),SelectedFrameColor)]]</visible>
		  <visible>String.IsEmpty(Window(home).Property(WidgetButton.ID_))</visible>
		  <visible>$EXP[!Button.ID_17-21] | !Skin.HasSetting(SPMiniButtons)</visible>
        </control>
		<control type="image" description="צללית">
		  <posx>20</posx>
          <posy>20</posy>
          <width>332</width>
          <height>200</height>
		  <include condition="!Skin.String(ButtonsDesign)">ButtonsDesign_shadow</include>
		  <include condition="Skin.String(ButtonsDesign,0)">ButtonsDesign0_shadow</include>
		  <include condition="Skin.String(ButtonsDesign,1)">ButtonsDesign1_shadow</include>
		  <include condition="Skin.String(ButtonsDesign,2)">ButtonsDesign2_shadow</include>
		  <include condition="Skin.String(ButtonsDesign,3)">ButtonsDesign3_shadow</include>
		  <include condition="Skin.String(ButtonsDesign,4)">ButtonsDesign4_shadow</include>
          <texture>buttons/effects/shadow.png</texture>
		  <visible>Skin.HasSetting(ShadowButton)</visible>
        </control>
		<control type="image" description="שקופית">
          <posx>20</posx>
          <posy>20</posy>
          <width>332</width>
          <height>200</height>
          <include condition="!Skin.String(ButtonsDesign)">ButtonsDesign_gardient</include>
		  <include condition="Skin.String(ButtonsDesign,0)">ButtonsDesign0_gardient</include>
		  <include condition="Skin.String(ButtonsDesign,1)">ButtonsDesign1_gardient</include>
		  <include condition="Skin.String(ButtonsDesign,2)">ButtonsDesign2_gardient</include>
		  <include condition="Skin.String(ButtonsDesign,3)">ButtonsDesign3_gardient</include>
		  <include condition="Skin.String(ButtonsDesign,4)">ButtonsDesign4_gardient</include>
		  <texture>buttons/effects/gardient.png</texture>
		  <visible>!Skin.HasSetting(OverlayButton)</visible>
        </control>
		<control type="image" description="שפוע Bevel">
          <posx>20</posx>
          <posy>20</posy>
          <width>332</width>
          <height>200</height>
          <include condition="!Skin.String(ButtonsDesign)">ButtonsDesign_bevel</include>
		  <include condition="Skin.String(ButtonsDesign,0)">ButtonsDesign0_bevel</include>
		  <include condition="Skin.String(ButtonsDesign,1)">ButtonsDesign1_bevel</include>
		  <include condition="Skin.String(ButtonsDesign,2)">ButtonsDesign2_bevel</include>
		  <include condition="Skin.String(ButtonsDesign,3)">ButtonsDesign3_bevel</include>
		  <include condition="Skin.String(ButtonsDesign,4)">ButtonsDesign4_bevel</include>
		  <texture>buttons/effects/bevel.png</texture>
		  <visible>!Skin.HasSetting(BevelButton)</visible>
        </control>
		<control type="image" description="מסגרת (Stroke)">
          <posx>20</posx>
          <posy>20</posy>
          <width>332</width>
          <height>200</height>
		  <include condition="!Skin.String(ButtonsDesign)">ButtonsDesign_stroke</include>
		  <include condition="Skin.String(ButtonsDesign,0)">ButtonsDesign0_stroke</include>
		  <include condition="Skin.String(ButtonsDesign,1)">ButtonsDesign1_stroke</include>
		  <include condition="Skin.String(ButtonsDesign,2)">ButtonsDesign2_stroke</include>
		  <include condition="Skin.String(ButtonsDesign,3)">ButtonsDesign3_stroke</include>
		  <include condition="Skin.String(ButtonsDesign,4)">ButtonsDesign4_stroke</include>
          <texture>buttons/effects/stroke.png</texture>
		  <visible>Skin.HasSetting(StrokeButton)</visible>
        </control>
		<include content="Buttons_Icon" description="סמל">
			<param name="color" value="$VAR[IconFocusColor]" />
			<param name="height" value="140" />
			<param name="posx" value="20" />
			<param name="posy" value="35" />
			<param name="width" value="332" />
			
			<param name="condition" value="!Skin.HasSetting(BigHomeIcons)" description="" />
			<param name="type0" value="false" description="UnFocus" />
			<param name="type1" value="true" description="Focus" />
		</include>
		<control type="image" description="OFF">
          <aspectratio>keep</aspectratio>
		  <height>200</height>
		  <posx>20</posx>
          <posy>20</posy>
		  <texture>images/off.png</texture>
		  <visible>Window.IsVisible(CustomHomeCustomizer.xml) + !String.IsEmpty(ListItem.Property(off))</visible>
		  <width>332</width>
        </control>
		<control type="image" description="Movies Widget">
          <aspectratio>keep</aspectratio>
		  <height>60</height>
		  <posx>30</posx>
          <posy>30</posy>
		  <texture colordiffuse="$VAR[IconFocusColor]">buttons/icons/moviesf.png</texture>
		  <visible>Window.IsVisible(CustomHomeCustomizer.xml)</visible>
		  <visible>String.Contains(ListItem.Label2,90) + !Skin.String(widget311) | String.IsEqual(ListItem.Label2,Skin.String(widget311))</visible>
		  <width>104</width>
        </control>
		<control type="image" description="TVshows Widget">
          <aspectratio>keep</aspectratio>
		  <height>60</height>
		  <posx>30</posx>
          <posy>30</posy>
		  <texture colordiffuse="$VAR[IconFocusColor]">buttons/icons/tvshowsf.png</texture>
		  <visible>Window.IsVisible(CustomHomeCustomizer.xml)</visible>
		  <visible>String.Contains(ListItem.Label2,91) + !Skin.String(widget312) | String.IsEqual(ListItem.Label2,Skin.String(widget312))</visible>
		  <width>104</width>
        </control>
		<control type="image" description="Weather Widget">
          <aspectratio>keep</aspectratio>
		  <height>60</height>
		  <posx>30</posx>
          <posy>30</posy>
		  <texture colordiffuse="$VAR[IconFocusColor]">buttons/icons/weatherf.png</texture>
		  <visible>Window.IsVisible(CustomHomeCustomizer.xml)</visible>
		  <visible>String.Contains(ListItem.Label2,97) + !Skin.String(widget317) | String.IsEqual(ListItem.Label2,Skin.String(widget317))</visible>
		  <width>104</width>
        </control>
		<control type="image" description="תפריט משני">
		  <include>Fade_SubMenuMarkOverlay</include>
		  <height>200</height>
		  <posx>20</posx>
          <posy>22</posy>
		  <include condition="!Skin.String(ButtonsDesign)">ButtonsDesign_sub</include>
		  <include condition="Skin.String(ButtonsDesign,0)">ButtonsDesign0_sub</include>
		  <include condition="Skin.String(ButtonsDesign,1)">ButtonsDesign1_sub</include>
		  <include condition="Skin.String(ButtonsDesign,2)">ButtonsDesign2_sub</include>
		  <include condition="Skin.String(ButtonsDesign,3)">ButtonsDesign3_sub</include>
		  <include condition="Skin.String(ButtonsDesign,4)">ButtonsDesign4_sub</include>
		  <texture colordiffuse="$VAR[SubMenuMarkColor]">buttons/effects/sub.png</texture>
		  <visible>!String.IsEmpty(ListItem.Property(sub))</visible>
		  <width>330</width>
        </control>
        <control type="label" description="כותרת נבחר">
          <include>Slide_MenuDesign_Home_Labels</include>
		  <textcolor>$VAR[IconFocusColor]</textcolor>
		  <animation effect="fade" start="80" end="100" time="220" delay="0">Focus</animation>
		  <include>LabelC1</include>
		  <posx>35</posx>
          <posy>180</posy>
          <!--<width>368</width>-->
		  <width>300</width>
          <height>24</height>
          <label>[B]$INFO[ListItem.Label][/B]</label>
		  <shadowcolor>black</shadowcolor>
        </control>
	  </control>
    </focusedlayout>
  </include>
  <include name="MenuDesign_Home1" description="פנל2/מאוזן2">
    <itemlayout height="230" width="250">
	  <control type="group">
		<include content="MenuDesign_ItemLayout">
			<param name="height" value="180" description="כללי"/>
			<param name="posx" value="30" />
			<param name="posy" value="30" />
			<param name="width" value="312" />
			
			<param name="height2" value="170" description="סמלים גדולים"/>
			<param name="posx2" value="30" />
			<param name="posy2" value="34" />
			<param name="width2" value="312" />
			<param name="homeicons" value="true" />
			<param name="reshape" value="false" />
			
			<param name="height3" value="120" description="סמלים, OFF"/>
			<param name="posx3" value="30" />
			<param name="posy3" value="45" />
			<param name="width3" value="312" />
			
			<param name="height4" value="60" description="Widget"/>
			<param name="posx4" value="30" />
			<param name="posy4" value="30" />
			<param name="width4" value="104" />
			
			<param name="height5" value="24" description="כותרת"/>
			<param name="posx5" value="35" />
			<param name="posy5" value="170" />
			<param name="width5" value="300" />
		</include>
	  </control>
    </itemlayout>
    <focusedlayout height="250" width="250">
	  <control type="group">
	    <include>SetProperty_Home</include>
		<!--<animation condition="Skin.String(MenuDesign,1)" effect="zoom" center="312,180" end="50,100" time="0" reversible="false">Conditional</animation>-->
		<include content="MenuDesign_focusedlayout">
			<param name="height" value="200" description="כללי"/>
			<param name="posx" value="20" />
			<param name="posy" value="20" />
			<param name="width" value="332" />
			
			<param name="height2" value="193" description="סמלים גדולים"/>
			<param name="posx2" value="20" />
			<param name="posy2" value="24" />
			<param name="width2" value="332" />
			<param name="homeicons" value="true" />
			<param name="reshape" value="false" />
			
			<param name="height3" value="140" description="סמלים, OFF"/>
			<param name="posx3" value="20" />
			<param name="posy3" value="35" />
			<param name="width3" value="332" />
			
			<param name="height4" value="60" description="Widget"/>
			<param name="posx4" value="30" />
			<param name="posy4" value="30" />
			<param name="width4" value="104" />
			
			<param name="height5" value="24" description="כותרת"/>
			<param name="posx5" value="35" />
			<param name="posy5" value="180" />
			<param name="width5" value="300" />
		</include>
		<control type="image" description="סמן בחירה 3">
		  <bordersize>1</bordersize>
		  <posx>18</posx>
          <posy>14</posy>
		  <width>335</width>
		  <height>211</height>
		  <texture border="10" colordiffuse="$VAR[SelectedFrameColor]">misc/frames/selector.png</texture>
		  <visible>[Skin.HasSetting(SelectionMarker) + [Control.HasFocus(9000) | Window.IsVisible(Custom1173.xml)]] | [Window.IsVisible(CustomHomeCustomizer.xml) + [Window.IsVisible(Custom1175.xml) | Window.IsVisible(CustomHomeCustomizer2.xml) | Window.IsVisible(Custom1170.xml) + String.IsEqual(Window(home).Property(TEMP),SelectedFrameColor)]]</visible>
		  <visible>String.IsEmpty(Window(home).Property(WidgetButton.ID_))</visible>
		  <visible>$EXP[!Button.ID_17-21] | !Skin.HasSetting(SPMiniButtons)</visible>
        </control>
	  </control>
    </focusedlayout>
  </include>
  <include name="MenuDesign_Home2" description="מאונך2">
    <itemlayout height="100" width="222">
	  <control type="group">
	    <include condition="String.IsEqual(System.Language,Hebrew)">Control_Pos13</include>
		<animation condition="[Window.IsVisible(CustomHomeCustomizer.xml) + Window.IsVisible(CustomHomeCustomizer2.xml) | Skin.HasSetting(FixedUnFocusButtonsTransperancy) + [$EXP[ContentsWidget] | [Integer.IsGreater(Container(9000).NumItems,7) + System.IdleTime(7)]]]" effect="fade" start="100" end="40" time="220" reversible="true">Conditional</animation>
		<include content="MenuDesign_ItemLayout">
			<param name="height" value="100" description="כללי"/>
			<param name="posx" value="10" />
			<param name="posy" value="20" />
			<param name="width" value="222" />
			
			<param name="height2" value="100" description="סמלים גדולים"/>
			<param name="posx2" value="10" />
			<param name="posy2" value="20" />
			<param name="width2" value="222" />
			<param name="homeicons" value="true" />
			<param name="reshape" value="false" />
			
			<param name="height3" value="55" description="סמלים, OFF"/>
			<param name="posx3" value="15" />
			<param name="posy3" value="60" />
			<param name="width3" value="190" />
			
			<param name="height4" value="18" description="Widget"/>
			<param name="posx4" value="170" />
			<param name="posy4" value="30" />
			<param name="width4" value="63" />
			
			<param name="height5" value="24" description="כותרת"/>
			<param name="posx5" value="20" />
			<param name="posy5" value="35" />
			<param name="width5" value="190" />
		</include>
	  </control>
    </itemlayout>
    <focusedlayout height="100" width="222">
	  <control type="group">
	    <include>SetProperty_Home</include>
		<include condition="String.IsEqual(System.Language,Hebrew)">Control_Pos13</include>
		<include content="MenuDesign_focusedlayout">
			<param name="height" value="100" description="כללי"/>
			<param name="posx" value="10" />
			<param name="posy" value="20" />
			<param name="width" value="222" />
			
			<param name="height2" value="100" description="סמלים גדולים"/>
			<param name="posx2" value="10" />
			<param name="posy2" value="20" />
			<param name="width2" value="222" />
			<param name="homeicons" value="true" />
			<param name="reshape" value="false" />
			
			<param name="height3" value="55" description="סמלים, OFF"/>
			<param name="posx3" value="15" />
			<param name="posy3" value="60" />
			<param name="width3" value="190" />
			
			<param name="height4" value="18" description="Widget"/>
			<param name="posx4" value="170" />
			<param name="posy4" value="30" />
			<param name="width4" value="63" />
			
			<param name="height5" value="24" description="כותרת"/>
			<param name="posx5" value="20" />
			<param name="posy5" value="35" />
			<param name="width5" value="190" />
		</include>
		<control type="image" description="סמן בחירה 3">
		  <bordersize>1</bordersize>
		  <posx>3</posx>
          <posy>12</posy>
		  <width>233</width>
		  <height>115</height>
		  <texture border="10" colordiffuse="$VAR[SelectedFrameColor]">misc/frames/selector.png</texture>
		  <visible>[Skin.HasSetting(SelectionMarker) + [Control.HasFocus(9000) | Window.IsVisible(Custom1173.xml)]] | [Window.IsVisible(CustomHomeCustomizer.xml) + [Window.IsVisible(Custom1175.xml) | Window.IsVisible(CustomHomeCustomizer2.xml) | Window.IsVisible(Custom1170.xml) + String.IsEqual(Window(home).Property(TEMP),SelectedFrameColor)]]</visible>
		  <visible>String.IsEmpty(Window(home).Property(WidgetButton.ID_))</visible>
		  <visible>$EXP[!Button.ID_17-21] | !Skin.HasSetting(SPMiniButtons)</visible>
        </control>

	  </control>
    </focusedlayout>
  </include>
  <include name="MenuDesign_Home3" description="פנל3/מאוזן3">
    <itemlayout height="240" width="200">
	  <control type="group">
	    <include content="MenuDesign_ItemLayout">
			<param name="height" value="200" description="כללי"/>
			<param name="posx" value="20" />
			<param name="posy" value="20" />
			<param name="width" value="200" />
			
			<param name="height2" value="195" description="סמלים גדולים"/>
			<param name="posx2" value="22" />
			<param name="posy2" value="23" />
			<param name="width2" value="194" />
			<param name="homeicons" value="true" />
			<param name="reshape" value="false" />
			
			<param name="height3" value="160" description="סמלים, OFF"/>
			<param name="posx3" value="40" />
			<param name="posy3" value="25" />
			<param name="width3" value="160" />
			
			<param name="height4" value="60" description="Widget"/>
			<param name="posx4" value="20" />
			<param name="posy4" value="20" />
			<param name="width4" value="104" />
			
			<param name="height5" value="24" description="כותרת"/>
			<param name="posx5" value="20" />
			<param name="posy5" value="185" />
			<param name="width5" value="200" />
		</include>
	  </control>
    </itemlayout>
    <focusedlayout height="240" width="200">
	  <control type="group">
	    <include>SetProperty_Home</include>
		<include content="MenuDesign_focusedlayout">
			<param name="height" value="200" description="כללי"/>
			<param name="posx" value="20" />
			<param name="posy" value="20" />
			<param name="width" value="200" />
			
			<param name="height2" value="195" description="סמלים גדולים"/>
			<param name="posx2" value="22" />
			<param name="posy2" value="23" />
			<param name="width2" value="194" />
			<param name="homeicons" value="true" />
			<param name="reshape" value="false" />
			
			<param name="height3" value="160" description="סמלים, OFF"/>
			<param name="posx3" value="40" />
			<param name="posy3" value="25" />
			<param name="width3" value="160" />
			
			<param name="height4" value="60" description="Widget"/>
			<param name="posx4" value="20" />
			<param name="posy4" value="20" />
			<param name="width4" value="104" />
			
			<param name="height5" value="24" description="כותרת"/>
			<param name="posx5" value="20" />
			<param name="posy5" value="185" />
			<param name="width5" value="200" />

		</include>
		<control type="image" description="סמן בחירה 3">
		  <bordersize>1</bordersize>
		  <posx>14</posx>
          <posy>14</posy>
		  <width>210</width>
		  <height>214</height>
		  <texture border="10" colordiffuse="$VAR[SelectedFrameColor]">misc/frames/selector.png</texture>
		  <visible>[Skin.HasSetting(SelectionMarker) + [Control.HasFocus(9000) | Window.IsVisible(Custom1173.xml)]] | [Window.IsVisible(CustomHomeCustomizer.xml) + [Window.IsVisible(Custom1175.xml) | Window.IsVisible(CustomHomeCustomizer2.xml) | Window.IsVisible(Custom1170.xml) + String.IsEqual(Window(home).Property(TEMP),SelectedFrameColor)]]</visible>
		  <visible>String.IsEmpty(Window(home).Property(WidgetButton.ID_))</visible>
		  <visible>$EXP[!Button.ID_17-21] | !Skin.HasSetting(SPMiniButtons)</visible>
        </control>
	  </control>
    </focusedlayout>
  </include>
  
  <include name="MenuDesign_HomeSP3" description="מוקטנים">
    <itemlayout height="65" width="65">
	  <control type="group">
		<animation condition="[Skin.String(MenuDesign,4) | Skin.String(MenuDesign,5)] + [Window.IsVisible(CustomHomeCustomizer.xml) + Window.IsVisible(CustomHomeCustomizer2.xml) | Skin.HasSetting(FixedUnFocusButtonsTransperancy) + [$EXP[ContentsWidget] | [Integer.IsGreater(Container(9000).NumItems,7) + System.IdleTime(7)]]]" effect="fade" start="100" end="40" time="220" reversible="true">Conditional</animation>
		<include content="MenuDesign_ItemLayout">
			<param name="height" value="65" description="כללי"/>
			<param name="posx" value="22.5" />
			<param name="posy" value="22.5" />
			<param name="width" value="65" />
			
			<param name="height2" value="65" description="סמלים גדולים"/>
			<param name="posx2" value="22.5" />
			<param name="posy2" value="22.5" />
			<param name="width2" value="65" />
			<param name="homeicons" value="false" />
			<param name="reshape" value="true" />
			
			
			<param name="height3" value="65" description="סמלים, OFF"/>
			<param name="posx3" value="22.5" />
			<param name="posy3" value="22.5" />
			<param name="width3" value="65" />
			<param name="homeicons" value="false" />
			
			<param name="height4" value="60" description="Widget"/>
			<param name="posx4" value="22.5" />
			<param name="posy4" value="22.5" />
			<param name="width4" value="104" />
			
			<param name="height5" value="0" description="כותרת"/>
			<param name="posx5" value="0" />
			<param name="posy5" value="0" />
			<param name="width5" value="0" />
		</include>
	  </control>
    </itemlayout>
    <focusedlayout height="65" width="65">
	  <control type="group">
	    <animation condition="true" effect="zoom" center="0,0" end="100,100" time="0" reversible="false">Conditional</animation>
	    <include>SetProperty_HomeSP</include>
		<include content="MenuDesign_focusedlayout">
			<param name="height" value="65" description="כללי"/>
			<param name="posx" value="22.5" />
			<param name="posy" value="22.5" />
			<param name="width" value="65" />
			
			<param name="height2" value="65" description="סמלים גדולים"/>
			<param name="posx2" value="22.5" />
			<param name="posy2" value="22.5" />
			<param name="width2" value="65" />
			<param name="homeicons" value="false" />
			<param name="reshape" value="true" />
			
			<param name="height3" value="65" description="סמלים, OFF"/>
			<param name="posx3" value="22.5" />
			<param name="posy3" value="22.5" />
			<param name="width3" value="65" />
			<param name="homeicons" value="false" />
			
			<param name="height4" value="60" description="Widget"/>
			<param name="posx4" value="22.5" />
			<param name="posy4" value="22.5" />
			<param name="width4" value="104" />
			
			<param name="height5" value="0" description="כותרת"/>
			<param name="posx5" value="0" />
			<param name="posy5" value="0" />
			<param name="width5" value="0" />

		</include>
		<control type="image" description="סמן בחירה 3">
		  <bordersize>1</bordersize>
		  <posx>14</posx>
          <posy>14</posy>
		  <width>81</width>
		  <height>81</height>
		  <texture border="10" colordiffuse="$VAR[SelectedFrameColor]">misc/frames/selector.png</texture>
		  <visible>Skin.HasSetting(SelectionMarker) | Window.IsVisible(Custom1173.xml) | [Window.IsVisible(CustomHomeCustomizer.xml) + [Window.IsVisible(Custom1175.xml) | Window.IsVisible(CustomHomeCustomizer2.xml) | Window.IsVisible(Custom1170.xml) + String.IsEqual(Window(home).Property(TEMP),SelectedFrameColor)] ]</visible>
		  <visible>!$EXP[!Button.ID_17-21] + String.IsEmpty(Window(home).Property(WidgetButton.ID_))</visible>
        </control>
	  </control>
    </focusedlayout>
  </include>

  <include name="MenuDesign_Touch" description="פנל/מאוזן">
    <itemlayout height="70" width="70">
	  <control type="group">
		<include>MenuDesign_Home_itemlayout</include>
		<include content="Buttons_Color" description="צבע">
			<param name="height" value="70" />
			<param name="posx" value="20" />
			<param name="posy" value="20" />
			<param name="width" value="70" />
		</include>
		<control type="image" description="צללית">
		  <posx>20</posx>
          <posy>20</posy>
          <width>70</width>
          <height>70</height>
		  <include condition="!Skin.String(ButtonsDesign)">ButtonsDesign_shadow</include>
		  <include condition="Skin.String(ButtonsDesign,0)">ButtonsDesign0_shadow</include>
		  <include condition="Skin.String(ButtonsDesign,1)">ButtonsDesign1_shadow</include>
		  <include condition="Skin.String(ButtonsDesign,2)">ButtonsDesign2_shadow</include>
		  <include condition="Skin.String(ButtonsDesign,3)">ButtonsDesign3_shadow</include>
		  <include condition="Skin.String(ButtonsDesign,4)">ButtonsDesign4_shadow</include>
          <texture>buttons/effects/shadow.png</texture>
		  <visible>Skin.HasSetting(ShadowButton)</visible>
        </control>
		<control type="image" description="שקופית">
          <posx>20</posx>
          <posy>20</posy>
          <width>70</width>
          <height>70</height>
		  <include condition="!Skin.String(ButtonsDesign)">ButtonsDesign_gardient</include>
		  <include condition="Skin.String(ButtonsDesign,0)">ButtonsDesign0_gardient</include>
		  <include condition="Skin.String(ButtonsDesign,1)">ButtonsDesign1_gardient</include>
		  <include condition="Skin.String(ButtonsDesign,2)">ButtonsDesign2_gardient</include>
		  <include condition="Skin.String(ButtonsDesign,3)">ButtonsDesign3_gardient</include>
		  <include condition="Skin.String(ButtonsDesign,4)">ButtonsDesign4_gardient</include>
          <texture>buttons/effects/gardient.png</texture>
		  <visible>!Skin.HasSetting(OverlayButton)</visible>
        </control>
		<control type="image" description="שפוע Bevel">
          <posx>20</posx>
          <posy>20</posy>
          <width>70</width>
          <height>70</height>
		  <include condition="!Skin.String(ButtonsDesign)">ButtonsDesign_bevel</include>
		  <include condition="Skin.String(ButtonsDesign,0)">ButtonsDesign0_bevel</include>
		  <include condition="Skin.String(ButtonsDesign,1)">ButtonsDesign1_bevel</include>
		  <include condition="Skin.String(ButtonsDesign,2)">ButtonsDesign2_bevel</include>
		  <include condition="Skin.String(ButtonsDesign,3)">ButtonsDesign3_bevel</include>
		  <include condition="Skin.String(ButtonsDesign,4)">ButtonsDesign4_bevel</include>
          <texture>buttons/effects/bevel.png</texture>
		  <visible>!Skin.HasSetting(BevelButton)</visible>
        </control>
		<control type="image" description="מסגרת (Stroke)">
          <posx>20</posx>
          <posy>20</posy>
          <width>70</width>
          <height>70</height>
          <include condition="!Skin.String(ButtonsDesign)">ButtonsDesign_stroke</include>
		  <include condition="Skin.String(ButtonsDesign,0)">ButtonsDesign0_stroke</include>
		  <include condition="Skin.String(ButtonsDesign,1)">ButtonsDesign1_stroke</include>
		  <include condition="Skin.String(ButtonsDesign,2)">ButtonsDesign2_stroke</include>
		  <include condition="Skin.String(ButtonsDesign,3)">ButtonsDesign3_stroke</include>
		  <include condition="Skin.String(ButtonsDesign,4)">ButtonsDesign4_stroke</include>
		  <texture>buttons/effects/stroke.png</texture>
		  <visible>Skin.HasSetting(StrokeButton)</visible>
        </control>
		<include content="Buttons_Icon" description="סמל">
			<param name="color" value="$VAR[IconUnFocusColor]" />
			<param name="height" value="70" />
			<param name="posx" value="20" />
			<param name="posy" value="20" />
			<param name="width" value="70" />
			
			<param name="condition" value="true" description="" />
			<param name="homeicons" value="false" description="" />
			<param name="reshape" value="true" description="" />
			<param name="type0" value="true" description="UnFocus" />
			<param name="type1" value="false" description="Focus" />
		</include>
		<control type="image" description="OFF">
          <aspectratio>keep</aspectratio>
		  <posx>20</posx>
          <posy>20</posy>
          <width>70</width>
          <height>70</height>
		  <texture>images/off.png</texture>
		  <visible>Window.IsVisible(CustomHomeCustomizer.xml) + !String.IsEmpty(ListItem.Property(off))</visible>
        </control>
        <control type="label" description="כותרת">
		  <include>Slide_MenuDesign_Home_Labels</include>
		  <include>Fade_IconOverlayButton</include>
          <textcolor>$VAR[IconUnFocusColor]</textcolor>
		  <include>LabelC1</include>
		  <posx>35</posx>
          <posy>170</posy>
          <width>150</width>
          <height>24</height>
          <label>[B]$INFO[ListItem.Label][/B]</label>
		  <shadowcolor>black</shadowcolor>
		  <visible>false</visible>
        </control>
	  </control>
    </itemlayout>
    <focusedlayout height="70" width="70">
	  <control type="group">
		<include>MenuDesign_Home_itemlayout</include>
		<include>SetProperty_HomeTouch</include>
		<include content="Buttons_Color" description="צבע">
			<param name="height" value="70" />
			<param name="posx" value="20" />
			<param name="posy" value="20" />
			<param name="width" value="70" />
		</include>
		<control type="image" description="סמן בחירה 2">
		  <colordiffuse>BFFFFFFF</colordiffuse>
		  <posx>20</posx>
          <posy>20</posy>
          <width>69</width>
          <height>69</height>
		  <include condition="!Skin.String(ButtonsDesign)">ButtonsDesign_choosen</include>
		  <include condition="Skin.String(ButtonsDesign,0)">ButtonsDesign0_choosen</include>
		  <include condition="Skin.String(ButtonsDesign,1)">ButtonsDesign1_choosen</include>
		  <include condition="Skin.String(ButtonsDesign,2)">ButtonsDesign2_choosen</include>
		  <include condition="Skin.String(ButtonsDesign,3)">ButtonsDesign3_choosen</include>
		  <include condition="Skin.String(ButtonsDesign,4)">ButtonsDesign4_choosen</include>
		  <texture diffuse="buttons/colors/ffffffff.png">buttons/effects/choosen.png</texture>
		  <visible>Skin.HasSetting(SelectionMarker2) + Control.HasFocus(9008)</visible>
        </control>
		<control type="image" description="סמן בחירה 3">
		  <!--<animation condition="true" effect="fade" end="10" time="0">Conditional</animation>-->
		  <bordersize>1</bordersize>
		  <posx>14</posx>
          <posy>14</posy>
		  <width>81</width>
		  <height>81</height>
		  <texture border="10" colordiffuse="$VAR[SelectedFrameColor]">misc/frames/selector.png</texture>
		  <visible>[Window.IsVisible(CustomHomeCustomizer.xml) + [Window.IsVisible(Custom1175.xml) | Window.IsVisible(CustomHomeCustomizer2.xml) | Window.IsVisible(Custom1170.xml) + String.IsEqual(Window(home).Property(TEMP),SelectedFrameColor)]]</visible>
		  <visible>String.IsEmpty(Window(home).Property(WidgetButton.ID_))</visible>
		  <visible>[String.IsEqual(Window(home).Property(Button.ID_),20) | String.IsEqual(Window(home).Property(Button.ID_),21)] + !String.IsEqual(Window(home).Property(Button.ID_),17) + !String.IsEqual(Window(home).Property(Button.ID_),18) + !String.IsEqual(Window(home).Property(Button.ID_),19)</visible>
        </control>
		<control type="image" description="צללית">
		  <posx>20</posx>
          <posy>20</posy>
          <width>70</width>
          <height>70</height>
		  <include condition="!Skin.String(ButtonsDesign)">ButtonsDesign_shadow</include>
		  <include condition="Skin.String(ButtonsDesign,0)">ButtonsDesign0_shadow</include>
		  <include condition="Skin.String(ButtonsDesign,1)">ButtonsDesign1_shadow</include>
		  <include condition="Skin.String(ButtonsDesign,2)">ButtonsDesign2_shadow</include>
		  <include condition="Skin.String(ButtonsDesign,3)">ButtonsDesign3_shadow</include>
		  <include condition="Skin.String(ButtonsDesign,4)">ButtonsDesign4_shadow</include>
          <texture>buttons/effects/shadow.png</texture>
		  <visible>Skin.HasSetting(ShadowButton)</visible>
        </control>
		<control type="image" description="שקופית">
          <posx>20</posx>
          <posy>20</posy>
          <width>70</width>
          <height>70</height>
		  <include condition="!Skin.String(ButtonsDesign)">ButtonsDesign_gardient</include>
		  <include condition="Skin.String(ButtonsDesign,0)">ButtonsDesign0_gardient</include>
		  <include condition="Skin.String(ButtonsDesign,1)">ButtonsDesign1_gardient</include>
		  <include condition="Skin.String(ButtonsDesign,2)">ButtonsDesign2_gardient</include>
		  <include condition="Skin.String(ButtonsDesign,3)">ButtonsDesign3_gardient</include>
		  <include condition="Skin.String(ButtonsDesign,4)">ButtonsDesign4_gardient</include>
          <texture>buttons/effects/gardient.png</texture>
		  <visible>!Skin.HasSetting(OverlayButton)</visible>
        </control>
		<control type="image" description="שפוע Bevel">
          <posx>20</posx>
          <posy>20</posy>
          <width>70</width>
          <height>70</height>
		  <include condition="!Skin.String(ButtonsDesign)">ButtonsDesign_bevel</include>
		  <include condition="Skin.String(ButtonsDesign,0)">ButtonsDesign0_bevel</include>
		  <include condition="Skin.String(ButtonsDesign,1)">ButtonsDesign1_bevel</include>
		  <include condition="Skin.String(ButtonsDesign,2)">ButtonsDesign2_bevel</include>
		  <include condition="Skin.String(ButtonsDesign,3)">ButtonsDesign3_bevel</include>
		  <include condition="Skin.String(ButtonsDesign,4)">ButtonsDesign4_bevel</include>
          <texture>buttons/effects/bevel.png</texture>
		  <visible>!Skin.HasSetting(BevelButton)</visible>
        </control>
		<control type="image" description="מסגרת (Stroke)">
          <posx>20</posx>
          <posy>20</posy>
          <width>70</width>
          <height>70</height>
          <include condition="!Skin.String(ButtonsDesign)">ButtonsDesign_stroke</include>
		  <include condition="Skin.String(ButtonsDesign,0)">ButtonsDesign0_stroke</include>
		  <include condition="Skin.String(ButtonsDesign,1)">ButtonsDesign1_stroke</include>
		  <include condition="Skin.String(ButtonsDesign,2)">ButtonsDesign2_stroke</include>
		  <include condition="Skin.String(ButtonsDesign,3)">ButtonsDesign3_stroke</include>
		  <include condition="Skin.String(ButtonsDesign,4)">ButtonsDesign4_stroke</include>
		  <texture>buttons/effects/stroke.png</texture>
		  <visible>Skin.HasSetting(StrokeButton)</visible>
        </control>
		<include content="Buttons_Icon" description="סמל">
			<param name="color" value="$VAR[IconUnFocusColorSP]" />
			<param name="height" value="70" />
			<param name="posx" value="20" />
			<param name="posy" value="20" />
			<param name="width" value="70" />
			
			<param name="condition" value="true" description="" />
			<param name="homeicons" value="false" description="" />
			<param name="reshape" value="true" description="" />
			<param name="type0" value="true" description="UnFocus" />
			<param name="type1" value="false" description="Focus" />
		</include>
		<control type="image" description="OFF">
          <aspectratio>keep</aspectratio>
		  <posx>20</posx>
          <posy>20</posy>
          <width>70</width>
          <height>70</height>
		  <texture>images/off.png</texture>
		  <visible>Window.IsVisible(CustomHomeCustomizer.xml) + !String.IsEmpty(ListItem.Property(off))</visible>
        </control>
        <control type="label" description="כותרת">
		  <include>Slide_MenuDesign_Home_Labels</include>
		  <include>Fade_IconOverlayButton</include>
          <textcolor>$VAR[IconUnFocusColor]</textcolor>
		  <include>LabelC1</include>
		  <posx>35</posx>
          <posy>170</posy>
          <width>150</width>
          <height>24</height>
          <label>[B]$INFO[ListItem.Label][/B]</label>
		  <shadowcolor>black</shadowcolor>
		  <visible>false</visible>
        </control>
	  </control>
    </focusedlayout>
  </include>  
  
  <include name="TouchSupport">
    <control type="group" id="7017" description="Touch Support">
	  <height>0</height>
	  <posy>0</posy>
	  <animation description="VerticalMenu_en" condition="!Skin.String(TouchButtonsPosition) + [Skin.String(MenuDesign,4) | Skin.String(MenuDesign,5)] + !String.IsEqual(System.Language,Hebrew)" effect="slide" start="0,0" end="1820,0" delay="0" time="0">Conditional</animation>
	  <animation description="SE" condition="Skin.String(TouchButtonsPosition,1)" effect="slide" start="0,0" end="1850,0" delay="0" time="0">Conditional</animation>
	  <animation description="SW" condition="Skin.String(TouchButtonsPosition,2)" effect="slide" start="0,0" end="0,0" delay="0" time="0">Conditional</animation>
	  <animation description="S-מאונך" condition="Skin.String(TouchButtonsPosition,3) + !Skin.HasSetting(Touch_Orientation)" effect="slide" start="0,0" end="925,20" delay="0" time="0">Conditional</animation>
	  <animation description="S-מאוזן" condition="Skin.String(TouchButtonsPosition,3) + Skin.HasSetting(Touch_Orientation)" effect="slide" start="0,0" end="925,170" delay="0" time="0">Conditional</animation>
	  <animation description="E" condition="Skin.String(TouchButtonsPosition,4)" effect="slide" start="0,0" end="1850,-200" delay="0" time="0">Conditional</animation>
	  <animation description="W" condition="Skin.String(TouchButtonsPosition,5)" effect="slide" start="0,0" end="0,-200" delay="0" time="0">Conditional</animation>
	  
	  <animation description="מאוזן -מימין" condition="Skin.HasSetting(Touch_Orientation) + [Skin.String(TouchButtonsPosition,4) | Skin.String(TouchButtonsPosition,1) | !Skin.String(TouchButtonsPosition) + [Skin.String(MenuDesign,4) | Skin.String(MenuDesign,5)] + !String.IsEqual(System.Language,Hebrew)]" effect="slide" start="0,0" end="-68,0" delay="0" time="0">Conditional</animation>
	  <animation condition="System.IdleTime(10) + Slideshow.IsActive + Window.IsVisible(SlideShow.xml) | System.IdleTime(60)" effect="fade" start="100" end="0" time="7000" reversible="true">Conditional</animation>
	  
	  
	  <animation description="Medium-DEFAULT"condition="Skin.String(ButtonsSizeTouch,1) + !Skin.String(TouchButtonsPosition)" effect="zoom" center="0,860" start="100,100" end="150,150" time="0">Conditional</animation>
	  <animation description="Medium-SE"condition="Skin.String(ButtonsSizeTouch,1) + Skin.String(TouchButtonsPosition,1)" effect="zoom" center="70,860" start="100,100" end="150,150" time="0">Conditional</animation>
	  <animation description="Medium-SW"condition="Skin.String(ButtonsSizeTouch,1) + Skin.String(TouchButtonsPosition,2)" effect="zoom" center="0,860" start="100,100" end="150,150" time="0">Conditional</animation>
	  <animation description="Medium-S"condition="Skin.String(ButtonsSizeTouch,1) + Skin.String(TouchButtonsPosition,3)" effect="zoom" center="0,860" start="100,100" end="150,150" time="0">Conditional</animation>
	  <animation description="Medium-E"condition="Skin.String(ButtonsSizeTouch,1) + Skin.String(TouchButtonsPosition,4)" effect="zoom" center="70,860" start="100,100" end="150,150" time="0">Conditional</animation>
	  <animation description="Medium-W"condition="Skin.String(ButtonsSizeTouch,1) + Skin.String(TouchButtonsPosition,5)" effect="zoom" center="0,860" start="100,100" end="150,150" time="0">Conditional</animation>
	  
	  <animation description="Large-DEFAULT"condition="Skin.String(ButtonsSizeTouch,2) + !Skin.String(TouchButtonsPosition)" effect="zoom" center="0,900" start="100,100" end="200,200" time="0">Conditional</animation>
	  <animation description="Large-SE"condition="Skin.String(ButtonsSizeTouch,2) + Skin.String(TouchButtonsPosition,1)" effect="zoom" center="70,900" start="100,100" end="200,200" time="0">Conditional</animation>
	  <animation description="Large-SW"condition="Skin.String(ButtonsSizeTouch,2) + Skin.String(TouchButtonsPosition,2)" effect="zoom" center="0,900" start="100,100" end="200,200" time="0">Conditional</animation>
	  <animation description="Large-S"condition="Skin.String(ButtonsSizeTouch,2) + Skin.String(TouchButtonsPosition,3)" effect="zoom" center="0,900" start="100,100" end="200,200" time="0">Conditional</animation>
	  <animation description="Large-E"condition="Skin.String(ButtonsSizeTouch,2) + Skin.String(TouchButtonsPosition,4)" effect="zoom" center="70,900" start="100,100" end="200,200" time="0">Conditional</animation>
	  <animation description="Large-W"condition="Skin.String(ButtonsSizeTouch,2) + Skin.String(TouchButtonsPosition,5)" effect="zoom" center="0,900" start="100,100" end="200,200" time="0">Conditional</animation>
	  
	  <control type="list" id="9008" description="Touch Support/מאונך">
		  <include>Fade20</include>
		  <visible>Skin.HasSetting(Touch_Support) + !Skin.HasSetting(Touch_Orientation)</visible>
		  <!--<visible>!Control.IsVisible(90000)</visible>-->
		  <visible>![ControlGroup(9000).HasFocus() | ControlGroup(9001).HasFocus() | ControlGroup(9002).HasFocus() | !String.IsEmpty(Window(home).Property(SideMenuUp))]</visible>
		  <visible>!Window.IsVisible(DialogContextMenu.xml)</visible>
		  <posx>-20</posx>
		  <posy>824</posy>
		  <width>160</width>
		  <height>160</height>
		  <scrolltime tween="sine" easing="out">220</scrolltime>
		  <include>TouchSupport_Vertical</include>
		  <include description="Touch Support">MenuDesign_Touch</include>
		  <content>
			<include condition="true">Content_Home3</include>
		  </content>
	  </control>
	  
	  <control type="list" id="9008" description="Touch Support/מאוזן">
		  <include>Fade20</include>
		  <visible>Skin.HasSetting(Touch_Support) + Skin.HasSetting(Touch_Orientation)</visible>
		  <visible>![ControlGroup(9000).HasFocus() | ControlGroup(9001).HasFocus() | ControlGroup(9002).HasFocus() | !String.IsEmpty(Window(home).Property(SideMenuUp))]</visible>
		  <visible>!Window.IsVisible(DialogContextMenu.xml)</visible>
		  <posx>-20</posx>
		  <posy>824</posy>
		  <width>160</width>
		  <height>160</height>
		  <scrolltime tween="sine" easing="out">220</scrolltime>
		  <include>TouchSupport_Horizontal</include>
		  <include description="Touch Support">MenuDesign_Touch</include>
		  <content>
			<include condition="true">Content_Home3</include>
		  </content>
	  </control>
	  
	</control>
  </include>
  
  <include name="TouchSupport_Vertical">
    <onleft condition="Control.IsVisible(9000)">9000</onleft>
	<onright condition="Control.IsVisible(9000)">9000</onright>
	<onleft condition="Control.IsVisible(50)">50</onleft>
	<onright condition="Control.IsVisible(50)">50</onright>
	<onup>noop</onup>
	<ondown>noop</ondown>
	<orientation>vertical</orientation>
  </include>
  <include name="TouchSupport_Horizontal">
    <onup condition="Control.IsVisible(9000)">9000</onup>
	<ondown condition="Control.IsVisible(9000)">9000</ondown>
	<onup condition="Control.IsVisible(50)">50</onup>
	<ondown condition="Control.IsVisible(50)">50</ondown>
	<onleft>noop</onleft>
	<onright>noop</onright>
	<orientation>horizontal</orientation>
  </include>
  
</includes>
