<?xml version="1.0" encoding="UTF-8"?>
<includes>

  <include name="TopVideoInformation">
	<control type="group">
	  <!--<animation condition="!System.IdleTime(3)" effect="fade" start="100" end="70" time="1000">Conditional</animation>-->
      <!--<animation description="SideVideoInformation51_slide1" condition="Skin.HasSetting(View51_SideVideoInformation) + StringCompare(Container.Viewmode,$LOCALIZE[31010]) + !Window.IsVisible(DialogVideoInfo.xml) + [ [Control.IsVisible(50) | StringCompare(Container.Viewmode,$LOCALIZE[31010]) | StringCompare(Container.Viewmode,$LOCALIZE[31015]) | Control.IsVisible(56) | [Control.HasFocus(7017)] | Window.IsVisible(SettingsCategory.xml)] + Player.HasVideo + !StringCompare(Container.Viewmode,$LOCALIZE[31011]) + !Control.IsVisible(11) ]" effect="slide" start="0,0" end="0,552" time="700" reversible="false">Conditional</animation>
	  <animation description="SideVideoInformation51_slide2" condition="Skin.HasSetting(View51_SideVideoInformation) + StringCompare(Container.Viewmode,$LOCALIZE[31010]) + !Window.IsVisible(DialogVideoInfo.xml) + [ [Control.IsVisible(50) | Control.IsVisible(51) | StringCompare(Container.Viewmode,$LOCALIZE[31010]) | Control.IsVisible(56) | [Control.HasFocus(7017)] | Window.IsVisible(SettingsCategory.xml)] + Player.HasVideo + !StringCompare(Container.Viewmode,$LOCALIZE[31011]) + !Control.IsVisible(11) ]" effect="zoom" end="100,50" time="700" reversible="false">Conditional</animation>-->
	  <include>Slide3</include>
	  <include>TopInformationSize0</include>
	  <include>TopInformationSize7</include>
	  <visible>[[Window.IsVisible(DialogFullScreenInfo.xml) | Window.IsVisible(VideoOSD.xml) | Window.IsVisible(DialogSubtitles.xml)] + VideoPlayer.IsFullscreen + Player.Paused] | Window.IsVisible(DialogVideoInfo.xml) | [Window.IsVisible(Home.xml) + [Control.HasFocus(311) | Control.HasFocus(312) | StringCompare(Window(home).Property(Button.ID),97)]] | [StringCompare(Container.Viewmode,$LOCALIZE[31013]) | StringCompare(Container.Viewmode,$LOCALIZE[31014])] + [Container.Content(Seasons) | Container.Content(Episodes) | [Window.IsVisible(CustomHomeCustomizer.xml) + Window.IsVisible(Custom1175.xml)] | !Skin.HasSetting(ShowTopVideoInformation)] | StringCompare(Container.Viewmode,$LOCALIZE[31010]) | StringCompare(Container.Viewmode,$LOCALIZE[31011]) | StringCompare(Container.Viewmode,$LOCALIZE[31015]) | StringCompare(Container.Viewmode,$LOCALIZE[31016]) | Control.IsVisible(11) | Control.IsVisible(50) | Control.IsVisible(56) | Control.IsVisible(450) | Window.IsVisible(SettingsCategory.xml) | Window.IsVisible(DialogPVRChannelsOSD.xml) | Window.IsVisible(Custom1170.xml) + [StringCompare(Window(home).Property(TEMP),TopVideoInformationColor) | StringCompare(Window(home).Property(TEMP),TopVideoInformationFontColor)]</visible>
	  <animation condition="System.IdleTime(10) + Slideshow.IsActive + Window.IsVisible(SlideShow.xml) | System.IdleTime(60)" effect="fade" start="100" end="0" time="7000" reversible="true">Conditional</animation>
	  
	  <animation description="SideVideoInformation50/59_all" condition="[[Skin.HasSetting(View50_SideVideoInformation) + StringCompare(Container.Viewmode,$LOCALIZE[31011])] | StringCompare(Container.Viewmode,$LOCALIZE[31016])] + !Window.IsVisible(DialogVideoInfo.xml)" effect="slide" start="0,0" end="0,440" time="0">Conditional</animation>
	  <animation description="SideVideoInformation50/59_he" condition="Skin.HasSetting(View50_SideVideoInformation) + StringCompare(Container.Viewmode,$LOCALIZE[31011]) + !Window.IsVisible(DialogVideoInfo.xml) + StringCompare(System.Language,Hebrew)" effect="slide" start="0,0" end="0,0" time="0">Conditional</animation>
	  
	  <animation description="SideVideoInformation51_en" condition="Skin.HasSetting(View51_SideVideoInformation) + StringCompare(Container.Viewmode,$LOCALIZE[31010]) + !Window.IsVisible(DialogVideoInfo.xml) + !StringCompare(System.Language,Hebrew)" effect="slide" start="0,0" end="-480,240" time="0">Conditional</animation>
	  <animation description="SideVideoInformation51_he" condition="Skin.HasSetting(View51_SideVideoInformation) + StringCompare(Container.Viewmode,$LOCALIZE[31010]) + !Window.IsVisible(DialogVideoInfo.xml) + StringCompare(System.Language,Hebrew)" effect="slide" start="0,0" end="893,240" time="0">Conditional</animation>
	  <!--<animation description="SideVideoInformation51_zoom" condition="Skin.HasSetting(View51_SideVideoInformation) + StringCompare(Container.Viewmode,$LOCALIZE[31010]) + !Window.IsVisible(DialogVideoInfo.xml)" effect="zoom" center="auto" start="93,100" end="93,100" time="0">Conditional</animation>-->
	  
	  <animation description="SideVideoInformation59_en" condition="StringCompare(Container.Viewmode,$LOCALIZE[31016]) + !Window.IsVisible(DialogVideoInfo.xml) + !StringCompare(System.Language,Hebrew)" effect="slide" start="0,0" end="670,575" time="0">Conditional</animation>
	  <animation description="SideVideoInformation59_he" condition="StringCompare(Container.Viewmode,$LOCALIZE[31016]) + !Window.IsVisible(DialogVideoInfo.xml) + StringCompare(System.Language,Hebrew)" effect="slide" start="0,0" end="-660,575" time="0">Conditional</animation>
	  
	  <include>TopVideoInformation_Frame</include>
	  
	  <control type="group" description="משפט סרט/נצפו/פרק+עונה">
		<animation description="Slide_he" condition="StringCompare(System.Language,Hebrew)" effect="slide" start="0,0" end="10,0">Conditional</animation>
		<animation description="SideVideoInformation50/59_en" condition="[Skin.HasSetting(View50_SideVideoInformation) + StringCompare(Container.Viewmode,$LOCALIZE[31011]) | StringCompare(Container.Viewmode,$LOCALIZE[31016])] + !Window.IsVisible(DialogVideoInfo.xml) + !StringCompare(System.Language,Hebrew)" effect="slide" start="0,0" end="-200,685" time="0">Conditional</animation>
		<animation description="SideVideoInformation50/59_he" condition="[Skin.HasSetting(View50_SideVideoInformation) + StringCompare(Container.Viewmode,$LOCALIZE[31011]) | StringCompare(Container.Viewmode,$LOCALIZE[31016])] + !Window.IsVisible(DialogVideoInfo.xml) + StringCompare(System.Language,Hebrew)" effect="slide" start="0,0" end="202,685" time="0">Conditional</animation>
		<animation description="SideVideoInformation51" condition="Skin.HasSetting(View51_SideVideoInformation) + StringCompare(Container.Viewmode,$LOCALIZE[31010]) + !Window.IsVisible(DialogVideoInfo.xml)" effect="slide" start="0,0" end="-200,685" time="0">Conditional</animation>
		<include>Fade4</include>
        <posy>-482</posy>
		<visible>!IsEmpty(Control.GetLabel(1107)) + !Window.IsVisible(FileBrowser.xml)</visible>
		<!--<visible>!Window.IsVisible(AddonBrowser.xml)</visible>-->
		<control type="label" id="1107" description="משפט סרט/נצפו/עונה+פרק/משפט הרחבה (1107)">
		  <label>$VAR[TopVideoInformation7]</label>
		  <visible>false</visible>
		</control>
		<control type="label" description="משפט סרט/נצפו/עונה+פרק/משפט הרחבה (1107)">
	      <!--<include condition="!IsEmpty(ListItem.Property(Addon.Description))">ScrollLabel</include>-->
          <posx>685</posx>
		  <height>32</height>
          <font>size24</font>
		  <scroll></scroll>
          <textcolor>$VAR[TopVideoInformationFontColor]</textcolor>
          <align>center</align>
          <label>$VAR[TopVideoInformation7]</label>
		  <visible>!IsEmpty(Control.GetLabel(1107)) + !Window.IsVisible(FileBrowser.xml)</visible>
		  <visible>![Skin.HasSetting(View51_SideVideoInformation) + StringCompare(Container.Viewmode,$LOCALIZE[31010])]</visible>
		  <width>530</width>
        </control>
		<control type="label" description="משפט סרט/נצפו/עונה+פרק/משפט הרחבה (1107) / SideVideoInformation51">
          <posx>702</posx>
		  <posy>-100</posy>
		  <height>32</height>
          <font>size24</font>
		  <scroll></scroll>
          <textcolor>$VAR[TopVideoInformationFontColor]</textcolor>
          <align>center</align>
          <label>$VAR[TopVideoInformation7]</label>
		  <visible>!IsEmpty(Control.GetLabel(1107)) + !Window.IsVisible(FileBrowser.xml)</visible>
		  <visible>[Skin.HasSetting(View51_SideVideoInformation) + StringCompare(Container.Viewmode,$LOCALIZE[31010])]</visible>
		  <width>280</width>
		  <wrapmultiline>true</wrapmultiline>
        </control>
		<control type="grouplist" description="אמצע פרטים נוספים">
		  <visible>Window.IsVisible(DialogVideoInfo.xml)</visible>
		  <animation description="Slide_he" condition="StringCompare(System.Language,Hebrew)" effect="slide" start="0,0" end="40,0">Conditional</animation>
		  <posx>680</posx>
		  <posy>45</posy>
		  <width>520</width>
		  <height>400</height>
		  <itemgap>5</itemgap>
		  <control type="label" description="במאי">
			  <height>32</height>
			  <include condition="StringCompare(System.Language,Hebrew)">LabelR1</include>
			  <include condition="!StringCompare(System.Language,Hebrew)">LabelL1</include>
			  <textcolor>$VAR[TopVideoInformationFontColor]</textcolor>
			  <label>$VAR[DirectorButton]</label>
			  <visible>!IsEmpty(ListItem.Director)</visible>
          </control>
		  <control type="label" description="אולפן">
			  <height>32</height>
			  <include condition="StringCompare(System.Language,Hebrew)">LabelR1</include>
			  <include condition="!StringCompare(System.Language,Hebrew)">LabelL1</include>
			  <textcolor>$VAR[TopVideoInformationFontColor]</textcolor>
			  <label>$LOCALIZE[572]: $INFO[ListItem.Studio]</label>
			  <visible>!IsEmpty(ListItem.Studio)</visible>
          </control>
		  <control type="label" description="כותבים">
			  <height>32</height>
			  <include condition="StringCompare(System.Language,Hebrew)">LabelR1</include>
			  <include condition="!StringCompare(System.Language,Hebrew)">LabelL1</include>
			  <textcolor>$VAR[TopVideoInformationFontColor]</textcolor>
			  <label>$LOCALIZE[20418]: $INFO[ListItem.Writer]</label>
			  <visible>!IsEmpty(ListItem.Writer)</visible>
          </control>
		  <control type="label" description="מדינה">
			  <height>32</height>
			  <include condition="StringCompare(System.Language,Hebrew)">LabelR1</include>
			  <include condition="!StringCompare(System.Language,Hebrew)">LabelL1</include>
			  <textcolor>$VAR[TopVideoInformationFontColor]</textcolor>
			  <label>$LOCALIZE[21874]: $INFO[ListItem.Country]</label>
			  <visible>!IsEmpty(ListItem.Country)</visible>
          </control>
		  <control type="label" description="תאריך שידור">
			  <height>32</height>
			  <include condition="StringCompare(System.Language,Hebrew)">LabelR1</include>
			  <include condition="!StringCompare(System.Language,Hebrew)">LabelL1</include>
			  <textcolor>$VAR[TopVideoInformationFontColor]</textcolor>
			  <label>$LOCALIZE[20416]: $INFO[ListItem.Premiered]</label>
			  <visible>!IsEmpty(ListItem.Premiered)</visible>
          </control>
		</control>

	  </control>
	  <control type="group" description="שם הוידאו">
	    <animation description="Slide_he" condition="StringCompare(System.Language,Hebrew)" effect="slide" start="0,0" end="10,0">Conditional</animation>
		<animation description="SideVideoInformation50/59_en" condition="[Skin.HasSetting(View50_SideVideoInformation) + StringCompare(Container.Viewmode,$LOCALIZE[31011]) | StringCompare(Container.Viewmode,$LOCALIZE[31016])] + !Window.IsVisible(DialogVideoInfo.xml) + !StringCompare(System.Language,Hebrew)" effect="slide" start="0,0" end="-205,685" time="0">Conditional</animation>
		<animation description="SideVideoInformation50/59_he" condition="[Skin.HasSetting(View50_SideVideoInformation) + StringCompare(Container.Viewmode,$LOCALIZE[31011]) | StringCompare(Container.Viewmode,$LOCALIZE[31016])] + !Window.IsVisible(DialogVideoInfo.xml) + StringCompare(System.Language,Hebrew)" effect="slide" start="0,0" end="194,685" time="0">Conditional</animation>
		<include>Fade4</include>
		<visible>!IsEmpty(Control.GetLabel(1108))</visible>
		<control type="label" id="1108" description="שם">
		  <label>$VAR[TopVideoInformation8]</label>
		  <visible>false</visible>
		</control>
	    <control type="label" description="שם">
		  <scroll>false</scroll>
		  <posx>690</posx>
          <posy>-561</posy>
          <height>70</height>
          <font>size34</font>
          <textcolor>yellow</textcolor>
          <align>center</align>
          <label>$VAR[TopVideoInformation8]</label>
		  <width>530</width>
		  <wrapmultiline>true</wrapmultiline>
		  <visible>![Skin.HasSetting(View51_SideVideoInformation) + StringCompare(Container.Viewmode,$LOCALIZE[31010])]</visible>
        </control>
		<control type="label" description="שם /SideVideoInformation51">
		  <animation description="SideVideoInformation51" condition="Skin.HasSetting(View51_SideVideoInformation) + StringCompare(Container.Viewmode,$LOCALIZE[31010]) + !Window.IsVisible(DialogVideoInfo.xml)" effect="slide" start="0,0" end="-205,685" time="0">Conditional</animation>
		  <scroll>false</scroll>
		  <posx>705</posx>
          <posy>-711</posy>
          <height>90</height>
          <font>size34</font>
          <textcolor>yellow</textcolor>
          <align>center</align>
          <label>$VAR[TopVideoInformation8]</label>
		  <width>280</width>
		  <wrapmultiline>true</wrapmultiline>
		  <visible>[Skin.HasSetting(View51_SideVideoInformation) + StringCompare(Container.Viewmode,$LOCALIZE[31010])]</visible>
        </control>
	  </control>
	  <control type="group" description="Right side">
	      <animation description="Slide_he" condition="StringCompare(System.Language,Hebrew) + !Window.IsVisible(MyWeather.xml)" effect="slide" start="0,0" end="-960,0">Conditional</animation>
		  <animation description="SideVideoInformation50/59_en" condition="[Skin.HasSetting(View50_SideVideoInformation) + StringCompare(Container.Viewmode,$LOCALIZE[31011]) | StringCompare(Container.Viewmode,$LOCALIZE[31016])] + !Window.IsVisible(DialogVideoInfo.xml) + !StringCompare(System.Language,Hebrew)" effect="slide" start="0,0" end="-700,810" time="0">Conditional</animation>
		  <animation description="SideVideoInformation50/59_he" condition="[Skin.HasSetting(View50_SideVideoInformation) + StringCompare(Container.Viewmode,$LOCALIZE[31011]) | StringCompare(Container.Viewmode,$LOCALIZE[31016])] + !Window.IsVisible(DialogVideoInfo.xml) + StringCompare(System.Language,Hebrew)" effect="slide" start="0,0" end="690,810" time="0">Conditional</animation>
		  <animation description="SideVideoInformation51_en" condition="Skin.HasSetting(View51_SideVideoInformation) + StringCompare(Container.Viewmode,$LOCALIZE[31010]) + !Window.IsVisible(DialogVideoInfo.xml) + !StringCompare(System.Language,Hebrew)" effect="slide" start="0,0" end="-685,810" time="0">Conditional</animation>
		  <animation description="SideVideoInformation51_he" condition="Skin.HasSetting(View51_SideVideoInformation) + StringCompare(Container.Viewmode,$LOCALIZE[31010]) + !Window.IsVisible(DialogVideoInfo.xml) + StringCompare(System.Language,Hebrew)" effect="slide" start="0,0" end="265,810" time="0">Conditional</animation>
		  <posx>-20</posx>
		  <control type="group" description="תמונת פרק">
			<include>Fade4</include>
			<posx>1225</posx>
			<posy>-448</posy>	      
			<visible>!SubString(Container.FolderPath,plugin://)</visible>
			<visible>!Skin.HasSetting(EpisodeFanart)</visible>
		    <animation description="SideVideoInformation50/59_he" condition="[Skin.HasSetting(View50_SideVideoInformation) + StringCompare(Container.Viewmode,$LOCALIZE[31011]) | StringCompare(Container.Viewmode,$LOCALIZE[31016])] + !Window.IsVisible(DialogVideoInfo.xml) + StringCompare(System.Language,Hebrew)" effect="slide" start="0,0" end="-1710,0" time="0">Conditional</animation>
		    <animation description="SideVideoInformation51_he" condition="[Skin.HasSetting(View51_SideVideoInformation) + StringCompare(Container.Viewmode,$LOCALIZE[31010]) | StringCompare(Container.Viewmode,$LOCALIZE[31016])] + !Window.IsVisible(DialogVideoInfo.xml) + StringCompare(System.Language,Hebrew)" effect="slide" start="0,0" end="-2755,0" time="0">Conditional</animation>
			<animation description="51_side_en" condition="[Control.IsVisible(51) + StringCompare(Container.Viewmode,$LOCALIZE[31010]) + Skin.HasSetting(View51_SideVideoInformation)] + !Control.HasFocus(7017) + !Control.HasFocus(60) + !Window.IsVisible(DialogVideoInfo.xml) + [!IsEmpty(Control.GetLabel(1106)) | !IsEmpty(Control.GetLabel(1105))] + !StringCompare(System.Language,Hebrew)" effect="slide" tween="Cubic" easing="out" start="580,0" end="0,0" delay="700" time="1500" reversible="false">Conditional</animation>
		    <animation description="51_side_he" condition="[Control.IsVisible(51) + StringCompare(Container.Viewmode,$LOCALIZE[31010]) + Skin.HasSetting(View51_SideVideoInformation)] + !Control.HasFocus(7017) + !Control.HasFocus(60) + !Window.IsVisible(DialogVideoInfo.xml) + [!IsEmpty(Control.GetLabel(1106)) | !IsEmpty(Control.GetLabel(1105))] + StringCompare(System.Language,Hebrew)" effect="slide" tween="Cubic" easing="out" start="-580,0" end="0,0" delay="700" time="1500" reversible="false">Conditional</animation>
		    <!--<animation description="SideVideoInformation50/59_zoom" condition="Skin.HasSetting(View50_SideVideoInformation) + StringCompare(Container.Viewmode,$LOCALIZE[31011]) + !Window.IsVisible(DialogVideoInfo.xml)" effect="zoom" center="auto" start="145,280" end="145,280" time="0">Conditional</animation>-->
			<control type="image" description="מסגרת">
			  <animation description="Slide_he" condition="StringCompare(System.Language,Hebrew) + !Window.IsVisible(MyWeather.xml)" effect="slide" start="0,0" end="-500,0">Conditional</animation>
			  <animation condition="Window.IsVisible(DialogVideoInfo.xml)" effect="zoom" start="100,100" end="100,270">Conditional</animation>
			  <animation condition="Window.IsVisible(MyWeather.xml)" effect="zoom" start="100,100" end="100,45">Conditional</animation>
			  <animation condition="Window.IsVisible(DialogVideoInfo.xml)" effect="slide" start="0,0" end="0,-5">Conditional</animation>
			  <include>Fade_TopVideoInformationOverlay</include>
			  <posx>0</posx>
			  <posy>0</posy>
			  <width>1000</width>
			  <height>191</height>
			  <include condition="!Skin.String(TopVideoInformationColor,None)">ButtonTopVideoInformation</include>
			  <include condition="Skin.String(TopVideoInformationColor,None)">ButtonTopVideoInformation_</include>
			  <visible>!IsEmpty(ListItem.Art(thumb)) + Container.content(Episodes) + !Window.IsActive(VideoFullScreen.xml) | !IsEmpty(Container(50).ListItem.Property(FanartCode))</visible>
			  <visible>!Window.IsVisible(DialogVideoInfo.xml)</visible>
			  <visible>![Skin.HasSetting(View50_SideVideoInformation) + StringCompare(Container.Viewmode,$LOCALIZE[31011]) | StringCompare(Container.Viewmode,$LOCALIZE[31016])]</visible>
			  <visible>![Skin.HasSetting(View51_SideVideoInformation) + StringCompare(Container.Viewmode,$LOCALIZE[31010])]</visible>
		    </control>
			
			<include name="TopVideoInformation9" description="תמונת פרק">
				<param name="height" value="207" />
				<param name="posx" value="-44" />
				<param name="posy" value="-7" />
				<param name="width" value="207" />
				<param name="condition" value="!Window.IsVisible(DialogVideoInfo.xml) + ![Skin.HasSetting(View50_SideVideoInformation) + StringCompare(Container.Viewmode,$LOCALIZE[31011]) | StringCompare(Container.Viewmode,$LOCALIZE[31016])] + ![Skin.HasSetting(View51_SideVideoInformation) + StringCompare(Container.Viewmode,$LOCALIZE[31010])]" />
				<param name="diffuse" value="buttons/ButtonC0.png" />
			</include>
			
			<include name="TopVideoInformation9" description="תמונת פרק / SideVideoInformation50/59">
				<param name="height" value="505" />
				<param name="posx" value="748" />
				<param name="posy" value="-243" />
				<param name="width" value="700" />
				<param name="condition" value="!Window.IsVisible(DialogVideoInfo.xml) + [Skin.HasSetting(View50_SideVideoInformation) + StringCompare(Container.Viewmode,$LOCALIZE[31011]) | StringCompare(Container.Viewmode,$LOCALIZE[31016])]" />
				<param name="diffuse" value="buttons/types/bd.png" />
			</include>
			
			<include name="TopVideoInformation9" description="תמונת פרק / SideVideoInformation51">
				<param name="height" value="480" />
				<param name="posx" value="1377" />
				<param name="posy" value="-250" />
				<param name="width" value="480" />
				<param name="condition" value="!Window.IsVisible(DialogVideoInfo.xml) + [Skin.HasSetting(View51_SideVideoInformation) + StringCompare(Container.Viewmode,$LOCALIZE[31010])]" />
				<param name="diffuse" value="buttons/types/bd.png" />
				<param name="border" value="-40" />
			</include>
			
		  </control>
		  
		  <control type="group" description="">
			  <animation description="SideVideoInformation50/59_zoom" condition="[Skin.HasSetting(View50_SideVideoInformation) + StringCompare(Container.Viewmode,$LOCALIZE[31011]) | StringCompare(Container.Viewmode,$LOCALIZE[31016])] + !Window.IsVisible(DialogVideoInfo.xml)" effect="zoom" center="1300,-550" start="110,120" end="110,120" time="0" reversible="false">Conditional</animation>
			  <animation description="SideVideoInformation50/59_he" condition="[Skin.HasSetting(View50_SideVideoInformation) + StringCompare(Container.Viewmode,$LOCALIZE[31011]) | StringCompare(Container.Viewmode,$LOCALIZE[31016])] + !Window.IsVisible(DialogVideoInfo.xml) + StringCompare(System.Language,Hebrew)" effect="slide" start="0,0" end="-22,0" time="0">Conditional</animation>
			  <!--<animation description="SideVideoInformation51_zoom" condition="Skin.HasSetting(View51_SideVideoInformation) + StringCompare(Container.Viewmode,$LOCALIZE[31010]) + !Window.IsVisible(DialogVideoInfo.xml)" effect="zoom" center="1300,-551" start="110,120" end="110,120" time="0" reversible="false">Conditional</animation>
			  <animation description="SideVideoInformation51_he" condition="Skin.HasSetting(View51_SideVideoInformation) + StringCompare(Container.Viewmode,$LOCALIZE[31010]) + !Window.IsVisible(DialogVideoInfo.xml) + StringCompare(System.Language,Hebrew)" effect="slide" start="0,0" end="-22,0" time="0">Conditional</animation>-->

			  <control type="group" description="שנה/יוצר הרחבה">
				<include>Fade4</include>
				<posx>1600</posx>
				<posy>-499</posy>
				<visible>!IsEmpty(Control.GetLabel(1102)) | !IsEmpty(Control.GetLabel(1103))</visible> <!--Window.IsVisible(DialogFullScreenInfo.xml) | -->
				<control type="label" id="1102" description="שנה">
				  <align>right</align>
				  <font>size28</font>
				  <height>70</height>
				  <posx>100</posx>
				  <width>120</width>		
				  <textcolor>$VAR[TopVideoInformationFontColor]</textcolor>
				  <label>$VAR[TopVideoInformation2]</label>
				  <scroll>false</scroll>
				  <visible>!IsEmpty(Control.GetLabel(1102))</visible>
				  <visible>![!IsEmpty(ListItem.Premiered) + Container.Content(episodes)] | [VideoPlayer.IsFullscreen + !IsEmpty(VideoPlayer.Year)]</visible>
				</control>
				<control type="label" description="תאריך שידור">
				  <align>right</align>
				  <font>size24</font>
				  <height>70</height>
				  <posx>100</posx>
				  <width>120</width>		
				  <textcolor>$VAR[TopVideoInformationFontColor]</textcolor>
				  <label>$INFO[ListItem.Premiered]</label>
				  <scroll>false</scroll>
				  <visible>[!IsEmpty(ListItem.Premiered) + Container.Content(episodes)] + ![VideoPlayer.IsFullscreen + !IsEmpty(VideoPlayer.Year)]</visible>
				</control>
			  </control>
			  <control type="group" description="עונה ופרק/יוצר הרחבה">
				<posx>1240</posx>
				<posy>-483</posy>
				<animation description="Slide_he" condition="StringCompare(System.Language,Hebrew)" effect="slide" start="0,0" end="15,0">Conditional</animation>
				<!--<visible>!IsEmpty(Control.GetLabel(1480))</visible>-->
				<control type="label" id="1480" description="עונה ופרק">
				  <align>left</align>
				  <label>$VAR[TopVideoInformation10]</label>
				  <font>size28</font>
				  <height>40</height>
				  <pauseatend>3000</pauseatend>
				  <width>192</width>
				  <textcolor>$VAR[TopVideoInformationFontColor]</textcolor>
				  <visible>!IsEmpty(Control.GetLabel(1480))</visible>
				  <visible>!Control.IsVisible(1481)</visible>
				</control>
				<control type="label" id="1481" description="נצפה לאחרונה">
				  <font>size18</font>
				  <include>LabelC4</include>
				  <height>40</height>
				  <posx>-65</posx>
				  <posy>-5</posy>
				  <scroll>false</scroll>
				  <width>280</width>		
				  <textcolor>$VAR[TopVideoInformationFontColor]</textcolor>
				  <label>$LOCALIZE[31072]:[CR]$INFO[ListItem.LastPlayed]</label>
				  <visible>!IsEmpty(ListItem.LastPlayed)</visible>
				  <visible>[System.IdleTime(3) + !System.IdleTime(6)]</visible>
				</control>
				<control type="label" description="Next Aired">
				  <font>size24</font>
				  <include>LabelC4</include>
				  <height>40</height>
				  <posx>-65</posx>
				  <posy>-2</posy>
				  <scroll>false</scroll>
				  <width>280</width>		
				  <textcolor>$VAR[TopVideoInformationFontColor]</textcolor>
				  <label>Next Aired: $INFO[Window(Home).Property(NextAired.NextDate)]</label>
				  <visible>!IsEmpty(Window(Home).Property(NextAired.NextDate))</visible>
				  <visible>![System.IdleTime(3) + !System.IdleTime(6)] | IsEmpty(ListItem.LastPlayed)</visible>
				  <visible>!Control.IsVisible(1480)</visible>
				</control>
				<control type="label" id="1482" description="יוצר ההרחבה">
				  <align>left</align>
				  <label>$INFO[ListItem.Property(Addon.Creator)]</label>
				  <font>size28</font>
				  <height>40</height>
				  <pauseatend>3000</pauseatend>
				  <width>440</width>
				  <textcolor>$VAR[TopVideoInformationFontColor]</textcolor>
				  <visible>!IsEmpty(Control.GetLabel(1482))</visible>
				  <visible>!Control.IsVisible(1481)</visible>
				</control>
			  </control>
			  <control type="label" id="1103" description="***דירוג***">
				  <label>$VAR[TopVideoInformation3]</label>
				  <visible>false</visible>
			  </control>
			  <control type="image" description="דירוג">
				  <posx>1450</posx>
				  <posy>-478</posy>
				  <height>24</height>
				  <width>125</width>
				  <aspectratio align="center">keep</aspectratio>
				  <texture background="true" colordiffuse="$VAR[TopVideoInformationFontColor]">$VAR[TopVideoInformation3]</texture>
				  <visible>!IsEmpty(Control.GetLabel(1103))</visible>
				  <visible>!Window.IsActive(DialogVideoInfo.xml) | Window.IsActive(DialogVideoInfo.xml) + ![System.IdleTime(3) + !System.IdleTime(6)]</visible>
			  </control>
			  <control type="group" description="דירוג והצבעות/mpaa/נצפה לאחרונה">
				<posx>1368</posx>
				<posy>-483</posy>
				<control type="label" description="דירוג והצבעות">
				  <align>right</align>
				  <aligny>center</aligny>
				  <font>size18</font>
				  <height>40</height>
				  <posx>205</posx>
				  <posy>0</posy>
				  <width>240</width>		
				  <textcolor>$VAR[TopVideoInformationFontColor]</textcolor>
				  <label>$INFO[ListItem.RatingAndVotes]</label>
				  <scroll>false</scroll>
				  <visible>!IsEmpty(ListItem.RatingAndVotes) + Window.IsActive(DialogVideoInfo.xml)</visible>
				  <visible>[System.IdleTime(3) + !System.IdleTime(6)]</visible>
				</control>
				<control type="image">
				  <height>30</height>
				  <visible>!IsEmpty(ListItem.mpaa)</visible>
				  <posx>-13</posx>
				  <posy>3</posy>
				  <width>50</width>
				  <texture>$INFO[ListItem.mpaa,badges/mpaa/,.png] + Window.IsActive(DialogVideoInfo.xml)</texture>
				</control>
			  </control>  
			  <control type="group" description="+סגנון (1106)">
				<include>Fade4</include>
				<visible>!IsEmpty(Control.GetLabel(1105)) | !IsEmpty(Control.GetLabel(1106))</visible>
				<visible>!Window.IsVisible(MyWeather.xml) + !Window.IsVisible(AddonBrowser.xml)</visible>
				<posx>1165</posx>
				<posy>0</posy>
				<control type="label" id="1106" description="ג'אנר">
				  <animation description="Slide_he" condition="StringCompare(System.Language,Hebrew)" effect="slide" start="0,0" end="15,0">Conditional</animation>
				  <posx>65</posx>
				  <posy>-568</posy>
				  <width>320</width>
				  <height>70</height>
				  <textcolor>$VAR[TopVideoInformationFontColor]</textcolor>
				  <include>LabelL1</include>
				  <label>$VAR[TopVideoInformation6]</label>
				  <scroll>false</scroll>
				  <visible>SubString(ListItem.Path,videodb://1/7) | SubString(ListItem.path,videodb://movies/sets/) | ListItem.Property(Addon.Type) | Skin.HasSetting(Admin)</visible>
				</control>
				<control type="grouplist" description="תמונת הסגנון">
					<posx>65</posx>
					<posy>-559</posy>
					<height>50</height>
					<width>360</width>
					<align>left</align>
					<itemgap>-10</itemgap>
					<scrolltime tween="sine" easing="out">200</scrolltime>
					<orientation>horizontal</orientation>
					<visible>!Skin.HasSetting(Genre) + !Window.IsVisible(DialogVideoInfo.xml)</visible>
					<include>MultiVideoGenreFlagging</include>
				</control>
				<control type="grouplist" description="תמונת הסגנון">
					<posx>65</posx>
					<posy>-559</posy>
					<width>360</width>
					<height>50</height>
					<align>left</align>
					<itemgap>-80</itemgap>
					<scrolltime tween="sine" easing="out">200</scrolltime>
					<orientation>horizontal</orientation>
					<visible>!Skin.HasSetting(Genre) + Window.IsVisible(DialogVideoInfo.xml)</visible>
					<include>MultiVideoGenreFlagging</include>
				</control>
				<control type="grouplist" description="שם הסגנון">
					<posx>65</posx>
					<posy>-517</posy>
					<height>40</height>
					<width>360</width>
					<align>left</align>
					<itemgap>-10</itemgap>
					<scrolltime tween="sine" easing="out">200</scrolltime>
					<orientation>horizontal</orientation>
					<textcolor>$VAR[TopVideoInformationFontColor]</textcolor>
					<visible>!Skin.HasSetting(Genre) + !Window.IsVisible(DialogVideoInfo.xml)</visible>
					<include>GenreText</include>
				</control>
				<control type="grouplist" description="שם הסגנון2">
					<posx>80</posx>
					<posy>-517</posy>
					<height>50</height>
					<width>370</width>
					<itemgap>20</itemgap>
					<orientation>horizontal</orientation>
					<textcolor>$VAR[TopVideoInformationFontColor]</textcolor>
					<visible>Skin.HasSetting(Genre)</visible>
					<include>GenreText</include>
				</control>
			  </control>
			  <control type="group" description="מספר עונות">
				<posx>1115</posx>
				<posy>0</posy>
				<control type="label" id="1112" description="מספר">
				  <align>center</align>
				  <height>50</height>
				  <posx>513</posx>
				  <posy>-559</posy>
				  <textcolor>$VAR[TopVideoInformationFontColor]</textcolor>
				  <label>$VAR[TopVideoInformation1112a]</label>
				  <visible>!IsEmpty(Control.GetLabel(1112))</visible>
				  <width>70</width>
				</control>
				<control type="label" description="טקסט">
				  <posx>479</posx>
				  <include>GenreTextPlace</include>
				  <posy>-517</posy>
				  <label>$VAR[TopVideoInformation1112b]</label>
				  <textcolor>$VAR[TopVideoInformationFontColor]</textcolor>
				  <visible>Control.IsVisible(1112)</visible>
				</control>
			  </control>
			  <control type="group" description="אורך בשעות/דקות">
				<posx>1115</posx>
				<posy>0</posy>
				<visible>!Window.IsVisible(MyWeather.xml)</visible>
				<control type="label" id="1101" description="אורך/מספר עונה/גרסה הרחבה">
				  <include condition="Window.IsVisible(AddonBrowser.xml) | Window.IsVisible(DialogAddonInfo.xml) | StringCompare(Container.FolderName,$LOCALIZE[24001])">Control_Pos39</include>
				  <textcolor>$VAR[TopVideoInformationFontColor]</textcolor>
				  <include>LabelR12</include> 
				  <posx>565</posx>
				  <posy>-571</posy>
				  <width>120</width>
				  <label>$VAR[TopVideoInformation1]</label>
				  <scroll>false</scroll>
				  <visible>Window.IsVisible(AddonBrowser.xml) | Window.IsVisible(DialogAddonInfo.xml) | Window.IsVisible(MyMusicNav.xml) | Window.IsVisible(MyPVRChannels.xml) | Window.IsVisible(MyPVRGuide.xml) | !Control.IsVisible(1109) + !Control.IsVisible(1110)</visible>
				  <visible>!IsEmpty(Control.GetLabel(1101))</visible>
				</control>
				<control type="label" id="1109" description="אורך-בשעות">
				  <textcolor>$VAR[TopVideoInformationFontColor]</textcolor>
				  <include>LabelC12</include> 
				  <posx>519</posx>
				  <posy>-571</posy>
				  <width>50</width>
				  <label>$VAR[VideoInHours]</label>
				  <visible>IntegerGreaterThan(Control.GetLabel(1109),0) + !IsEmpty(Control.GetLabel(1109))</visible> <!--!Window.IsActive(VideoFullScreen.xml) + !Container.Content(tvshows) + !Container.Content(seasons) + !Container.Content(episodes) + !SubString(Container.FolderPath,shows)] | [Window.IsActive(VideoFullScreen.xml) + !VideoPlayer.Content(episodes)] + -->
				  <visible>[!IntegerGreaterThan(ListItem.Property(TotalSeasons),1) + Container.Content(tvshows)] | !Container.Content(tvshows)</visible>
				  <visible>!SubString(ListItem.path,videodb://movies/sets/)</visible>
				</control>
				<control type="label" id="1110" description="אורך-בדקות">
				  <textcolor>$VAR[TopVideoInformationFontColor]</textcolor>
				  <include>LabelC12</include> 
				  <posx>519</posx>
				  <posy>-571</posy>
				  <width>50</width>
				  <label>$VAR[VideoInMins]</label>
				  <visible>IntegerGreaterThan(Control.GetLabel(1110),0) + !IsEmpty(Control.GetLabel(1110)) + !Control.IsVisible(1109)</visible> <!--!Window.IsActive(VideoFullScreen.xml) + !Container.Content(tvshows) + !Container.Content(seasons) + !Container.Content(episodes) + !SubString(Container.FolderPath,shows)] | [Window.IsActive(VideoFullScreen.xml) + !VideoPlayer.Content(episodes)] + -->
				  <visible>[!IntegerGreaterThan(ListItem.Property(TotalSeasons),1) + Container.Content(tvshows)] | !Container.Content(tvshows)</visible>
				  <visible>!SubString(ListItem.path,videodb://movies/sets/)</visible>
				</control>
				<control type="label" description="שעות">
				  <align>center</align>
				  <label>$LOCALIZE[12392]</label>
				  <textcolor>$VAR[TopVideoInformationFontColor]</textcolor>
				  <font>size18</font>
				  <posx>510</posx>
				  <posy>-539</posy>
				  <visible>Control.IsVisible(1109)</visible>
				  <width>70</width>
				</control>
				<control type="label" description="דקות">
				  <align>center</align>
				  <label>$LOCALIZE[12391]</label>
				  <textcolor>$VAR[TopVideoInformationFontColor]</textcolor>
				  <font>size18</font>
				  <posx>510</posx>
				  <posy>-539</posy>
				  <visible>Control.IsVisible(1110)</visible>
				  <width>70</width>
				</control>
			  </control>
		  </control>
	  </control>
	  <control type="group" description="פרטי וידאו (1105)">
		<animation description="Slide_he" condition="StringCompare(System.Language,Hebrew) + !Window.IsVisible(MyWeather.xml)" effect="slide" start="0,0" end="1250,0">Conditional</animation>
		<animation description="SideVideoInformation50_he" condition="[Skin.HasSetting(View50_SideVideoInformation) + StringCompare(Container.Viewmode,$LOCALIZE[31011]) | StringCompare(Container.Viewmode,$LOCALIZE[31016])] + !Window.IsVisible(DialogVideoInfo.xml) + StringCompare(System.Language,Hebrew)" effect="slide" start="0,0" end="-1070,0" time="0" reversible="false">Conditional</animation>
		<animation description="SideVideoInformation51_he" condition="[Skin.HasSetting(View51_SideVideoInformation) + StringCompare(Container.Viewmode,$LOCALIZE[31010])] + !Window.IsVisible(DialogVideoInfo.xml) + StringCompare(System.Language,Hebrew)" effect="slide" start="0,0" end="-1260,0" time="0" reversible="false">Conditional</animation>
		<!--<animation condition="Window.IsVisible(DialogVideoInfo.xml)" effect="zoom" center="0,0" start="100,100" end="100,120" time="0">Conditional</animation>-->
		<include>Fade4</include>
		<visible>!IsEmpty(Control.GetLabel(1105)) + !SubString(Control.GetLabel(1105),$LOCALIZE[20457])</visible>
		<control type="label" id="1105" description="***פרטי סרט***">
		  <label>$VAR[TopVideoInformation5]</label>
		  <visible>false</visible>
		</control>
		<control type="group" description="פרטי סרט">
			<posx>10</posx>
			<posy>-561</posy>
			<include name="TopVideoInformation5" description="פרטי סרט">
				<param name="height" value="115" />
				<param name="posx" value="0" />
				<param name="posy" value="0" />
				<param name="width" value="660" />
				<param name="condition" value="!Window.IsVisible(DialogVideoInfo.xml) + ![Skin.HasSetting(View50_SideVideoInformation) + StringCompare(Container.Viewmode,$LOCALIZE[31011]) | StringCompare(Container.Viewmode,$LOCALIZE[31016])] + ![Skin.HasSetting(View51_SideVideoInformation) + StringCompare(Container.Viewmode,$LOCALIZE[31010])]" description="" />
			</include>
			
			<include name="TopVideoInformation5" description="פרטי סרט - / View50_SideVideoInformation">
				<param name="height" value="210" />
				<param name="posx" value="485" />
				<param name="posy" value="960" />
				<param name="width" value="740" />
				<param name="condition" value="!Window.IsVisible(DialogVideoInfo.xml) + [Skin.HasSetting(View50_SideVideoInformation) + StringCompare(Container.Viewmode,$LOCALIZE[31011]) | StringCompare(Container.Viewmode,$LOCALIZE[31016])]" />
			</include>
			
			<include name="TopVideoInformation5" description="פרטי סרט - / View51_SideVideoInformation">
				<param name="height" value="350" />
				<param name="posx" value="505" />
				<param name="posy" value="955" />
				<param name="width" value="488" />
				<param name="condition" value="!Window.IsVisible(DialogVideoInfo.xml) + [Skin.HasSetting(View51_SideVideoInformation) + StringCompare(Container.Viewmode,$LOCALIZE[31010])]" />
			</include>
			
			<include name="TopVideoInformation5" description="חלון פרטי סרט">
				<param name="height" value="290" />
				<param name="posx" value="0" />
				<param name="posy" value="0" />
				<param name="width" value="650" />
				<param name="condition" value="Window.IsVisible(DialogVideoInfo.xml)" />
			</include>

		</control>
	  </control>
	  
	   <control type="group" description="פוסטר">
		<animation description="Slide_he" condition="StringCompare(System.Language,Hebrew)" effect="slide" start="0,0" end="-1690,0">Conditional</animation>
		<animation condition="Window.IsVisible(MyWeather.xml)" effect="zoom" start="100,100" end="150,150" time="3000">Conditional</animation>
		<animation description="SideVideoInformation50/59_en" condition="[Skin.HasSetting(View50_SideVideoInformation) + StringCompare(Container.Viewmode,$LOCALIZE[31011]) | StringCompare(Container.Viewmode,$LOCALIZE[31016])] + !Window.IsVisible(DialogVideoInfo.xml) + !StringCompare(System.Language,Hebrew)" effect="slide" start="0,0" end="-670,670" time="0">Conditional</animation>
		<animation description="SideVideoInformation50/59_he" condition="[Skin.HasSetting(View50_SideVideoInformation) + StringCompare(Container.Viewmode,$LOCALIZE[31011]) | StringCompare(Container.Viewmode,$LOCALIZE[31016])] + !Window.IsVisible(DialogVideoInfo.xml) + StringCompare(System.Language,Hebrew)" effect="slide" start="0,0" end="655,670" time="0">Conditional</animation>
		<animation description="SideVideoInformation51_en" condition="Skin.HasSetting(View51_SideVideoInformation) + StringCompare(Container.Viewmode,$LOCALIZE[31010]) + !Window.IsVisible(DialogVideoInfo.xml) + !StringCompare(System.Language,Hebrew)" effect="slide" start="0,0" end="-910,505" time="0" reversible="true">Conditional</animation>
		<animation description="SideVideoInformation51_he" condition="Skin.HasSetting(View51_SideVideoInformation) + StringCompare(Container.Viewmode,$LOCALIZE[31010]) + !Window.IsVisible(DialogVideoInfo.xml) + StringCompare(System.Language,Hebrew)" effect="slide" start="0,0" end="775,505" time="0" reversible="true">Conditional</animation>
		<animation description="SideVideoInformation51_zoom" condition="Skin.HasSetting(View51_SideVideoInformation) + StringCompare(Container.Viewmode,$LOCALIZE[31010]) + !Window.IsVisible(DialogVideoInfo.xml)" effect="zoom" center="auto" start="90,90" end="90,90" time="0" reversible="false">Conditional</animation>
		<include>Fade4</include>
		<height>270</height>
		<posx>1720</posx>
		<posy>-550</posy>
		<width>197</width>
		<include>ShowDVDdisc</include>
		<control type="image" description="פוסטר -ללא מסגרת">
		  <aspectratio>stretch</aspectratio>
		  <texture diffuse="buttons/ButtonA0.png" border="0" background="false">$VAR[TopVideoInformation4]</texture>
		  <visible>!Control.IsVisible(11050)</visible>
		</control>
		<control type="image" id="11050" description="פוסטר -עם מסגרת">
		  <aspectratio>stretch</aspectratio>
		  <texture diffuse="buttons/types/bd.png" border="0" background="false">$VAR[TopVideoInformation4]</texture>
		  <visible>!SubString(ListItem.Label,$LOCALIZE[33078]) + !StringCompare(ListItem.Label,..) + !SubString(ListItem.Label,Next Page) + IsEmpty(Control.GetLabel(11156)) + Window.IsVisible(MyVideoNav.xml)</visible>
		</control>
		<control type="label" id="1104" description="***פוסטר***">
		  <label>$VAR[TopVideoInformation4]</label>
		  <visible>false</visible>
		</control>
		<control type="group" description="ShowDVDCases">
			<posx>-32</posx>
			<posy>-5</posy>              
			<height>292</height>
			<width>237</width>
			<include>InProgressBadge_</include>
			<include>ShowDVDCases</include>
			<include>InProgressBadge</include>
		</control>
	  </control> 
	</control>
	
	<control type="label" id="11155" description="לתצוגת פרקים/עונות -57/58">
	  <label>$VAR[11155label]</label>
	  <posx>40</posx>
	  <posy>150</posy>
	  <visible>false</visible>
    </control>
	<control type="label" id="11153" description="לתצוגת פרקים/עונות -57/58">
	  <label>$VAR[VideoInformation3]</label>
	  <visible>false</visible>
    </control>
  </include>
  
  <include name="TopVideoInformation5" description="Layouts">
	<param name="height" default="115"/>
	<param name="posx" default="0"/>
	<param name="posy" default="0"/>
	<param name="width" default="660"/>
	
	<param name="condition" default="true"/>
	<definition>
		<control type="textbox" description="פרטי סרט - גופן רגיל">
		  <font>size24</font>
		  <include>TopVideoInformation5_</include>
		  <height>$PARAM[height]</height>
		  <posx>$PARAM[posx]</posx>
		  <posy>$PARAM[posy]</posy>
		  <width>$PARAM[width]</width>
		  
		  <visible>!Skin.HasSetting(TopVideoInformationFontSize) + !Window.IsVisible(DialogVideoInfo.xml)</visible>
		  <visible>$PARAM[condition]</visible>
		</control>
		
		<control type="textbox" description="פרטי סרט - גופן רגיל">
		  <font>size30</font>
		  <include>TopVideoInformation5_</include>
		  
		  <height>$PARAM[height]</height>
		  <posx>$PARAM[posx]</posx>
		  <posy>$PARAM[posy]</posy>
		  <width>$PARAM[width]</width>
		  
		  <visible>Skin.HasSetting(TopVideoInformationFontSize) | Window.IsVisible(DialogVideoInfo.xml)</visible>
		  <visible>$PARAM[condition]</visible>
		</control>
	</definition>
  </include>

  <include name="TopVideoInformation5_">
	  <include condition="[StringCompare(System.Language,Hebrew) + !Skin.String(PlotAlign)] | Skin.String(PlotAlign,1)">LabelR1</include>
	  <include condition="[!StringCompare(System.Language,Hebrew) + !Skin.String(PlotAlign)] | Skin.String(PlotAlign,2)">LabelL1</include>
	  <include condition="Skin.String(PlotAlign,3)">LabelJ1</include>
	  <include condition="Skin.String(PlotAlign,4)">LabelC1</include>
	  <include>AutoScrollText</include>
	  <label>$VAR[TopVideoInformation5]</label>
	  <textcolor>$VAR[TopVideoInformationFontColor]</textcolor> 
  </include>
   
  <include name="TopVideoInformation9" description="תמונת פרק">
	<param name="height" default="207"/>
	<param name="posx" default="-44"/>
	<param name="posy" default="-7"/>
	<param name="width" default="590"/>
	
	<param name="condition" default="true"/>
	<param name="diffuse" default="buttons/ButtonC0.png"/>
	<param name="border" default="0"/>
	<definition>
		<control type="image" description="">
		  <aspectratio>stretch</aspectratio>
		  <height>$PARAM[height]</height>
		  <posx>$PARAM[posx]</posx>
		  <posy>$PARAM[posy]</posy>
		  <width>$PARAM[width]</width>
		  
		  <visible>$PARAM[condition]</visible>
		  <visible>!IsEmpty(ListItem.Art(thumb)) + Container.content(Episodes) + !Window.IsActive(VideoFullScreen.xml) + !Player.HasVideo</visible>
		  
		  <texture border="$PARAM[border]" diffuse="$PARAM[diffuse]">$VAR[TopVideoInformation9]</texture>
		</control>
	</definition>
  </include>
		
   <include name="TopVideoInformation_Frame">
	  <control type="image" description="מסגרת">
		  <animation condition="Window.IsVisible(DialogVideoInfo.xml)" effect="zoom" start="100,100" end="100,256">Conditional</animation>
		  <animation condition="Window.IsVisible(DialogVideoInfo.xml)" effect="slide" start="0,0" end="0,-4">Conditional</animation>
		  <include>Fade_TopVideoInformationOverlay</include>
		  <posx>-20</posx>
		  <posy>-566</posy>
		  <width>1960</width>
		  <height>128</height>
		  
		  <include condition="!Skin.String(TopVideoInformationColor,None)">ButtonTopVideoInformation</include>
		  <include condition="Skin.String(TopVideoInformationColor,None)">ButtonTopVideoInformation_</include>
		  <visible>![Skin.HasSetting(View50_SideVideoInformation) + StringCompare(Container.Viewmode,$LOCALIZE[31011]) | StringCompare(Container.Viewmode,$LOCALIZE[31016])] + ![Skin.HasSetting(View51_SideVideoInformation) + StringCompare(Container.Viewmode,$LOCALIZE[31010])] | Window.IsVisible(DialogVideoInfo.xml)</visible>
	  </control>
	  <control type="image" description="מסגרת - מיוחד /SideVideoInformation50/59">
		  <animation description="SideVideoInformation50/59_he" condition="[Skin.HasSetting(View50_SideVideoInformation) + StringCompare(Container.Viewmode,$LOCALIZE[31011]) | StringCompare(Container.Viewmode,$LOCALIZE[31016])] + !Window.IsVisible(DialogVideoInfo.xml) + StringCompare(System.Language,Hebrew)" effect="slide" start="0,0" end="190,0" time="0">Conditional</animation>
		  <include>Fade_TopVideoInformationOverlay</include>
		  <posx>460</posx>
		  <posy>111</posy>
		  <width>800</width>
		  <height>530</height>
		  
		  <include condition="!Skin.String(TopVideoInformationColor,None)">ButtonTopVideoInformation3</include>
		  <include condition="Skin.String(TopVideoInformationColor,None)">ButtonTopVideoInformation3_</include>
		  <visible>[Skin.HasSetting(View50_SideVideoInformation) + StringCompare(Container.Viewmode,$LOCALIZE[31011]) | StringCompare(Container.Viewmode,$LOCALIZE[31016])]</visible>
		  <visible>!Window.IsVisible(DialogVideoInfo.xml)</visible>
	  </control>
	  <control type="image" description="מסגרת - מיוחד /SideVideoInformation51">
		  <!--<animation description="SideVideoInformation51_he" condition="Skin.HasSetting(View51_SideVideoInformation) + StringCompare(Container.Viewmode,$LOCALIZE[31010]) + !Window.IsVisible(DialogVideoInfo.xml) + StringCompare(System.Language,Hebrew)" effect="slide" start="0,0" end="190,0" time="0">Conditional</animation>-->
		  <include>Fade_TopVideoInformationOverlay</include>
		  <posx>492</posx>
		  <posy>-50</posy>
		  <width>520</width>
		  <height>815</height>
		  <include condition="!Skin.String(TopVideoInformationColor,None)">ButtonTopVideoInformation2</include>
		  <include condition="Skin.String(TopVideoInformationColor,None)">ButtonTopVideoInformation2_</include>
		  <visible>[Skin.HasSetting(View51_SideVideoInformation) + StringCompare(Container.Viewmode,$LOCALIZE[31010])]</visible>
		  <visible>!Window.IsVisible(DialogVideoInfo.xml)</visible>
	  </control>
	  <control type="image" description="קו לאורך">
		  <animation condition="Window.IsVisible(DialogVideoInfo.xml)" effect="zoom" start="100,100" end="100,250">Conditional</animation>
		  <animation condition="true" effect="fade" end="10" time="0">Conditional</animation>
		  <aspectratio>keep</aspectratio>
		  <posx>670</posx>
		  <posy>-566</posy>
		  <width>10</width>
		  <height>128</height>
		  <texture border="5" colordiffuse="$VAR[TopVideoInformationColor]">images/LineV.png</texture>
		  <visible>![Skin.HasSetting(View50_SideVideoInformation) + StringCompare(Container.Viewmode,$LOCALIZE[31011]) | StringCompare(Container.Viewmode,$LOCALIZE[31016])] + ![Skin.HasSetting(View51_SideVideoInformation) + StringCompare(Container.Viewmode,$LOCALIZE[31010])]</visible>
		  <visible>!Window.IsVisible(DialogVideoInfo.xml)</visible>
	  </control>
	  <control type="image" description="קו לאורך">
		  <animation condition="true" effect="fade" end="10" time="0">Conditional</animation>
		  <aspectratio>keep</aspectratio>
		  <posx>1225</posx>
		  <posy>-566</posy>
		  <width>10</width>
		  <height>128</height>
		  <texture border="5" colordiffuse="$VAR[TopVideoInformationColor]">images/LineV.png</texture>
		  <visible>![Skin.HasSetting(View50_SideVideoInformation) + StringCompare(Container.Viewmode,$LOCALIZE[31011]) | StringCompare(Container.Viewmode,$LOCALIZE[31016])] + ![Skin.HasSetting(View51_SideVideoInformation) + StringCompare(Container.Viewmode,$LOCALIZE[31010])]</visible>
		  <visible>!Window.IsVisible(DialogVideoInfo.xml)</visible>
	  </control>
	  <control type="image" description="קו לרוחב">
		  <include>Fade_TopVideoInformationOverlay</include>
		  <aspectratio>stretch</aspectratio>
		  <posx>30</posx>
		  <posy>-445</posy>
		  <width>610</width>
		  <height>5</height>
		  <texture border="5" colordiffuse="$VAR[TopVideoInformationColor]">images/line1.png</texture>
		  <visible>Window.IsVisible(DialogVideoInfo.xml)</visible>
	  </control>
	  <control type="image" description="קו לרוחב">
		  <include>Fade_TopVideoInformationOverlay</include>
		  <aspectratio>stretch</aspectratio>
		  <posx>685</posx>
		  <posy>-490</posy>
		  <width>509</width>
		  <height>5</height>
		  <texture border="5" colordiffuse="$VAR[TopVideoInformationColor]">images/line1.png</texture>
		  <visible>![Skin.HasSetting(View50_SideVideoInformation) + StringCompare(Container.Viewmode,$LOCALIZE[31011]) | StringCompare(Container.Viewmode,$LOCALIZE[31016])] + ![Skin.HasSetting(View51_SideVideoInformation) + StringCompare(Container.Viewmode,$LOCALIZE[31010])]</visible>
		  <visible>!Window.IsVisible(DialogVideoInfo.xml)</visible>
	  </control>
	  <control type="image" description="קו לרוחב">
		  <include>Fade_TopVideoInformationOverlay</include>
		  <aspectratio>stretch</aspectratio>
		  <posx>1245</posx>
		  <posy>-490</posy>
		  <width>450</width>
		  <height>5</height>
		  <texture border="5" colordiffuse="$VAR[TopVideoInformationColor]">images/line1.png</texture>
		  <visible>![Skin.HasSetting(View50_SideVideoInformation) + StringCompare(Container.Viewmode,$LOCALIZE[31011]) | StringCompare(Container.Viewmode,$LOCALIZE[31016])] + ![Skin.HasSetting(View51_SideVideoInformation) + StringCompare(Container.Viewmode,$LOCALIZE[31010])]</visible>
		  <visible>!Window.IsVisible(DialogVideoInfo.xml)</visible>
	  </control> 
  </include>
  
</includes>
