<?xml version="1.0" encoding="UTF-8"?>
<includes>
  <include name="SetProperty_Home" description="">
    <control type="button">
	  <onfocus description="Button.ID_BASE" condition="!Window.IsVisible(CustomHomeCustomizer2.xml)">SetProperty(Button.ID_,$INFO[Container(9000).ListItemNoWrap(0).Property(id)],home)</onfocus>
	  <!--<onfocus description="Button.ID_BASE-CustomHome" condition="Window.IsVisible(CustomHomeCustomizer.xml) + !Window.IsVisible(CustomHomeCustomizer2.xml)">SetProperty(Button.ID_,$INFO[Container(50).ListItemNoWrap(0).Property(id)],home)</onfocus>-->
	  <onfocus description="Button.ID-Home" condition="!Window.IsVisible(CustomHomeCustomizer2.xml)">SetProperty(Button.ID,$INFO[Container(9000).ListItem(0).Label2],home)</onfocus>
	  <onfocus description="Button.Name-Home" condition="!Window.IsVisible(CustomHomeCustomizer2.xml)">SetProperty(Button.Name,$INFO[System.CurrentControl],home)</onfocus>
	  
	  <onfocus description="Button.ID_BASE-CustomHome2" condition="Window.IsVisible(CustomHomeCustomizer2.xml)">SetProperty(TEMP2,$INFO[Container(9000).ListItemNoWrap(0).Property(id)],home)</onfocus>
	  <onfocus description="Button.ID-CustomHome2" condition="Window.IsVisible(CustomHomeCustomizer2.xml)">SetProperty(TEMP,$INFO[Container(9000).ListItem(0).Label2],home)</onfocus>
	  
	  <visible>false</visible>
	</control>
  </include>
  
  <include name="ReloadSkin_Check">
    <!--<onload condition="Skin.HasSetting(Admin3) + Skin.HasSetting(Admin) + !Skin.HasSetting(Admin2) + Window.IsVisible(Home.xml) + Control.IsVisible(9000) + [!IntegerGreaterThan(Container(9000).NumItems,4) | StringCompare(Container(9000).NumItems,0) | StringCompare(Container(9000).ListItem(0).Label,) | IsEmpty(Control.GetLabel(700105))]">Notification(TESTING,,2000)</onload>
	<onload condition="Window.IsVisible(Home.xml) + Control.IsVisible(9000) + [!IntegerGreaterThan(Container(9000).NumItems,4) | StringCompare(Container(9000).NumItems,0) | StringCompare(Container(9000).ListItem(0).Label,) | IsEmpty(Control.GetLabel(700105))]">RunScript(script.featherence.service,,?mode=213&amp;value=1)</onload>
	<onload condition="Window.IsVisible(CustomHomeCustomizer.xml) + Control.IsVisible(9000) + [StringCompare(Container(9000).NumItems,0) | StringCompare(Container(9000).ListItem(0).Label,) | IsEmpty(Control.GetLabel(700105))]">RunScript(script.featherence.service,,?mode=213&amp;value=1)</onload>
	<onload condition="Window.IsVisible(CustomHomeCustomizer2.xml) + StringCompare(Container.Viewmode,$LOCALIZE[31011]) + [StringCompare(Container(9000).NumItems,0) | StringCompare(Container(9000).ListItem(0).Label,)]">RunScript(script.featherence.service,,?mode=213&amp;value=3)</onload>
	<onload condition="Window.IsVisible(MyVideoNav.xml) + IsEmpty(Control.GetLabel(111)) + !Control.IsVisible(7021) + IsEmpty(Control.GetLabel(700105))">RunScript(script.featherence.service,,?mode=213&amp;value=4)</onload>-->
  </include>
  
  <include name="Design_TopButtons">
	<control type="grouplist" id="9009" description="כפתורים עליונים">
	  <include>Fade10</include>
	  <animation condition="System.IdleTime(60)" effect="fade" start="100" end="0" time="7000" reversible="true">Conditional</animation>
	  <visible>[Window.IsVisible(Home.xml) + !Skin.HasSetting(widget) + [Control.IsVisible(311) | Control.IsVisible(312)]] | !Window.IsVisible(Home.xml)</visible>
	  <visible>Window.IsVisible(CustomHomeCustomizer.xml) + !Window.IsVisible(CustomHomeCustomizer2.xml) | !Window.IsVisible(CustomHomeCustomizer.xml)</visible>
	  <visible>[Container(9000).Row(0) | Container(9000).Row(1)] + !Container(9000).HasPrevious() | ![Skin.String(MenuDesign,0) | Skin.String(MenuDesign,1)]</visible>
	  <visible>!Window.IsVisible(Custom1173.xml)</visible>
	  <height>40</height>
	  <posx>20</posx>
	  <posy>27</posy>
	  <width>1880</width>
	  <orientation>horizontal</orientation>
	  <onup condition="Player.HasMedia">ActivateWindow(12901)</onup>
	  <ondown condition="Control.IsVisible(7011)">7017</ondown>
	  <ondown condition="Control.IsVisible(700)">700</ondown>
	  <ondown condition="Control.IsVisible(9000)">9000</ondown>
	  <ondown condition="StringCompare(Container.Viewmode,$LOCALIZE[31010])">50</ondown>
	  <onright condition="">noop</onright>
	  <onright condition="Control.IsVisible(312)">312</onright>
	  <onleft condition="">noop</onleft>
	  
	  
	  <include>Content_TopButtons</include>
	</control>
  </include>
  
  <include name="Menu_Home">
    <control type="panel" id="9000">
	  <animation condition="[!Container(9000).Row(0) + !Container(9000).Row(1) | Container(9000).HasPrevious()]" effect="slide" start="0,0" end="0,-551" time="220">Conditional</animation>
	  <visible>IsEmpty(Window(home).Property(ReloadSkin))</visible>
	  <visible>Skin.String(MenuDesign,0) | Skin.String(MenuDesign,1)</visible>
	  <posx>30</posx>
	  <posy>581</posy>
	  <width>1850</width>
	  <height>1040</height>
	  <onleft>9000</onleft>
	  <onright>9000</onright>
	  <onup condition="Control.IsVisible(7011)">7017</onup>
	  <onup condition="Control.IsVisible(700)">700</onup>
	  <onup condition="Control.IsVisible(9009)">9009</onup>
	  <onup>520</onup>
	  <ondown>noop</ondown>
	  <scrolltime tween="sine" easing="out">220</scrolltime>
	  <include condition="Skin.String(MenuDesign,0)" description="פנל">MenuDesign_Home</include>
	  <include condition="Skin.String(MenuDesign,1)" description="פנל2">MenuDesign_Home1</include>
	  <content>
		<include condition="!Window.IsVisible(LoginScreen)">Content_Home</include>
		<include condition="Window.IsVisible(LoginScreen)">Content_LoginScreen</include>
		<include condition="true">Content_Home2</include>
	  </content>
	</control>
	
	<control type="list" id="9000" description="מאוזן">
	  <visible>IsEmpty(Window(home).Property(ReloadSkin))</visible>
	  <visible>Skin.String(MenuDesign,2) | Skin.String(MenuDesign,3) | !Skin.String(MenuDesign)</visible>
	  <posx>30</posx>
	  <posy>820</posy>
	  <width>1860</width>
	  <height>1040</height>
	  <onleft>9000</onleft>
	  <onright>9000</onright>
	  <onup condition="Control.IsVisible(7011)">7017</onup>
	  <onup condition="Control.IsVisible(700)">700</onup>
	  <onup condition="Control.IsVisible(9009)">9009</onup>
	  <onup>520</onup>
	  <ondown description="openSUB-horizontal" condition="!Window.IsVisible(CustomHomeCustomizer.xml) + !StringCompare(Container(9000).ListItemNoWrap(0).Property(sub),true) + Skin.HasSetting(SubMenuAction)">ActivateWindow(1138)</ondown>
	  <ondown>noop</ondown>
	  <scrolltime tween="sine" easing="out">220</scrolltime>
	  <orientation>horizontal</orientation>
	  <include condition="Skin.String(MenuDesign,2)" description="מאוזן">MenuDesign_Home</include>
	  <include condition="Skin.String(MenuDesign,3) | !Skin.String(MenuDesign)" description="מאוזן2">MenuDesign_Home1</include>
	  <content>
		<include condition="!Window.IsVisible(LoginScreen)">Content_Home</include>
		<include condition="Window.IsVisible(LoginScreen)">Content_LoginScreen</include>
		<include condition="true">Content_Home2</include>
	  </content>
	</control>
	
	<control type="list" id="9000" description="מאונך">
	  <visible>IsEmpty(Window(home).Property(ReloadSkin))</visible>
	  <visible>Skin.String(MenuDesign,4) | Skin.String(MenuDesign,5)</visible>
	  <animation condition="StringCompare(System.Language,Hebrew)" effect="slide" start="0,0" end="1665,0" time="0">Conditional</animation>
	  <posx>10</posx>
	  <posy>150</posy>
	  <width>1850</width>
	  <height>920</height>
	  <onup>9000</onup>
	  <ondown>9000</ondown>
	  <onright description="openSUB-he" condition="!Window.IsVisible(CustomHomeCustomizer.xml) + !StringCompare(Container(9000).ListItemNoWrap(0).Property(sub),true) + Skin.HasSetting(SubMenuAction) + StringCompare(System.Language,Hebrew)">ActivateWindow(1138)</onright>
	  <onright condition="Control.IsVisible(7011) + !StringCompare(System.Language,Hebrew)">7017</onright>
	  <onright condition="Control.IsVisible(700) + !StringCompare(System.Language,Hebrew)">700</onright>
	  <onright condition="Control.IsVisible(9009) + !StringCompare(System.Language,Hebrew)">9009</onright>
	  <onright>520</onright>
	  <onleft description="openSUB-he" condition="!Window.IsVisible(CustomHomeCustomizer.xml) + !StringCompare(Container(9000).ListItemNoWrap(0).Property(sub),true) + Skin.HasSetting(SubMenuAction) + !StringCompare(System.Language,Hebrew)">ActivateWindow(1138)</onleft>
	  <onleft condition="Control.IsVisible(7011) + StringCompare(System.Language,Hebrew)">7017</onleft>
	  <onleft condition="Control.IsVisible(700) + StringCompare(System.Language,Hebrew)">700</onleft>
	  <onleft condition="Control.IsVisible(9009) + StringCompare(System.Language,Hebrew)">9009</onleft>
	  <scrolltime tween="sine" easing="out">220</scrolltime>
	  <orientation>vertical</orientation>
	  <include condition="Skin.String(MenuDesign,4)" description="מאונך">MenuDesign_Home2</include>
	  <content>
		<include condition="!Window.IsVisible(LoginScreen)">Content_Home</include>
		<include condition="Window.IsVisible(LoginScreen)">Content_LoginScreen</include>
		<include condition="true">Content_Home2</include>
	  </content>
	</control>
  </include>
  <include name="MenuDesign_Home" description="פנל/מאוזן">
    <itemlayout height="230" width="368">
	  <control type="group">
		<include>MenuDesign_Home_itemlayout</include>
		<include name="Buttons_Color" description="צבע">
			<param name="height" value="180" />
			<param name="posx" value="30" />
			<param name="posy" value="30" />
			<param name="width" value="312" />
		</include>
		<include name="Buttons_Icon" description="סמלים גדולים">
			<param name="color" value="" />
			<param name="height" value="180" />
			<param name="posx" value="30" />
			<param name="posy" value="30" />
			<param name="width" value="312" />
			
			<param name="condition" value="Skin.HasSetting(BigHomeIcons)" description="" />
			<param name="type0" value="true" description="UnFocus" />
			<param name="type1" value="false" description="Focus" />
		</include>
		<control type="image" description="אלמנט כפתור לא נבחר">
          <posx>30</posx>
          <posy>30</posy>
          <width>312</width>
          <height>180</height>
          <texture>buttons/effects/black2.png</texture>
		  <visible>Skin.String(ElementUButton)</visible>
        </control>
		<control type="image" description="צללית">
		  <posx>30</posx>
          <posy>30</posy>
          <width>312</width>
          <height>180</height>
		  <include condition="!Skin.String(ButtonsDesign)">ButtonsDesign_shadow</include>
		  <include condition="Skin.String(ButtonsDesign,0)">ButtonsDesign0_shadow</include>
		  <include condition="Skin.String(ButtonsDesign,1)">ButtonsDesign1_shadow</include>
		  <include condition="Skin.String(ButtonsDesign,2)">ButtonsDesign2_shadow</include>
		  <include condition="Skin.String(ButtonsDesign,3)">ButtonsDesign3_shadow</include>
		  <include condition="Skin.String(ButtonsDesign,4)">ButtonsDesign4_shadow</include>
          <texture>buttons/effects/shadow.png</texture>
		  <visible>Skin.HasSetting(ShadowButton)</visible>
        </control>
		<control type="image" description="שקופית">
          <posx>30</posx>
          <posy>30</posy>
          <width>312</width>
          <height>180</height>
		  <include condition="!Skin.String(ButtonsDesign)">ButtonsDesign_gardient</include>
		  <include condition="Skin.String(ButtonsDesign,0)">ButtonsDesign0_gardient</include>
		  <include condition="Skin.String(ButtonsDesign,1)">ButtonsDesign1_gardient</include>
		  <include condition="Skin.String(ButtonsDesign,2)">ButtonsDesign2_gardient</include>
		  <include condition="Skin.String(ButtonsDesign,3)">ButtonsDesign3_gardient</include>
		  <include condition="Skin.String(ButtonsDesign,4)">ButtonsDesign4_gardient</include>
          <texture>buttons/effects/gardient.png</texture>
		  <visible>!Skin.HasSetting(OverlayButton)</visible>
        </control>
		<control type="image" description="שפוע Bevel">
          <posx>30</posx>
          <posy>30</posy>
          <width>312</width>
          <height>180</height>
		  <include condition="!Skin.String(ButtonsDesign)">ButtonsDesign_bevel</include>
		  <include condition="Skin.String(ButtonsDesign,0)">ButtonsDesign0_bevel</include>
		  <include condition="Skin.String(ButtonsDesign,1)">ButtonsDesign1_bevel</include>
		  <include condition="Skin.String(ButtonsDesign,2)">ButtonsDesign2_bevel</include>
		  <include condition="Skin.String(ButtonsDesign,3)">ButtonsDesign3_bevel</include>
		  <include condition="Skin.String(ButtonsDesign,4)">ButtonsDesign4_bevel</include>
          <texture>buttons/effects/bevel.png</texture>
		  <visible>!Skin.HasSetting(BevelButton)</visible>
        </control>
		<control type="image" description="מסגרת (Stroke)">
          <posx>30</posx>
          <posy>30</posy>
          <width>312</width>
          <height>180</height>
          <include condition="!Skin.String(ButtonsDesign)">ButtonsDesign_stroke</include>
		  <include condition="Skin.String(ButtonsDesign,0)">ButtonsDesign0_stroke</include>
		  <include condition="Skin.String(ButtonsDesign,1)">ButtonsDesign1_stroke</include>
		  <include condition="Skin.String(ButtonsDesign,2)">ButtonsDesign2_stroke</include>
		  <include condition="Skin.String(ButtonsDesign,3)">ButtonsDesign3_stroke</include>
		  <include condition="Skin.String(ButtonsDesign,4)">ButtonsDesign4_stroke</include>
		  <texture>buttons/effects/stroke.png</texture>
		  <visible>Skin.HasSetting(StrokeButton)</visible>
        </control>
		<include name="Buttons_Icon" description="סמל">
			<param name="color" value="$VAR[IconUnFocusColor]" />
			<param name="height" value="120" />
			<param name="posx" value="30" />
			<param name="posy" value="45" />
			<param name="width" value="312" />
			
			<param name="condition" value="!Skin.HasSetting(BigHomeIcons)" description="" />
			<param name="type0" value="true" description="UnFocus" />
			<param name="type1" value="false" description="Focus" />
		</include>
		<control type="image" description="OFF">
          <aspectratio>keep</aspectratio>
		  <height>180</height>
		  <posx>30</posx>
          <posy>30</posy>
		  <texture>misc/help/off.png</texture>
		  <visible>Window.IsVisible(CustomHomeCustomizer.xml) + !IsEmpty(ListItem.Property(off))</visible>
		  <width>312</width>
        </control>
		<include>LockButtons</include>
		<control type="image" description="תפריט משני">
		  <include>Fade_SubMenuMarkOverlay</include>
		  <height>180</height>
		  <posx>30</posx>
          <posy>32</posy>
		  <include condition="!Skin.String(ButtonsDesign)">ButtonsDesign_sub</include>
		  <include condition="Skin.String(ButtonsDesign,0)">ButtonsDesign0_sub</include>
		  <include condition="Skin.String(ButtonsDesign,1)">ButtonsDesign1_sub</include>
		  <include condition="Skin.String(ButtonsDesign,2)">ButtonsDesign2_sub</include>
		  <include condition="Skin.String(ButtonsDesign,3)">ButtonsDesign3_sub</include>
		  <include condition="Skin.String(ButtonsDesign,4)">ButtonsDesign4_sub</include>
		  <texture colordiffuse="$VAR[SubMenuMarkColor]">buttons/effects/sub.png</texture>
		  <visible>!IsEmpty(ListItem.Property(sub))</visible>
		  <width>310</width>
        </control>
        <control type="label" description="כותרת">
		  <include>Slide_MenuDesign_Home_Labels</include>
		  <include>Fade_IconOverlayButton</include>
          <textcolor>$VAR[IconUnFocusColor]</textcolor>
		  <include>LabelC1</include>
		  <posx>35</posx>
          <posy>170</posy>
          <width>300</width>
          <height>24</height>
          <label>[B]$INFO[ListItem.Label][/B]</label>
		  <shadowcolor>black</shadowcolor>
        </control>
	  </control>
    </itemlayout>
    <focusedlayout height="250" width="388">
	  <control type="group">
	    <include>SetProperty_Home</include>
		<!--<animation condition="Skin.String(MenuDesign,1)" effect="zoom" center="312,180" end="50,100" time="0" reversible="false">Conditional</animation>-->
		<include name="Buttons_Color" description="צבע">
			<param name="height" value="200" />
			<param name="posx" value="20" />
			<param name="posy" value="20" />
			<param name="width" value="332" />
		</include>
		<include name="Buttons_Icon" description="סמלים גדולים">
			<param name="color" value="" />
			<param name="height" value="200" />
			<param name="posx" value="20" />
			<param name="posy" value="20" />
			<param name="width" value="332" />
			
			<param name="condition" value="Skin.HasSetting(BigHomeIcons)" description="" />
			<param name="type0" value="false" description="UnFocus" />
			<param name="type1" value="true" description="Focus" />
		</include>
		<control type="image" description="אלמנט כפתור נבחר">
          <posx>20</posx>
          <posy>20</posy>
          <width>332</width>
          <height>200</height>
          <texture>buttons/effects/black2.png</texture>
		  <visible>Skin.String(ElementFButton)</visible>
        </control>
		<control type="image" description="סמן בחירה 2">
		  <colordiffuse>BFFFFFFF</colordiffuse>
		  <posx>20</posx>
          <posy>20</posy>
          <width>332</width>
          <height>200</height>
		  <include condition="!Skin.String(ButtonsDesign)">ButtonsDesign_choosen</include>
		  <include condition="Skin.String(ButtonsDesign,0)">ButtonsDesign0_choosen</include>
		  <include condition="Skin.String(ButtonsDesign,1)">ButtonsDesign1_choosen</include>
		  <include condition="Skin.String(ButtonsDesign,2)">ButtonsDesign2_choosen</include>
		  <include condition="Skin.String(ButtonsDesign,3)">ButtonsDesign3_choosen</include>
		  <include condition="Skin.String(ButtonsDesign,4)">ButtonsDesign4_choosen</include>
		  <texture border="0" diffuse="buttons/colors/ffffffff.png">buttons/effects/choosen.png</texture>
		  <visible>Skin.HasSetting(SelectionMarker2)</visible>
        </control>
		<control type="image" description="סמן בחירה 3">
		  <!--<animation condition="true" effect="fade" end="10" time="0">Conditional</animation>-->
		  <bordersize>1</bordersize>
		  <posx>18</posx>
          <posy>14</posy>
		  <width>335</width>
		  <height>211</height>
		  <texture border="10" colordiffuse="$VAR[SelectedFrameColor]">misc/frames/selector.png</texture>
		  <visible>Skin.HasSetting(SelectionMarker) | [Window.IsVisible(CustomHomeCustomizer.xml) + [Window.IsVisible(Custom1175.xml) | Window.IsVisible(CustomHomeCustomizer2.xml) | Window.IsVisible(Custom1170.xml) + StringCompare(Window(home).Property(TEMP),SelectedFrameColor)]]</visible>
		</control>
		<control type="image" description="צללית">
		  <posx>20</posx>
          <posy>20</posy>
          <width>332</width>
          <height>200</height>
		  <include condition="!Skin.String(ButtonsDesign)">ButtonsDesign_shadow</include>
		  <include condition="Skin.String(ButtonsDesign,0)">ButtonsDesign0_shadow</include>
		  <include condition="Skin.String(ButtonsDesign,1)">ButtonsDesign1_shadow</include>
		  <include condition="Skin.String(ButtonsDesign,2)">ButtonsDesign2_shadow</include>
		  <include condition="Skin.String(ButtonsDesign,3)">ButtonsDesign3_shadow</include>
		  <include condition="Skin.String(ButtonsDesign,4)">ButtonsDesign4_shadow</include>
          <texture>buttons/effects/shadow.png</texture>
		  <visible>Skin.HasSetting(ShadowButton)</visible>
        </control>
		<control type="image" description="שקופית">
          <posx>20</posx>
          <posy>20</posy>
          <width>332</width>
          <height>200</height>
          <include condition="!Skin.String(ButtonsDesign)">ButtonsDesign_gardient</include>
		  <include condition="Skin.String(ButtonsDesign,0)">ButtonsDesign0_gardient</include>
		  <include condition="Skin.String(ButtonsDesign,1)">ButtonsDesign1_gardient</include>
		  <include condition="Skin.String(ButtonsDesign,2)">ButtonsDesign2_gardient</include>
		  <include condition="Skin.String(ButtonsDesign,3)">ButtonsDesign3_gardient</include>
		  <include condition="Skin.String(ButtonsDesign,4)">ButtonsDesign4_gardient</include>
		  <texture>buttons/effects/gardient.png</texture>
		  <visible>!Skin.HasSetting(OverlayButton)</visible>
        </control>
		<control type="image" description="שפוע Bevel">
          <posx>20</posx>
          <posy>20</posy>
          <width>332</width>
          <height>200</height>
          <include condition="!Skin.String(ButtonsDesign)">ButtonsDesign_bevel</include>
		  <include condition="Skin.String(ButtonsDesign,0)">ButtonsDesign0_bevel</include>
		  <include condition="Skin.String(ButtonsDesign,1)">ButtonsDesign1_bevel</include>
		  <include condition="Skin.String(ButtonsDesign,2)">ButtonsDesign2_bevel</include>
		  <include condition="Skin.String(ButtonsDesign,3)">ButtonsDesign3_bevel</include>
		  <include condition="Skin.String(ButtonsDesign,4)">ButtonsDesign4_bevel</include>
		  <texture>buttons/effects/bevel.png</texture>
		  <visible>!Skin.HasSetting(BevelButton)</visible>
        </control>
		<control type="image" description="מסגרת (Stroke)">
          <posx>20</posx>
          <posy>20</posy>
          <width>332</width>
          <height>200</height>
		  <include condition="!Skin.String(ButtonsDesign)">ButtonsDesign_stroke</include>
		  <include condition="Skin.String(ButtonsDesign,0)">ButtonsDesign0_stroke</include>
		  <include condition="Skin.String(ButtonsDesign,1)">ButtonsDesign1_stroke</include>
		  <include condition="Skin.String(ButtonsDesign,2)">ButtonsDesign2_stroke</include>
		  <include condition="Skin.String(ButtonsDesign,3)">ButtonsDesign3_stroke</include>
		  <include condition="Skin.String(ButtonsDesign,4)">ButtonsDesign4_stroke</include>
          <texture>buttons/effects/stroke.png</texture>
		  <visible>Skin.HasSetting(StrokeButton)</visible>
        </control>
		<include name="Buttons_Icon" description="סמל">
			<param name="color" value="$VAR[IconFocusColor]" />
			<param name="height" value="140" />
			<param name="posx" value="20" />
			<param name="posy" value="35" />
			<param name="width" value="332" />
			
			<param name="condition" value="!Skin.HasSetting(BigHomeIcons)" description="" />
			<param name="type0" value="false" description="UnFocus" />
			<param name="type1" value="true" description="Focus" />
		</include>
		<control type="image" description="OFF">
          <aspectratio>keep</aspectratio>
		  <height>200</height>
		  <posx>20</posx>
          <posy>20</posy>
		  <texture>misc/help/off.png</texture>
		  <visible>Window.IsVisible(CustomHomeCustomizer.xml) + !IsEmpty(ListItem.Property(off))</visible>
		  <width>332</width>
        </control>
		<include>LockButtons</include>
		<control type="image" description="תפריט משני">
		  <include>Fade_SubMenuMarkOverlay</include>
		  <height>200</height>
		  <posx>20</posx>
          <posy>22</posy>
		  <include condition="!Skin.String(ButtonsDesign)">ButtonsDesign_sub</include>
		  <include condition="Skin.String(ButtonsDesign,0)">ButtonsDesign0_sub</include>
		  <include condition="Skin.String(ButtonsDesign,1)">ButtonsDesign1_sub</include>
		  <include condition="Skin.String(ButtonsDesign,2)">ButtonsDesign2_sub</include>
		  <include condition="Skin.String(ButtonsDesign,3)">ButtonsDesign3_sub</include>
		  <include condition="Skin.String(ButtonsDesign,4)">ButtonsDesign4_sub</include>
		  <texture colordiffuse="$VAR[SubMenuMarkColor]">buttons/effects/sub.png</texture>
		  <visible>!IsEmpty(ListItem.Property(sub))</visible>
		  <width>330</width>
        </control>
        <control type="label" description="כותרת נבחר">
          <include>Slide_MenuDesign_Home_Labels</include>
		  <textcolor>$VAR[IconFocusColor]</textcolor>
		  <animation effect="fade" start="80" end="100" time="220" delay="0">Focus</animation>
		  <include>LabelC1</include>
		  <posx>35</posx>
          <posy>180</posy>
          <!--<width>368</width>-->
		  <width>300</width>
          <height>24</height>
          <label>[B]$INFO[ListItem.Label][/B]</label>
		  <shadowcolor>black</shadowcolor>
        </control>
	  </control>
    </focusedlayout>
  </include>
  <include name="MenuDesign_Home1" description="פנל2/מאוזן2">
    <itemlayout height="230" width="250">
	  <control type="group">
		<include>MenuDesign_Home_itemlayout</include>
		<include name="Buttons_Color" description="צבע">
			<param name="height" value="180" />
			<param name="posx" value="30" />
			<param name="posy" value="30" />
			<param name="width" value="312" />
		</include>
		<include>LockButtons</include>
		<include name="Buttons_Icon" description="סמלים גדולים">
			<param name="color" value="" />
			<param name="height" value="180" />
			<param name="posx" value="30" />
			<param name="posy" value="30" />
			<param name="width" value="312" />
			
			<param name="condition" value="Skin.HasSetting(BigHomeIcons)" description="" />
			<param name="type0" value="true" description="UnFocus" />
			<param name="type1" value="false" description="Focus" />
		</include>
		<control type="image" description="אלמנט כפתור לא נבחר">
          <posx>30</posx>
          <posy>30</posy>
          <width>312</width>
          <height>180</height>
          <texture>buttons/effects/black2.png</texture>
		  <visible>Skin.String(ElementUButton)</visible>
        </control>
		<control type="image" description="צללית">
		  <posx>30</posx>
          <posy>30</posy>
          <width>312</width>
          <height>180</height>
		  <include condition="!Skin.String(ButtonsDesign)">ButtonsDesign_shadow</include>
		  <include condition="Skin.String(ButtonsDesign,0)">ButtonsDesign0_shadow</include>
		  <include condition="Skin.String(ButtonsDesign,1)">ButtonsDesign1_shadow</include>
		  <include condition="Skin.String(ButtonsDesign,2)">ButtonsDesign2_shadow</include>
		  <include condition="Skin.String(ButtonsDesign,3)">ButtonsDesign3_shadow</include>
		  <include condition="Skin.String(ButtonsDesign,4)">ButtonsDesign4_shadow</include>
          <texture>buttons/effects/shadow.png</texture>
		  <visible>Skin.HasSetting(ShadowButton)</visible>
        </control>
		<control type="image" description="שקופית">
          <posx>30</posx>
          <posy>30</posy>
          <width>312</width>
          <height>180</height>
          <include condition="!Skin.String(ButtonsDesign)">ButtonsDesign_gardient</include>
		  <include condition="Skin.String(ButtonsDesign,0)">ButtonsDesign0_gardient</include>
		  <include condition="Skin.String(ButtonsDesign,1)">ButtonsDesign1_gardient</include>
		  <include condition="Skin.String(ButtonsDesign,2)">ButtonsDesign2_gardient</include>
		  <include condition="Skin.String(ButtonsDesign,3)">ButtonsDesign3_gardient</include>
		  <include condition="Skin.String(ButtonsDesign,4)">ButtonsDesign4_gardient</include>
		  <texture>buttons/effects/gardient.png</texture>
		  <visible>!Skin.HasSetting(OverlayButton)</visible>
        </control>
		<control type="image" description="שפוע Bevel">
          <posx>30</posx>
          <posy>30</posy>
          <width>312</width>
          <height>180</height>
          <include condition="!Skin.String(ButtonsDesign)">ButtonsDesign_bevel</include>
		  <include condition="Skin.String(ButtonsDesign,0)">ButtonsDesign0_bevel</include>
		  <include condition="Skin.String(ButtonsDesign,1)">ButtonsDesign1_bevel</include>
		  <include condition="Skin.String(ButtonsDesign,2)">ButtonsDesign2_bevel</include>
		  <include condition="Skin.String(ButtonsDesign,3)">ButtonsDesign3_bevel</include>
		  <include condition="Skin.String(ButtonsDesign,4)">ButtonsDesign4_bevel</include>
		  <texture>buttons/effects/bevel.png</texture>
		  <visible>!Skin.HasSetting(BevelButton)</visible>
        </control>
		<control type="image" description="מסגרת (Stroke)">
          <posx>30</posx>
          <posy>30</posy>
          <width>312</width>
          <height>180</height>
          <include condition="!Skin.String(ButtonsDesign)">ButtonsDesign_stroke</include>
		  <include condition="Skin.String(ButtonsDesign,0)">ButtonsDesign0_stroke</include>
		  <include condition="Skin.String(ButtonsDesign,1)">ButtonsDesign1_stroke</include>
		  <include condition="Skin.String(ButtonsDesign,2)">ButtonsDesign2_stroke</include>
		  <include condition="Skin.String(ButtonsDesign,3)">ButtonsDesign3_stroke</include>
		  <include condition="Skin.String(ButtonsDesign,4)">ButtonsDesign4_stroke</include>
		  <texture>buttons/effects/stroke.png</texture>
		  <visible>Skin.HasSetting(StrokeButton)</visible>
        </control>
        <include name="Buttons_Icon" description="סמל">
			<param name="color" value="$VAR[IconUnFocusColor]" />
			<param name="height" value="120" />
			<param name="posx" value="30" />
			<param name="posy" value="45" />
			<param name="width" value="312" />
			
			<param name="condition" value="!Skin.HasSetting(BigHomeIcons)" description="" />
			<param name="type0" value="true" description="UnFocus" />
			<param name="type1" value="false" description="Focus" />
		</include>
		<control type="image" description="OFF">
          <aspectratio>keep</aspectratio>
		  <height>180</height>
		  <posx>30</posx>
          <posy>30</posy>
		  <texture>misc/help/off.png</texture>
		  <visible>Window.IsVisible(CustomHomeCustomizer.xml) + !IsEmpty(ListItem.Property(off))</visible>
		  <width>312</width>
        </control>
		<control type="image" description="תפריט משני">
		  <include>Fade_SubMenuMarkOverlay</include>
		  <height>180</height>
		  <posx>30</posx>
          <posy>32</posy>
		  <include condition="!Skin.String(ButtonsDesign)">ButtonsDesign_sub</include>
		  <include condition="Skin.String(ButtonsDesign,0)">ButtonsDesign0_sub</include>
		  <include condition="Skin.String(ButtonsDesign,1)">ButtonsDesign1_sub</include>
		  <include condition="Skin.String(ButtonsDesign,2)">ButtonsDesign2_sub</include>
		  <include condition="Skin.String(ButtonsDesign,3)">ButtonsDesign3_sub</include>
		  <include condition="Skin.String(ButtonsDesign,4)">ButtonsDesign4_sub</include>
		  <texture colordiffuse="$VAR[SubMenuMarkColor]">buttons/effects/sub.png</texture>
		  <visible>!IsEmpty(ListItem.Property(sub))</visible>
		  <width>310</width>
        </control>
        <control type="label" description="כותרת">
          <include>Slide_MenuDesign_Home_Labels</include>
		  <include>Fade_IconOverlayButton</include>
		  <textcolor>$VAR[IconUnFocusColor]</textcolor>
		  <include>LabelC1</include>
		  <posx>35</posx>
          <posy>170</posy>
          <width>300</width>
          <height>24</height>
          <label>[B]$INFO[ListItem.Label][/B]</label>
		  <shadowcolor>black</shadowcolor>
        </control>
	  </control>
    </itemlayout>
    <focusedlayout height="250" width="250">
	  <control type="group">
	    <include>SetProperty_Home</include>
		<!--<animation condition="Skin.String(MenuDesign,1)" effect="zoom" center="312,180" end="50,100" time="0" reversible="false">Conditional</animation>-->
		<include name="Buttons_Color" description="צבע">
			<param name="height" value="200" />
			<param name="posx" value="20" />
			<param name="posy" value="20" />
			<param name="width" value="332" />
		</include>
		<include name="Buttons_Icon" description="סמלים גדולים">
			<param name="color" value="" />
			<param name="height" value="200" />
			<param name="posx" value="20" />
			<param name="posy" value="20" />
			<param name="width" value="332" />
			
			<param name="condition" value="Skin.HasSetting(BigHomeIcons)" description="" />
			<param name="type0" value="false" description="UnFocus" />
			<param name="type1" value="true" description="Focus" />
		</include>
		<include>LockButtons</include>
		<control type="image" description="אלמנט כפתור נבחר">
          <posx>20</posx>
          <posy>20</posy>
          <width>332</width>
          <height>200</height>
          <texture>buttons/effects/black2.png</texture>
		  <visible>Skin.String(ElementFButton)</visible>
        </control>
		<control type="image" description="סמן בחירה 2">
		  <colordiffuse>BFFFFFFF</colordiffuse>
		  <posx>20</posx>
          <posy>20</posy>
          <width>332</width>
          <height>200</height>
		  <include condition="!Skin.String(ButtonsDesign)">ButtonsDesign_choosen</include>
		  <include condition="Skin.String(ButtonsDesign,0)">ButtonsDesign0_choosen</include>
		  <include condition="Skin.String(ButtonsDesign,1)">ButtonsDesign1_choosen</include>
		  <include condition="Skin.String(ButtonsDesign,2)">ButtonsDesign2_choosen</include>
		  <include condition="Skin.String(ButtonsDesign,3)">ButtonsDesign3_choosen</include>
		  <include condition="Skin.String(ButtonsDesign,4)">ButtonsDesign4_choosen</include>
		  <texture diffuse="buttons/colors/ffffffff.png">buttons/effects/choosen.png</texture>
		  <visible>Skin.HasSetting(SelectionMarker2)</visible>
        </control>
		<control type="image" description="סמן בחירה 3">
		  <!--<animation condition="true" effect="fade" end="10" time="0">Conditional</animation>-->
		  <bordersize>1</bordersize>
		  <posx>18</posx>
          <posy>14</posy>
		  <width>335</width>
		  <height>211</height>
		  <texture border="10" colordiffuse="$VAR[SelectedFrameColor]">misc/frames/selector.png</texture>
		  <visible>Skin.HasSetting(SelectionMarker) | [Window.IsVisible(CustomHomeCustomizer.xml) + [Window.IsVisible(Custom1175.xml) | Window.IsVisible(CustomHomeCustomizer2.xml) | Window.IsVisible(Custom1170.xml) + StringCompare(Window(home).Property(TEMP),SelectedFrameColor)]]</visible>
		</control>
		<control type="image" description="צללית">
		  <posx>20</posx>
          <posy>20</posy>
          <width>332</width>
          <height>200</height>
		  <include condition="!Skin.String(ButtonsDesign)">ButtonsDesign_shadow</include>
		  <include condition="Skin.String(ButtonsDesign,0)">ButtonsDesign0_shadow</include>
		  <include condition="Skin.String(ButtonsDesign,1)">ButtonsDesign1_shadow</include>
		  <include condition="Skin.String(ButtonsDesign,2)">ButtonsDesign2_shadow</include>
		  <include condition="Skin.String(ButtonsDesign,3)">ButtonsDesign3_shadow</include>
		  <include condition="Skin.String(ButtonsDesign,4)">ButtonsDesign4_shadow</include>
          <texture>buttons/effects/shadow.png</texture>
		  <visible>Skin.HasSetting(ShadowButton)</visible>
        </control>
		<control type="image" description="שקופית">
          <posx>20</posx>
          <posy>20</posy>
          <width>332</width>
          <height>200</height>
          <include condition="!Skin.String(ButtonsDesign)">ButtonsDesign_gardient</include>
		  <include condition="Skin.String(ButtonsDesign,0)">ButtonsDesign0_gardient</include>
		  <include condition="Skin.String(ButtonsDesign,1)">ButtonsDesign1_gardient</include>
		  <include condition="Skin.String(ButtonsDesign,2)">ButtonsDesign2_gardient</include>
		  <include condition="Skin.String(ButtonsDesign,3)">ButtonsDesign3_gardient</include>
		  <include condition="Skin.String(ButtonsDesign,4)">ButtonsDesign4_gardient</include>
		  <texture>buttons/effects/gardient.png</texture>
		  <visible>!Skin.HasSetting(OverlayButton)</visible>
        </control>
		<control type="image" description="שפוע Bevel">
          <posx>20</posx>
          <posy>20</posy>
          <width>332</width>
          <height>200</height>
          <include condition="!Skin.String(ButtonsDesign)">ButtonsDesign_bevel</include>
		  <include condition="Skin.String(ButtonsDesign,0)">ButtonsDesign0_bevel</include>
		  <include condition="Skin.String(ButtonsDesign,1)">ButtonsDesign1_bevel</include>
		  <include condition="Skin.String(ButtonsDesign,2)">ButtonsDesign2_bevel</include>
		  <include condition="Skin.String(ButtonsDesign,3)">ButtonsDesign3_bevel</include>
		  <include condition="Skin.String(ButtonsDesign,4)">ButtonsDesign4_bevel</include>
		  <texture>buttons/effects/bevel.png</texture>
		  <visible>!Skin.HasSetting(BevelButton)</visible>
        </control>
		<control type="image" description="מסגרת (Stroke)">
          <posx>20</posx>
          <posy>20</posy>
          <width>332</width>
          <height>200</height>
          <include condition="!Skin.String(ButtonsDesign)">ButtonsDesign_stroke</include>
		  <include condition="Skin.String(ButtonsDesign,0)">ButtonsDesign0_stroke</include>
		  <include condition="Skin.String(ButtonsDesign,1)">ButtonsDesign1_stroke</include>
		  <include condition="Skin.String(ButtonsDesign,2)">ButtonsDesign2_stroke</include>
		  <include condition="Skin.String(ButtonsDesign,3)">ButtonsDesign3_stroke</include>
		  <include condition="Skin.String(ButtonsDesign,4)">ButtonsDesign4_stroke</include>
		  <texture>buttons/effects/stroke.png</texture>
		  <visible>Skin.HasSetting(StrokeButton)</visible>
        </control>
		<include name="Buttons_Icon" description="סמל">
			<param name="color" value="$VAR[IconFocusColor]" />
			<param name="height" value="140" />
			<param name="posx" value="20" />
			<param name="posy" value="35" />
			<param name="width" value="332" />
			
			<param name="condition" value="!Skin.HasSetting(BigHomeIcons)" description="" />
			<param name="type0" value="false" description="UnFocus" />
			<param name="type1" value="true" description="Focus" />
		</include>
		<control type="image" description="OFF">
          <aspectratio>keep</aspectratio>
		  <height>200</height>
		  <posx>20</posx>
          <posy>20</posy>
		  <texture>misc/help/off.png</texture>
		  <visible>Window.IsVisible(CustomHomeCustomizer.xml) + !IsEmpty(ListItem.Property(off))</visible>
		  <width>332</width>
        </control>
		<control type="image" description="תפריט משני">
		  <include>Fade_SubMenuMarkOverlay</include>
		  <height>200</height>
		  <posx>20</posx>
          <posy>22</posy>
		  <include condition="!Skin.String(ButtonsDesign)">ButtonsDesign_sub</include>
		  <include condition="Skin.String(ButtonsDesign,0)">ButtonsDesign0_sub</include>
		  <include condition="Skin.String(ButtonsDesign,1)">ButtonsDesign1_sub</include>
		  <include condition="Skin.String(ButtonsDesign,2)">ButtonsDesign2_sub</include>
		  <include condition="Skin.String(ButtonsDesign,3)">ButtonsDesign3_sub</include>
		  <include condition="Skin.String(ButtonsDesign,4)">ButtonsDesign4_sub</include>
		  <texture colordiffuse="$VAR[SubMenuMarkColor]">buttons/effects/sub.png</texture>
		  <visible>!IsEmpty(ListItem.Property(sub))</visible>
		  <width>330</width>
        </control>
        <control type="label" description="כותרת נבחר">
          <include>Slide_MenuDesign_Home_Labels</include>
		  <textcolor>$VAR[IconFocusColor]</textcolor>
		  <animation effect="fade" start="80" end="100" time="220" delay="0">Focus</animation>
		  <include>LabelC1</include>
		  <posx>35</posx>
          <posy>180</posy>
          <!--<width>368</width>-->
		  <width>300</width>
          <height>24</height>
          <label>[B]$INFO[ListItem.Label][/B]</label>
		  <shadowcolor>black</shadowcolor>
        </control>
	  </control>
    </focusedlayout>
  </include>
  <include name="MenuDesign_Home2" description="מאונך2">
    <itemlayout height="100" width="222">
	  <control type="group">
		<animation description="VerticalMenu" condition="[Window.IsVisible(Home.xml) + [Control.HasFocus(311) | Control.HasFocus(312) | ControlGroup(9009).HasFocus]] + StringCompare(System.Language,Hebrew)" effect="slide" start="0,0" end="200,0" delay="0" time="220" reversible="true">Conditional</animation>
		<animation description="VerticalMenu" condition="[Window.IsVisible(Home.xml) + [Control.HasFocus(311) | Control.HasFocus(312) | ControlGroup(9009).HasFocus]] + !StringCompare(System.Language,Hebrew)" effect="slide" start="0,0" end="-170,0" delay="0" time="220" reversible="true">Conditional</animation>
		<animation description="VerticalMenu" condition="StringCompare(System.Language,Hebrew)" effect="slide" start="0,0" end="20,0" delay="0" time="0" reversible="true">Conditional</animation>
		<animation condition="[Window.IsVisible(CustomHomeCustomizer.xml) + Window.IsVisible(CustomHomeCustomizer2.xml) | Skin.HasSetting(FixedUnFocusButtonsTransperancy) + [Control.HasFocus(311) | Control.HasFocus(312) | [IntegerGreaterThan(Container(9000).NumItems,7) + System.IdleTime(7)]]]" effect="fade" start="100" end="40" time="220" reversible="true">Conditional</animation>
		<include name="Buttons_Color" description="צבע">
			<param name="height" value="100" />
			<param name="posx" value="0" />
			<param name="posy" value="20" />
			<param name="width" value="222" />
		</include>
		<include>LockButtons</include>
		<include name="Buttons_Icon" description="סמלים גדולים">
			<param name="color" value="" />
			<param name="height" value="100" />
			<param name="posx" value="0" />
			<param name="posy" value="20" />
			<param name="width" value="222" />
			
			<param name="condition" value="Skin.HasSetting(BigHomeIcons)" description="" />
			<param name="type0" value="true" description="UnFocus" />
			<param name="type1" value="false" description="Focus" />
		</include>
		<control type="image" description="אלמנט כפתור לא נבחר">
          <posx>0</posx>
          <posy>20</posy>
          <width>222</width>
          <height>100</height>
          <texture>buttons/effects/black2.png</texture>
		  <visible>Skin.String(ElementUButton)</visible>
        </control>
		<control type="image" description="צללית">
		  <posx>0</posx>
          <posy>20</posy>
          <width>222</width>
          <height>100</height>
		  <include condition="!Skin.String(ButtonsDesign)">ButtonsDesign_shadow</include>
		  <include condition="Skin.String(ButtonsDesign,0)">ButtonsDesign0_shadow</include>
		  <include condition="Skin.String(ButtonsDesign,1)">ButtonsDesign1_shadow</include>
		  <include condition="Skin.String(ButtonsDesign,2)">ButtonsDesign2_shadow</include>
		  <include condition="Skin.String(ButtonsDesign,3)">ButtonsDesign3_shadow</include>
		  <include condition="Skin.String(ButtonsDesign,4)">ButtonsDesign4_shadow</include>
          <texture>buttons/effects/shadow.png</texture>
		  <visible>Skin.HasSetting(ShadowButton)</visible>
        </control>
		<control type="image" description="שקופית">
          <posx>0</posx>
          <posy>20</posy>
          <width>222</width>
          <height>100</height>
          <include condition="!Skin.String(ButtonsDesign)">ButtonsDesign_gardient</include>
		  <include condition="Skin.String(ButtonsDesign,0)">ButtonsDesign0_gardient</include>
		  <include condition="Skin.String(ButtonsDesign,1)">ButtonsDesign1_gardient</include>
		  <include condition="Skin.String(ButtonsDesign,2)">ButtonsDesign2_gardient</include>
		  <include condition="Skin.String(ButtonsDesign,3)">ButtonsDesign3_gardient</include>
		  <include condition="Skin.String(ButtonsDesign,4)">ButtonsDesign4_gardient</include>
		  <texture>buttons/effects/gardient.png</texture>
		  <visible>!Skin.HasSetting(OverlayButton)</visible>
        </control>
		<control type="image" description="שפוע Bevel">
          <posx>0</posx>
          <posy>20</posy>
          <width>222</width>
          <height>100</height>
          <include condition="!Skin.String(ButtonsDesign)">ButtonsDesign_bevel</include>
		  <include condition="Skin.String(ButtonsDesign,0)">ButtonsDesign0_bevel</include>
		  <include condition="Skin.String(ButtonsDesign,1)">ButtonsDesign1_bevel</include>
		  <include condition="Skin.String(ButtonsDesign,2)">ButtonsDesign2_bevel</include>
		  <include condition="Skin.String(ButtonsDesign,3)">ButtonsDesign3_bevel</include>
		  <include condition="Skin.String(ButtonsDesign,4)">ButtonsDesign4_bevel</include>
		  <texture>buttons/effects/bevel.png</texture>
		  <visible>!Skin.HasSetting(BevelButton)</visible>
        </control>
		<control type="image" description="מסגרת (Stroke)">
          <posx>0</posx>
          <posy>20</posy>
          <width>222</width>
          <height>100</height>
          <include condition="!Skin.String(ButtonsDesign)">ButtonsDesign_stroke</include>
		  <include condition="Skin.String(ButtonsDesign,0)">ButtonsDesign0_stroke</include>
		  <include condition="Skin.String(ButtonsDesign,1)">ButtonsDesign1_stroke</include>
		  <include condition="Skin.String(ButtonsDesign,2)">ButtonsDesign2_stroke</include>
		  <include condition="Skin.String(ButtonsDesign,3)">ButtonsDesign3_stroke</include>
		  <include condition="Skin.String(ButtonsDesign,4)">ButtonsDesign4_stroke</include>
		  <texture>buttons/effects/stroke.png</texture>
		  <visible>Skin.HasSetting(StrokeButton)</visible>
        </control>
		<include name="Buttons_Icon" description="סמל">
			<param name="color" value="$VAR[IconUnFocusColor]" />
			<param name="height" value="55" />
			<param name="posx" value="10" />
			<param name="posy" value="60" />
			<param name="width" value="190" />
			
			<param name="condition" value="!Skin.HasSetting(BigHomeIcons)" description="" />
			<param name="type0" value="true" description="UnFocus" />
			<param name="type1" value="false" description="Focus" />
		</include>
		<control type="image" description="OFF">
          <aspectratio>keep</aspectratio>
		  <height>100</height>
		  <posx>0</posx>
          <posy>30</posy>
		  <texture>misc/help/off.png</texture>
		  <visible>Window.IsVisible(CustomHomeCustomizer.xml) + !IsEmpty(ListItem.Property(off))</visible>
		  <width>222</width>
        </control>
		<control type="image" description="תפריט משני">
		  <include>Fade_SubMenuMarkOverlay</include>
		  <include condition="Skin.String(ButtonsDesign,2)">Control_Pos51</include>
		  <height>100</height>
		  <posx>0</posx>
          <posy>22</posy>
		  <include condition="!Skin.String(ButtonsDesign)">ButtonsDesign_sub</include>
		  <include condition="Skin.String(ButtonsDesign,0)">ButtonsDesign0_sub</include>
		  <include condition="Skin.String(ButtonsDesign,1)">ButtonsDesign1_sub</include>
		  <include condition="Skin.String(ButtonsDesign,2)">ButtonsDesign2_sub</include>
		  <include condition="Skin.String(ButtonsDesign,3)">ButtonsDesign3_sub</include>
		  <include condition="Skin.String(ButtonsDesign,4)">ButtonsDesign4_sub</include>
		  <texture colordiffuse="$VAR[SubMenuMarkColor]">buttons/effects/sub.png</texture>
		  <visible>!IsEmpty(ListItem.Property(sub))</visible>
		  <width>222</width>
        </control>
        <control type="label" description="כותרת">
		  <include>Slide_MenuDesign2_Home_Labels</include>
		  <include>Fade_IconOverlayButton</include>
		  <textcolor>$VAR[IconUnFocusColor]</textcolor>
          <include condition="Skin.String(ButtonsDesign,1) | Skin.String(ButtonsDesign,2) | Skin.String(ButtonsDesign,4)">LabelC2</include>
		  <include condition="StringCompare(System.Language,Hebrew)">LabelR1</include>
		  <include condition="!StringCompare(System.Language,Hebrew)">LabelL1</include>
		  <posx>10</posx>
          <posy>35</posy>
          <width>190</width>
          <height>24</height>
          <label>[B]$INFO[ListItem.Label][/B]</label>
		  <shadowcolor>black</shadowcolor>
        </control>
	  </control>
    </itemlayout>
    <focusedlayout height="100" width="242">
	  <control type="group">
	    <include>SetProperty_Home</include>
		<animation description="VerticalMenu" condition="StringCompare(System.Language,Hebrew)" effect="slide" start="0,0" end="0,0" delay="0" time="0" reversible="true">Conditional</animation>
		<animation description="VerticalMenu" condition="[Window.IsVisible(Home.xml) + [Control.HasFocus(311) | Control.HasFocus(312) | ControlGroup(9009).HasFocus]] + StringCompare(System.Language,Hebrew)" effect="slide" start="0,0" end="170,0" delay="0" time="220" reversible="true">Conditional</animation>
		<animation description="VerticalMenu" condition="[Window.IsVisible(Home.xml) + [Control.HasFocus(311) | Control.HasFocus(312) | ControlGroup(9009).HasFocus]] + !StringCompare(System.Language,Hebrew)" effect="slide" start="0,0" end="-170,0" delay="0" time="220" reversible="true">Conditional</animation>
		<include name="Buttons_Color" description="צבע">
			<param name="height" value="100" />
			<param name="posx" value="0" />
			<param name="posy" value="20" />
			<param name="width" value="242" />
		</include>
		<include>LockButtons</include>
		<include name="Buttons_Icon" description="סמלים גדולים">
			<param name="color" value="" />
			<param name="height" value="100" />
			<param name="posx" value="0" />
			<param name="posy" value="20" />
			<param name="width" value="242" />
			
			<param name="condition" value="Skin.HasSetting(BigHomeIcons)" description="" />
			<param name="type0" value="false" description="UnFocus" />
			<param name="type1" value="true" description="Focus" />
		</include>
		<control type="image" description="אלמנט כפתור נבחר">
          <posx>0</posx>
          <posy>20</posy>
          <width>242</width>
          <height>100</height>
          <texture>buttons/effects/black2.png</texture>
		  <visible>Skin.String(ElementFButton)</visible>
        </control>
		<control type="image" description="סמן בחירה 2">
		  <posx>0</posx>
          <posy>20</posy>
          <width>242</width>
          <height>100</height>
		  <include condition="!Skin.String(ButtonsDesign)">ButtonsDesign_choosen</include>
		  <include condition="Skin.String(ButtonsDesign,0)">ButtonsDesign0_choosen</include>
		  <include condition="Skin.String(ButtonsDesign,1)">ButtonsDesign1_choosen</include>
		  <include condition="Skin.String(ButtonsDesign,2)">ButtonsDesign2_choosen</include>
		  <include condition="Skin.String(ButtonsDesign,3)">ButtonsDesign3_choosen</include>
		  <include condition="Skin.String(ButtonsDesign,4)">ButtonsDesign4_choosen</include>
		  <visible>Skin.HasSetting(SelectionMarker2)</visible>
        </control>
		<control type="image" description="סמן בחירה 3">
		  <!--<animation condition="true" effect="fade" end="10" time="0">Conditional</animation>-->
		  <bordersize>1</bordersize>
		  <posx>-2</posx>
          <posy>12</posy>
		  <width>236</width>
		  <height>115</height>
		  <texture border="20" colordiffuse="$VAR[SelectedFrameColor]">misc/frames/selector.png</texture>
		  <visible>Skin.HasSetting(SelectionMarker) | [Window.IsVisible(CustomHomeCustomizer.xml) + [Window.IsVisible(Custom1175.xml) | Window.IsVisible(CustomHomeCustomizer2.xml) | Window.IsVisible(Custom1170.xml) + StringCompare(Window(home).Property(TEMP),SelectedFrameColor)]]</visible>
		</control>
		<control type="image" description="צללית">
		  <posx>0</posx>
          <posy>20</posy>
          <width>242</width>
          <height>100</height>
		  <include condition="!Skin.String(ButtonsDesign)">ButtonsDesign_shadow</include>
		  <include condition="Skin.String(ButtonsDesign,0)">ButtonsDesign0_shadow</include>
		  <include condition="Skin.String(ButtonsDesign,1)">ButtonsDesign1_shadow</include>
		  <include condition="Skin.String(ButtonsDesign,2)">ButtonsDesign2_shadow</include>
		  <include condition="Skin.String(ButtonsDesign,3)">ButtonsDesign3_shadow</include>
		  <include condition="Skin.String(ButtonsDesign,4)">ButtonsDesign4_shadow</include>
          <texture>buttons/effects/shadow.png</texture>
		  <visible>Skin.HasSetting(ShadowButton)</visible>
        </control>
		<control type="image" description="שקופית">
          <posx>0</posx>
          <posy>20</posy>
          <width>242</width>
          <height>100</height>
          <include condition="!Skin.String(ButtonsDesign)">ButtonsDesign_gardient</include>
		  <include condition="Skin.String(ButtonsDesign,0)">ButtonsDesign0_gardient</include>
		  <include condition="Skin.String(ButtonsDesign,1)">ButtonsDesign1_gardient</include>
		  <include condition="Skin.String(ButtonsDesign,2)">ButtonsDesign2_gardient</include>
		  <include condition="Skin.String(ButtonsDesign,3)">ButtonsDesign3_gardient</include>
		  <include condition="Skin.String(ButtonsDesign,4)">ButtonsDesign4_gardient</include>
		  <texture>buttons/effects/gardient.png</texture>
		  <visible>!Skin.HasSetting(OverlayButton)</visible>
        </control>
		<control type="image" description="שפוע Bevel">
          <posx>0</posx>
          <posy>20</posy>
          <width>242</width>
          <height>100</height>
          <include condition="!Skin.String(ButtonsDesign)">ButtonsDesign_bevel</include>
		  <include condition="Skin.String(ButtonsDesign,0)">ButtonsDesign0_bevel</include>
		  <include condition="Skin.String(ButtonsDesign,1)">ButtonsDesign1_bevel</include>
		  <include condition="Skin.String(ButtonsDesign,2)">ButtonsDesign2_bevel</include>
		  <include condition="Skin.String(ButtonsDesign,3)">ButtonsDesign3_bevel</include>
		  <include condition="Skin.String(ButtonsDesign,4)">ButtonsDesign4_bevel</include>
		  <texture>buttons/effects/bevel.png</texture>
		  <visible>!Skin.HasSetting(BevelButton)</visible>
        </control>
		<control type="image" description="מסגרת (Stroke)">
          <posx>0</posx>
          <posy>20</posy>
          <width>242</width>
          <height>100</height>
          <include condition="!Skin.String(ButtonsDesign)">ButtonsDesign_stroke</include>
		  <include condition="Skin.String(ButtonsDesign,0)">ButtonsDesign0_stroke</include>
		  <include condition="Skin.String(ButtonsDesign,1)">ButtonsDesign1_stroke</include>
		  <include condition="Skin.String(ButtonsDesign,2)">ButtonsDesign2_stroke</include>
		  <include condition="Skin.String(ButtonsDesign,3)">ButtonsDesign3_stroke</include>
		  <include condition="Skin.String(ButtonsDesign,4)">ButtonsDesign4_stroke</include>
		  <texture>buttons/effects/stroke.png</texture>
		  <visible>Skin.HasSetting(StrokeButton)</visible>
        </control>
		<include name="Buttons_Icon" description="סמל">
			<param name="color" value="$VAR[IconFocusColor]" />
			<param name="height" value="55" />
			<param name="posx" value="10" />
			<param name="posy" value="60" />
			<param name="width" value="190" />
			
			<param name="condition" value="!Skin.HasSetting(BigHomeIcons)" description="" />
			<param name="type0" value="false" description="UnFocus" />
			<param name="type1" value="true" description="Focus" />
		</include>
		<control type="image" description="OFF">
          <aspectratio>keep</aspectratio>
		  <height>100</height>
		  <posx>0</posx>
          <posy>30</posy>
		  <texture>misc/help/off.png</texture>
		  <visible>Window.IsVisible(CustomHomeCustomizer.xml) + !IsEmpty(ListItem.Property(off))</visible>
		  <width>268</width>
        </control>
		<control type="image" description="תפריט משני">
		  <include>Fade_SubMenuMarkOverlay</include>
		  <height>100</height>
		  <posx>0</posx>
          <posy>22</posy>
		  <include condition="!Skin.String(ButtonsDesign)">ButtonsDesign_sub</include>
		  <include condition="Skin.String(ButtonsDesign,0)">ButtonsDesign0_sub</include>
		  <include condition="Skin.String(ButtonsDesign,1)">ButtonsDesign1_sub</include>
		  <include condition="Skin.String(ButtonsDesign,2)">ButtonsDesign2_sub</include>
		  <include condition="Skin.String(ButtonsDesign,3)">ButtonsDesign3_sub</include>
		  <include condition="Skin.String(ButtonsDesign,4)">ButtonsDesign4_sub</include>
		  <texture colordiffuse="$VAR[SubMenuMarkColor]">buttons/effects/sub.png</texture>
		  <visible>!IsEmpty(ListItem.Property(sub))</visible>
		  <width>242</width>
        </control>
        <control type="label" description="כותרת נבחר">
		  <textcolor>$VAR[IconFocusColor]</textcolor>
		  <include>Slide_MenuDesign2_Home_Labels</include>
		  <include>Slide_MenuDesign2_Home_Labels2</include>
          <animation effect="fade" start="80" end="100" time="220" delay="0">Focus</animation>
          <textcolor>yellow</textcolor>
		  <include condition="Skin.String(ButtonsDesign,1) | Skin.String(ButtonsDesign,2) | Skin.String(ButtonsDesign,4)">LabelC2</include>
		  <include condition="StringCompare(System.Language,Hebrew)">LabelR1</include>
		  <include condition="!StringCompare(System.Language,Hebrew)">LabelL1</include>
		  <posx>10</posx>
          <posy>35</posy>
		  <width>190</width>
          <height>24</height>
          <label>[B]$INFO[ListItem.Label][/B]</label>
		  <shadowcolor>black</shadowcolor>
        </control>
	  </control>
    </focusedlayout>
  </include>

  <include name="MenuDesign_Touch" description="פנל/מאוזן">
    <itemlayout height="115" width="184">
	  <control type="group">
		<include>MenuDesign_Home_itemlayout</include>
		<include name="Buttons_Color" description="צבע">
			<param name="height" value="90" />
			<param name="posx" value="30" />
			<param name="posy" value="30" />
			<param name="width" value="156" />
		</include>
		<include>LockButtons</include>
		<include name="Buttons_Icon" description="סמלים גדולים">
			<param name="color" value="" />
			<param name="height" value="90" />
			<param name="posx" value="30" />
			<param name="posy" value="30" />
			<param name="width" value="156" />
			
			<param name="condition" value="Skin.HasSetting(BigHomeIcons)" description="" />
			<param name="type0" value="true" description="UnFocus" />
			<param name="type1" value="false" description="Focus" />
		</include>
		<control type="image" description="אלמנט כפתור לא נבחר">
          <posx>30</posx>
          <posy>30</posy>
          <width>156</width>
          <height>90</height>
          <texture>buttons/effects/black2.png</texture>
		  <visible>Skin.String(ElementUButton)</visible>
        </control>
		<control type="image" description="צללית">
		  <posx>30</posx>
          <posy>30</posy>
          <width>156</width>
          <height>90</height>
		  <include condition="!Skin.String(ButtonsDesign)">ButtonsDesign_shadow</include>
		  <include condition="Skin.String(ButtonsDesign,0)">ButtonsDesign0_shadow</include>
		  <include condition="Skin.String(ButtonsDesign,1)">ButtonsDesign1_shadow</include>
		  <include condition="Skin.String(ButtonsDesign,2)">ButtonsDesign2_shadow</include>
		  <include condition="Skin.String(ButtonsDesign,3)">ButtonsDesign3_shadow</include>
		  <include condition="Skin.String(ButtonsDesign,4)">ButtonsDesign4_shadow</include>
          <texture>buttons/effects/shadow.png</texture>
		  <visible>Skin.HasSetting(ShadowButton)</visible>
        </control>
		<control type="image" description="שקופית">
          <posx>30</posx>
          <posy>30</posy>
          <width>156</width>
          <height>90</height>
		  <include condition="!Skin.String(ButtonsDesign)">ButtonsDesign_gardient</include>
		  <include condition="Skin.String(ButtonsDesign,0)">ButtonsDesign0_gardient</include>
		  <include condition="Skin.String(ButtonsDesign,1)">ButtonsDesign1_gardient</include>
		  <include condition="Skin.String(ButtonsDesign,2)">ButtonsDesign2_gardient</include>
		  <include condition="Skin.String(ButtonsDesign,3)">ButtonsDesign3_gardient</include>
		  <include condition="Skin.String(ButtonsDesign,4)">ButtonsDesign4_gardient</include>
          <texture>buttons/effects/gardient.png</texture>
		  <visible>!Skin.HasSetting(OverlayButton)</visible>
        </control>
		<control type="image" description="שפוע Bevel">
          <posx>30</posx>
          <posy>30</posy>
          <width>156</width>
          <height>90</height>
		  <include condition="!Skin.String(ButtonsDesign)">ButtonsDesign_bevel</include>
		  <include condition="Skin.String(ButtonsDesign,0)">ButtonsDesign0_bevel</include>
		  <include condition="Skin.String(ButtonsDesign,1)">ButtonsDesign1_bevel</include>
		  <include condition="Skin.String(ButtonsDesign,2)">ButtonsDesign2_bevel</include>
		  <include condition="Skin.String(ButtonsDesign,3)">ButtonsDesign3_bevel</include>
		  <include condition="Skin.String(ButtonsDesign,4)">ButtonsDesign4_bevel</include>
          <texture>buttons/effects/bevel.png</texture>
		  <visible>!Skin.HasSetting(BevelButton)</visible>
        </control>
		<control type="image" description="מסגרת (Stroke)">
          <posx>30</posx>
          <posy>30</posy>
          <width>156</width>
          <height>90</height>
          <include condition="!Skin.String(ButtonsDesign)">ButtonsDesign_stroke</include>
		  <include condition="Skin.String(ButtonsDesign,0)">ButtonsDesign0_stroke</include>
		  <include condition="Skin.String(ButtonsDesign,1)">ButtonsDesign1_stroke</include>
		  <include condition="Skin.String(ButtonsDesign,2)">ButtonsDesign2_stroke</include>
		  <include condition="Skin.String(ButtonsDesign,3)">ButtonsDesign3_stroke</include>
		  <include condition="Skin.String(ButtonsDesign,4)">ButtonsDesign4_stroke</include>
		  <texture>buttons/effects/stroke.png</texture>
		  <visible>Skin.HasSetting(StrokeButton)</visible>
        </control>
		<include name="Buttons_Icon" description="סמל">
			<param name="color" value="$VAR[IconUnFocusColor]" />
			<param name="height" value="60" />
			<param name="posx" value="30" />
			<param name="posy" value="45" />
			<param name="width" value="156" />
			
			<param name="condition" value="!Skin.HasSetting(BigHomeIcons)" description="" />
			<param name="type0" value="true" description="UnFocus" />
			<param name="type1" value="false" description="Focus" />
		</include>
		<control type="image" description="OFF">
          <aspectratio>keep</aspectratio>
		  <height>90</height>
		  <posx>30</posx>
          <posy>30</posy>
		  <texture>misc/help/off.png</texture>
		  <visible>Window.IsVisible(CustomHomeCustomizer.xml) + !IsEmpty(ListItem.Property(off))</visible>
		  <width>156</width>
        </control>
		<control type="image" description="תפריט משני">
		  <include>Fade_SubMenuMarkOverlay</include>
		  <height>90</height>
		  <posx>30</posx>
          <posy>32</posy>
		  <include condition="!Skin.String(ButtonsDesign)">ButtonsDesign_sub</include>
		  <include condition="Skin.String(ButtonsDesign,0)">ButtonsDesign0_sub</include>
		  <include condition="Skin.String(ButtonsDesign,1)">ButtonsDesign1_sub</include>
		  <include condition="Skin.String(ButtonsDesign,2)">ButtonsDesign2_sub</include>
		  <include condition="Skin.String(ButtonsDesign,3)">ButtonsDesign3_sub</include>
		  <include condition="Skin.String(ButtonsDesign,4)">ButtonsDesign4_sub</include>
		  <texture colordiffuse="$VAR[SubMenuMarkColor]">buttons/effects/sub.png</texture>
		  <visible>!IsEmpty(ListItem.Property(sub))</visible>
		  <width>310</width>
        </control>
        <control type="label" description="כותרת">
		  <include>Slide_MenuDesign_Home_Labels</include>
		  <include>Fade_IconOverlayButton</include>
          <textcolor>$VAR[IconUnFocusColor]</textcolor>
		  <include>LabelC1</include>
		  <posx>35</posx>
          <posy>170</posy>
          <width>150</width>
          <height>24</height>
          <label>[B]$INFO[ListItem.Label][/B]</label>
		  <shadowcolor>black</shadowcolor>
        </control>
	  </control>
    </itemlayout>
    <focusedlayout height="115" width="184">
	  <control type="group">
		<include>MenuDesign_Home_itemlayout</include>
		<include name="Buttons_Color" description="צבע">
			<param name="height" value="90" />
			<param name="posx" value="30" />
			<param name="posy" value="30" />
			<param name="width" value="156" />
		</include>
		<include name="Buttons_Icon" description="סמלים גדולים">
			<param name="color" value="" />
			<param name="height" value="90" />
			<param name="posx" value="30" />
			<param name="posy" value="30" />
			<param name="width" value="156" />
			
			<param name="condition" value="Skin.HasSetting(BigHomeIcons)" description="" />
			<param name="type0" value="true" description="UnFocus" />
			<param name="type1" value="false" description="Focus" />
		</include>
		<control type="image" description="אלמנט כפתור לא נבחר">
          <posx>30</posx>
          <posy>30</posy>
          <width>156</width>
          <height>90</height>
          <texture>buttons/effects/black2.png</texture>
		  <visible>Skin.String(ElementUButton)</visible>
        </control>
		<control type="image" description="צללית">
		  <posx>30</posx>
          <posy>30</posy>
          <width>156</width>
          <height>90</height>
		  <include condition="!Skin.String(ButtonsDesign)">ButtonsDesign_shadow</include>
		  <include condition="Skin.String(ButtonsDesign,0)">ButtonsDesign0_shadow</include>
		  <include condition="Skin.String(ButtonsDesign,1)">ButtonsDesign1_shadow</include>
		  <include condition="Skin.String(ButtonsDesign,2)">ButtonsDesign2_shadow</include>
		  <include condition="Skin.String(ButtonsDesign,3)">ButtonsDesign3_shadow</include>
		  <include condition="Skin.String(ButtonsDesign,4)">ButtonsDesign4_shadow</include>
          <texture>buttons/effects/shadow.png</texture>
		  <visible>Skin.HasSetting(ShadowButton)</visible>
        </control>
		<control type="image" description="שקופית">
          <posx>30</posx>
          <posy>30</posy>
          <width>156</width>
          <height>90</height>
		  <include condition="!Skin.String(ButtonsDesign)">ButtonsDesign_gardient</include>
		  <include condition="Skin.String(ButtonsDesign,0)">ButtonsDesign0_gardient</include>
		  <include condition="Skin.String(ButtonsDesign,1)">ButtonsDesign1_gardient</include>
		  <include condition="Skin.String(ButtonsDesign,2)">ButtonsDesign2_gardient</include>
		  <include condition="Skin.String(ButtonsDesign,3)">ButtonsDesign3_gardient</include>
		  <include condition="Skin.String(ButtonsDesign,4)">ButtonsDesign4_gardient</include>
          <texture>buttons/effects/gardient.png</texture>
		  <visible>!Skin.HasSetting(OverlayButton)</visible>
        </control>
		<control type="image" description="שפוע Bevel">
          <posx>30</posx>
          <posy>30</posy>
          <width>156</width>
          <height>90</height>
		  <include condition="!Skin.String(ButtonsDesign)">ButtonsDesign_bevel</include>
		  <include condition="Skin.String(ButtonsDesign,0)">ButtonsDesign0_bevel</include>
		  <include condition="Skin.String(ButtonsDesign,1)">ButtonsDesign1_bevel</include>
		  <include condition="Skin.String(ButtonsDesign,2)">ButtonsDesign2_bevel</include>
		  <include condition="Skin.String(ButtonsDesign,3)">ButtonsDesign3_bevel</include>
		  <include condition="Skin.String(ButtonsDesign,4)">ButtonsDesign4_bevel</include>
          <texture>buttons/effects/bevel.png</texture>
		  <visible>!Skin.HasSetting(BevelButton)</visible>
        </control>
		<control type="image" description="מסגרת (Stroke)">
          <posx>30</posx>
          <posy>30</posy>
          <width>156</width>
          <height>90</height>
          <include condition="!Skin.String(ButtonsDesign)">ButtonsDesign_stroke</include>
		  <include condition="Skin.String(ButtonsDesign,0)">ButtonsDesign0_stroke</include>
		  <include condition="Skin.String(ButtonsDesign,1)">ButtonsDesign1_stroke</include>
		  <include condition="Skin.String(ButtonsDesign,2)">ButtonsDesign2_stroke</include>
		  <include condition="Skin.String(ButtonsDesign,3)">ButtonsDesign3_stroke</include>
		  <include condition="Skin.String(ButtonsDesign,4)">ButtonsDesign4_stroke</include>
		  <texture>buttons/effects/stroke.png</texture>
		  <visible>Skin.HasSetting(StrokeButton)</visible>
        </control>
		<include name="Buttons_Icon" description="סמל">
			<param name="color" value="$VAR[IconUnFocusColor]" />
			<param name="height" value="60" />
			<param name="posx" value="30" />
			<param name="posy" value="45" />
			<param name="width" value="156" />
			
			<param name="condition" value="!Skin.HasSetting(BigHomeIcons)" description="" />
			<param name="type0" value="true" description="UnFocus" />
			<param name="type1" value="false" description="Focus" />
		</include>
		<control type="image" description="OFF">
          <aspectratio>keep</aspectratio>
		  <height>90</height>
		  <posx>30</posx>
          <posy>30</posy>
		  <texture>misc/help/off.png</texture>
		  <visible>Window.IsVisible(CustomHomeCustomizer.xml) + !IsEmpty(ListItem.Property(off))</visible>
		  <width>156</width>
        </control>
		<include>LockButtons</include>
		<control type="image" description="תפריט משני">
		  <include>Fade_SubMenuMarkOverlay</include>
		  <height>90</height>
		  <posx>30</posx>
          <posy>32</posy>
		  <include condition="!Skin.String(ButtonsDesign)">ButtonsDesign_sub</include>
		  <include condition="Skin.String(ButtonsDesign,0)">ButtonsDesign0_sub</include>
		  <include condition="Skin.String(ButtonsDesign,1)">ButtonsDesign1_sub</include>
		  <include condition="Skin.String(ButtonsDesign,2)">ButtonsDesign2_sub</include>
		  <include condition="Skin.String(ButtonsDesign,3)">ButtonsDesign3_sub</include>
		  <include condition="Skin.String(ButtonsDesign,4)">ButtonsDesign4_sub</include>
		  <texture colordiffuse="$VAR[SubMenuMarkColor]">buttons/effects/sub.png</texture>
		  <visible>!IsEmpty(ListItem.Property(sub))</visible>
		  <width>310</width>
        </control>
        <control type="label" description="כותרת">
		  <include>Slide_MenuDesign_Home_Labels</include>
		  <include>Fade_IconOverlayButton</include>
          <textcolor>$VAR[IconUnFocusColor]</textcolor>
		  <include>LabelC1</include>
		  <posx>35</posx>
          <posy>170</posy>
          <width>150</width>
          <height>24</height>
          <label>[B]$INFO[ListItem.Label][/B]</label>
		  <shadowcolor>black</shadowcolor>
        </control>
	  </control>
    </focusedlayout>
  </include>  
</includes>
