<?xml version="1.0" encoding="UTF-8"?>
<includes>
  <include name="ArrowsLeftRight">
    <control type="group" description="סמן חץ ימינה">
	    <animation condition="Window.IsVisible(SettingsCategory.xml)" effect="slide" start="0,0" end="100,0" time="0">Conditional</animation>
		<animation condition="Window.IsVisible(DialogVideoInfo.xml) + ControlGroup(22).HasFocus" effect="slide" start="0,0" end="-938,22" time="0">Conditional</animation>
		<animation condition="Window.IsVisible(DialogVideoInfo.xml) + Container(50).HasFocus + !ControlGroup(22).HasFocus" effect="slide" start="0,0" end="400,730" time="0">Conditional</animation>
		<animation condition="Window.IsVisible(DialogVideoInfo.xml) + Container(51).HasFocus + !ControlGroup(22).HasFocus" effect="slide" start="0,0" end="400,730" time="0">Conditional</animation>
		<animation condition="Window.IsVisible(Settings.xml) | Window.IsVisible(SkinSettings.xml) | Window.IsVisible(Custom1173.xml) | Window.IsVisible(SettingsSystemInfo.xml)" effect="slide" start="0,0" end="0,77" time="0">Conditional</animation>
		<include>Fade4</include>
		<visible>[Control.IsVisible(100) + Container(100).HasNext] | !Control.IsVisible(100)</visible>
		<visible>Window.IsVisible(DialogVideoInfo.xml) + ControlGroup(22).HasFocus + Container(22).HasNext | !ControlGroup(22).HasFocus</visible>
		<visible>[Container(50).HasFocus + Container(50).HasNext] | [Container(51).HasFocus + Container(51).HasNext] | !Window.IsVisible(DialogVideoInfo.xml) + !Container(50).HasFocus + !Container(51).HasFocus | Window.IsVisible(DialogVideoInfo.xml) + ControlGroup(22).HasFocus</visible>
		<visible>[Control.IsVisible(3) + Container(3).HasNext] | !Control.IsVisible(3) | Window.IsVisible(SettingsSystemInfo.xml)</visible>
		<posx>1450</posx>
		<posy>87</posy>
		<control type="image" description="לא נבחר">
		  <width>40</width>
		  <height>40</height>
		  <texture border="0">images/ArrowNF.png</texture>
		  <visible>[Control.IsVisible(100) + !Container(100).Position(3)] | !Control.IsVisible(100)</visible>
		  <visible>[Control.IsVisible(3) + !Container(3).Position(3)] | !Control.IsVisible(3) | Window.IsVisible(SettingsSystemInfo.xml)</visible>
		  <visible>Window.IsVisible(DialogVideoInfo.xml) + [Container(50).HasFocus + !Container(50).Position(4)] | !Container(50).HasFocus | ControlGroup(22).HasFocus</visible>
		  <visible>Window.IsVisible(DialogVideoInfo.xml) + [Container(51).HasFocus + !Container(51).Position(4)] | !Container(51).HasFocus | ControlGroup(22).HasFocus</visible>
		  <visible>!Control.IsVisible(2051)</visible>
		</control>
		<control type="image" id="2051" description="נבחר">
		  <width>40</width>
		  <height>40</height>
		  <texture border="0">images/ArrowFO.png</texture>
		  <visible>[Control.IsVisible(100) + Container(100).Position(3)] | !Control.IsVisible(100)</visible>
		  <visible>Window.IsVisible(DialogVideoInfo.xml) + [Container(50).HasFocus + Container(50).Position(4)] | !Container(50).HasFocus</visible>
		  <visible>Window.IsVisible(DialogVideoInfo.xml) + [Container(51).HasFocus + Container(51).Position(4)] | !Container(51).HasFocus</visible>
		  <visible>!ControlGroup(22).HasFocus</visible>
		  <visible>!Control.IsVisible(3) | Window.IsVisible(SettingsSystemInfo.xml)</visible>
		</control>
	</control>
	
	<control type="group" description="סמן חץ שמאלה">
		<animation condition="Window.IsVisible(SettingsCategory.xml)" effect="slide" start="0,0" end="-100,0" time="0">Conditional</animation>
		<animation condition="Window.IsVisible(DialogVideoInfo.xml) + ControlGroup(22).HasFocus" effect="slide" start="0,0" end="-434,22" time="0">Conditional</animation>
		<animation condition="Window.IsVisible(DialogVideoInfo.xml) + Container(50).HasFocus + !ControlGroup(22).HasFocus" effect="slide" start="0,0" end="-1060,380" time="0">Conditional</animation>
		<animation condition="Window.IsVisible(DialogVideoInfo.xml) + Container(51).HasFocus + !ControlGroup(22).HasFocus" effect="slide" start="0,0" end="-1060,380" time="0">Conditional</animation>
		<animation condition="Window.IsVisible(Settings.xml) | Window.IsVisible(SkinSettings.xml) | Window.IsVisible(Custom1173.xml) | Window.IsVisible(SettingsSystemInfo.xml)" effect="slide" start="0,0" end="0,77" time="0">Conditional</animation>
		<include>Fade4</include>
		<visible>[Control.IsVisible(100) + Container(100).HasPrevious] | !Control.IsVisible(100)</visible>
		<visible>Window.IsVisible(DialogVideoInfo.xml) + ControlGroup(22).HasFocus + Container(22).HasPrevious | !ControlGroup(22).HasFocus</visible>
		<visible>Container(50).HasFocus + Container(50).HasPrevious | !Window.IsVisible(DialogVideoInfo.xml) + !Container(50).HasFocus | Window.IsVisible(DialogVideoInfo.xml) + ControlGroup(22).HasFocus</visible>
		<visible>[Container(50).HasFocus + Container(50).HasPrevious] | [Container(51).HasFocus + Container(51).HasPrevious] | !Window.IsVisible(DialogVideoInfo.xml) + !Container(50).HasFocus + !Container(51).HasFocus | Window.IsVisible(DialogVideoInfo.xml) + ControlGroup(22).HasFocus</visible>
		<visible>[Control.IsVisible(3) + Container(3).HasPrevious] | !Control.IsVisible(3) | Window.IsVisible(SettingsSystemInfo.xml)</visible>
		<posx>430</posx>
		<posy>85</posy>
		<control type="image" description="לא נבחר">
		  <width>40</width>
		  <height>40</height>
		  <texture border="0">images/Arrow2NF.png</texture>
		  <visible>[Control.IsVisible(100) + !Container(100).Position(0)] | !Control.IsVisible(100)</visible>
		  <visible>[Control.IsVisible(3) + !Container(3).Position(0)] | !Control.IsVisible(3) | Window.IsVisible(SettingsSystemInfo.xml)</visible>
		  <visible>Window.IsVisible(DialogVideoInfo.xml) + [Container(50).HasFocus + !Container(50).Position(0)] | !Container(50).HasFocus | ControlGroup(22).HasFocus</visible>
		  <visible>Window.IsVisible(DialogVideoInfo.xml) + [Container(51).HasFocus + !Container(51).Position(0)] | !Container(51).HasFocus | ControlGroup(22).HasFocus</visible>
		  <visible>!Control.IsVisible(2052)</visible>
		</control>
		<control type="image" id="2052" description="נבחר">
		  <width>40</width>
		  <height>40</height>
		  <texture border="0">images/Arrow2FO.png</texture>
		  <visible>[Control.IsVisible(100) + Container(100).Position(0)] | !Control.IsVisible(100)</visible>
		  <visible>Window.IsVisible(DialogVideoInfo.xml) + [Container(50).HasFocus + Container(50).Position(0)] | !Container(50).HasFocus</visible>
		  <visible>Window.IsVisible(DialogVideoInfo.xml) + [Container(51).HasFocus + Container(51).Position(0)] | !Container(51).HasFocus</visible>
		  <visible>!ControlGroup(22).HasFocus</visible>
		  <visible>!Control.IsVisible(3) | Window.IsVisible(SettingsSystemInfo.xml)</visible>
		</control>
	</control>
  </include>
  
  <include name="MenuDesign_TopSettings" description="לשוניות">
    <include>ArrowsLeftRight</include>

	<include content="MenuBackground">
		<param name="border" value="35" />
		<param name="color" value="$VAR[MenuColor]" />
		<param name="height" value="81" />
		<param name="posx" value="460" />
		<param name="posy" value="142" />
		<param name="width" value="1005" />
		<param name="condition" value="!Skin.HasSetting(MenuBackground)"/>
		
		<param name="type0" value="true" description="MenuBackground"/>
		<param name="type1" value="false" description="DialogBackground"/>
    </include>
	
    <control type="list" id="100" description="TopMenu">
	  <posx>460</posx>
	  <posy>122</posy>
	  <align>center</align>
	  <height>100</height>
	  <itemgap>5</itemgap>
	  <onup condition="!Window.IsVisible(CustomHomeCustomizer.xml) + Control.IsVisible(7011)">7017</onup>
	  <onup condition="!Window.IsVisible(CustomHomeCustomizer.xml) + Player.HasAudio">ActivateWindow(12901)</onup>
	  <onleft>noop</onleft>
	  <onright>noop</onright>
	  <ondown>50</ondown>
	  <preloaditems>2</preloaditems>
	  <pagecontrol>60</pagecontrol>	  
	  <scrolltime tween="sine" easing="inout">220</scrolltime>
	  <orientation>horizontal</orientation>
	  <width>1000</width>
	  <itemlayout width="250" height="70">
	    <control type="group">
		    <animation condition="[Control.IsVisible(50) + !String.IsEmpty(Container(50).ListItemNoWrap(0).Property(rinfo))] + !Container(50).OnNext + !Container(50).OnPrevious + !Container(100).OnPrevious + !Container(100).OnNext" effect="fade" start="100" end="10" delay="3000" time="220" reversible="true">Conditional</animation>

			<include content="Buttons_Frame">
				<param name="id" value="" />
				<param name="border" value="40" />
				<param name="color" value="$VAR[ButtonUnFocusColor]" />
				<param name="height" value="80" />
				<param name="posx" value="0" />
				<param name="posy" value="20" />
				<param name="width" value="250" />
			</include>
			<control type="label" description="שם">
			  <include>LabelC3</include>
			  <posx>10</posx>
			  <posy>20</posy>
			  <width>230</width>
			  <height>75</height>
			  <label>$INFO[ListItem.Label]</label>
			  <visible>!String.IsEmpty(ListItem.Label)</visible>
			</control>
		</control>
	  </itemlayout>
	  <focusedlayout height="75" width="250">
		<include content="Buttons_Frame">
			<param name="id" value="" />
			<param name="border" value="40" />
			<param name="color" value="$VAR[ButtonFocusColor]" />
			<param name="height" value="80" />
			<param name="posx" value="0" />
			<param name="posy" value="20" />
			<param name="width" value="250" />
		</include>
		<control type="label" description="שם">
		  <textcolor>yellow</textcolor>
		  <include>LabelC3</include>
		  <posx>10</posx>
		  <posy>20</posy>
		  <width>230</width>
		  <height>75</height>
		  <scroll>true</scroll>
		  <label>$INFO[ListItem.Label]</label>
		  <visible>!String.IsEmpty(ListItem.Label)</visible>
		</control>
	  </focusedlayout>
	  <content>
	    <include condition="Window.IsVisible(Custom1173.xml)">Content_Custom1173_100</include>
	    <include condition="Window.IsVisible(Settings.xml)">Content_Settings_100</include>
		<include condition="Window.IsVisible(Custom1170.xml)">Content_Custom1170_100</include>
		<include condition="Window.IsVisible(Custom1172.xml)">Content_Custom1172_100</include>
		<include condition="Window.IsVisible(SkinSettings.xml)">Content_SkinSettings_100</include>
		
	  </content>
	</control>
  </include>
  
  <include name="MenuDesign_TopSettings_" description="לשוניות">
    <include>ArrowsLeftRight</include>

	<include content="MenuBackground">
		<param name="border" value="35" />
		<param name="color" value="$VAR[MenuColor]" />
		<param name="height" value="81" />
		<param name="posx" value="460" />
		<param name="posy" value="142" />
		<param name="width" value="1005" />
		<param name="condition" value="!Skin.HasSetting(MenuBackground)"/>
		
		<param name="type0" value="true" description="MenuBackground"/>
		<param name="type1" value="false" description="DialogBackground"/>
    </include>
	
    <control type="grouplist" id="100" description="TopMenu">
	  
	  <posx>460</posx>
	  <posy>142</posy>
	  <align>center</align>
	  <height>100</height>
	  <itemgap>5</itemgap>
	  <onup condition="!Window.IsVisible(CustomHomeCustomizer.xml) + Control.IsVisible(7011)">7017</onup>
	  <onup condition="!Window.IsVisible(CustomHomeCustomizer.xml) + Player.HasAudio">ActivateWindow(12901)</onup>
	  <onleft>noop</onleft>
	  <onright>noop</onright>
	  <ondown>50</ondown>
	  <preloaditems>2</preloaditems>
	  <pagecontrol>60</pagecontrol>	  
	  <scrolltime tween="sine" easing="inout">220</scrolltime>
	  <orientation>horizontal</orientation>
	  <width>1000</width>

	  <include condition="Window.IsVisible(SettingsSystemInfo.xml)">Content_SettingsSystemInfo_100</include>
	  
	</control>

  </include>

  <include name="ArrowsUpDown">
    <control type="group" description="סמן חץ למעלה">
		<animation condition="Control.IsVisible(9005)" effect="slide" start="0,0" end="-733,-152" time="0">Conditional</animation>
		<animation condition="Control.IsVisible(56)" effect="slide" start="0,0" end="-12.5,0" time="0">Conditional</animation>
		<animation condition="Window.IsVisible(SettingsCategory.xml)" effect="slide" start="0,0" end="0,-15" time="0">Conditional</animation>
		<animation condition="Window.IsVisible(Settings.xml) | Window.IsVisible(SkinSettings.xml)" effect="slide" start="0,0" end="0,66" time="0">Conditional</animation>
		<animation condition="Window.IsVisible(Custom1173.xml)" effect="slide" start="0,0" end="0,75" time="0">Conditional</animation>
		<visible>[Control.IsVisible(50) + Container(50).HasPrevious] | !Control.IsVisible(50)</visible>
		<visible>[Control.IsVisible(5) + Container(5).HasPrevious] | !Control.IsVisible(5)</visible>
		<visible>[Control.IsVisible(450) + Container(450).HasPrevious] | !Control.IsVisible(450)</visible>
		<visible>[Control.IsVisible(9005) + Container(9005).HasPrevious] | !Control.IsVisible(9005)</visible>
		<visible>[Control.IsVisible(56) + Container(56).HasPrevious] | !Control.IsVisible(56)</visible>
		<include>Fade4</include>
		<posx>950</posx>
		<posy>155</posy>
		<control type="image" description="לא נבחר">
		  <width>40</width>
		  <height>40</height>
		  <texture border="0">images/Arrow3NF.png</texture>
		  <visible>[Control.IsVisible(50) + !Container(50).Position(0)] | !Control.IsVisible(50)</visible>
		  <visible>[Control.IsVisible(5) + [!Container(5).Position(0) | ControlGroup(5).HasFocus]] | !Control.IsVisible(5)</visible>
		  <visible>[Control.IsVisible(450) + !Container(450).Position(0)] | !Control.IsVisible(450)</visible>
		  <visible>[Control.IsVisible(9005) + !Container(9005).Position(0)] | !Control.IsVisible(9005)</visible>
		  <visible>[Control.IsVisible(56) + !Container(56).Position(0)] | !Control.IsVisible(56)</visible>
		</control>
		<control type="image" description="נבחר">
		  <width>40</width>
		  <height>40</height>
		  <texture border="0">images/Arrow3FO.png</texture>
		  <visible>[Control.IsVisible(50) + Container(50).Position(0)] | !Control.IsVisible(50)</visible>
		  <visible>[Control.IsVisible(5) + Container(5).Position(0)] | !Control.IsVisible(5)</visible>
		  <visible>[Control.IsVisible(450) + Container(450).Position(0)] | !Control.IsVisible(450)</visible>
		  <visible>[Control.IsVisible(9005) + Container(9005).Position(0)] | !Control.IsVisible(9005)</visible>
		  <visible>[Control.IsVisible(56) + Container(56).Position(0)] | !Control.IsVisible(56)</visible>
		</control>
	</control>
	
	<control type="group" description="סמן חץ למטה">
		<animation condition="Window.IsVisible(Custom1173.xml)" effect="slide" start="0,0" end="0,-424" time="0">Conditional</animation>
		<animation condition="Control.IsVisible(9005)" effect="slide" start="0,0" end="-733,-670" time="0">Conditional</animation>
		<animation condition="Control.IsVisible(56)" effect="slide" start="0,0" end="-12.5,0" time="0">Conditional</animation>
		<animation condition="Window.IsVisible(SettingsCategory.xml)" effect="slide" start="0,0" end="0,-90" time="0">Conditional</animation>
		<animation condition="Window.IsVisible(Settings.xml) | Window.IsVisible(SkinSettings.xml)" effect="slide" start="0,0" end="0,-12" time="0">Conditional</animation>
		<include>Fade4</include>
		<visible>[Control.IsVisible(50) + Container(50).HasNext] | !Control.IsVisible(50)</visible>
		<visible>[Control.IsVisible(5) + Container(5).HasNext] | !Control.IsVisible(5)</visible>
		<visible>[Control.IsVisible(450) + Container(450).HasNext] | !Control.IsVisible(450)</visible>
		<visible>[Control.IsVisible(9005) + Container(9005).HasNext] | !Control.IsVisible(9005)</visible>
		<visible>[Control.IsVisible(56) + Container(56).HasNext] | !Control.IsVisible(56)</visible>
		<posx>950</posx>
		<posy>1040</posy>
		<control type="image" description="לא נבחר">
		  <width>40</width>
		  <height>40</height>
		  <texture border="0">images/Arrow4NF.png</texture>
		  <visible>[Control.IsVisible(50) + !Container(50).Position(9)] | !Control.IsVisible(50)</visible>
		  <visible>[Window.IsVisible(Custom1173.xml) + !Container(50).Position(4)] | !Window.IsVisible(Custom1173.xml)</visible>
		  <visible>[Control.IsVisible(5) + !Container(5).Position(9)] | !Control.IsVisible(5)</visible>
		  <visible>[Control.IsVisible(450) + !Container(450).Position(9)] | !Control.IsVisible(450)</visible>
		  <visible>[Control.IsVisible(9005) + !Container(9005).Position(4)] | !Control.IsVisible(9005)</visible>
		  <visible>[Control.IsVisible(56) + !Container(56).Position(7)] | !Control.IsVisible(56)</visible>
		</control>
		<control type="image" description="נבחר">
		  <width>40</width>
		  <height>40</height>
		  <texture border="0">images/Arrow4FO.png</texture>
		  <visible>[Control.IsVisible(50) + Container(50).Position(9)] | !Control.IsVisible(50) | Window.IsVisible(Custom1173.xml)</visible>
		  <visible>[Window.IsVisible(Custom1173.xml) + Container(50).Position(4)] | !Window.IsVisible(Custom1173.xml)</visible>
		  <visible>[Control.IsVisible(5) + Container(5).Position(9)] | !Control.IsVisible(5)</visible>
		  <visible>[Control.IsVisible(450) + Container(450).Position(9)] | !Control.IsVisible(450)</visible>
		  <visible>[Control.IsVisible(9005) + Container(9005).Position(4)] | !Control.IsVisible(9005)</visible>
		  <visible>[Control.IsVisible(56) + Container(56).Position(7)] | !Control.IsVisible(56)</visible>
		</control>
	</control>
	
  </include>

  <include name="MenuDesign_Settings_height2">
	<height>355</height>
  </include>
  <include name="MenuDesign_Settings" description="Panel_Full">
	<control type="group">
		<animation condition="Window.IsVisible(Custom1173.xml)" effect="zoom" center="960,170" start="100,82" end="100,82" time="0">Conditional</animation>

		<include content="MenuBackground" condition="!Window.IsVisible(Custom1173.xml)">
			<param name="border" value="40" />
			<param name="color" value="$VAR[MenuColor]" />
			<param name="height" value="809" />
			<param name="posx" value="460" />
			<param name="posy" value="218" />
			<param name="width" value="1005" />
			
			<param name="condition" value="!Skin.HasSetting(MenuBackground)"/>
		</include>
		<include content="MenuBackground" condition="Window.IsVisible(Custom1173.xml)">
			<param name="border" value="40" />
			<param name="color" value="$VAR[MenuColor]" />
			<param name="height" value="392" />
			<param name="posx" value="460" />
			<param name="posy" value="230" />
			<param name="width" value="1005" />
			
			<param name="condition" value="!Skin.HasSetting(MenuBackground)"/>
		</include>
		
		
		<control type="panel" id="50">
		  <animation condition="Window.IsVisible(Custom1173.xml)" effect="slide" start="0,0" end="0,15" time="0">Conditional</animation>
		  <posx>20</posx>
		  <posy>250</posy>
		  <width>1840</width>
		  <include condition="Window.IsVisible(Custom1173.xml)">MenuDesign_Settings_height2</include>
		  <height>775</height>
		  <include>4ways4</include>
		  <preloaditems>2</preloaditems>	  
		  <scrolltime tween="sine" easing="inout">220</scrolltime>
		  <pagecontrol>60</pagecontrol>
		  <include>MenuDesign_Settings_Layout</include>
		  <content>
			<include condition="Window.IsVisible(Settings.xml)">Content_Settings_50</include>
			<include condition="Window.IsVisible(Custom1173.xml)">Content_Custom1173_50</include>
			<include condition="Window.IsVisible(SkinSettings.xml)">Content_SkinSettings_50</include>
		  </content>
		</control>
		<include>ArrowsUpDown</include>
	</control>
    
  </include>
  
  <include name="MenuDesign_Settings_" description="Panel_Full">
	<control type="group">
		<animation condition="Window.IsVisible(Custom1173.xml)" effect="zoom" center="960,170" start="100,82" end="100,82" time="0">Conditional</animation>

		<include content="MenuBackground" condition="!Window.IsVisible(Custom1173.xml)">
			<param name="border" value="40" />
			<param name="color" value="$VAR[MenuColor]" />
			<param name="height" value="809" />
			<param name="posx" value="460" />
			<param name="posy" value="218" />
			<param name="width" value="1005" />
			
			<param name="condition" value="!Skin.HasSetting(MenuBackground)"/>
		</include>
		<include content="MenuBackground" condition="Window.IsVisible(Custom1173.xml)">
			<param name="border" value="40" />
			<param name="color" value="$VAR[MenuColor]" />
			<param name="height" value="392" />
			<param name="posx" value="460" />
			<param name="posy" value="230" />
			<param name="width" value="1005" />
			
			<param name="condition" value="!Skin.HasSetting(MenuBackground)"/>
		</include>
		
		
		<control type="grouplist" id="50">
		  <animation condition="Window.IsVisible(Custom1173.xml)" effect="slide" start="0,0" end="0,15" time="0">Conditional</animation>
		  <posx>490</posx>
		  <posy>250</posy>
		  <width>940</width>
		  <include condition="Window.IsVisible(Custom1173.xml)">MenuDesign_Settings_height2</include>
		  <height>775</height>
		  <include>4ways4</include>
		  <preloaditems>2</preloaditems>	  
		  <scrolltime tween="sine" easing="inout">220</scrolltime>
		  <pagecontrol>60</pagecontrol>
		  
		  <include condition="Window.IsVisible(SettingsSystemInfo.xml)">Content_SettingsSystemInfo_50</include>
		</control>
		<include>ArrowsUpDown</include>
	</control>
    
  </include>

  <include name="MenuDesign_Settings_Layout">
	  <itemlayout description="(כללי)" height="70" width="1460">
		<include content="Buttons_Frame">
			<param name="id" value="" />
			<param name="border" value="35" />
			<param name="color" value="$VAR[ButtonUnFocusColor]" />
			<param name="height" value="75" />
			<param name="posx" value="440" />
			<param name="posy" value="0" />
			<param name="width" value="1000" />
		</include>
		<include content="Buttons_Frame" description="מסגרת נתון">
			<param name="id" value="" />
			<param name="border" value="35" />
			<param name="color" value="$VAR[ButtonUnFocusColor]" />
			<param name="height" value="75" />
			<param name="posx" value="500" />
			<param name="posy" value="0" />
			<param name="width" value="200" />
			
			<param name="condition" value="!Skin.HasSetting(2DButton2)"/>
			<param name="bevel" value="false"/>
			<param name="overlay" value="false"/>
			<param name="shadow" value="false"/>
			<param name="stroke" value="true"/>
		</include>

		<control type="image" description="מסגרת תמונה">
		  <posx>1380</posx>
		  <posy>19</posy>
		  <width>40</width>
		  <height>40</height>
		  <texture>$INFO[ListItem.Thumb]</texture>
		  <visible>!String.IsEmpty(ListItem.Thumb)</visible>
		</control>
		<control type="image" description="סמן מידע">
		  <posx>460</posx>
		  <posy>19</posy>
		  <width>40</width>
		  <height>40</height>
		  <texture background="true" colordiffuse="$VAR[IconUnFocusColor]">special://home/addons/script.featherence.service/resources/icons/information.png</texture>
		  <visible>!String.IsEmpty(ListItem.Property(rinfo))</visible>
		</control>
		<control type="label" description="שם">
		  <include condition="String.IsEqual(System.Language,Hebrew)">LabelR1</include>
		  <include condition="!String.IsEqual(System.Language,Hebrew)">LabelL1</include>
		  <posx>700</posx>
		  <posy>2</posy>
		  <width>675</width>
		  <height>70</height>
		  <label>$INFO[ListItem.Label]</label>
		  <visible>!String.IsEmpty(ListItem.Label)</visible>
		</control>
		<control type="label" description="נתון">
		  <align>center</align>
		  <aligny>center</aligny>
		  <textcolor>grey</textcolor>
		  <shadowcolor>black</shadowcolor>
		  <include>LabelC2</include>
		  <posx>525</posx>
		  <posy>2</posy>
		  <width>150</width>
		  <height>70</height>
		  <label>$INFO[ListItem.Label2]</label>
		  <visible>!String.IsEmpty(ListItem.Label2)</visible>
		</control>  				
	  </itemlayout>
	  <focusedlayout description="(כללי)" height="70" width="1460">
		
		<include content="Buttons_Frame" description="רקע כפתור">
			<param name="id" value="" />
			<param name="border" value="35" />
			<param name="color" value="$VAR[ButtonFocusColor]" />
			<param name="height" value="75" />
			<param name="posx" value="440" />
			<param name="posy" value="0" />
			<param name="width" value="1000" />
		</include>
		<include content="Buttons_Frame" description="רקע נתון">
			<param name="id" value="" />
			<param name="border" value="35" />
			<param name="color" value="$VAR[ButtonFocusColor]" />
			<param name="height" value="75" />
			<param name="posx" value="500" />
			<param name="posy" value="0" />
			<param name="width" value="200" />
			
			<param name="condition" value="!Skin.HasSetting(2DButton2)"/>
			<param name="bevel" value="false"/>
			<param name="overlay" value="false"/>
			<param name="shadow" value="false"/>
			<param name="stroke" value="true"/>
		</include>
		<control type="image" description="מסגרת תמונה">
		  <posx>1380</posx>
		  <posy>19</posy>
		  <width>40</width>
		  <height>40</height>
		  <texture>$INFO[ListItem.Thumb]</texture>
		  <visible>!String.IsEmpty(ListItem.Thumb)</visible>
		</control>
		<control type="image" description="סמן מידע">
		  <posx>460</posx>
		  <posy>19</posy>
		  <width>40</width>
		  <height>40</height>
		  <texture background="true" colordiffuse="$VAR[IconFocusColor]">special://home/addons/script.featherence.service/resources/icons/information.png</texture>
		  <visible>!String.IsEmpty(ListItem.Property(rinfo))</visible>
		</control>
		<control type="label" description="שם">
		  <textcolor>yellow</textcolor>
		  <include condition="String.IsEqual(System.Language,Hebrew)">LabelR1</include>
		  <include condition="!String.IsEqual(System.Language,Hebrew)">LabelL1</include>
		  <posx>700</posx>
		  <posy>2</posy>
		  <width>675</width>
		  <height>70</height>
		  <scroll>true</scroll>
		  <label>$INFO[ListItem.Label]</label>
		  <visible>!String.IsEmpty(ListItem.Label)</visible>
		</control>
		<control type="label" description="נתון">
		  <align>center</align>
		  <aligny>center</aligny>
		  <textcolor>yellow</textcolor>
		  <include>LabelC2</include>
		  <posx>525</posx>
		  <posy>2</posy>
		  <width>150</width>
		  <height>70</height>
		  <scroll>true</scroll>
		  <label>$INFO[ListItem.Label2]</label>
		  <visible>!String.IsEmpty(ListItem.Label2)</visible>
		</control>
	  </focusedlayout>
  </include>
  
  <include name="DialogPVRTimerSettings">
	<control type="image">
	  <description>background image</description>
	  <posx>230</posx>
	  <posy>0</posy>
	  <width>1460</width>
	  <height>1080</height>
	  <texture border="20" colordiffuse="$VAR[MenuColor]">buttons/types/bd.png</texture>
	  <visible>![Window.IsVisible(FullscreenVideo) | Window.IsVisible(Visualisation)]</visible>
	</control>
	<control type="label" id="2">
	  <description>header label</description>
	  <posx>110</posx>
	  <posy>150</posy>
	  <width>1700</width>
	  <height>50</height>
	  <label>-</label>
	  <align>center</align>
	</control>
	<control type="grouplist" id="5">
	  <description>control area</description>
	  <posx>510</posx>
	  <posy>250</posy>
	  <width>900</width>
	  <height>550</height>
	  <itemgap>5</itemgap>
	  <onup>9001</onup>
	  <ondown>9001</ondown>
	  <onleft>9001</onleft>
	  <onright>9001</onright>
	</control>
	<control type="grouplist" id="9001">
	  <posx>200</posx>
	  <posy>850</posy>
	  <width>1520</width>
	  <align>center</align>
	  <orientation>horizontal</orientation>
	  <itemgap>20</itemgap>
	  <control type="button" id="28">
		<description>OK Button</description>
		<width>200</width>
		<height>40</height>
		<align>center</align>
		<aligny>center</aligny>
		<font>Size26</font>
		<label>186</label>
		<onleft>29</onleft>
		<onright>29</onright>
		<onup>5</onup>
		<ondown>5</ondown>
	  </control>
	  <control type="button" id="29">
		<description>Cancel Button</description>
		<width>200</width>
		<height>40</height>
		<align>center</align>
		<aligny>center</aligny>
		<font>Size26</font>
		<label>222</label>
		<onleft>28</onleft>
		<onright>28</onright>
		<onup>5</onup>
		<ondown>5</ondown>
	  </control>
	</control>
	<control type="button" id="7">
	  <description>Default Button</description>
	  <height>40</height>
	  <font>Size26</font>
	  <textcolor>grey2</textcolor>
	  <focusedcolor>white</focusedcolor>
	  <align>left</align>
	</control>
	<control type="radiobutton" id="8">
	  <description>Default RadioButton</description>
	  <height>40</height>
	  <font>Size26</font>
	  <textcolor>grey2</textcolor>
	  <focusedcolor>white</focusedcolor>
	  <align>left</align>
	</control>
	<control type="spincontrolex" id="9">
	  <description>Default spincontrolex</description>
	  <height>40</height>
	  <textcolor>grey2</textcolor>
	  <focusedcolor>white</focusedcolor>
	  <font>Size26</font>
	  <aligny>center</aligny>
	  <reverse>yes</reverse>
	</control>
	<control type="sliderex" id="10">
	  <description>Default Slider</description>
	  <height>200</height>
	  <font>Size26</font>
	  <textcolor>grey2</textcolor>
	  <focusedcolor>white</focusedcolor>
	</control>
	<control type="image" id="11">
	  <description>Default Seperator</description>
	  <width>1000</width>
	  <height>2</height>
	  <texture>images/line.png</texture>
	</control>
	<control type="edit" id="12">
	  <description>Default Edit</description>
	  <height>100</height>
	  <font>Size26</font>
	  <textcolor>grey2</textcolor>
	  <focusedcolor>white</focusedcolor>
	</control>
  </include>
	
</includes>
