<?xml version="1.0" encoding="UTF-8"?>
<includes>
  <include name="SetProperty_Widget" description="">
    <control type="button">
	  <onfocus description="WidgetButton.ID_BASE" condition="!Skin.HasSetting(Touch_Support) + !Window.IsVisible(CustomHomeCustomizer2.xml)">SetProperty(WidgetButton.ID_,$INFO[Container(315).ListItemNoWrap(0).Property(id)],home)</onfocus>
	  <onfocus description="WidgetButton.Name-Home" condition="!Skin.HasSetting(Touch_Support) + !Window.IsVisible(CustomHomeCustomizer2.xml)">SetProperty(WidgetButton.Name,$INFO[System.CurrentControl],home)</onfocus>
	  <onfocus description="WidgetButton.ID_BASE-CustomHome2" condition="!Skin.HasSetting(Touch_Support) + Window.IsVisible(CustomHomeCustomizer2.xml)">SetProperty(TEMP2,$INFO[Container(315).ListItemNoWrap(0).Property(id)],home)</onfocus>
	  <onfocus description="WidgetButton.ID-CustomHome2" condition="!Skin.HasSetting(Touch_Support) + Window.IsVisible(CustomHomeCustomizer2.xml)">SetProperty(TEMP,$INFO[Container(315).ListItem(0).Label2],home)</onfocus>
	  <visible>false</visible>
	</control>
  </include>
  <include name="editButton_Widget">
	  <onclick description="WidgetButton.ID_BASE" condition="Skin.HasSetting(Touch_Support) + !Window.IsVisible(CustomHomeCustomizer2.xml)">SetProperty(WidgetButton.ID_,$INFO[Container(315).ListItemNoWrap(0).Property(id)],home)</onclick>
	  <onclick description="WidgetButton.Name-Home" condition="Skin.HasSetting(Touch_Support) + !Window.IsVisible(CustomHomeCustomizer2.xml)">SetProperty(WidgetButton.Name,$INFO[System.CurrentControl],home)</onclick>
	  <onclick description="WidgetButton.ID_BASE-CustomHome2" condition="Skin.HasSetting(Touch_Support) + Window.IsVisible(CustomHomeCustomizer2.xml)">SetProperty(TEMP2,$INFO[Container(315).ListItemNoWrap(0).Property(id)],home)</onclick>
	  <onclick description="WidgetButton.ID-CustomHome2" condition="Skin.HasSetting(Touch_Support) + Window.IsVisible(CustomHomeCustomizer2.xml)">SetProperty(TEMP,$INFO[Container(315).ListItem(0).Label2],home)</onclick>
	  <onclick description="editButton-Touch" condition="Skin.HasSetting(Touch_Support) + Window.IsVisible(CustomHomeCustomizer.xml) + !Window.IsVisible(CustomHomeCustomizer2.xml)">RunScript(script.featherence.service,,?mode=32&amp;value=9&amp;value2=1175)</onclick>
	  <onclick description="editButton" condition="!Skin.HasSetting(Touch_Support) + Window.IsVisible(CustomHomeCustomizer.xml) + !Window.IsVisible(CustomHomeCustomizer2.xml)">ActivateWindow(1175)</onclick>
  </include>
  
  <include name="Widget_Home">
    <control type="group" description="">
		<visible>Container(9000).Row(0) + !Container(9000).Row(1) + !Container(9000).HasPrevious() | ![Skin.String(MenuDesign,0) | Skin.String(MenuDesign,1) | Skin.String(MenuDesign,7)]</visible>
		<visible>![Window.IsVisible(CustomHomeCustomizer2.xml) + String.IsEmpty(Window(home).Property(WidgetButton.ID_))]</visible>
		<visible>String.IsEmpty(Container(9000).ListItem(0).Property(pwd)) | [!String.IsEmpty(Container(9000).ListItem(0).Property(pwd)) + !String.IsEmpty(Window(home).Property(PassProtect))]</visible>
		<include>TopInformationSize8</include>
		

		<control type="group" description="סמן חץ ימינה">
			<visible>[Control.HasFocus(311) + Container(311).HasNext] | [Control.HasFocus(312) + Container(312).HasNext] | [Control.HasFocus(315) + Container(315).HasNext] | [Control.HasFocus(316) + Container(316).HasNext]</visible>
			<include>Animation_WidgetPosition</include>
			<include condition="[Skin.String(MenuDesign,4) | Skin.String(MenuDesign,5)] + !String.IsEqual(System.Language,Hebrew)">Control_Pos10</include>
			<include condition="[Skin.String(MenuDesign,4) | Skin.String(MenuDesign,5)] + String.IsEqual(System.Language,Hebrew)">Control_Pos11</include>
			<posx>60r</posx>
			<posy>365</posy>
			<control type="image" description="לא נבחר5">
			  <posx>-20</posx>
			  <width>40</width>
			  <height>40</height>
			  <texture border="0">images/ArrowNF.png</texture>
			  <visible>[Control.HasFocus(311) + !Container(311).Position(4)] | [Control.HasFocus(312) + !Container(312).Position(4)] | [Control.HasFocus(315) + !Container(315).Position(4)] | [Control.HasFocus(316) + !Container(316).Position(4)]</visible>
			  <visible>!Skin.String(WidgetDesign)</visible>
			</control>
			<control type="image" description="נבחר5">
			  <posx>-20</posx>
			  <width>40</width>
			  <height>40</height>
			  <texture border="0">images/ArrowFO.png</texture>
			  <visible>[Control.HasFocus(311) + Container(311).Position(4)] | [Control.HasFocus(312) + Container(312).Position(4)] | [Control.HasFocus(315) + Container(315).Position(4)] | [Control.HasFocus(316) + Container(316).Position(4)]</visible>
			  <visible>!Skin.String(WidgetDesign)</visible>
			</control>
			
			<control type="image" description="לא נבחר7">
			  <width>40</width>
			  <height>40</height>
			  <texture border="0">images/ArrowNF.png</texture>
			  <visible>[Control.HasFocus(311) + !Container(311).Position(6)] | [Control.HasFocus(312) + !Container(312).Position(6)] | [Control.HasFocus(315) + !Container(315).Position(6)] | [Control.HasFocus(316) + !Container(316).Position(6)]</visible>
			  <visible>Skin.String(WidgetDesign,0)</visible>
			</control>
			<control type="image" description="נבחר7">
			  <width>40</width>
			  <height>40</height>
			  <texture border="0">images/ArrowFO.png</texture>
			  <visible>[Control.HasFocus(311) + Container(311).Position(6)] | [Control.HasFocus(312) + Container(312).Position(6)] | [Control.HasFocus(315) + Container(315).Position(6)] | [Control.HasFocus(316) + Container(316).Position(6)]</visible>
			  <visible>Skin.String(WidgetDesign,0)</visible>
			</control>
			
			<control type="image" description="לא נבחר9">
			  <width>40</width>
			  <height>40</height>
			  <texture border="0">images/ArrowNF.png</texture>
			  <visible>[Control.HasFocus(311) + !Container(311).Position(8)] | [Control.HasFocus(312) + !Container(312).Position(8)] | [Control.HasFocus(315) + !Container(315).Position(8)] | [Control.HasFocus(316) + !Container(316).Position(8)]</visible>
			  <visible>Skin.String(WidgetDesign,1)</visible>
			</control>
			<control type="image" description="נבחר9">
			  <width>40</width>
			  <height>40</height>
			  <texture border="0">images/ArrowFO.png</texture>
			  <visible>[Control.HasFocus(311) + Container(311).Position(8)] | [Control.HasFocus(312) + Container(312).Position(8)] | [Control.HasFocus(315) + Container(315).Position(8)] | [Control.HasFocus(316) + Container(316).Position(8)]</visible>
			  <visible>Skin.String(WidgetDesign,1)</visible>
			</control>
		</control>
		<control type="group" description="סמן חץ שמאלה">
			<include>Animation_WidgetPosition</include>
			<visible>[Control.HasFocus(311) + Container(311).HasPrevious] | [Control.HasFocus(312) + Container(312).HasPrevious] | [Control.HasFocus(315) + Container(315).HasPrevious] | [Control.HasFocus(316) + Container(316).HasPrevious]</visible>
			<include condition="[Skin.String(MenuDesign,4) | Skin.String(MenuDesign,5)] + !String.IsEqual(System.Language,Hebrew)">Control_Pos15</include>
			<include condition="[Skin.String(MenuDesign,4) | Skin.String(MenuDesign,5)] + String.IsEqual(System.Language,Hebrew)">Control_Pos53</include>
			<posx>10</posx>
			<posy>365</posy>
			<control type="image" description="לא נבחר5">
			  <posx>0</posx>
			  <width>40</width>
			  <height>40</height>
			  <texture border="0">images/Arrow2NF.png</texture>
			  <visible>[Control.HasFocus(311) + !Container(311).Position(0)] | [Control.HasFocus(312) + !Container(312).Position(0)] | [Control.HasFocus(315) + !Container(315).Position(0)] | [Control.HasFocus(316) + !Container(316).Position(0)]</visible>
			</control>
			<control type="image" description="נבחר5">
			  <posx>0</posx>
			  <width>40</width>
			  <height>40</height>
			  <texture border="0">images/Arrow2FO.png</texture>
			  <visible>[Control.HasFocus(311) + Container(311).Position(0)] | [Control.HasFocus(312) + Container(312).Position(0)] | [Control.HasFocus(315) + Container(315).Position(0)] | [Control.HasFocus(316) + Container(316).Position(0)]</visible>
			</control>
		</control>
		<control type="group" id="700" description="Shelf items שורה עליונה בכחול">
		  <include>Fade_WidgetOverlay</include>
		  <animation decription="WidgetShrink_Horizontal" condition="[Skin.String(MenuDesign,2) | Skin.String(MenuDesign,3) | !Skin.String(MenuDesign) | Skin.String(MenuDesign,6)] + [ Player.HasVideo | !$EXP[ContentsWidget] + Skin.HasSetting(WidgetShrink) ]" effect="zoom" tween="Cubic" easing="out" center="960,800" start="100,100" end="50,50" delay="220" time="440" reversible="true">Conditional</animation>
		  <animation decription="WidgetShrink_Panel" condition="[Skin.String(MenuDesign,0) | Skin.String(MenuDesign,1) | Skin.String(MenuDesign,7)] + [ Player.HasVideo | !$EXP[ContentsWidget] + Skin.HasSetting(WidgetShrink) ]" effect="zoom" tween="Cubic" easing="out" center="960,550" start="100,100" end="50,50" delay="220" time="440" reversible="true">Conditional</animation>
		  
		  <include description="פנל מדף סרטים שנוספו לאחרונה" condition="!Skin.HasSetting(MoviesShelfWL)">Movies_RA</include>
		  <include condition="Skin.HasSetting(MoviesShelfWL)">Movies_WL</include> 
		  <include description="פנל מדף פרקים שנוספו לאחרונה" condition="!Skin.HasSetting(TVShelf_Watchlist)">TV_RAIR</include> 
		  <include condition="Skin.HasSetting(TVShelf_Watchlist)">TV_WL</include>
		  <include>MenuDesign_Widget</include>
		  
		</control>
	</control>
  </include>
  
  <include name="Widget_Movement" description="Widget">
    <posx>40</posx>
    <posy>170</posy>
	<onup condition="Control.IsVisible(7011)">7017</onup>
	<onup condition="Control.IsVisible(9009)">9009</onup>
	<onup condition="Player.HasAudio + !Control.IsVisible(9009)">ActivateWindow(12901)</onup>
	<onright condition="Control.IsVisible(9009) + !String.IsEqual(System.Language,Hebrew) + Skin.String(MenuDesign,4)">9009</onright>
	<onleft condition="Control.IsVisible(9009) + String.IsEqual(System.Language,Hebrew) + Skin.String(MenuDesign,4)">9009</onleft>
	<onleft condition="Control.IsVisible(312)">312</onleft>
	<onright condition="Control.IsVisible(312)">312</onright>
	<onleft condition="Control.IsVisible(311)">311</onleft>
	<onright condition="Control.IsVisible(311)">311</onright>
	<onleft condition="Control.IsVisible(315)">315</onleft>
	<onright condition="Control.IsVisible(315)">315</onright>
	<onleft condition="Control.IsVisible(316)">316</onleft>
	<onright condition="Control.IsVisible(316)">316</onright>
	<ondown condition="!Window.IsVisible(CustomHomeCustomizer2.xml)">9000</ondown>
  </include>
  
  <include name="Widget316">
    <include>Widget_Movement</include>
	<include condition="!Skin.String(WidgetDesign)">MoviesShortcutsCommons</include>
	<include condition="Skin.String(WidgetDesign,0)">MoviesShortcutsCommons0</include>
	<include condition="Skin.String(WidgetDesign,1)">MoviesShortcutsCommons1</include>
  </include>
  
  <include name="MenuDesign_Widget" description="תפריט וידגט עליון">
    <control type="panel" id="315">
		<visible>!Control.IsVisible(311) + !Control.IsVisible(312) + !Control.IsVisible(316)</visible>
		<include>Widget_Movement</include>
		<include condition="!Skin.String(WidgetDesign)">MoviesShortcutsCommons</include>
		<include condition="Skin.String(WidgetDesign,0)">MoviesShortcutsCommons0</include>
		<include condition="Skin.String(WidgetDesign,1)">MoviesShortcutsCommons1</include>
		<content>
		  <include condition="true">WidgetContent_17</include>
		  <include condition="true">WidgetContent_18</include>
		  <include condition="true">WidgetContent_19</include>
		  <include condition="true">WidgetContent_90</include>
		  <include condition="true">WidgetContent_91</include>
		  <include condition="true">WidgetContent_92</include>
		  <include condition="true">WidgetContent_93</include>
		  <include condition="true">WidgetContent_94</include>
		  <include condition="true">WidgetContent_95</include>
		  <include condition="true">WidgetContent_96</include>
		  <include condition="true">WidgetContent_97</include>
		  <include condition="true">WidgetContent_98</include>
		  <include condition="true">WidgetContent_99</include>
		  <include condition="true">WidgetContent_100</include>
		  <include condition="true">WidgetContent_101</include>
		  <include condition="true">WidgetContent_102</include>
		  <include condition="true">WidgetContent_103</include>
		  <include condition="true">WidgetContent_104</include>
		  <include condition="true">WidgetContent_105</include>
		  <include condition="true">WidgetContent_106</include>
		  <include condition="true">WidgetContent_107</include>
		  <include condition="true">WidgetContent_108</include>
		  <include condition="true">WidgetContent_109</include>
		  <include condition="true">WidgetContent_110</include>
		  <include condition="true">WidgetContent_111</include>
		  <include condition="true">WidgetContent_112</include>
		  <include condition="true">WidgetContent_113</include>
		  <include condition="true">WidgetContent_114</include>
		  <include condition="true">WidgetContent_115</include>
		  <include condition="true">WidgetContent_116</include>
		  <include condition="true">WidgetContent_117</include>
		  <include condition="true">WidgetContent_118</include>
		  <include condition="true">WidgetContent_119</include>
		</content>
	</control>
	
	<control type="panel" id="316">
		<include>Widget316</include>
		<content target="videos">$INFO[Skin.String(sw90)]&amp;reload=$INFO[Skin.String(sw90)]</content>
		<visible>Skin.String(sw90) + String.IsEqual(Window(home).Property(Button.ID),90)</visible>
	</control>
	
	<control type="panel" id="316">
		<include>Widget316</include>
		<content target="videos">$INFO[Skin.String(sw91)]&amp;reload=$INFO[Skin.String(sw91)]</content>
		<visible>Skin.String(sw91) + String.IsEqual(Window(home).Property(Button.ID),91)</visible>
	</control>
	
	<control type="panel" id="316">
		<include>Widget316</include>
		<content target="videos">$INFO[Skin.String(sw92)]&amp;reload=$INFO[Skin.String(sw92)]</content>
		<visible>Skin.String(sw92) + String.IsEqual(Window(home).Property(Button.ID),92)</visible>
	</control>
	
	<control type="panel" id="316">
		<include>Widget316</include>
		<content target="videos">$INFO[Skin.String(sw93)]&amp;reload=$INFO[Skin.String(sw93)]</content>
		<visible>Skin.String(sw93) + String.IsEqual(Window(home).Property(Button.ID),93)</visible>
	</control>
	
	<control type="panel" id="316">
		<include>Widget316</include>
		<content target="videos">$INFO[Skin.String(sw94)]&amp;reload=$INFO[Skin.String(sw94)]</content>
		<visible>Skin.String(sw94) + String.IsEqual(Window(home).Property(Button.ID),94)</visible>
	</control>
	
	<control type="panel" id="316">
		<include>Widget316</include>
		<content target="videos">$INFO[Skin.String(sw95)]&amp;reload=$INFO[Skin.String(sw95)]</content>
		<visible>Skin.String(sw95) + String.IsEqual(Window(home).Property(Button.ID),95)</visible>
	</control>
	
	<control type="panel" id="316">
		<include>Widget316</include>
		<content target="videos">$INFO[Skin.String(sw96)]&amp;reload=$INFO[Skin.String(sw96)]</content>
		<visible>Skin.String(sw96) + String.IsEqual(Window(home).Property(Button.ID),96)</visible>
	</control>
	
	<control type="panel" id="316">
		<include>Widget316</include>
		<content target="videos">$INFO[Skin.String(sw97)]&amp;reload=$INFO[Skin.String(sw97)]</content>
		<visible>Skin.String(sw97) + String.IsEqual(Window(home).Property(Button.ID),97)</visible>
	</control>
	
	<control type="panel" id="316">
		<include>Widget316</include>
		<content target="videos">$INFO[Skin.String(sw98)]&amp;reload=$INFO[Skin.String(sw98)]</content>
		<visible>Skin.String(sw98) + String.IsEqual(Window(home).Property(Button.ID),98)</visible>
	</control>
	
	<control type="panel" id="316">
		<include>Widget316</include>
		<content target="videos">$INFO[Skin.String(sw99)]&amp;reload=$INFO[Skin.String(sw99)]</content>
		<visible>Skin.String(sw99) + String.IsEqual(Window(home).Property(Button.ID),99)</visible>
	</control>
	
	<control type="panel" id="316">
		<include>Widget316</include>
		<content target="videos">$INFO[Skin.String(sw100)]&amp;reload=$INFO[Skin.String(sw100)]</content>
		<visible>Skin.String(sw100) + String.IsEqual(Window(home).Property(Button.ID),100)</visible>
	</control>
	
	<control type="panel" id="316">
		<include>Widget316</include>
		<content target="videos">$INFO[Skin.String(sw101)]&amp;reload=$INFO[Skin.String(sw101)]</content>
		<visible>Skin.String(sw101) + String.IsEqual(Window(home).Property(Button.ID),101)</visible>
	</control>
	
	<control type="panel" id="316">
		<include>Widget316</include>
		<content target="videos">$INFO[Skin.String(sw102)]&amp;reload=$INFO[Skin.String(sw102)]</content>
		<visible>Skin.String(sw102) + String.IsEqual(Window(home).Property(Button.ID),102)</visible>
	</control>
	
	<control type="panel" id="316">
		<include>Widget316</include>
		<content target="videos">$INFO[Skin.String(sw103)]&amp;reload=$INFO[Skin.String(sw103)]</content>
		<visible>Skin.String(sw103) + String.IsEqual(Window(home).Property(Button.ID),103)</visible>
	</control>
	
	<control type="panel" id="316">
		<include>Widget316</include>
		<content target="videos">$INFO[Skin.String(sw104)]&amp;reload=$INFO[Skin.String(sw104)]</content>
		<visible>Skin.String(sw104) + String.IsEqual(Window(home).Property(Button.ID),104)</visible>
	</control>
	
	<control type="panel" id="316">
		<include>Widget316</include>
		<content target="videos">$INFO[Skin.String(sw105)]&amp;reload=$INFO[Skin.String(sw105)]</content>
		<visible>Skin.String(sw105) + String.IsEqual(Window(home).Property(Button.ID),105)</visible>
	</control>
	
	<control type="panel" id="316">
		<include>Widget316</include>
		<content target="videos">$INFO[Skin.String(sw106)]&amp;reload=$INFO[Skin.String(sw106)]</content>
		<visible>Skin.String(sw106) + String.IsEqual(Window(home).Property(Button.ID),106)</visible>
	</control>
	
	<control type="panel" id="316">
		<include>Widget316</include>
		<content target="videos">$INFO[Skin.String(sw107)]&amp;reload=$INFO[Skin.String(sw107)]</content>
		<visible>Skin.String(sw107) + String.IsEqual(Window(home).Property(Button.ID),107)</visible>
	</control>
	
	<control type="panel" id="316">
		<include>Widget316</include>
		<content target="videos">$INFO[Skin.String(sw108)]&amp;reload=$INFO[Skin.String(sw108)]</content>
		<visible>Skin.String(sw108) + String.IsEqual(Window(home).Property(Button.ID),108)</visible>
	</control>
	
	<control type="panel" id="316">
		<include>Widget316</include>
		<content target="videos">$INFO[Skin.String(sw109)]&amp;reload=$INFO[Skin.String(sw109)]</content>
		<visible>Skin.String(sw109) + String.IsEqual(Window(home).Property(Button.ID),109)</visible>
	</control>
	
	<control type="grouplist" id="9015" description="קדימונים 5">
	  <include>Fade10</include>
	  <visible>!Skin.HasSetting(EnableTrailerButton2) + !Skin.String(WidgetDesign) + Control.IsVisible(311)</visible>
	  <include>Animation_WidgetPosition</include>
	  <include>Animation_WidgetMenuDesignV</include>
	  <posx>275</posx>
	  <include condition="[Skin.String(MenuDesign,4) | Skin.String(MenuDesign,5)]">Control_Pos8</include>
	  <posy>235</posy>
	  <width>1900</width>
	  <height>985</height>
	  <orientation>horizontal</orientation>
	  <itemgap>300</itemgap>
	  <include>Trailer_311_5</include>
	</control>
	
	<control type="grouplist" id="9015" description="קדימונים 7">
	  <include>Fade10</include>
	  <visible>!Skin.HasSetting(EnableTrailerButton2) + Skin.String(WidgetDesign,0) + Control.IsVisible(311)</visible>
	  <include>Animation_WidgetPosition</include>
	  <include>Animation_WidgetMenuDesignV</include>
	  <posx>218</posx>
	  <include condition="[Skin.String(MenuDesign,4) | Skin.String(MenuDesign,5)]">Control_Pos8</include>
	  <posy>235</posy>
	  <width>1900</width>
	  <height>985</height>
	  <orientation>horizontal</orientation>
	  <itemgap>190</itemgap>
	  <include>Trailer_311_7</include>
	</control>
	
	<control type="grouplist" id="9015" description="קדימונים 9">
	  <include>Fade10</include>
	  <visible>!Skin.HasSetting(EnableTrailerButton2) + Skin.String(WidgetDesign,1) + Control.IsVisible(311)</visible>
	  <include>Animation_WidgetPosition</include>
	  <include>Animation_WidgetMenuDesignV</include>
	  <posx>188</posx>
	  <include condition="[Skin.String(MenuDesign,4) | Skin.String(MenuDesign,5)]">Control_Pos8</include>
	  <posy>235</posy>
	  <width>1900</width>
	  <height>985</height>
	  <orientation>horizontal</orientation>
	  <itemgap>132</itemgap>
	  <include>Trailer_311_9</include>
	</control>
	
  </include>
  
  <include name="Trailer_311_5">
    <control type="button" description="קדימון סרט 0">
	  <animation condition="String.IsEmpty(Container(311).ListItemPosition(0).Property(Trailer)) | String.IsEqual(Container(311).ListItemPosition(0).Overlay,OverlayWatched.png)" effect="fade" start="100" end="0" reversible="true">Conditional</animation>
	  <include>Trailer_311_5_</include>
    </control>
	<control type="button" description="קדימון סרט 1">
	  <animation condition="String.IsEmpty(Container(311).ListItemPosition(1).Property(Trailer))  | String.IsEqual(Container(311).ListItemPosition(1).Overlay,OverlayWatched.png)" effect="fade" start="100" end="0">Conditional</animation>
	  <include>Trailer_311_5_</include>
    </control>
	<control type="button" description="קדימון סרט 2">
	  <animation condition="String.IsEmpty(Container(311).ListItemPosition(2).Property(Trailer)) | String.IsEqual(Container(311).ListItemPosition(2).Overlay,OverlayWatched.png)" effect="fade" start="100" end="0">Conditional</animation>
	  <include>Trailer_311_5_</include>
    </control>
	<control type="button" description="קדימון סרט 3">
	  <animation condition="String.IsEmpty(Container(311).ListItemPosition(3).Property(Trailer)) | String.IsEqual(Container(311).ListItemPosition(3).Overlay,OverlayWatched.png)" effect="fade" start="100" end="0">Conditional</animation>
	  <include>Trailer_311_5_</include>
    </control>
	<control type="button" description="קדימון סרט 4">
	  <animation condition="String.IsEmpty(Container(311).ListItemPosition(4).Property(Trailer)) | String.IsEqual(Container(311).ListItemPosition(4).Overlay,OverlayWatched.png)" effect="fade" start="100" end="0">Conditional</animation>
	  <include>Trailer_311_5_</include>
    </control>
  </include>
  
  <include name="Trailer_311_7">
    <control type="button" description="קדימון סרט 0">
	  <animation condition="String.IsEmpty(Container(311).ListItemPosition(0).Property(Trailer)) | String.IsEqual(Container(311).ListItemPosition(0).Overlay,OverlayWatched.png)" effect="fade" start="100" end="0" reversible="true">Conditional</animation>
	  <include>Trailer_311_7_</include>
    </control>
	<control type="button" description="קדימון סרט 1">
	  <animation condition="String.IsEmpty(Container(311).ListItemPosition(1).Property(Trailer))  | String.IsEqual(Container(311).ListItemPosition(1).Overlay,OverlayWatched.png)" effect="fade" start="100" end="0">Conditional</animation>
	  <include>Trailer_311_7_</include>
    </control>
	<control type="button" description="קדימון סרט 2">
	  <animation condition="String.IsEmpty(Container(311).ListItemPosition(2).Property(Trailer)) | String.IsEqual(Container(311).ListItemPosition(2).Overlay,OverlayWatched.png)" effect="fade" start="100" end="0">Conditional</animation>
	  <include>Trailer_311_7_</include>
    </control>
	<control type="button" description="קדימון סרט 3">
	  <animation condition="String.IsEmpty(Container(311).ListItemPosition(3).Property(Trailer)) | String.IsEqual(Container(311).ListItemPosition(3).Overlay,OverlayWatched.png)" effect="fade" start="100" end="0">Conditional</animation>
	  <include>Trailer_311_7_</include>
    </control>
	<control type="button" description="קדימון סרט 4">
	  <animation condition="String.IsEmpty(Container(311).ListItemPosition(4).Property(Trailer)) | String.IsEqual(Container(311).ListItemPosition(4).Overlay,OverlayWatched.png)" effect="fade" start="100" end="0">Conditional</animation>
	  <include>Trailer_311_7_</include>
    </control>
	<control type="button" description="קדימון סרט 5">
	  <animation condition="String.IsEmpty(Container(311).ListItemPosition(5).Property(Trailer)) | String.IsEqual(Container(311).ListItemPosition(5).Overlay,OverlayWatched.png)" effect="fade" start="100" end="0">Conditional</animation>
	  <include>Trailer_311_7_</include>
    </control>
	<control type="button" description="קדימון סרט 6">
	  <animation condition="String.IsEmpty(Container(311).ListItemPosition(6).Property(Trailer)) | String.IsEqual(Container(311).ListItemPosition(6).Overlay,OverlayWatched.png)" effect="fade" start="100" end="0">Conditional</animation>
	  <include>Trailer_311_7_</include>
    </control>
  </include>
  
  <include name="Trailer_311_9">
    <control type="button" description="קדימון סרט 0">
	  <animation condition="String.IsEmpty(Container(311).ListItemPosition(0).Property(Trailer)) | String.IsEqual(Container(311).ListItemPosition(0).Overlay,OverlayWatched.png)" effect="fade" start="100" end="0" reversible="true">Conditional</animation>
	  <include>Trailer_311_9_</include>
    </control>
	<control type="button" description="קדימון סרט 1">
	  <animation condition="String.IsEmpty(Container(311).ListItemPosition(1).Property(Trailer))  | String.IsEqual(Container(311).ListItemPosition(1).Overlay,OverlayWatched.png)" effect="fade" start="100" end="0">Conditional</animation>
	  <include>Trailer_311_9_</include>
    </control>
	<control type="button" description="קדימון סרט 2">
	  <animation condition="String.IsEmpty(Container(311).ListItemPosition(2).Property(Trailer)) | String.IsEqual(Container(311).ListItemPosition(2).Overlay,OverlayWatched.png)" effect="fade" start="100" end="0">Conditional</animation>
	  <include>Trailer_311_9_</include>
    </control>
	<control type="button" description="קדימון סרט 3">
	  <animation condition="String.IsEmpty(Container(311).ListItemPosition(3).Property(Trailer)) | String.IsEqual(Container(311).ListItemPosition(3).Overlay,OverlayWatched.png)" effect="fade" start="100" end="0">Conditional</animation>
	  <include>Trailer_311_9_</include>
    </control>
	<control type="button" description="קדימון סרט 4">
	  <animation condition="String.IsEmpty(Container(311).ListItemPosition(4).Property(Trailer)) | String.IsEqual(Container(311).ListItemPosition(4).Overlay,OverlayWatched.png)" effect="fade" start="100" end="0">Conditional</animation>
	  <include>Trailer_311_9_</include>
    </control>
	<control type="button" description="קדימון סרט 5">
	  <animation condition="String.IsEmpty(Container(311).ListItemPosition(5).Property(Trailer)) | String.IsEqual(Container(311).ListItemPosition(5).Overlay,OverlayWatched.png)" effect="fade" start="100" end="0">Conditional</animation>
	  <include>Trailer_311_9_</include>
    </control>
	<control type="button" description="קדימון סרט 6">
	  <animation condition="String.IsEmpty(Container(311).ListItemPosition(6).Property(Trailer)) | String.IsEqual(Container(311).ListItemPosition(6).Overlay,OverlayWatched.png)" effect="fade" start="100" end="0">Conditional</animation>
	  <include>Trailer_311_9_</include>
    </control>
	<control type="button" description="קדימון סרט 7">
	  <animation condition="String.IsEmpty(Container(311).ListItemPosition(7).Property(Trailer)) | String.IsEqual(Container(311).ListItemPosition(7).Overlay,OverlayWatched.png)" effect="fade" start="100" end="0">Conditional</animation>
	  <include>Trailer_311_9_</include>
    </control>
	<control type="button" description="קדימון סרט 8">
	  <animation condition="String.IsEmpty(Container(311).ListItemPosition(8).Property(Trailer)) | String.IsEqual(Container(311).ListItemPosition(8).Overlay,OverlayWatched.png)" effect="fade" start="100" end="0">Conditional</animation>
	  <include>Trailer_311_9_</include>
    </control>
  </include>

  <include name="Trailer_311_5_">
    <animation condition="Container(311).Scrolling | Container(311).OnScrollNext | Container(311).OnScrollPrevious" effect="fade" start="100" end="0" time="0" reversible="false">Conditional</animation>
	<animation condition="!Container(311).Scrolling + !Container(311).OnScrollNext + !Container(311).OnScrollPrevious" effect="fade" start="0" end="100" delay="220" time="1000" reversible="false">Conditional</animation>
	<height>70</height>
	<posx>430</posx>
	<posy>430</posy>
	<width>70</width>
	<texturefocus colordiffuse="$VAR[WidgetFocusFontColor]">osd/buttons/OSDTrailer_.png</texturefocus>
	<texturenofocus colordiffuse="$VAR[WidgetUnFocusFontColor]">osd/buttons/OSDTrailer_.png</texturenofocus>
	<include>Trailers_311_Onclick</include>
  </include>
  
  <include name="Trailer_311_7_">
    <animation condition="Container(311).Scrolling | Container(311).OnScrollNext | Container(311).OnScrollPrevious" effect="fade" start="100" end="0" time="0" reversible="false">Conditional</animation>
	<animation condition="!Container(311).Scrolling + !Container(311).OnScrollNext + !Container(311).OnScrollPrevious" effect="fade" start="0" end="100" delay="220" time="1000" reversible="false">Conditional</animation>
	<height>70</height>
	<posx>0</posx>
	<posy>430</posy>
	<width>70</width>
	<texturefocus colordiffuse="$VAR[WidgetFocusFontColor]">osd/buttons/OSDTrailer_.png</texturefocus>
	<texturenofocus colordiffuse="$VAR[WidgetUnFocusFontColor]">osd/buttons/OSDTrailer_.png</texturenofocus>
	<include>Trailers_311_Onclick</include>
  </include>
  
  <include name="Trailer_311_9_">
    <animation condition="Container(311).Scrolling | Container(311).OnScrollNext | Container(311).OnScrollPrevious" effect="fade" start="100" end="0" time="0" reversible="false">Conditional</animation>
	<animation condition="!Container(311).Scrolling + !Container(311).OnScrollNext + !Container(311).OnScrollPrevious" effect="fade" start="0" end="100" delay="220" time="1000" reversible="false">Conditional</animation>
	<height>70</height>
	<posx>0</posx>
	<posy>430</posy>
	<width>70</width>
	<texturefocus colordiffuse="$VAR[WidgetFocusFontColor]">osd/buttons/OSDTrailer_.png</texturefocus>
	<texturenofocus colordiffuse="$VAR[WidgetUnFocusFontColor]">osd/buttons/OSDTrailer_.png</texturenofocus>
	<include>Trailers_311_Onclick</include>
  </include>
  
  <include name="Trailers_311_Onclick">
    <onclick condition="Container(311).HasFocus(1)">RunScript(script.featherence.service,,?mode=24&amp;value=RecentMovie.1&amp;value2=trailers)</onclick>
	<onclick condition="Container(311).HasFocus(2)">RunScript(script.featherence.service,,?mode=24&amp;value=RecentMovie.2&amp;value2=trailers)</onclick>
	<onclick condition="Container(311).HasFocus(3)">RunScript(script.featherence.service,,?mode=24&amp;value=RecentMovie.3&amp;value2=trailers)</onclick>
	<onclick condition="Container(311).HasFocus(4)">RunScript(script.featherence.service,,?mode=24&amp;value=RecentMovie.4&amp;value2=trailers)</onclick>
	<onclick condition="Container(311).HasFocus(5)">RunScript(script.featherence.service,,?mode=24&amp;value=RecentMovie.5&amp;value2=trailers)</onclick>
	<onclick condition="Container(311).HasFocus(6)">RunScript(script.featherence.service,,?mode=24&amp;value=RecentMovie.6&amp;value2=trailers)</onclick>
	<onclick condition="Container(311).HasFocus(7)">RunScript(script.featherence.service,,?mode=24&amp;value=RecentMovie.7&amp;value2=trailers)</onclick>
	<onclick condition="Container(311).HasFocus(8)">RunScript(script.featherence.service,,?mode=24&amp;value=RecentMovie.8&amp;value2=trailers)</onclick>
	<onclick condition="Container(311).HasFocus(9)">RunScript(script.featherence.service,,?mode=24&amp;value=RecentMovie.9&amp;value2=trailers)</onclick>
	<onclick condition="Container(311).HasFocus(10)">RunScript(script.featherence.service,,?mode=24&amp;value=RecentMovie.10&amp;value2=trailers)</onclick>
  </include>
  
  <include name="Animation_WidgetPosition">
	  <animation condition="Skin.String(WidgetPosition,1) + $EXP[MenuDesignH]" effect="slide" start="0,0" end="0,50" time="0">Conditional</animation>
	  <animation condition="Skin.String(WidgetPosition,2) + $EXP[MenuDesignH]" effect="slide" start="0,0" end="0,100" time="0">Conditional</animation>
	  <animation condition="Skin.String(WidgetPosition,3) + $EXP[MenuDesignH]" effect="slide" start="0,0" end="0,150" time="0">Conditional</animation>
	  <animation condition="Skin.String(WidgetPosition,4) + $EXP[MenuDesignH]" effect="slide" start="0,0" end="0,205" time="0">Conditional</animation>
	  <animation condition="Skin.String(WidgetPosition,5) + $EXP[MenuDesignH]" effect="slide" start="0,0" end="0,240" time="0">Conditional</animation>
	  
	  <animation condition="Skin.String(WidgetPosition,1) + $EXP[MenuDesignV]" effect="slide" start="0,0" end="0,55" time="0">Conditional</animation>
	  <animation condition="Skin.String(WidgetPosition,2) + $EXP[MenuDesignV]" effect="slide" start="0,0" end="0,155" time="0">Conditional</animation>
	  <animation condition="Skin.String(WidgetPosition,3) + $EXP[MenuDesignV]" effect="slide" start="0,0" end="0,255" time="0">Conditional</animation>
	  <animation condition="Skin.String(WidgetPosition,4) + $EXP[MenuDesignV]" effect="slide" start="0,0" end="0,355" time="0">Conditional</animation>
	  <animation condition="Skin.String(WidgetPosition,5) + $EXP[MenuDesignV]" effect="slide" start="0,0" end="0,505" time="0">Conditional</animation>
  </include>
  
  <include name="Animation_WidgetMenuDesignV">
    <animation condition="$EXP[MenuDesignV]" effect="zoom" center="auto" start="90,90" end="90,90" time="0">Conditional</animation>
	<animation condition="$EXP[MenuDesignV] + String.IsEqual(System.Language,Hebrew)" effect="slide" start="0,0" end="-120,0">Conditional</animation>
	<animation condition="$EXP[MenuDesignV] + !String.IsEqual(System.Language,Hebrew)" effect="slide" start="0,0" end="130,0">Conditional</animation>
  </include>
  <include name="MoviesShortcutsCommons" description="מדף סרטים/סדרות5">
	<posx>0</posx>
    <posy>0</posy>
    <width>1920</width>
    <height>390</height>
    <orientation>horizontal</orientation>
	<include>Animation_WidgetPosition</include>
	<include>Animation_WidgetMenuDesignV</include>
    <itemlayout height="350" width="368">
      <control type="group">
		  <animation condition="true" effect="fade" start="80" end="80" time="0">Conditional</animation>
		  <include>Fade10</include>
		  <include content="WidgetDesign">
		    <param name="height" value="330"/>
			<param name="posx" value="50"/>
			<param name="posy" value="60"/>
			<param name="width" value="270"/>
			<param name="posx2" value="50"/>
		  </include>
      </control>
    </itemlayout>
    <focusedlayout height="350" width="368">
	  <include>SetProperty_Widget</include>
	  <control type="group">
	      <animation condition="Control.HasFocus(312) + !Container(312).OnPrevious + !Container(312).OnNext | Control.HasFocus(311) + !Container(311).OnPrevious + !Container(311).OnNext" effect="fade" start="100" end="70" delay="5000" time="3000" reversible="false">Conditional</animation>
		  <include content="WidgetDesign">
		    <param name="focus" value="true"/>
			<param name="height" value="330"/>
			<param name="posx" value="50"/>
			<param name="posy" value="60"/>
			<param name="width" value="270"/>
			<param name="posx2" value="50"/>
		  </include>
	  </control>
	</focusedlayout>
  </include>
  	
  <include name="MoviesShortcutsCommons0" description="מדף סרטים/סדרות7">
	<posx>0</posx>
    <posy>0</posy>
    <width>1830</width>
    <height>390</height>
    <orientation>horizontal</orientation>
	<include>Animation_WidgetPosition</include>
	<include>Animation_WidgetMenuDesignV</include>
    <itemlayout height="350" width="260">
      <control type="group">
		  <animation condition="true" effect="fade" start="80" end="80" time="0">Conditional</animation>
		  <include>Fade10</include>
		  <include content="WidgetDesign">
		    <param name="height" value="330"/>
			<param name="posx" value="10"/>
			<param name="posy" value="60"/>
			<param name="width" value="250"/>
			<param name="posx2" value="15"/>
		  </include>
      </control>
    </itemlayout>
    <focusedlayout height="350" width="260">
	  <include>SetProperty_Widget</include>
	  <control type="group">
		  <animation condition="Control.HasFocus(312) + !Container(312).OnPrevious + !Container(312).OnNext | Control.HasFocus(311) + !Container(311).OnPrevious + !Container(311).OnNext" effect="fade" start="100" end="70" delay="5000" time="3000" reversible="false">Conditional</animation>
		  <include content="WidgetDesign">
		    <param name="focus" value="true"/>
			<param name="height" value="330"/>
			<param name="posx" value="10"/>
			<param name="posy" value="60"/>
			<param name="width" value="250"/>
			<param name="posx2" value="15"/>
		  </include>
		  <control type="image" description="סמן בחירה">
			<posx>5</posx>
			<posy>57</posy>
			<width>258</width>
			<height>337</height>
			<texture border="10" colordiffuse="$VAR[SelectedFrameColor]">misc/frames/selector.png</texture>
		    <visible>Skin.HasSetting(SelectionMarker) | Window.IsVisible(CustomHomeCustomizer.xml)</visible>
		    <visible>!String.IsEmpty(Window(home).Property(WidgetButton.ID_)) | Control.IsVisible(311) | Control.IsVisible(312) | Control.IsVisible(316)</visible>
		  </control>
	  </control>
	</focusedlayout>
  </include>
  
  <include name="MoviesShortcutsCommons1" description="מדף סרטים/סדרות9">
	<posx>0</posx>
    <posy>0</posy>
    <width>1838</width>
    <height>390</height>
    <orientation>horizontal</orientation>
	<include>Animation_WidgetPosition</include>
	<include>Animation_WidgetMenuDesignV</include>
    <itemlayout height="350" width="202">
      <control type="group">
		  <animation condition="true" effect="fade" start="80" end="80" time="0">Conditional</animation>
		  <include>Fade10</include>
		  <include content="WidgetDesign">
			<param name="height" value="330"/>
			<param name="posx" value="10"/>
			<param name="posy" value="60"/>
			<param name="width" value="220"/>
			<param name="posx2" value="5"/>
		  </include>
      </control>
    </itemlayout>
    <focusedlayout height="350" width="240">
	  <include>SetProperty_Widget</include>
	  <control type="group">
	      <animation condition="Control.HasFocus(312) + !Container(312).OnPrevious + !Container(312).OnNext | Control.HasFocus(311) + !Container(311).OnPrevious + !Container(311).OnNext" effect="fade" start="100" end="70" delay="5000" time="3000" reversible="false">Conditional</animation>
		  <include content="WidgetDesign">
		    <param name="focus" value="true"/>
		    <param name="height" value="330"/>
			<param name="posx" value="10"/>
			<param name="posy" value="60"/>
			<param name="width" value="220"/>
			<param name="posx2" value="5"/>
		  </include>
		  <control type="image" description="סמן בחירה">
			<posx>5</posx>
			<posy>57</posy>
			<width>228</width>
			<height>338</height>
			<texture border="10" colordiffuse="$VAR[SelectedFrameColor]">misc/frames/selector.png</texture>
		    <visible>Skin.HasSetting(SelectionMarker) | [Window.IsVisible(CustomHomeCustomizer.xml) + [Window.IsVisible(Custom1175.xml) | String.IsEmpty(ListItem.Label)]]</visible>
		    <visible>!String.IsEmpty(Window(home).Property(WidgetButton.ID_)) | Control.IsVisible(311) | Control.IsVisible(312) | Control.IsVisible(316)</visible>
		  </control>
	  </control>
	</focusedlayout>
  </include>
  
  <variable name="WidgetLabel">
    <value condition="!String.IsEmpty(ListItem.Property(title)) + Control.IsVisible(311)">$INFO[ListItem.Property(title)]</value>
    <value condition="!String.IsEmpty(ListItem.Label)">$INFO[ListItem.Label]</value>
  </variable>
  
  <include name="WidgetDesign" description="Layouts">
	<param name="focus" default="false"/>
	<param name="height" default="0"/>
	<param name="posx" default="0"/>
	<param name="posy" default="0"/>
	<param name="width" default="0"/>
	<param name="posx2" default="0"/>
	<definition>
	  <control type="image" description="תמונה לא נבחר">
		<include>BorderFrame</include>
		<posx>$PARAM[posx]</posx>
		<posy>$PARAM[posy]</posy>
		<width>$PARAM[width]</width>
		<height>$PARAM[height]</height>
		<texture>$INFO[ListItem.Thumb]</texture>
		<visible>!Skin.HasSetting(ButtonsDesignWidget)</visible>
	  </control>
	  <control type="image" description="תמונה לא נבחר">
		<posx>$PARAM[posx]</posx>
		<posy>$PARAM[posy]</posy>
		<width>$PARAM[width]</width>
		<height>$PARAM[height]</height>
		<include condition="!Skin.String(ButtonsDesign) + Skin.HasSetting(ButtonsDesignWidget)">ButtonsDesign_thumb</include>
		<include condition="Skin.String(ButtonsDesign,0) + Skin.HasSetting(ButtonsDesignWidget)">ButtonsDesign0_thumb</include>
		<include condition="Skin.String(ButtonsDesign,1) + Skin.HasSetting(ButtonsDesignWidget)">ButtonsDesign1_thumb</include>
		<include condition="Skin.String(ButtonsDesign,2) + Skin.HasSetting(ButtonsDesignWidget)">ButtonsDesign2_thumb</include>
		<include condition="Skin.String(ButtonsDesign,3) + Skin.HasSetting(ButtonsDesignWidget)">ButtonsDesign3_thumb</include>
		<include condition="Skin.String(ButtonsDesign,4) + Skin.HasSetting(ButtonsDesignWidget)">ButtonsDesign4_thumb</include>
		<texture>$INFO[ListItem.Thumb]</texture>
		<visible>Skin.HasSetting(ButtonsDesignWidget)</visible>
	  </control>
	  <control type="image" description="צללית">
		<posx>$PARAM[posx]</posx>
		<posy>$PARAM[posy]</posy>
		<width>$PARAM[width]</width>
		<height>$PARAM[height]</height>
		<include condition="!Skin.String(ButtonsDesign) + Skin.HasSetting(ButtonsDesignWidget)">ButtonsDesign_shadow</include>
		<include condition="Skin.String(ButtonsDesign,0) + Skin.HasSetting(ButtonsDesignWidget)">ButtonsDesign0_shadow</include>
		<include condition="Skin.String(ButtonsDesign,1) + Skin.HasSetting(ButtonsDesignWidget)">ButtonsDesign1_shadow</include>
		<include condition="Skin.String(ButtonsDesign,2) + Skin.HasSetting(ButtonsDesignWidget)">ButtonsDesign2_shadow</include>
		<include condition="Skin.String(ButtonsDesign,3) + Skin.HasSetting(ButtonsDesignWidget)">ButtonsDesign3_shadow</include>
		<include condition="Skin.String(ButtonsDesign,4) + Skin.HasSetting(ButtonsDesignWidget)">ButtonsDesign4_shadow</include>
		<texture>buttons/effects/shadow0.png</texture>
		<visible>Skin.HasSetting(ShadowButton) + Skin.HasSetting(ButtonsDesignWidget)</visible>
	  </control>
	  <control type="image" description="שקופית">
		<posx>$PARAM[posx]</posx>
		<posy>$PARAM[posy]</posy>
		<width>$PARAM[width]</width>
		<height>$PARAM[height]</height>
		<include condition="!Skin.String(ButtonsDesign) + Skin.HasSetting(ButtonsDesignWidget)">ButtonsDesign_gardient</include>
		<include condition="Skin.String(ButtonsDesign,0) + Skin.HasSetting(ButtonsDesignWidget)">ButtonsDesign0_gardient</include>
		<include condition="Skin.String(ButtonsDesign,1) + Skin.HasSetting(ButtonsDesignWidget)">ButtonsDesign1_gardient</include>
		<include condition="Skin.String(ButtonsDesign,2) + Skin.HasSetting(ButtonsDesignWidget)">ButtonsDesign2_gardient</include>
		<include condition="Skin.String(ButtonsDesign,3) + Skin.HasSetting(ButtonsDesignWidget)">ButtonsDesign3_gardient</include>
		<include condition="Skin.String(ButtonsDesign,4) + Skin.HasSetting(ButtonsDesignWidget)">ButtonsDesign4_gardient</include>
		<texture>buttons/effects/gardient0.png</texture>
		<visible>!Skin.HasSetting(OverlayButton) + Skin.HasSetting(ButtonsDesignWidget) | String.IsEmpty(ListItem.Thumb)</visible>
	  </control>
	  <control type="image" description="שפוע Bevel">
		<posx>$PARAM[posx]</posx>
		<posy>$PARAM[posy]</posy>
		<width>$PARAM[width]</width>
		<height>$PARAM[height]</height>
		<include condition="!Skin.String(ButtonsDesign) + Skin.HasSetting(ButtonsDesignWidget)">ButtonsDesign_bevel</include>
		<include condition="Skin.String(ButtonsDesign,0) + Skin.HasSetting(ButtonsDesignWidget)">ButtonsDesign0_bevel</include>
		<include condition="Skin.String(ButtonsDesign,1) + Skin.HasSetting(ButtonsDesignWidget)">ButtonsDesign1_bevel</include>
		<include condition="Skin.String(ButtonsDesign,2) + Skin.HasSetting(ButtonsDesignWidget)">ButtonsDesign2_bevel</include>
		<include condition="Skin.String(ButtonsDesign,3) + Skin.HasSetting(ButtonsDesignWidget)">ButtonsDesign3_bevel</include>
		<include condition="Skin.String(ButtonsDesign,4) + Skin.HasSetting(ButtonsDesignWidget)">ButtonsDesign4_bevel</include>
		<texture border="-10" diffuse="buttons/ButtonA0.png">buttons/effects/bevel0.png</texture>
		<visible>!Skin.HasSetting(BevelButton) + Skin.HasSetting(ButtonsDesignWidget)</visible>
	  </control>
	  <control type="image" description="מסגרת (Stroke)">
		<posx>$PARAM[posx]</posx>
		<posy>$PARAM[posy]</posy>
		<width>$PARAM[width]</width>
		<height>$PARAM[height]</height>
		<include condition="!Skin.String(ButtonsDesign) + Skin.HasSetting(ButtonsDesignWidget)">ButtonsDesign_stroke</include>
		<include condition="Skin.String(ButtonsDesign,0) + Skin.HasSetting(ButtonsDesignWidget)">ButtonsDesign0_stroke</include>
		<include condition="Skin.String(ButtonsDesign,1) + Skin.HasSetting(ButtonsDesignWidget)">ButtonsDesign1_stroke</include>
		<include condition="Skin.String(ButtonsDesign,2) + Skin.HasSetting(ButtonsDesignWidget)">ButtonsDesign2_stroke</include>
		<include condition="Skin.String(ButtonsDesign,3) + Skin.HasSetting(ButtonsDesignWidget)">ButtonsDesign3_stroke</include>
		<include condition="Skin.String(ButtonsDesign,4) + Skin.HasSetting(ButtonsDesignWidget)">ButtonsDesign4_stroke</include>
		<texture diffuse="buttons/ButtonA0.png">buttons/effects/stroke0.png</texture>
		<visible>Skin.HasSetting(StrokeButton) + Skin.HasSetting(ButtonsDesignWidget)</visible>
	  </control>
	  <control type="image" description="OFF">
		<aspectratio>keep</aspectratio>
		<height>200</height>
		<posx>$PARAM[posx2]</posx>
		<posy>120</posy>
		<texture>images/off.png</texture>
		<visible>String.IsEmpty(ListItem.Property(off)) | Window.IsVisible(Custom1173.xml) + String.IsEmpty(Container(315).ListItem(0).Property(off))</visible>
		<visible>Control.IsVisible(315) | Window.IsVisible(Custom1175.xml)</visible>
		<visible>![String.IsEqual(Window(home).Property(Button.ID),90) + !Skin.String(widget311) | String.IsEqual(Window(home).Property(Button.ID),Skin.String(widget311))]</visible>
		<visible>![String.IsEqual(Window(home).Property(Button.ID),91) + !Skin.String(widget312) | String.IsEqual(Window(home).Property(Button.ID),Skin.String(widget312))]</visible>
		<visible>Window.IsVisible(CustomHomeCustomizer.xml)</visible>
		<visible>!Control.IsVisible(316)</visible>
		<width>$PARAM[width]</width>
	  </control>
	  <control type="image" description="דירוג">
		<bordertexture colordiffuse="ff000000" border="0">buttons/ButtonA0.png</bordertexture>
	    <bordersize>2</bordersize>
		<height>28</height>
		<posx>12</posx>
		<posy>62</posy>
		<animation decription="תצורה-5" condition="!Skin.String(WidgetDesign)" effect="slide" start="0,0" end="40,0">Conditional</animation>
		
		<animation decription="צורות-ברירת מחדל" condition="!Skin.String(ButtonsDesign) + Skin.HasSetting(ButtonsDesignWidget)" effect="slide" start="0,0" end="25,9">Conditional</animation>
		<animation decription="צורות-ריבועים" condition="Skin.String(ButtonsDesign,0) + Skin.HasSetting(ButtonsDesignWidget)" effect="slide" start="0,0" end="2,9">Conditional</animation>
		<animation decription="צורות-עיגולים" condition="Skin.String(ButtonsDesign,1) + Skin.HasSetting(ButtonsDesignWidget)" effect="zoom" center="185,110" start="0,0" end="60,60">Conditional</animation>
		<animation decription="" condition="Skin.String(ButtonsDesign,2) + Skin.HasSetting(ButtonsDesignWidget)" effect="slide" start="0,0" end="100,0">Conditional</animation>
		<animation decription="" condition="Skin.String(ButtonsDesign,3) + Skin.HasSetting(ButtonsDesignWidget)" effect="slide" start="0,0" end="100,0">Conditional</animation>
		<animation decription="צורות-משושים" condition="Skin.String(ButtonsDesign,4) + Skin.HasSetting(ButtonsDesignWidget)" effect="zoom" center="335,110" start="0,0" end="83,83">Conditional</animation>
		<texture background="true" colordiffuse="$VAR[TopVideoInformationFontColor]">$INFO[ListItem.Property(rating),badges/rating/10/,.png]</texture>
		<width>125</width>
		<visible>!IsEmpty(ListItem.Property(rating)) + Integer.IsGreater(ListItem.Property(rating),0)</visible>
		<visible>Skin.HasSetting(WidgetRating)</visible>
	  </control>
	  <control type="label" description="שנה">
		<align>center</align>
		<label>$INFO[ListItem.Property(year)]</label>   <!--[CR]$LOCALIZE[12391] $INFO[Container(311).ListItem(0).Property(runtime)]-->
		<font>size28</font>
		<height>30</height>
		<posx>57</posx>
		<posy>-2</posy>
		<textcolor>$VAR[WidgetUnFocusFontColor]</textcolor>
		<visible>!String.IsEmpty(ListItem.Property(year))</visible>
		<visible>false</visible>
		<width>265</width>
	  </control>
	  
	  <control type="group" description="עונה ופרק">
		<animation condition="Skin.HasSetting(ButtonsDesignWidget)" effect="fade" start="60" end="60" time="0">Conditional</animation>
		<animation condition="!Skin.HasSetting(ButtonsDesignWidget)" effect="fade" start="90" end="90" time="0">Conditional</animation>
		<posx>$PARAM[posx]</posx>
		<posy>360</posy>
		<control type="image" description="שחור">
		  <aspectratio align="top">stretch</aspectratio>
		  <height>30</height>
		  <posx>0</posx>
		  <width>$PARAM[width]</width>
		  <!--<include condition="!Skin.String(ButtonsDesign) + Skin.HasSetting(ButtonsDesignWidget)">ButtonsDesign_black</include>
		  <include condition="Skin.String(ButtonsDesign,0) + Skin.HasSetting(ButtonsDesignWidget)">ButtonsDesign0_black</include>
		  <include condition="Skin.String(ButtonsDesign,1) + Skin.HasSetting(ButtonsDesignWidget)">ButtonsDesign1_black</include>
		  <include condition="Skin.String(ButtonsDesign,2) + Skin.HasSetting(ButtonsDesignWidget)">ButtonsDesign2_black</include>
		  <include condition="Skin.String(ButtonsDesign,3) + Skin.HasSetting(ButtonsDesignWidget)">ButtonsDesign3_black</include>
		  <include condition="Skin.String(ButtonsDesign,4) + Skin.HasSetting(ButtonsDesignWidget)">ButtonsDesign4_black</include>-->
		  <texture colordiffuse="ff000000" border="0">buttons/ButtonA0.png</texture>
		  <visible>!Skin.HasSetting(WidgetLabelBackground) + !String.IsEmpty(ListItem.Label)</visible>
		</control>
		<control type="label" description="עונה ופרק">
		  <align>center</align>
		  <label>$INFO[ListItem.Property(se)]</label> <!--[CR]$LOCALIZE[12391] $INFO[Container(311).ListItem(0).Property(runtime)]-->
		  <font>size28</font>
		  <posx>0</posx>
		  <height>30</height>
		  <width>$PARAM[width]</width>
		  <textcolor>$VAR[WidgetUnFocusFontColor]</textcolor>
		  <visible>!String.IsEmpty(ListItem.Property(se)) + Control.IsVisible(312)</visible>
		  <visible>!$PARAM[focus]</visible>
		</control>
		<control type="label" description="כותרת">
		  <align>center</align>
		  <label>$VAR[WidgetLabel]</label>
		  <font>size18</font>
		  <height>30</height>
		  <posx>0</posx>
		  <textcolor>$VAR[WidgetUnFocusFontColor]</textcolor>
		  <shadowcolor>black</shadowcolor>
		  <scroll>false</scroll>
		  <width>$PARAM[width]</width>
		  <visible>![!String.IsEmpty(ListItem.Property(se)) + Control.IsVisible(312)]</visible>
		  <visible>!Skin.HasSetting(BiggerWidgetLabels)</visible>
		  <visible>!$PARAM[focus]</visible>
		</control>
		<control type="label" description="כותרת מוגדלת">
		  <align>center</align>
		  <label>$VAR[WidgetLabel]</label>
		  <font>size28</font>
		  <height>30</height>
		  <posx>0</posx>
		  <textcolor>$VAR[WidgetUnFocusFontColor]</textcolor>
		  <shadowcolor>black</shadowcolor>
		  <scroll>false</scroll>
		  <width>$PARAM[width]</width>
		  <visible>![!String.IsEmpty(ListItem.Property(se)) + Control.IsVisible(312)]</visible>
		  <visible>Skin.HasSetting(BiggerWidgetLabels)</visible>
		  <visible>!$PARAM[focus]</visible>
		</control>
		
		<control type="label" description="עונה ופרק">
		  <align>center</align>
		  <label>$INFO[ListItem.Property(se)]</label> <!--[CR]$LOCALIZE[12391] $INFO[Container(311).ListItem(0).Property(runtime)]-->
		  <font>size28</font>
		  <posx>0</posx>
		  <height>30</height>
		  <width>$PARAM[width]</width>
		  <textcolor>$VAR[WidgetFocusFontColor]</textcolor>
		  <visible>!String.IsEmpty(ListItem.Property(se)) + Control.IsVisible(312)</visible>
		  <visible>$PARAM[focus]</visible>
		</control>
		<control type="label" description="כותרת">
		  <align>center</align>
		  <label>$VAR[WidgetLabel]</label>
		  <font>size18</font>
		  <height>30</height>
		  <posx>0</posx>
		  <textcolor>$VAR[WidgetFocusFontColor]</textcolor>
		  <shadowcolor>black</shadowcolor>
		  <scroll>false</scroll>
		  <width>$PARAM[width]</width>
		  <visible>![!String.IsEmpty(ListItem.Property(se)) + Control.IsVisible(312)]</visible>
		  <visible>!Skin.HasSetting(BiggerWidgetLabels)</visible>
		  <visible>$PARAM[focus]</visible>
		</control>
		<control type="label" description="כותרת מוגדלת">
		  <align>center</align>
		  <label>$VAR[WidgetLabel]</label>
		  <font>size28</font>
		  <height>30</height>
		  <posx>0</posx>
		  <textcolor>$VAR[WidgetFocusFontColor]</textcolor>
		  <shadowcolor>black</shadowcolor>
		  <scroll>false</scroll>
		  <width>$PARAM[width]</width>
		  <visible>![!String.IsEmpty(ListItem.Property(se)) + Control.IsVisible(312)]</visible>
		  <visible>Skin.HasSetting(BiggerWidgetLabels)</visible>
		  <visible>$PARAM[focus]</visible>
		</control>
	  </control>
	</definition>
  </include>
  
</includes>
