<?xml version="1.0" encoding="UTF-8"?>
<includes>
  <include name="SetProperty_Center" description="">
    <control type="button">
	  <onfocus description="SubButton.ID_BASE" condition="Window.IsVisible(Custom1138.xml) + !Window.IsVisible(Custom1139.xml)">SetProperty(SubButton.ID_,$INFO[Container(9005).ListItemNoWrap(0).Property(id)],home)</onfocus>
	  <onfocus description="Previous_SubButton.ID_BASE" condition="Window.IsVisible(Custom1138.xml) + !Window.IsVisible(Custom1139.xml)">SetProperty(Previous_SubButton.ID_,$INFO[Container(9005).ListItemNoWrap(-1).Property(id)],home)</onfocus>
	  <onfocus description="Next_SubButton.ID_BASE" condition="Window.IsVisible(Custom1138.xml) + !Window.IsVisible(Custom1139.xml)">SetProperty(Next_SubButton.ID_,$INFO[Container(9005).ListItemNoWrap(1).Property(id)],home)</onfocus>
	  
	  <onfocus description="WidgetButton.ID_BASE" condition="true">SetProperty(WidgetButton.ID_,$INFO[Container(315).ListItemNoWrap(0).Property(id)],home)</onfocus> <!--Control.HasFocus(315) + !Window.IsVisible(Custom1138.xml) + !Window.IsVisible(Custom1139.xml)-->
	  <onfocus description="SubButton.Name" condition="Window.IsVisible(Custom1138.xml) + !Window.IsVisible(Custom1139.xml)">SetProperty(SubButton.Name,$INFO[System.CurrentControl],home)</onfocus>

	  <visible>false</visible>
	</control>
  </include>
  <include name="MenuDesign_Center" description="ברירת מחדל"> 
	<control type="group" description="חלון הגדרות כפתור">
      <posx>720</posx>
      <posy>340</posy>
	  <!--<animation condition="Window.IsVisible(FileBrowser.xml) + !StringCompare(System.Language,Hebrew)" effect="slide" start="0,0" end="700,100" time="0,0">Conditional</animation>
	  <animation condition="Window.IsVisible(FileBrowser.xml) + StringCompare(System.Language,Hebrew)" effect="slide" start="0,0" end="-700,100" time="0,0">Conditional</animation>-->
      <include name="MenuBackground" condition="!Window.IsVisible(Custom1173.xml)">
			<param name="border" value="40" />
			<param name="color" value="$VAR[MenuColor]" />
			<param name="height" value="410" />
			<param name="posx" value="0" />
			<param name="posy" value="0" />
			<param name="width" value="483" />
			<param name="condition" value="!Skin.HasSetting(MenuBackground)"/>
		
			<param name="type0" value="true" description="MenuBackground"/>
			<param name="type1" value="false" description="DialogBackground"/>
	  </include>
	  <include>ArrowsUpDown</include>
	  <control type="grouplist" id="9005">
		<onup>9005</onup>
		<ondown>9005</ondown>
		<height>350</height>
		<width>480</width>
		<scrolltime>40</scrolltime>
		<control type="button" id="0" description="חזור"> 
		  <height>75</height>
		  <label>--></label>
		  <onclick>Close</onclick>
		  <visible>false</visible>
		</control>
		<include description="מידע PVR" condition="Window.IsVisible(MyPVRChannels.xml) | Window.IsVisible(MyPVRGuide.xml)">CenterMenuContent_DialogPVRInfo</include>
	  </control>
    </control>
  </include>
  
  <include name="MenuDesign_Center2" description="ברירת מחדל">
    
	<control type="group" description="חלון הגדרות כפתור">
      <posx>720</posx>
      <posy>340</posy>
	  <animation condition="Window.IsVisible(DialogKeyboard.xml) + !Window.IsVisible(Custom1175.xml)" effect="slide" start="0,0" end="35,-345" time="0,0">Conditional</animation>
	  <animation condition="Window.IsVisible(DialogKeyboard.xml) + !Window.IsVisible(Custom1175.xml)" effect="zoom" start="100,100" end="91,107" time="0,0">Conditional</animation>
	  <visible>!SubString(Control.GetLabel(311),password) + !SubString(Control.GetLabel(311),$LOCALIZE[733]) + Window.IsVisible(DialogKeyboard.xml) + !Window.IsVisible(Custom1175.xml) | ![Window.IsVisible(DialogKeyboard.xml) + !Window.IsVisible(Custom1175.xml)]</visible>
	  <include name="MenuBackground" condition="!Window.IsVisible(Custom1173.xml)">
			<param name="border" value="40" />
			<param name="color" value="$VAR[MenuColor]" />
			<param name="height" value="410" />
			<param name="posx" value="0" />
			<param name="posy" value="0" />
			<param name="width" value="483" />
			<param name="condition" value="!Skin.HasSetting(MenuBackground)"/>
		
			<param name="type0" value="true" description="MenuBackground"/>
			<param name="type1" value="false" description="DialogBackground"/>
	  </include>
	  <include>ArrowsUpDown</include>
	  <control type="list" id="9005">
		<onright condition="Window.IsVisible(DialogKeyboard.xml) + !Window.IsVisible(Custom1175.xml)">309</onright>
		<onleft condition="Window.IsVisible(DialogKeyboard.xml) + !Window.IsVisible(Custom1175.xml)">300</onleft>
		<onup>9005</onup>
		<ondown>9005</ondown>
		<height>350</height>
		<width>480</width>
		<posx>0</posx>
		<posy>30</posy>
		<scrolltime>40</scrolltime>
		<include>MenuDesign_Center2_</include>
		
		<include condition="Window.IsVisible(DialogKeyboard.xml) + !Window.IsVisible(Custom1175.xml)">CenterMenuContent_DialogKeyboard</include>
		<content>
		  <include condition="Window.IsVisible(Custom1138.xml) + !Window.IsVisible(Custom1139.xml) + !IsEmpty(Window(home).Property(Button.ID_)) + !StringCompare(Window(home).Property(Button.ID),N/A)">SubContent_X90</include>
		  <include condition="Window.IsVisible(Custom1138.xml) + !Window.IsVisible(Custom1139.xml) + StringCompare(Window(home).Property(Button.ID),90)">SubContent_90</include>
		  <include condition="Window.IsVisible(Custom1138.xml) + !Window.IsVisible(Custom1139.xml) + StringCompare(Window(home).Property(Button.ID),91)">SubContent_91</include>
		  <include condition="Window.IsVisible(Custom1138.xml) + !Window.IsVisible(Custom1139.xml) + StringCompare(Window(home).Property(Button.ID),92)">SubContent_92</include>
		  <include condition="Window.IsVisible(Custom1138.xml) + !Window.IsVisible(Custom1139.xml) + StringCompare(Window(home).Property(Button.ID),93)">SubContent_93</include>
		  <include condition="Window.IsVisible(Custom1138.xml) + !Window.IsVisible(Custom1139.xml) + StringCompare(Window(home).Property(Button.ID),94)">SubContent_94</include>
		  <include condition="Window.IsVisible(Custom1138.xml) + !Window.IsVisible(Custom1139.xml) + StringCompare(Window(home).Property(Button.ID),95)">SubContent_95</include>
		  <include condition="Window.IsVisible(Custom1138.xml) + !Window.IsVisible(Custom1139.xml) + StringCompare(Window(home).Property(Button.ID),96)">SubContent_96</include>
		  <include condition="Window.IsVisible(Custom1138.xml) + !Window.IsVisible(Custom1139.xml) + StringCompare(Window(home).Property(Button.ID),97)">SubContent_97</include>
		  <include condition="Window.IsVisible(Custom1138.xml) + !Window.IsVisible(Custom1139.xml) + StringCompare(Window(home).Property(Button.ID),98)">SubContent_98</include>
		  <include condition="Window.IsVisible(Custom1138.xml) + !Window.IsVisible(Custom1139.xml) + StringCompare(Window(home).Property(Button.ID),99)">SubContent_99</include>
		  <include condition="Window.IsVisible(Custom1138.xml) + !Window.IsVisible(Custom1139.xml) + StringCompare(Window(home).Property(Button.ID),100)">SubContent_100</include>
		  <include condition="Window.IsVisible(Custom1138.xml) + !Window.IsVisible(Custom1139.xml) + StringCompare(Window(home).Property(Button.ID),101)">SubContent_101</include>
		  <include condition="Window.IsVisible(Custom1138.xml) + !Window.IsVisible(Custom1139.xml) + StringCompare(Window(home).Property(Button.ID),102)">SubContent_102</include>
		  <include condition="Window.IsVisible(Custom1138.xml) + !Window.IsVisible(Custom1139.xml) + StringCompare(Window(home).Property(Button.ID),103)">SubContent_103</include>
		  <include condition="Window.IsVisible(Custom1138.xml) + !Window.IsVisible(Custom1139.xml) + StringCompare(Window(home).Property(Button.ID),104)">SubContent_104</include>
		  <include condition="Window.IsVisible(Custom1138.xml) + !Window.IsVisible(Custom1139.xml) + StringCompare(Window(home).Property(Button.ID),105)">SubContent_105</include>
		  <include condition="Window.IsVisible(Custom1138.xml) + !Window.IsVisible(Custom1139.xml) + StringCompare(Window(home).Property(Button.ID),106)">SubContent_106</include>
		  <include condition="Window.IsVisible(Custom1138.xml) + !Window.IsVisible(Custom1139.xml) + StringCompare(Window(home).Property(Button.ID),107)">SubContent_107</include>
		  <include condition="Window.IsVisible(Custom1138.xml) + !Window.IsVisible(Custom1139.xml) + StringCompare(Window(home).Property(Button.ID),108)">SubContent_108</include>
		  <include condition="Window.IsVisible(Custom1138.xml) + !Window.IsVisible(Custom1139.xml) + StringCompare(Window(home).Property(Button.ID),109)">SubContent_109</include>
		  <include condition="Window.IsVisible(Custom1138.xml) + !Window.IsVisible(Custom1139.xml) + StringCompare(Window(home).Property(Button.ID),110)">SubContent_110</include>
		  <include condition="Window.IsVisible(Custom1138.xml) + !Window.IsVisible(Custom1139.xml) + StringCompare(Window(home).Property(Button.ID),111)">SubContent_111</include>
		  <include condition="Window.IsVisible(Custom1138.xml) + !Window.IsVisible(Custom1139.xml) + StringCompare(Window(home).Property(Button.ID),112)">SubContent_112</include>
		  <include condition="Window.IsVisible(Custom1138.xml) + !Window.IsVisible(Custom1139.xml) + StringCompare(Window(home).Property(Button.ID),113)">SubContent_113</include>
		  <include condition="Window.IsVisible(Custom1138.xml) + !Window.IsVisible(Custom1139.xml) + StringCompare(Window(home).Property(Button.ID),114)">SubContent_114</include>
		  <include condition="Window.IsVisible(Custom1138.xml) + !Window.IsVisible(Custom1139.xml) + StringCompare(Window(home).Property(Button.ID),115)">SubContent_115</include>
		  <include condition="Window.IsVisible(Custom1138.xml) + !Window.IsVisible(Custom1139.xml) + StringCompare(Window(home).Property(Button.ID),116)">SubContent_116</include>
		  <include condition="Window.IsVisible(Custom1138.xml) + !Window.IsVisible(Custom1139.xml) + StringCompare(Window(home).Property(Button.ID),117)">SubContent_117</include>
		  <include condition="Window.IsVisible(Custom1138.xml) + !Window.IsVisible(Custom1139.xml) + StringCompare(Window(home).Property(Button.ID),118)">SubContent_118</include>
		  <include condition="Window.IsVisible(Custom1138.xml) + !Window.IsVisible(Custom1139.xml) + StringCompare(Window(home).Property(Button.ID),119)">SubContent_119</include>
		  <include condition="Window.IsVisible(Custom1138.xml) + !Window.IsVisible(Custom1139.xml) + StringCompare(Window(home).Property(Button.ID),19)">CenterMenuContent_1191</include>
		  <include condition="Window.IsVisible(CustomHomeCustomizer.xml) + [Window.IsVisible(Custom1175.xml) | Window.IsVisible(Custom1138.xml)]">CenterMenuContent_1175</include>
		</content>
		
	  </control>
    </control>
  </include>
  
  <include name="MenuDesign_Center2_" description="ברירת מחדל">
    <include>Fade20</include>
    <itemlayout height="70" width="480">
	  <control type="group">
		  <include name="Buttons_Frame">
				<param name="id" value="" />
				<param name="border" value="30" />
				<param name="color" value="$VAR[ButtonUnFocusColor]" />
				<param name="height" value="70" />
				<param name="posx" value="0" />
				<param name="posy" value="0" />
				<param name="width" value="480" />
			</include>
		  <control type="image" description="סמל">
			<include>Fade_IconOverlayButton</include>
            <aspectratio align="center">stretch</aspectratio>
		    <height>60</height>
			<posy>5</posy>
			<posx>10</posx>
            <texture border="0" diffuse="buttons/types/bd.png" colordiffuse="$VAR[IconUnFocusColor]">$INFO[ListItem.Thumb]</texture>
		    <visible>!IsEmpty(ListItem.Thumb)</visible>
		    <width>60</width>
		  </control>
		  <control type="image" description="OFF">
            <aspectratio align="left">stretch</aspectratio>
		    <height>70</height>
		    <texture>misc/help/off.png</texture>
		    <visible>Window.IsVisible(CustomHomeCustomizer.xml) + !IsEmpty(ListItem.Property(off))</visible>
		    <width>70</width>
          </control>
		  <control type="label" description="כותרת">
			<include condition="!Window.IsVisible(DialogKeyboard.xml)">LabelC2</include>
			<include condition="Window.IsVisible(DialogKeyboard.xml)">LabelC7</include>
			<posx>30</posx>
            <width>412</width>
            <height>70</height>
            <label>[B]$INFO[ListItem.Label][/B]</label>
		  </control>
		</control>
    </itemlayout>
    <focusedlayout height="70" width="480">
      <control type="group">
	    <include condition="Window.IsVisible(Custom1138.xml)">SetProperty_Center</include>
	    <include name="Buttons_Frame">
			<param name="id" value="" />
			<param name="border" value="30" />
			<param name="color" value="$VAR[ButtonFocusColor]" />
			<param name="height" value="70" />
			<param name="posx" value="0" />
			<param name="posy" value="0" />
			<param name="width" value="480" />
		</include>
		<control type="image" description="סמל">
            <aspectratio align="center">stretch</aspectratio>
		    <height>60</height>
			<posy>5</posy>
			<posx>10</posx>
            <texture border="0" diffuse="buttons/types/bd.png" colordiffuse="$VAR[IconFocusColor]">$INFO[ListItem.Thumb]</texture>
		    <visible>!IsEmpty(ListItem.Thumb)</visible>
		    <width>60</width>
		</control>
		<control type="image" description="OFF">
          <aspectratio align="left">stretch</aspectratio>
		  <height>70</height>
		  <texture>misc/help/off.png</texture>
		  <visible>Window.IsVisible(CustomHomeCustomizer.xml) + !IsEmpty(ListItem.Property(off))</visible>
		  <width>70</width>
        </control>
		<control type="label" description="כותרת">
		  <animation effect="fade" start="80" end="100" time="220" delay="0">Focus</animation>
          <textcolor>$VAR[centermenu_color]</textcolor>
		  <include condition="!Window.IsVisible(DialogKeyboard.xml)">LabelC2</include>
		  <include condition="Window.IsVisible(DialogKeyboard.xml)">LabelC7</include>
		  <posx>30</posx>
          <width>412</width>
          <height>70</height>
          <font>size28</font>
          <align>center</align>
          <label>[B]$INFO[ListItem.Label][/B]</label>
		</control>
		<control type="image" description="סמן בחירה 3">
		  <!--<animation condition="true" effect="fade" end="10" time="0">Conditional</animation>-->
		  <bordersize>1</bordersize>
		  <posx>0</posx>
		  <width>480</width>
		  <height>70</height>
		  <texture border="40" colordiffuse="$VAR[SelectedFrameColor]">misc/frames/selector.png</texture>
		  <visible>Skin.HasSetting(SelectionMarker) | [Window.IsVisible(CustomHomeCustomizer.xml) + [Window.IsVisible(CustomHomeCustomizer2.xml)]]</visible>
		</control>
      </control>
    </focusedlayout>
  </include>
  
  <include name="onload_CheckProperty_MainMenu">
    <onload condition="IsEmpty(Window(home).Property(Button.ID)) | IsEmpty(Window(home).Property(Button.ID_))">Action(Close)</onload>
	<onload condition="String(Window(home).Property(Button.ID),TEMP)">Notification(Error,,1000)</onload>
  </include>
  
  <include name="onunload_ClearProperty_MainMenu">
    <onunload condition="!IsEmpty(Window(home).Property(TEMP))">ClearProperty(TEMP,home)</onunload>
	<onunload condition="!IsEmpty(Window(home).Property(TEMP2))">ClearProperty(TEMP2,home)</onunload>
	<onunload condition="!IsEmpty(Window(home).Property(Button.ID))">ClearProperty(Button.ID,home)</onunload>
	<onunload condition="!IsEmpty(Window(home).Property(Button.ID_))">ClearProperty(Button.ID_,home)</onunload>
	<onunload condition="!IsEmpty(Window(home).Property(Button.Name))">ClearProperty(Button.Name,home)</onunload>
	<onunload condition="!IsEmpty(Window(home).Property(WidgetButton.ID_))">ClearProperty(WidgetButton.ID_,home)</onunload>
  </include>
    
  <include name="CheckProperty_Menus">
    <onclick condition="IsEmpty(Window(home).Property(Button.ID)) | IsEmpty(Window(home).Property(Button.ID_))">Action(Close)</onclick>
	<onclick condition="IsEmpty(Window(home).Property(Button.ID)) | IsEmpty(Window(home).Property(Button.ID_))">Notification(Error,,1000)</onclick>
	
	<visible>!IsEmpty(Window(home).Property(Button.ID)) + !IsEmpty(Window(home).Property(Button.ID_))</visible>
	<visible>!Window.IsVisible(Custom1139.xml) | Window.IsVisible(Custom1139.xml) + !IsEmpty(Window(home).Property(SubButton.ID_))</visible>
  </include>
  
  <include name="onload_CheckProperty_SubMenu">
	 <onload condition="IsEmpty(Window(home).Property(SubButton.ID_)) | SubString(Window(home).Property(SubButton.ID_),_90)">Action(Close)</onload>
	 <onload condition="IsEmpty(Window(home).Property(SubButton.ID_))">Notification(Error,,1000)</onload>
	 <onload condition="SubString(Window(home).Property(SubButton.ID_),_90)">Notification($INFO[Window(home).Property(SubButton.Name)] $LOCALIZE[74996],$LOCALIZE[74997],1000)</onload>
  </include>
  
  <include name="onunload_ClearProperty_SubMenu">
    <onunload condition="!IsEmpty(Window(home).Property(TEMP))">ClearProperty(TEMP,home)</onunload>
	<onunload condition="!IsEmpty(Window(home).Property(TEMP2))">ClearProperty(TEMP2,home)</onunload>
	<onunload condition="!IsEmpty(Window(home).Property(SubButton.ID_))">ClearProperty(SubButton.ID_,home)</onunload>
	<onunload condition="!IsEmpty(Window(home).Property(SubButton.Name))">ClearProperty(SubButton.Name,home)</onunload>
	
	<onunload condition="!IsEmpty(Window(home).Property(Previous_SubButton.ID_))">ClearProperty(Previous_SubButton.ID_,home)</onunload>
	<onunload condition="!IsEmpty(Window(home).Property(Next_SubButton.ID_))">ClearProperty(Next_SubButton.ID_,home)</onunload>
  </include>
</includes>
