<?xml version="1.0" encoding="UTF-8"?>
<window>
  <defaultcontrol always="true">50</defaultcontrol>
  <views>50,51,54,56,57,58</views>
  <!--<onload condition="System.HasAddon(script.tv.show.next.aired) + !Skin.HasSetting(NextAired)">RunScript(script.tv.show.next.aired,backend=True)</onload>-->
  <include>SetFocusView</include>
  <include>ReloadSkin_Check</include>
  <include>Fade6</include>
  <controls>
	<include>Backgrounds3</include>
    <include>ViewDesign_50</include>
	<include>ViewDesign_51</include>
	<include>ViewDesign_54</include>
	<include>ViewDesign_56</include>
	<include>ViewDesign_57</include>
	<include>ViewDesign_58</include>
	<include>MenuDesign_Left</include>
	
	<include>TopVideoInformation</include>
	<include>TopInformation</include>
	<include>ScrollBar</include>
  </controls>
</window>