<?xml version="1.0" encoding="UTF-8"?>
<window>
	<defaultcontrol always="true">20</defaultcontrol>
	<controls>
		<include>BlackBackground</include>
		<control type="group">
			<posx>88</posx>
			<posy>140</posy>
			<include name="MenuBackground">
				<param name="border" value="40" />
				<param name="color" value="$VAR[MenuColor]" />
				<param name="height" value="890" />
				<param name="posx" value="-2" />
				<param name="posy" value="7" />
				<param name="width" value="824" />
				<param name="condition" value="true"/>
				
				<param name="type0" value="false" description="MenuBackground"/>
				<param name="type1" value="true" description="DialogBackground"/>
			</include>
			<control type="list" id="20" description="רשימת ערוצים">
				<width>820</width>
				<height>960</height>
				<onright>9002</onright>
				<onleft condition="Control.IsVisible(60)">60</onleft>
				<onleft>noop</onleft>
				<onup>20</onup>
				<ondown>20</ondown>
				<pagecontrol>60</pagecontrol>
				<scrolltime>250</scrolltime>
				<itemlayout width="820" height="75">
				  <include name="Buttons_Frame">
					<param name="id" value="" />
					<param name="border" value="40" />
					<param name="color" value="$VAR[ButtonUnFocusColor]" />
					<param name="height" value="80" />
					<param name="posx" value="0" />
					<param name="posy" value="7" />
					<param name="width" value="820" />
				  </include>
				  <control type="label" description="Main Label">
				  <posy>6</posy>
					<width>750</width>
					<posx>45</posx>
					<height>80</height>
					<width>630</width>
					<aligny>center</aligny>
					<scroll>false</scroll>
					<font>size36</font>
					<textcolor>white</textcolor>
					<label>$INFO[ListItem.Label]</label>
				  </control>
				</itemlayout>
				<focusedlayout width="820" height="75">
				  <include name="Buttons_Frame">
					<param name="id" value="" />
					<param name="border" value="40" />
					<param name="color" value="$VAR[ButtonFocusColor]" />
					<param name="height" value="80" />
					<param name="posx" value="0" />
					<param name="posy" value="7" />
					<param name="width" value="820" />
				  </include>
				  <control type="label" description="Main Label">
					<posy>6</posy>
					<width>750</width>
					<posx>45</posx>
					<height>80</height>
					<width>630</width>
					<aligny>center</aligny>
					<font>size36</font>
					<textcolor>white2</textcolor>
					<label>$INFO[ListItem.Label]</label>
				  </control>
				</focusedlayout>
			</control>
		</control>
		<control type="group" id="9002">
			<include name="MenuBackground">
				<param name="border" value="40" />
				<param name="color" value="$VAR[MenuColor]" />
				<param name="height" value="950" />
				<param name="posx" value="1018" />
				<param name="posy" value="147" />
				<param name="width" value="744" />
				<param name="condition" value="true"/>
				
				<param name="type0" value="false" description="MenuBackground"/>
				<param name="type1" value="true" description="DialogBackground"/>
			</include>
			<control type="grouplist">
				<posx>1020</posx>
				<posy>147</posy>
				<height>900</height>
				<onright>noop</onright>
				<onleft>20</onleft>
				<ondown>9000</ondown>
				<aligny>center</aligny>
				<control type="label">
					<description>channel options Header</description>
					<width>740</width>
					<height>50</height>
					<font>Size36B</font>
					<label>$LOCALIZE[33063]</label>
					<align>center</align>
					<aligny>center</aligny>
					<textcolor>yellow</textcolor>
				</control>
				<control type="radiobutton" id ="7" description="Channel activated">
					<width>740</width>
					<include condition="StringCompare(System.Language,Hebrew)">ButtonR1</include>
				    <include condition="!StringCompare(System.Language,Hebrew)">ButtonL1</include>
				    <font>size28</font>
					<label>19074</label>
				</control>
				<control type="edit" id ="8">
					<description>Channel name</description>
					<width>740</width>
				    <include>ButtonL1</include>
				    <font>size28</font>
					<label>19201</label>
				</control>
				<control type="button" id ="9">
					<description>Channel logo Button</description>
					<width>740</width>
					<include condition="StringCompare(System.Language,Hebrew)">ButtonR1</include>
				    <include condition="!StringCompare(System.Language,Hebrew)">ButtonL1</include>
				    <font>size28</font>
					<label>19202</label>
				</control>
				<control type="radiobutton" id ="12">
					<description>EPG activated</description>
					<width>740</width>
					<include condition="StringCompare(System.Language,Hebrew)">ButtonR1</include>
				    <include condition="!StringCompare(System.Language,Hebrew)">ButtonL1</include>
				    <font>size28</font>
					<pulseonselect>no</pulseonselect>
					<label>19206</label>
				</control>
				<control type="spincontrolex" id ="13">
					<description>EPG source</description>
					<width>740</width>
					<include condition="StringCompare(System.Language,Hebrew)">ButtonSettingsCategory2_he</include>
				    <include condition="!StringCompare(System.Language,Hebrew)">ButtonL1</include>
					
				    <font>size28</font>
					<label>19200</label>
				</control>
				<control type="radiobutton" id ="14">
					<description>Parental locked</description>
					<width>740</width>
					<include condition="StringCompare(System.Language,Hebrew)">ButtonR1</include>
				    <include condition="!StringCompare(System.Language,Hebrew)">ButtonL1</include>
				    <font>size28</font>
					<pulseonselect>no</pulseonselect>
					<label>19267</label>
				</control>
				<control type="button" id ="30">
					<description>Group Manager Button</description>
					<width>740</width>
					<include condition="StringCompare(System.Language,Hebrew)">ButtonR1</include>
				    <include condition="!StringCompare(System.Language,Hebrew)">ButtonL1</include>
				    <font>size28</font>
					<label>19205</label>
				</control>
				<control type="button" id ="34">
					<description>TV/Radio Button</description>
					<width>740</width>
					<include condition="StringCompare(System.Language,Hebrew)">ButtonR1</include>
				    <include condition="!StringCompare(System.Language,Hebrew)">ButtonL1</include>
				    <font>size28</font>
					<label>$LOCALIZE[19023] / $LOCALIZE[19024]</label>
				</control>
				<control type="button" id ="31">
					<description>Edit channel Button</description>
					<width>740</width>
					<include condition="StringCompare(System.Language,Hebrew)">ButtonR1</include>
				    <include condition="!StringCompare(System.Language,Hebrew)">ButtonL1</include>
				    <font>size28</font>
					<label>19203</label>
				</control>
				<control type="button" id ="32">
					<description>Delete channel Button</description>
					<width>740</width>
					<include condition="StringCompare(System.Language,Hebrew)">ButtonR1</include>
				    <include condition="!StringCompare(System.Language,Hebrew)">ButtonL1</include>
				    <font>size28</font>
					<label>19211</label>
				</control>
				<control type="button" id ="33">
					<description>New channel Button</description>
					<width>740</width>
					<include condition="StringCompare(System.Language,Hebrew)">ButtonR1</include>
				    <include condition="!StringCompare(System.Language,Hebrew)">ButtonL1</include>
				    <font>size28</font>
					<label>19204</label>
				</control>
		    </control>
		    <control type="image" id ="10">
				<description>Current Channel Icon</description>
				<width>680</width>
				<height>70</height>
				<posx>1055</posx>
				<posy>354</posy>
				<include condition="StringCompare(System.Language,Hebrew)">ImageL1</include>
				<include condition="!StringCompare(System.Language,Hebrew)">ImageR1</include>
				
				<texture border="0" diffuse="buttons/types/bd.png">$INFO[ListItem.Property(Icon)]</texture>
			</control>
		</control>
		<control type="grouplist" id="9000">
			<posx>910</posx>
			<posy>960</posy>
			<width>960</width>
			<align>center</align>
			<orientation>Horizontal</orientation>
			<onup>9002</onup>
			<control type="button" id ="4">
				<description>OK Button</description>
				<width>200</width>
				<label>186</label>
				<font>size28</font>
			</control>
			<control type="button" id ="5">
				<description>Apply changes Button</description>
				<width>300</width>
				<label>14070</label>
				<font>size28</font>
			</control>
			<control type="button" id ="6">
				<description>Cancel Button</description>
				<width>200</width>
				<label>222</label>
				<font>size28</font>
			</control>
		</control>
		<include>ScrollBar</include>
		<include>TopInformation</include>
	</controls>
</window>
