<?xml version="1.0" encoding="UTF-8"?>
<window description="(2)">
  <defaultcontrol always="true">50</defaultcontrol>
  <views>50,51,54,57,58</views>
  <include>SetFocusView</include>
  <controls>
    <include>Backgrounds3</include>
    <include>ViewDesign_51</include>
	<include>ViewDesign_50</include>
	<include>ViewDesign_54</include>
	<include>ViewDesign_57</include>
	<include>ViewDesign_58</include>
	<include>MenuDesign_Left</include>
	<include>TopVideoInformation</include>
	<include>ScrollBar</include>
	<include>TopInformation</include>
  </controls>
</window>
