﻿<?xml version="1.0" encoding="UTF-8"?>
<includes>
  <include name="4ways">
	  <onleft condition="Window.IsVisible(FileBrowser.xml) + Control.IsVisible(9005) + StringCompare(System.Language,Hebrew)">9005</onleft>
	  <onleft condition="Control.IsVisible(7011) + Control.IsVisible(7017) + StringCompare(System.Language,Hebrew) + !Control.HasFocus(7017) + [!Control.IsVisible(90000) | StringCompare(Container.Viewmode,$LOCALIZE[31011])]">7017</onleft>
	  <onleft condition="Control.IsVisible(90000) + !SubString(Window(home).Property(ViewsSettings),900) + [StringCompare(System.Language,Hebrew) | Window.IsVisible(MyPVRGuide.xml)]">9000</onleft>
	  <onleft condition="Control.IsVisible(90000) + SubString(Window(home).Property(ViewsSettings),9001) + [StringCompare(System.Language,Hebrew) | Window.IsVisible(MyPVRGuide.xml)]">9001</onleft>
	  <onleft condition="Control.IsVisible(90000) + SubString(Window(home).Property(ViewsSettings),9002) + [StringCompare(System.Language,Hebrew) | Window.IsVisible(MyPVRGuide.xml)]">9002</onleft>
	  <onleft condition="!Control.IsVisible(90000) + Player.HasAudio + StringCompare(System.Language,Hebrew)">ActivateWindow(12901)</onleft>

	  <onright condition="Window.IsVisible(FileBrowser.xml) + Control.IsVisible(9005) + !StringCompare(System.Language,Hebrew)">9005</onright>
	  <onright condition="Control.IsVisible(60) + StringCompare(System.Language,Hebrew)">60</onright>
	  <onright condition="!Control.IsVisible(60) + Control.IsVisible(7011) + StringCompare(System.Language,Hebrew) + !Control.HasFocus(7017) + !StringCompare(Container.Viewmode,$LOCALIZE[31011])">7017</onright>
	  <onright condition="!Control.IsVisible(60) + Player.HasAudio + StringCompare(System.Language,Hebrew)">ActivateWindow(12901)</onright>
	  <onright condition="Control.IsVisible(90000) + [Window.IsActive(TVGuide) | Window.IsActive(RadioGuide)] + StringCompare(System.Language,Hebrew)">9000</onright>
	  
	  <onright condition="Control.IsVisible(7011) + Control.IsVisible(7017) + !StringCompare(System.Language,Hebrew) + !Control.HasFocus(7017) + [!Control.IsVisible(90000) | StringCompare(Container.Viewmode,$LOCALIZE[31011])]">7017</onright>
	  <onright condition="Control.IsVisible(90000) + !SubString(Window(home).Property(ViewsSettings),900) + [!StringCompare(System.Language,Hebrew) | Window.IsVisible(MyPVRGuide.xml)]">9000</onright>
	  <onright condition="Control.IsVisible(90000) + SubString(Window(home).Property(ViewsSettings),9001) + [!StringCompare(System.Language,Hebrew) | Window.IsVisible(MyPVRGuide.xml)]">9001</onright>
	  <onright condition="Control.IsVisible(90000) + SubString(Window(home).Property(ViewsSettings),9002) + [!StringCompare(System.Language,Hebrew) | Window.IsVisible(MyPVRGuide.xml)]">9002</onright>
	  <onright condition="!Control.IsVisible(90000) + Player.HasAudio + !StringCompare(System.Language,Hebrew)">ActivateWindow(12901)</onright>
	  
	  <onleft condition="Control.IsVisible(60) + !StringCompare(System.Language,Hebrew)">60</onleft>
	  <onleft condition="!Control.IsVisible(60) + Control.IsVisible(7011) + !StringCompare(System.Language,Hebrew) + !StringCompare(Container.Viewmode,$LOCALIZE[31011])">7017</onleft>
	  <onleft condition="!Control.IsVisible(60) + Player.HasAudio + !StringCompare(System.Language,Hebrew)">ActivateWindow(12901)</onleft>
	  <onleft condition="Control.IsVisible(90000) + [Window.IsActive(TVGuide) | Window.IsActive(RadioGuide)] + !StringCompare(System.Language,Hebrew)">9000</onleft>
	  
	  <onup condition="Control.IsVisible(7011)">7017</onup>			  
	  <onup condition="Player.HasAudio">ActivateWindow(12901)</onup>
	  <onup condition="Control.IsVisible(90000) + [Window.IsActive(TVGuide) | Window.IsActive(RadioGuide)]">9000</onup>
	  <onup condition="!Player.HasMedia + StringCompare(Container.Viewmode,$LOCALIZE[31010])">51</onup>
	  <onup condition="!Player.HasMedia + [StringCompare(Container.Viewmode,$LOCALIZE[31011]) | Control.IsVisible(50)]">50</onup>
	  <onup condition="!Player.HasMedia + Control.IsVisible(56)">56</onup>
	  <onup condition="!Player.HasMedia + StringCompare(Container.Viewmode,$LOCALIZE[31013])">57</onup>
	  <onup condition="!Player.HasMedia + StringCompare(Container.Viewmode,$LOCALIZE[31014])">58</onup>
	  <onup condition="!Player.HasMedia + Control.IsVisible(450)">450</onup>
	  <ondown condition="Window.IsVisible(SettingsCategory.xml) + Control.IsVisible(3)">3</ondown>
	  <ondown condition="[Control.IsVisible(7011) | Player.HasMedia]">noop</ondown>
	  <ondown condition="!Player.HasMedia + StringCompare(Container.Viewmode,$LOCALIZE[31010])">51</ondown>
	  <ondown condition="!Player.HasMedia + [StringCompare(Container.Viewmode,$LOCALIZE[31011]) | Control.IsVisible(50)]">50</ondown>
	  <ondown condition="!Player.HasMedia + StringCompare(Container.Viewmode,$LOCALIZE[31015])">54</ondown>
	  <ondown condition="!Player.HasMedia + Control.IsVisible(56)">56</ondown>
	  <ondown condition="!Player.HasMedia + StringCompare(Container.Viewmode,$LOCALIZE[31013])">57</ondown>
	  <ondown condition="!Player.HasMedia + StringCompare(Container.Viewmode,$LOCALIZE[31014])">58</ondown>
	  <ondown condition="!Player.HasMedia + StringCompare(Container.Viewmode,$LOCALIZE[31014])">450</ondown>
	  <ondown condition="Control.IsVisible(450) + !Player.HasMedia">450</ondown>
	  <ondown condition="Control.IsVisible(10) + [Window.IsVisible(MyPVRChannels.xml) | Window.IsVisible(MyPVRGuide.xml) | Window.IsVisible(DialogPVRGuideOSD.xml) | Window.IsVisible(DialogPVRChannelsOSD.xml)]">10</ondown>
	  <ondown condition="Control.IsVisible(11) + [Window.IsVisible(MyPVRChannels.xml) | Window.IsVisible(MyPVRGuide.xml) | Window.IsVisible(DialogPVRGuideOSD.xml) | Window.IsVisible(DialogPVRChannelsOSD.xml)]">11</ondown>
	  <ondown condition="Control.IsVisible(12) + [Window.IsVisible(MyPVRChannels.xml) | Window.IsVisible(MyPVRGuide.xml) | Window.IsVisible(DialogPVRGuideOSD.xml) | Window.IsVisible(DialogPVRChannelsOSD.xml)]">12</ondown>
	  <ondown condition="Control.IsVisible(13) + [Window.IsVisible(MyPVRChannels.xml) | Window.IsVisible(MyPVRGuide.xml) | Window.IsVisible(DialogPVRGuideOSD.xml) | Window.IsVisible(DialogPVRChannelsOSD.xml)]">13</ondown>
	  <ondown condition="Control.IsVisible(14) + [Window.IsVisible(MyPVRChannels.xml) | Window.IsVisible(MyPVRGuide.xml) | Window.IsVisible(DialogPVRGuideOSD.xml) | Window.IsVisible(DialogPVRChannelsOSD.xml)]">14</ondown>
	  <preloaditems>2</preloaditems>
	  <pagecontrol>60</pagecontrol>
	  <scrolltime tween="sine" easing="inout">200</scrolltime>
  </include>
  <include name="4ways2" description="IncludeShelf Top">
	<onup condition="Control.IsVisible(7011)">7017</onup>
	<onup condition="Player.HasAudio">ActivateWindow(12901)</onup>
	<ondown condition="Window.IsVisible(CustomHomeCustomizer.xml) + Control.IsVisible(50)">50</ondown>
	<ondown condition="Window.IsVisible(Home.xml) + Control.IsVisible(90000)">9000</ondown>
	
	<onleft condition="Control.HasFocus(50)">50</onleft>
	<onright condition="Control.HasFocus(50)">50</onright>
  </include>
  <include name="4ways3" description="SideMenu">
  	<onup condition="ControlGroup(9000).HasFocus() + !ControlGroup(9001).HasFocus() + !ControlGroup(9002).HasFocus()">9000</onup>
	<onup condition="ControlGroup(9001).HasFocus() + !ControlGroup(9002).HasFocus()">9001</onup>
	<onup condition="ControlGroup(9002).HasFocus()">9002</onup>
	<onup condition="ControlGroup(300).HasFocus()">300</onup>
	<ondown condition="ControlGroup(9000).HasFocus() + !ControlGroup(9001).HasFocus() + !ControlGroup(9002).HasFocus()">9000</ondown>
	<ondown condition="ControlGroup(9001).HasFocus() + !ControlGroup(9002).HasFocus()">9001</ondown>
	<ondown condition="ControlGroup(9002).HasFocus()">9002</ondown>
	<ondown condition="ControlGroup(300).HasFocus()">300</ondown>
	<onright description="en" condition="Control.IsVisible(7011) + !StringCompare(System.Language,Hebrew)">7017</onright>
	<onright description="en" condition="Player.HasAudio + !StringCompare(System.Language,Hebrew)">7017</onright>
	<onleft description="en" condition="Window.IsActive(DialogAddonInfo.xml) + !StringCompare(System.Language,Hebrew)">Close</onleft> 
	<onleft description="en" condition="Window.IsActive(SettingsCategory.xml) + !StringCompare(System.Language,Hebrew)">5</onleft> 
    <onleft description="en" condition="[ControlGroup(9000).HasFocus() | ControlGroup(9001).HasFocus() | ControlGroup(9002).HasFocus() | ControlGroup(300).HasFocus | Window.IsVisible(MyPVRChannels.xml) | Window.IsVisible(MyPVRGuide.xml)] + !StringCompare(System.Language,Hebrew) + Control.IsVisible(50)">50</onleft>
	<onleft description="en" condition="Control.IsVisible(51) + !StringCompare(System.Language,Hebrew)">51</onleft>
	<onleft description="en" condition="Control.IsVisible(54) + !StringCompare(System.Language,Hebrew)">54</onleft>
	<onleft description="en" condition="Control.IsVisible(56) + !StringCompare(System.Language,Hebrew)">56</onleft>
	<onleft description="en" condition="Control.IsVisible(57) + !StringCompare(System.Language,Hebrew)">57</onleft>
	<onleft description="en" condition="Control.IsVisible(58) + !StringCompare(System.Language,Hebrew)">58</onleft>
	<onleft description="en" condition="Control.IsVisible(50) + !StringCompare(System.Language,Hebrew)">50</onleft>
	<onleft description="en" condition="Control.IsVisible(450) + !StringCompare(System.Language,Hebrew)">450</onleft>
	
	<onleft description="he" condition="Control.IsVisible(7011) + StringCompare(System.Language,Hebrew)">7017</onleft>
	<onleft description="he" condition="Player.HasAudio + StringCompare(System.Language,Hebrew)">7017</onleft>
	<onright description="he" condition="Window.IsActive(DialogAddonInfo.xml) + StringCompare(System.Language,Hebrew)">Close</onright> 
	<onright description="he" condition="Window.IsActive(SettingsCategory.xml) + StringCompare(System.Language,Hebrew)">5</onright> 
    <onright description="he" condition="[ControlGroup(9000).HasFocus() | ControlGroup(9001).HasFocus() | ControlGroup(9002).HasFocus() | ControlGroup(300).HasFocus | Window.IsVisible(MyPVRChannels.xml) | Window.IsVisible(MyPVRGuide.xml)] + StringCompare(System.Language,Hebrew) + Control.IsVisible(50)">50</onright>
	<onright description="he" condition="Control.IsVisible(51) + StringCompare(System.Language,Hebrew)">51</onright>
	<onright description="he" condition="Control.IsVisible(54) + StringCompare(System.Language,Hebrew)">54</onright>
	<onright description="he" condition="Control.IsVisible(56) + StringCompare(System.Language,Hebrew)">56</onright>
	<onright description="he" condition="Control.IsVisible(57) + StringCompare(System.Language,Hebrew)">57</onright>
	<onright description="he" condition="Control.IsVisible(58) + StringCompare(System.Language,Hebrew)">58</onright>
	<onright description="he" condition="Control.IsVisible(50) + StringCompare(System.Language,Hebrew)">50</onright>
	<onright description="he" condition="Control.IsVisible(450) + StringCompare(System.Language,Hebrew)">450</onright>
  </include>
  <include name="4ways4" description="Includes_Settings">
    <onup condition="!Control.IsVisible(100) + !Window.IsVisible(CustomHomeCustomizer.xml) + Control.IsVisible(7011)">7017</onup>
	<onup condition="!Control.IsVisible(100) + !Window.IsVisible(CustomHomeCustomizer.xml) + Player.HasAudio">ActivateWindow(12901)</onup>
	<onup condition="Control.IsVisible(100)">100</onup>
	
	
	<onleft condition="!Window.IsVisible(CustomHomeCustomizer.xml) + !Window.IsVisible(DialogFavourites.xml) + StringCompare(System.Language,Hebrew)">9000</onleft>
	<onleft condition="!Window.IsVisible(CustomHomeCustomizer.xml) + Control.IsVisible(7011) + StringCompare(System.Language,Hebrew)">7017</onleft>
	<onleft condition="!Window.IsVisible(CustomHomeCustomizer.xml) + Player.HasAudio + StringCompare(System.Language,Hebrew)">ActivateWindow(12901)</onleft>
	<onright condition="!Window.IsVisible(CustomHomeCustomizer.xml) + !Window.IsVisible(DialogFavourites.xml) + !StringCompare(System.Language,Hebrew)">9000</onright>
	<onright condition="!Window.IsVisible(CustomHomeCustomizer.xml) + Control.IsVisible(7011) + !StringCompare(System.Language,Hebrew)">7017</onright>
	<onright condition="!Window.IsVisible(CustomHomeCustomizer.xml) + Player.HasAudio + !StringCompare(System.Language,Hebrew)">ActivateWindow(12901)</onright>
	<onright condition="!Window.IsVisible(CustomHomeCustomizer.xml) + Control.IsVisible(60)">60</onright>
	<onright condition="!Window.IsVisible(CustomHomeCustomizer.xml) + !Control.IsVisible(60) + Control.IsVisible(7011)">7017</onright>
	<ondown>noop</ondown>
  </include>
    <include name="2ways">
	  <onleft condition="Control.IsVisible(90000) + !SubString(Window(home).Property(ViewsSettings),900)">9000</onleft>
	  <onleft condition="Control.IsVisible(90000) + SubString(Window(home).Property(ViewsSettings),9001)">9001</onleft>
	  <onleft condition="Control.IsVisible(90000) + SubString(Window(home).Property(ViewsSettings),9002)">9002</onleft>
	  <onleft condition="!Control.IsVisible(90000) + Control.IsVisible(7011) + Control.IsVisible(7017)">7017</onleft>
	  <onleft condition="!Control.IsVisible(90000) + Player.HasAudio">ActivateWindow(12901)</onleft>
	  
	  <onright condition="Control.IsVisible(90000) + !SubString(Window(home).Property(ViewsSettings),900)">9000</onright>
	  <onright condition="Control.IsVisible(90000) + SubString(Window(home).Property(ViewsSettings),9001)">9001</onright>
	  <onright condition="Control.IsVisible(90000) + SubString(Window(home).Property(ViewsSettings),9002)">9002</onright>
	  <onright condition="!Control.IsVisible(90000) + Control.IsVisible(7011) + Control.IsVisible(7017)">7017</onright>
	  <onright condition="!Control.IsVisible(90000) + Player.HasAudio">ActivateWindow(12901)</onright>
	  
	  <onup condition="Control.IsVisible(7011)">7017</onup>			  
	  <onup condition="Player.HasAudio">ActivateWindow(12901)</onup>
	  <onup condition="Control.IsVisible(60)">PageUp</onup>
	  
	  <ondown condition="Control.IsVisible(60)">PageDown</ondown>
	  <preloaditems>2</preloaditems>
	  <pagecontrol>60</pagecontrol>	  
	  <scrolltime tween="sine" easing="inout">200</scrolltime>
  </include>
  <include name="ArrowNF">
    <control type="image" description="arrow">
	 <visible>[Window.IsActive(Settings.xml) | ListItem.IsFolder] + ![StringCompare(ListItem.Label,..) | SubString(ListItem.Path,videodb://1/7) | container.content(Movies) | container.content(TVshows) | container.content(Seasons) | container.content(Episodes) | container.content(musicvideos) | container.content(songs) | container.content(addons) | SubString(Container.FolderPath,plugin://,left)]</visible>
	 <posx>75r</posx>
	 <height>81</height>
	 <width>42</width>
	 <aspectratio>keep</aspectratio>
	 <texture>images/ArrowNF.png</texture>
		</control>
	  </include>
  <include name="ArrowFO">
	<control type="image" description="arrow">
	 <visible>[Window.IsActive(Settings.xml) | ListItem.IsFolder] + ![StringCompare(ListItem.Label,..) | SubString(ListItem.Path,videodb://1/7) | container.content(Movies) | container.content(TVshows) | container.content(Seasons) | container.content(Episodes) | container.content(musicvideos) | container.content(songs) | container.content(addons) | SubString(Container.FolderPath,plugin://,left)]</visible>
	 <animation effect="fade" start="30" end="100" time="150" delay="300">Focus</animation>
	 <posx>75r</posx>
	 <height>81</height>
	 <width>42</width>
	 <aspectratio>keep</aspectratio>
	 <texture>images/ArrowFO.png</texture>
    </control>
  </include>
  <include name="AutoScrollText" description="(Textbox) פרטי וידאו (1105)">
	<autoscroll tween="sine" easing="out" delay="7000" time="3000" repeat="7000">True</autoscroll>
  </include>
  <include name="AutoScrollText2" description="(Textbox) (הגדרות מעטפת/עזרה)">
	<autoscroll tween="sine" easing="out" delay="7000" time="3000" repeat="7000">True</autoscroll>
  </include>
  <include name="CustomizerExit">
    <!--<onclick condition="!IsEmpty(Window(home).Property(Button.ID))">AlarmClock(buttonid,SetProperty(Button.ID,$INFO[Window(home).Property(Button.ID)],home),00:01,silent)</onclick>
	<onclick condition="!IsEmpty(Window(home).Property(Button.ID))">Notification(1,1,1000)</onclick>
	<onclick condition="!IsEmpty(Window(home).Property(Button.ID_))">AlarmClock(buttonid,SetProperty(Button.ID_,$INFO[Window(home).Property(Button.ID_)],home),00:01,silent)</onclick>
	<onclick condition="!IsEmpty(Window(home).Property(Button.Name))">SetProperty(Button.Name,$INFO[Window(home).Property(Button.Name)],home)</onclick>
    <onclick>dialog.close(1173)</onclick>
	<onclick>Close</onclick>
	<onclick>ActivateWindow(1117)</onclick>
	<onclick>ActivateWindow(1173)</onclick>-->
	<onclick>RunScript(script.featherence.service,,?mode=32&amp;value=6)</onclick>
  </include>
 
  <include name="VideoPlayerWindow">
    <control type="group">
	  <!--<include>Slide1</include>
	  <height>552</height>
	  <width>1920</width>-->
	  <visible>!Window.IsVisible(DialogFavourites.xml)</visible>
	  <visible>Player.HasVideo</visible>
	  <control type="videowindow" id="7011" description="חלון וידאו">
		  <animation description="slide-Vertical_he" condition="[StringCompare(Container.Viewmode,$LOCALIZE[31011]) | Control.IsVisible(11)] + StringCompare(System.Language,Hebrew) + !Window.IsVisible(MyPVRGuide.xml)" effect="slide" start="0,0" end="-245,624" time="0">Conditional</animation>
		  <animation description="slide-Vertical_en" condition="[StringCompare(Container.Viewmode,$LOCALIZE[31011]) | Control.IsVisible(11)] + !StringCompare(System.Language,Hebrew) + !Window.IsVisible(MyPVRGuide.xml)" effect="slide" start="0,0" end="235,624" time="0">Conditional</animation>
		  <animation description="zoom-Vertical_he" condition="[StringCompare(Container.Viewmode,$LOCALIZE[31011]) | Control.IsVisible(11)] + !Window.IsVisible(MyPVRGuide.xml)" effect="zoom" center="auto" start="100,100" end="86,85.5" time="0">Conditional</animation>
		  <animation description="zoom-Vertical_en" condition="[StringCompare(Container.Viewmode,$LOCALIZE[31011]) | Control.IsVisible(11)] + !Window.IsVisible(MyPVRGuide.xml)" effect="zoom" center="auto" start="100,100" end="86,85.5" time="0">Conditional</animation>
		  <!--<include condition="!StringCompare(Container.Viewmode,$LOCALIZE[31011]) + [!Control.IsVisible(11) | Window.IsVisible(MyPVRGuide.xml)]">Control_Pos6</include>-->
		  
		  <animation description="slide-Home-Vertical_he" condition="[Window.IsVisible(Home.xml) | Window.IsVisible(CustomHomeCustomizer.xml)] + Skin.String(MenuDesign,4) + StringCompare(System.Language,Hebrew)" effect="slide" start="0,0" end="-265,0" time="0">Conditional</animation>
		  
		  <include condition="![Window.IsVisible(Home.xml) | Window.IsVisible(CustomHomeCustomizer.xml)]">Control_Pos4</include>
		  <include condition="[Window.IsVisible(Home.xml) | Window.IsVisible(CustomHomeCustomizer.xml)] + Skin.String(MenuDesign,4)">Control_Pos45</include>
		  <height>1080</height>
		  <width>1920</width>
		  <visible>Player.HasVideo</visible>
	  </control>

	  <control type="image" description="רקע שחור אחורי - מסתיר חלון וידאו על כל המסך">
		<animation description="slide-horizontal" condition="[Skin.String(MenuDesign,2) | Skin.String(MenuDesign,3) | !Skin.String(MenuDesign)]" effect="slide" start="0,0" end="0,250" time="0">Conditional</animation>
		<animation description="slide-Vertical_he" condition="Skin.String(MenuDesign,4) + StringCompare(System.Language,Hebrew)" effect="slide" start="0,0" end="-265,552" time="0">Conditional</animation>
		<animation description="slide-Vertical_en" condition="Skin.String(MenuDesign,4) + !StringCompare(System.Language,Hebrew)" effect="slide" start="0,0" end="265,552" time="0">Conditional</animation>
		<aspectratio>stretch</aspectratio>
		<height>1080</height>
		<width>1920</width>
		<posy>552</posy>
		<texture colordiffuse="ff000000" border="0">buttons/ButtonA0.png</texture>
		<visible>Control.IsVisible(7011)</visible>
		<visible>[Window.IsVisible(Home.xml) | Window.IsVisible(CustomHomeCustomizer.xml)] + !Skin.String(MenuDesign,4)</visible>
	  </control>
	  
	  <control type="button" id="7017">
		<!--Home.xml-->
		<animation description="No full Fanart-Vertical_he" condition="[Window.IsVisible(Home.xml) | Window.IsVisible(CustomHomeCustomizer.xml)] + Skin.String(MenuDesign,4) + StringCompare(System.Language,Hebrew)" effect="zoom" center="0,30" start="100,100" end="86.3,200" time="0">Conditional</animation>
		<animation description="No full Fanart-Vertical_en" condition="[Window.IsVisible(Home.xml) | Window.IsVisible(CustomHomeCustomizer.xml)] + Skin.String(MenuDesign,4) + !StringCompare(System.Language,Hebrew)" effect="zoom" center="1920,30" start="100,100" end="86.3,200" time="0">Conditional</animation>
		
		<!--Nav.xml-->
		<animation description="slide-Vertical_he" condition="[StringCompare(Container.Viewmode,$LOCALIZE[31011]) | Control.IsVisible(11)] + StringCompare(System.Language,Hebrew) + !Window.IsVisible(MyPVRGuide.xml)" effect="slide" start="0,0" end="-240,320" time="0">Conditional</animation>
		<animation description="slide-Vertical_en" condition="[StringCompare(Container.Viewmode,$LOCALIZE[31011]) | Control.IsVisible(11)] + !StringCompare(System.Language,Hebrew) + !Window.IsVisible(MyPVRGuide.xml)" effect="slide" start="0,0" end="230,320" time="0">Conditional</animation>
		<animation description="slide-Vertical" condition="[StringCompare(Container.Viewmode,$LOCALIZE[31011]) | Control.IsVisible(11)] + !Window.IsVisible(MyPVRGuide.xml)" effect="zoom" center="auto" start="100,100" end="75,179" time="0">Conditional</animation>
		<animation description="slide-others" condition="Window.IsVisible(MyVideoNav.xml) + ![StringCompare(Container.Viewmode,$LOCALIZE[31011]) | Control.IsVisible(11)]" effect="slide" start="0,0" end="0,-552" time="0">Conditional</animation>
		<animation description="slide-others" condition="Window.IsVisible(SkinSettings.xml) | Window.IsVisible(Settings.xml) | Window.IsVisible(SettingsCategory.xml)" effect="slide" start="0,0" end="0,-552" time="0">Conditional</animation>
		
		<!--Home.xml-->
		<include condition="[Window.IsVisible(Home.xml) | Window.IsVisible(CustomHomeCustomizer.xml)] + [Skin.String(MenuDesign,2) | Skin.String(MenuDesign,3) | !Skin.String(MenuDesign)]">Control_Pos33</include>
		<!--Nav.xml-->
		<posy>30</posy>
		<height>522</height>
		
		<!--Home.xml-->
		<onup condition="[Window.IsVisible(Home.xml) | Window.IsVisible(CustomHomeCustomizer.xml)] + Control.IsVisible(9009)">9009</onup>
		<onup condition="[Window.IsVisible(Home.xml) | Window.IsVisible(CustomHomeCustomizer.xml)] + !Control.IsVisible(9009)">ActivateWindow(12901)</onup>
		<ondown condition="[Window.IsVisible(Home.xml) | Window.IsVisible(CustomHomeCustomizer.xml)] + Window.IsVisible(Home.xml) + Control.IsVisible(700)">700</ondown>
		<ondown condition="[Window.IsVisible(Home.xml) | Window.IsVisible(CustomHomeCustomizer.xml)] + [Window.IsVisible(Home.xml) | Window.IsVisible(CustomHomeCustomizer.xml) + Control.IsVisible(9000)]">9000</ondown>
		<onleft condition="[Window.IsVisible(Home.xml) | Window.IsVisible(CustomHomeCustomizer.xml)] + Skin.String(MenuDesign,4) + !StringCompare(System.Language,Hebrew)">9000</onleft>
		<onleft condition="[Window.IsVisible(Home.xml) | Window.IsVisible(CustomHomeCustomizer.xml)]">700</onleft>
		<onright condition="[Window.IsVisible(Home.xml) | Window.IsVisible(CustomHomeCustomizer.xml)] + Skin.String(MenuDesign,4) + StringCompare(System.Language,Hebrew)">9000</onright>
		<onright condition="[Window.IsVisible(Home.xml) | Window.IsVisible(CustomHomeCustomizer.xml)]">700</onright>
		
		<!--Nav.xml-->
		<onup condition="Control.HasFocus(7017)">ActivateWindow(12901)</onup>
		<ondown condition="Window.IsVisible(SettingsCategory.xml) + Control.IsVisible(3)">3</ondown>
		<ondown condition="Window.IsVisible(MyPVRGuide.xml) + Control.IsVisible(10)">10</ondown>
		<ondown condition="StringCompare(Container.Viewmode,$LOCALIZE[31010])">51</ondown>
		<ondown condition="[StringCompare(Container.Viewmode,$LOCALIZE[31011]) | Control.IsVisible(50)]">50</ondown>
		<ondown condition="StringCompare(Container.Viewmode,$LOCALIZE[31015])">54</ondown>
		<ondown condition="Control.IsVisible(55)">55</ondown>
		<ondown condition="Control.IsVisible(56)">56</ondown>
		<ondown condition="StringCompare(Container.Viewmode,$LOCALIZE[31013])">57</ondown>		  
		<ondown condition="StringCompare(Container.Viewmode,$LOCALIZE[31014])">58</ondown>
		
		<onleft condition="[StringCompare(Container.Viewmode,$LOCALIZE[31011]) | Control.IsVisible(11)] + Control.IsVisible(90000) + !SubString(Window(home).Property(ViewsSettings),900) + StringCompare(System.Language,Hebrew)">9000</onleft>
		<onleft condition="[StringCompare(Container.Viewmode,$LOCALIZE[31011]) | Control.IsVisible(11)] + Control.IsVisible(90000) + SubString(Window(home).Property(ViewsSettings),9001) + StringCompare(System.Language,Hebrew)">9001</onleft>
		<onleft condition="[StringCompare(Container.Viewmode,$LOCALIZE[31011]) | Control.IsVisible(11)] + Control.IsVisible(90000) + SubString(Window(home).Property(ViewsSettings),9002) + StringCompare(System.Language,Hebrew)">9002</onleft>
		<onright condition="StringCompare(Container.Viewmode,$LOCALIZE[31011]) + StringCompare(System.Language,Hebrew)">50</onright>
		<onright condition="Control.IsVisible(11) + StringCompare(System.Language,Hebrew)">11</onright>
		
		<onright condition="[StringCompare(Container.Viewmode,$LOCALIZE[31011]) | Control.IsVisible(11)] + Control.IsVisible(90000) + !SubString(Window(home).Property(ViewsSettings),900) + !StringCompare(System.Language,Hebrew)">9000</onright>
		<onright condition="[StringCompare(Container.Viewmode,$LOCALIZE[31011]) | Control.IsVisible(11)] + Control.IsVisible(90000) + SubString(Window(home).Property(ViewsSettings),9001) + !StringCompare(System.Language,Hebrew)">9001</onright>
		<onright condition="[StringCompare(Container.Viewmode,$LOCALIZE[31011]) | Control.IsVisible(11)] + Control.IsVisible(90000) + SubString(Window(home).Property(ViewsSettings),9002) + !StringCompare(System.Language,Hebrew)">9002</onright>
		<onleft condition="StringCompare(Container.Viewmode,$LOCALIZE[31011]) + !StringCompare(System.Language,Hebrew)">50</onleft>
		<onleft condition="Control.IsVisible(11) + !StringCompare(System.Language,Hebrew)">11</onleft>
		
		<!--All-->
		<onclick condition="Player.HasVideo">Fullscreen</onclick>
		<texturefocus border="10" colordiffuse="$VAR[SelectedFrameColor]">misc/frames/selector.png</texturefocus>
		<texturenofocus colordiffuse="FFFFAAFF"></texturenofocus>
		<width>1920</width>
		<visible>Control.IsVisible(7011)</visible>
	  </control>
	  
	  <include>ForwardingRewinding</include>
	</control>
  </include>
  <include name="VideoOSDflag">
	<control type="image">
	  <aspectratio>keep</aspectratio>
	  <animation condition="!Control.IsVisible(707)" effect="slide" start="0,0" end="-50,0" time="0">Conditional</animation>
	  <animation condition="!Control.IsVisible(601)" effect="slide" start="0,0" end="-50,0" time="0">Conditional</animation>
	  <animation condition="!Control.IsVisible(602)" effect="slide" start="0,0" end="-50,0" time="0">Conditional</animation>
	  
	  <animation condition="Control.IsVisible(611)" effect="slide" start="0,0" end="50,0" time="0">Conditional</animation>
	  <animation condition="Control.IsVisible(613)" effect="slide" start="0,0" end="50,0" time="0">Conditional</animation>
	  <animation condition="Control.IsVisible(699)" effect="slide" start="0,0" end="50,0" time="0">Conditional</animation>
	  <animation condition="Control.IsVisible(701)" effect="slide" start="0,0" end="50,0" time="0">Conditional</animation>
	  <animation condition="Control.IsVisible(702)" effect="slide" start="0,0" end="50,0" time="0">Conditional</animation>
	  <animation condition="Control.IsVisible(705)" effect="slide" start="0,0" end="50,0" time="0">Conditional</animation>
	  <animation condition="Control.IsVisible(803)" effect="slide" start="0,0" end="50,0" time="0">Conditional</animation>
	  <animation condition="Control.IsVisible(804)" effect="slide" start="0,0" end="50,0" time="0">Conditional</animation>
	  <animation condition="Control.IsVisible(807)" effect="slide" start="0,0" end="50,0" time="0">Conditional</animation>
	  <animation condition="Control.IsVisible(808)" effect="slide" start="0,0" end="50,0" time="0">Conditional</animation>
	  <animation condition="Control.IsVisible(810)" effect="slide" start="0,0" end="50,0" time="0">Conditional</animation>
	  <posx>1090</posx>
	  <posy>82</posy>
	  <height>40</height>
	  <width>40</width>
	  <texture>$INFO[VideoPlayer.SubtitlesLanguage,badges/countries/v2/,.png]</texture>
	  <visible>Control.IsVisible(703) + !IsEmpty(VideoPlayer.SubtitlesLanguage)</visible>
	  <visible>VideoPlayer.SubtitlesEnabled + VideoPlayer.HasSubtitles</visible>
	</control>
	<control type="label">
	  <posy>400</posy>
	  <label>$INFO[VideoPlayer.SubtitlesLanguage,badges/countries/v2/,.png]</label>
	  <visible>Skin.HasSetting(Admin) + !Skin.HasSetting(Admin2) + Skin.HasSetting(Admin3)</visible>
	</control>
  </include>
  <include name="BlackBackground">
    <control type="image" description="Default BG">
	 <width>1920</width>
	 <height>1080</height>
	 <texture colordiffuse="ff000000" border="0">buttons/ButtonA0.png</texture>
    </control>
  </include>
  <include name="BlackBackground2">
    <control type="image" description="Default BG">
	  <animation condition="true" effect="fade" end="70" time="200">Conditional</animation>
		 <width>1920</width>
		 <height>1080</height>
		 <texture colordiffuse="ff000000" border="0">buttons/ButtonA0.png</texture>
    </control>
  </include>
  <include name="SetFocusView" description="onload">
    <onload condition="ControlGroup(9000).HasFocus() + Control.IsVisible(50)">Control.SetFocus(50)</onload>
	<onload condition="ControlGroup(9000).HasFocus() + Control.IsVisible(10)">Control.SetFocus(51)</onload>
	<onload condition="ControlGroup(9000).HasFocus() + Control.IsVisible(54)">Control.SetFocus(54)</onload>
	<onload condition="ControlGroup(9000).HasFocus() + Control.IsVisible(57)">Control.SetFocus(57)</onload>
	<onload condition="ControlGroup(9000).HasFocus() + Control.IsVisible(58)">Control.SetFocus(58)</onload>
  </include>
  
  
  <include name="InProgressBadge">
    <control type="group" description="סדרות בתהליך">
	  <height>60</height>
	  <posx>70r</posx>
	  <posy>5</posy>
	  <width>65</width>
	  <!--<visible>Container.Content(TVShows) + IntegerGreaterThan(ListItem.Property(WatchedEpisodes),0)</visible>-->
	  <visible>!IsEmpty(Control.GetLabel(11300)) | StringCompare(ListItem.Overlay,OverlayWatched.png) | IntegerGreaterThan(ListItem.Property(WatchedEpisodes),0) + !IntegerGreaterThan(ListItem.Property(UnWatchedEpisodes),0)</visible>
	  <control type="image" description="">
		<include>Fade_TopVideoInformationOverlay</include>
		<height>40</height>
		<posx>0</posx>
		<posy>0</posy>
		<texture diffuse="buttons/types/bd.png" colordiffuse="$VAR[TopInformationColor]" border="0">buttons/ButtonA0.png</texture>
		<width>100%</width>
	  </control>
	  <control type="label" id="11300" description="">					
		<include>LabelC2</include>
		<height>50%</height>
		<label>$VAR[Button11300]</label>
		<posx>0</posx>
		<posy>6</posy>
		<width>100%</width>
	  </control>	
	  <control type="image" description="סמן נצפה רגיל">
		  <height>80%</height>
		  <posx>6</posx>
		  <posy>-4</posy>
		  <texture colordiffuse="$VAR[IconUnFocusColor]">$VAR[Overlay2]</texture>
		  <width>80%</width>
		  <visible></visible>
      </control>
	</control>
  </include>
  
  <include name="InProgressBadge_">
    <control type="group" description="סדרות בתהליך">
	  <height>60</height>
	  <posx>70r</posx>
	  <posy>5</posy>
	  <width>65</width>
	  <!--<visible>Container.Content(TVShows) + IntegerGreaterThan(ListItem.Property(WatchedEpisodes),0)</visible>-->
	  <visible>!IsEmpty(Control.GetLabel(11300)) | StringCompare(ListItem.Overlay,OverlayWatched.png) | IntegerGreaterThan(ListItem.Property(WatchedEpisodes),0) + !IntegerGreaterThan(ListItem.Property(UnWatchedEpisodes),0)</visible> 
	  <control type="image" description="סמן נצפה">
	  <!--<animation condition="StringCompare(Container.Viewmode,$LOCALIZE[31013])" effect="zoom" center="60,-10" start="100,100" end="70,70" time="0">Conditional</animation>-->
		  <aspectratio align="left">keep</aspectratio>
		  <height>285</height>
		  <posx>-165</posx>
		  <posy>-4</posy>
		  <width>345</width>
		  <texture>$VAR[Overlay]</texture>
		  <visible>IsEmpty(Control.GetLabel(11156))</visible>
      </control>
	</control>
  </include>
  
  <include name="InProgressBadge2">
    <control type="group" description="סדרות בתהליך">
	  <animation condition="StringCompare(Container.Viewmode,$LOCALIZE[31013])" effect="zoom" center="-203,-38" start="100,100" end="80,80" time="0">Conditional</animation>
	  <!--<animation condition="StringCompare(Container.Viewmode,$LOCALIZE[31010])" effect="zoom" center="1413,-30" start="100,100" end="80,80" time="0">Conditional</animation>-->
	  <animation condition="StringCompare(Container.Viewmode,$LOCALIZE[31010])" effect="zoom" center="-650,-127" start="100,100" end="68,68" time="0">Conditional</animation>
	  <height>312</height>
	  <posx>137</posx>
	  <posy>37</posy>
	  <width>237</width>	  
	  <visible>Container.Content(TVShows) + IntegerGreaterThan(ListItem.Property(WatchedEpisodes),0) | StringCompare(ListItem.Overlay,OverlayWatched.png)</visible>
	  <control type="image" description="">
		<animation condition="true" effect="fade" start="70" end="70" time="0">Conditional</animation>
		<height>40</height>
		<posx>70r</posx>
		<posy>4</posy>
		<!--<texture diffuse="buttons/types/bd.png" colordiffuse="ff100c08" border="0">buttons/ButtonA0.png</texture>-->
		<texture colordiffuse="ff100c08" border="0">buttons/ButtonA0.png</texture>
		<width>60</width>
	  </control>		  
	  <control type="label" description="">					
		<angle>0</angle>
		<include>LabelC2</include>
		<height>30</height>
		<label>$INFO[ListItem.Property(UnwatchedEpisodes)]</label>
		<posx>70r</posx>
		<posy>8</posy>
		<align>center</align>
		<textcolor>white2</textcolor>
		<visible>IntegerGreaterThan(ListItem.Property(WatchedEpisodes),0) + IntegerGreaterThan(ListItem.Property(UnWatchedEpisodes),0)</visible>
		<width>60</width>
	  </control>
	  <control type="image" description="סמן נצפה רגיל">
		  <height>60</height>
		  <posx>70r</posx>
		  <posy>-6</posy>
		  <texture colordiffuse="$VAR[IconUnFocusColor]">$VAR[Overlay2]</texture>
		  <width>60</width>
		  <visible>![IntegerGreaterThan(ListItem.Property(WatchedEpisodes),0) + IntegerGreaterThan(ListItem.Property(UnWatchedEpisodes),0)]</visible>
      </control>
	</control>
    <control type="image" description="סמן נצפה">
	  <!--<animation condition="StringCompare(Container.Viewmode,$LOCALIZE[31013])" effect="zoom" center="60,-10" start="100,100" end="70,70" time="0">Conditional</animation>-->
	  <aspectratio align="left">keep</aspectratio>
	  <height>460</height>
	  <posx>7</posx>
	  <posy>30</posy>
	  <width>350</width>
	  <texture>$VAR[Overlay]</texture>
	  <visible>[[StringCompare(Container.Viewmode,$LOCALIZE[31015]) | StringCompare(Container.Viewmode,$LOCALIZE[31014])] + Skin.HasSetting(ShowDVDCases2)]</visible>
	  <visible>IsEmpty(Control.GetLabel(11156))</visible>
    </control>
	<control type="image" description="סמן נצפה">
	  <!--<animation condition="StringCompare(Container.Viewmode,$LOCALIZE[31013])" effect="zoom" center="60,-10" start="100,100" end="70,70" time="0">Conditional</animation>-->
	  <aspectratio align="left">keep</aspectratio>
	  <height>305</height>
	  <posx>24</posx>
	  <posy>19</posy>
	  <width>345</width>
	  <texture>$VAR[Overlay]</texture>
	  <visible>[StringCompare(Container.Viewmode,$LOCALIZE[31013]) + !Skin.HasSetting(ShowDVDCases)]</visible>
	  <visible>IsEmpty(Control.GetLabel(11156))</visible>
    </control>
  </include>
  <include name="Duration_">
    <control type="group" description="זמן">
	  <animation condition="StringCompare(Container.Viewmode,$LOCALIZE[31013])" effect="zoom" center="-203,-38" start="100,100" end="80,80" time="0">Conditional</animation>
	  <!--<animation condition="StringCompare(Container.Viewmode,$LOCALIZE[31010])" effect="zoom" center="1413,-30" start="100,100" end="80,80" time="0">Conditional</animation>-->
	  <animation condition="StringCompare(Container.Viewmode,$LOCALIZE[31010])" effect="zoom" center="-650,-127" start="100,100" end="68,68" time="0">Conditional</animation>
	  <height>312</height>
	  <posx>137</posx>
	  <posy>37</posy>
	  <width>237</width>	  
	  <visible>![Container.Content(TVShows) + IntegerGreaterThan(ListItem.Property(WatchedEpisodes),0) | StringCompare(ListItem.Overlay,OverlayWatched.png)]</visible>
	  <visible>!IsEmpty(ListItem.Duration) + Container.Content(movies)</visible>
	  <visible>StringCompare(Container.Viewmode,$LOCALIZE[31013]) | StringCompare(Container.Viewmode,$LOCALIZE[31014]) | StringCompare(Container.Viewmode,$LOCALIZE[31015])</visible>
	  <control type="image" description="">
		<animation condition="true" effect="fade" start="70" end="70" time="0">Conditional</animation>
		<height>40</height>
		<posx>70r</posx>
		<posy>4</posy>
		<texture colordiffuse="ff100c08" border="0">buttons/ButtonA0.png</texture>
		<width>60</width>
	  </control>		  
	  <control type="label" description="">					
		<angle>0</angle>
		<include>LabelC2</include>
		<height>30</height>
		<label>$VAR[VideoInHours]h</label>
		<posx>70r</posx>
		<posy>8</posy>
		<align>center</align>
		<textcolor>white2</textcolor>
		<visible></visible>
		<width>60</width>
	  </control>
	</control>
  </include>
  <include name="Rating_">
    <control type="group" description="דירוג">
	  <animation condition="StringCompare(Container.Viewmode,$LOCALIZE[31013])" effect="zoom" center="60,-38" start="100,100" end="80,80" time="0">Conditional</animation>
	  <!--<animation condition="StringCompare(Container.Viewmode,$LOCALIZE[31010])" effect="zoom" center="1413,-30" start="100,100" end="80,80" time="0">Conditional</animation>-->
	  <animation condition="StringCompare(Container.Viewmode,$LOCALIZE[31010])" effect="zoom" center="-650,-127" start="100,100" end="68,68" time="0">Conditional</animation>
	  <height>312</height>
	  <posx>55</posx>
	  <posy>37</posy>
	  <width>135</width>	  
	  <visible></visible>
	  <visible>!IsEmpty(ListItem.Rating) + !Skin.HasSetting(Show_Rating)</visible>
	  <visible>StringCompare(Container.Viewmode,$LOCALIZE[31013]) | StringCompare(Container.Viewmode,$LOCALIZE[31014]) | StringCompare(Container.Viewmode,$LOCALIZE[31015])</visible>
	  <control type="image" description="">
		<animation condition="true" effect="fade" start="70" end="70" time="0">Conditional</animation>
		<height>40</height>
		<posy>4</posy>
		<texture colordiffuse="ff100c08" border="0">buttons/ButtonA0.png</texture>
		<width>100%</width>
	  </control>	  
	  <control type="image" description="דירוג">
		  <posy>8</posy>
		  <width>100%</width>
		  <height>30</height>
		  <aspectratio align="center">keep</aspectratio>
		  <texture background="true">$VAR[TopVideoInformation3]</texture>
		  <visible>!IsEmpty(ListItem.Rating)</visible>
	  </control>
	</control>
  </include>
  <include name="AutoView" description="Videoviews.xml">
    <control type="button">
	  <onfocus description="For ID(50)"    condition="Skin.HasSetting(AutoView) + !StringCompare(Container.Viewmode,$LOCALIZE[31010]) + [IsEmpty(Container.FolderPath) + IsEmpty(ListItem.Path) | [StringCompare(ListItem.Path,library://video/) + [StringCompare(Container.FolderPath,library://video/) | IsEmpty(Container.FolderPath) + IsEmpty(Container.FolderName)]] | StringCompare(Container.FolderPath,library://video/tvshows/) + StringCompare(ListItem.Path,library://video/tvshows/) | StringCompare(Container.FolderPath,library://video/movies/) + StringCompare(ListItem.Path,library://video/movies/)]">AlarmClock($LOCALIZE[31010],Container.SetViewMode(50),0,silent)</onfocus>
	  <!--MyVideoNav-->
	  <!--<onfocus description="For ID(50)" condition="Skin.HasSetting(AutoView) + Window.IsVisible(MyVideoNav.xml) + !StringCompare(Container.Viewmode,$LOCALIZE[31010])| StringCompare(Container.FolderName,$LOCALIZE[345]) | StringCompare(Container.FolderName,$LOCALIZE[20348]) | StringCompare(Container.FolderName,$LOCALIZE[20388]) | StringCompare(Container.FolderName,$LOCALIZE[20451]) | StringCompare(Container.FolderName,$LOCALIZE[20459]) | StringCompare(Container.FolderPath,special://userdata/library/) | StringCompare(ListItem.Path,library://video/)]">AlarmClock($LOCALIZE[31010],Container.SetViewMode(50),0,silent)</onfocus>-->

	  <onfocus description="Movies-Center List" condition="Skin.String(AutoView.movies,$LOCALIZE[31010]) + !StringCompare(Container.Viewmode,$LOCALIZE[31010]) + Skin.HasSetting(AutoView) + Window.IsVisible(MyVideoNav.xml) + [Container.Content(movies) | SubString(Container.FolderPath,videodb://movies/)] + !Container.Content(sets) + !SubString(Container.FolderPath,videodb://movies/sets/) + !Container.Content(actors) + [!IsEmpty(Control.GetLabel(1105)) | !IsEmpty(Control.GetLabel(1106))]">AlarmClock(AutoView,Container.SetViewMode(51),0,silent)</onfocus>
	  <onfocus description="Movies-Side List" condition="Skin.String(AutoView.movies,$LOCALIZE[31011]) + !StringCompare(Container.Viewmode,$LOCALIZE[31011]) + Skin.HasSetting(AutoView) + Window.IsVisible(MyVideoNav.xml) + [Container.Content(movies) | SubString(Container.FolderPath,videodb://movies/)] + !Container.Content(sets) + !SubString(Container.FolderPath,videodb://movies/sets/) + !Container.Content(actors) + [!IsEmpty(Control.GetLabel(1105)) | !IsEmpty(Control.GetLabel(1106))]">AlarmClock(AutoView,Container.SetViewMode(50),0,silent)</onfocus>
	  <onfocus description="Movies-Line" condition="Skin.String(AutoView.movies,$LOCALIZE[31015]) + !StringCompare(Container.Viewmode,$LOCALIZE[31015]) + Skin.HasSetting(AutoView) + Window.IsVisible(MyVideoNav.xml) + [Container.Content(movies) | SubString(Container.FolderPath,videodb://movies/)] + !Container.Content(sets) + !SubString(Container.FolderPath,videodb://movies/sets/) + !Container.Content(actors) + [!IsEmpty(Control.GetLabel(1105)) | !IsEmpty(Control.GetLabel(1106))]">AlarmClock(AutoView,Container.SetViewMode(56),0,silent)</onfocus>
	  <onfocus description="Movies-Wall" condition="Skin.String(AutoView.movies,$LOCALIZE[31013]) + !StringCompare(Container.Viewmode,$LOCALIZE[31013]) + Skin.HasSetting(AutoView) + Window.IsVisible(MyVideoNav.xml) + [Container.Content(movies) | SubString(Container.FolderPath,videodb://movies/)] + !Container.Content(sets) + !SubString(Container.FolderPath,videodb://movies/sets/) + !Container.Content(actors) + [!IsEmpty(Control.GetLabel(1105)) | !IsEmpty(Control.GetLabel(1106))]">AlarmClock(AutoView,Container.SetViewMode(57),0,silent)</onfocus>
	  <onfocus description="Movies-Poster" condition="Skin.String(AutoView.movies,$LOCALIZE[31014]) + !StringCompare(Container.Viewmode,$LOCALIZE[31014]) + Skin.HasSetting(AutoView) + Window.IsVisible(MyVideoNav.xml) + [Container.Content(movies) | SubString(Container.FolderPath,videodb://movies/)] + !Container.Content(sets) + !SubString(Container.FolderPath,videodb://movies/sets/) + !Container.Content(actors) + [!IsEmpty(Control.GetLabel(1105)) | !IsEmpty(Control.GetLabel(1106))]">AlarmClock(AutoView,Container.SetViewMode(58),0,silent)</onfocus>
	  
	  <onfocus description="TVshows-Center List" condition="Skin.String(AutoView.tvshows,$LOCALIZE[31010]) + !StringCompare(Container.Viewmode,$LOCALIZE[31010]) + Skin.HasSetting(AutoView) + Window.IsVisible(MyVideoNav.xml) + [Container.Content(tvshows) | SubString(Container.FolderPath,videodb://tvshows/)] + !Container.Content(Seasons) + !Container.content(Episodes) + [!IsEmpty(Control.GetLabel(1105)) | !IsEmpty(Control.GetLabel(1106))]">AlarmClock(AutoView,Container.SetViewMode(51),0,silent)</onfocus>
	  <onfocus description="TVshows-Side List" condition="Skin.String(AutoView.tvshows,$LOCALIZE[31011]) + !StringCompare(Container.Viewmode,$LOCALIZE[31011]) + Skin.HasSetting(AutoView) + Window.IsVisible(MyVideoNav.xml) + [Container.Content(tvshows) | SubString(Container.FolderPath,videodb://tvshows/)] + !Container.Content(Seasons) + !Container.content(Episodes) + [!IsEmpty(Control.GetLabel(1105)) | !IsEmpty(Control.GetLabel(1106))]">AlarmClock(AutoView,Container.SetViewMode(50),0,silent)</onfocus>
	  <onfocus description="TVshows-Line" condition="Skin.String(AutoView.tvshows,$LOCALIZE[31015]) + !StringCompare(Container.Viewmode,$LOCALIZE[31015]) + Skin.HasSetting(AutoView) + Window.IsVisible(MyVideoNav.xml) + [Container.Content(tvshows) | SubString(Container.FolderPath,videodb://tvshows/)] + !Container.Content(Seasons) + !Container.content(Episodes) + [!IsEmpty(Control.GetLabel(1105)) | !IsEmpty(Control.GetLabel(1106))]">AlarmClock(AutoView,Container.SetViewMode(56),0,silent)</onfocus>
	  <onfocus description="TVshows-Wall" condition="Skin.String(AutoView.tvshows,$LOCALIZE[31013]) + !StringCompare(Container.Viewmode,$LOCALIZE[31013]) + Skin.HasSetting(AutoView) + Window.IsVisible(MyVideoNav.xml) + [Container.Content(tvshows) | SubString(Container.FolderPath,videodb://tvshows/)] + !Container.Content(Seasons) + !Container.content(Episodes) + [!IsEmpty(Control.GetLabel(1105)) | !IsEmpty(Control.GetLabel(1106))]">AlarmClock(AutoView,Container.SetViewMode(57),0,silent)</onfocus>
	  <onfocus description="TVshows-Poster" condition="Skin.String(AutoView.tvshows,$LOCALIZE[31014]) + !StringCompare(Container.Viewmode,$LOCALIZE[31014]) + Skin.HasSetting(AutoView) + Window.IsVisible(MyVideoNav.xml) + [Container.Content(tvshows) | SubString(Container.FolderPath,videodb://tvshows/)] + !Container.Content(Seasons) + !Container.content(Episodes) + [!IsEmpty(Control.GetLabel(1105)) | !IsEmpty(Control.GetLabel(1106))]">AlarmClock(AutoView,Container.SetViewMode(58),0,silent)</onfocus>
	  
	  <onfocus description="seasons-Center List" condition="Skin.String(AutoView.seasons,$LOCALIZE[31010]) + !StringCompare(Container.Viewmode,$LOCALIZE[31010]) + Skin.HasSetting(AutoView) + Window.IsVisible(MyVideoNav.xml) + Container.Content(seasons) + !IsEmpty(Control.GetLabel(11155))">AlarmClock(AutoView,Container.SetViewMode(51),0,silent)</onfocus>
	  <onfocus description="seasons-Side List" condition="Skin.String(AutoView.seasons,$LOCALIZE[31011]) + !StringCompare(Container.Viewmode,$LOCALIZE[31011]) + Skin.HasSetting(AutoView) + Window.IsVisible(MyVideoNav.xml) + Container.Content(seasons) + !IsEmpty(Control.GetLabel(11155))">AlarmClock(AutoView,Container.SetViewMode(50),0,silent)</onfocus>
	  <onfocus description="seasons-Small List" condition="Skin.String(AutoView.seasons,$LOCALIZE[31012]) + !StringCompare(Container.Viewmode,$LOCALIZE[31012]) + Skin.HasSetting(AutoView) + Window.IsVisible(MyVideoNav.xml) + Container.Content(seasons) + !IsEmpty(Control.GetLabel(11155))">AlarmClock(AutoView,Container.SetViewMode(56),0,silent)</onfocus>
	  <onfocus description="seasons-Line" condition="Skin.String(AutoView.seasons,$LOCALIZE[31015]) + !StringCompare(Container.Viewmode,$LOCALIZE[31015]) + Skin.HasSetting(AutoView) + Window.IsVisible(MyVideoNav.xml) + Container.Content(seasons) + !IsEmpty(Control.GetLabel(11155))">AlarmClock(AutoView,Container.SetViewMode(54),0,silent)</onfocus>
	  <onfocus description="seasons-Wall" condition="Skin.String(AutoView.seasons,$LOCALIZE[31013]) + !StringCompare(Container.Viewmode,$LOCALIZE[31013]) + Skin.HasSetting(AutoView) + Window.IsVisible(MyVideoNav.xml) + Container.Content(seasons) + !IsEmpty(Control.GetLabel(11155))">AlarmClock(AutoView,Container.SetViewMode(57),0,silent)</onfocus>
	  <onfocus description="seasons-Poster" condition="Skin.String(AutoView.seasons,$LOCALIZE[31014]) + !StringCompare(Container.Viewmode,$LOCALIZE[31014]) + Skin.HasSetting(AutoView) + Window.IsVisible(MyVideoNav.xml) + Container.Content(seasons) + !IsEmpty(Control.GetLabel(11155))">AlarmClock(AutoView,Container.SetViewMode(58),0,silent)</onfocus>
	  
	  <onfocus description="episodes-Center List" condition="Skin.String(AutoView.episodes,$LOCALIZE[31010]) + !StringCompare(Container.Viewmode,$LOCALIZE[31010]) + Skin.HasSetting(AutoView) + Window.IsVisible(MyVideoNav.xml) + Container.Content(episodes) + !IsEmpty(Control.GetLabel(11155))">AlarmClock(AutoView,Container.SetViewMode(51),0,silent)</onfocus>
	  <onfocus description="episodes-Side List" condition="Skin.String(AutoView.episodes,$LOCALIZE[31011]) + !StringCompare(Container.Viewmode,$LOCALIZE[31011]) + Skin.HasSetting(AutoView) + Window.IsVisible(MyVideoNav.xml) + Container.Content(episodes) + !IsEmpty(Control.GetLabel(11155))">AlarmClock(AutoView,Container.SetViewMode(50),0,silent)</onfocus>
	  <onfocus description="episodes-Small List" condition="Skin.String(AutoView.episodes,$LOCALIZE[31012]) + !StringCompare(Container.Viewmode,$LOCALIZE[31012]) + Skin.HasSetting(AutoView) + Window.IsVisible(MyVideoNav.xml) + Container.Content(episodes) + !IsEmpty(Control.GetLabel(11155))">AlarmClock(AutoView,Container.SetViewMode(56),0,silent)</onfocus>
	  <onfocus description="episodes-Line" condition="Skin.String(AutoView.episodes,$LOCALIZE[31015]) + !StringCompare(Container.Viewmode,$LOCALIZE[31015]) + Skin.HasSetting(AutoView) + Window.IsVisible(MyVideoNav.xml) + Container.Content(episodes) + !IsEmpty(Control.GetLabel(11155))">AlarmClock(AutoView,Container.SetViewMode(54),0,silent)</onfocus>
	  <onfocus description="episodes-Wall" condition="Skin.String(AutoView.episodes,$LOCALIZE[31013]) + !StringCompare(Container.Viewmode,$LOCALIZE[31013]) + Skin.HasSetting(AutoView) + Window.IsVisible(MyVideoNav.xml) + Container.Content(episodes) + !IsEmpty(Control.GetLabel(11155))">AlarmClock(AutoView,Container.SetViewMode(57),0,silent)</onfocus>
	  <onfocus description="episodes-Poster" condition="Skin.String(AutoView.episodes,$LOCALIZE[31014]) + !StringCompare(Container.Viewmode,$LOCALIZE[31014]) + Skin.HasSetting(AutoView) + Window.IsVisible(MyVideoNav.xml) + Container.Content(episodes) + !IsEmpty(Control.GetLabel(11155))">AlarmClock(AutoView,Container.SetViewMode(58),0,silent)</onfocus>
	  
	  <onfocus description="setmovies-Center List" condition="Skin.String(AutoView.setmovies,$LOCALIZE[31010]) + !StringCompare(Container.Viewmode,$LOCALIZE[31010]) + Skin.HasSetting(AutoView) + Window.IsVisible(MyVideoNav.xml) + [Container.Content(sets) | SubString(Container.FolderPath,videodb://movies/sets/) | StringCompare(Container.FolderName,$LOCALIZE[20434])]">AlarmClock(AutoView,Container.SetViewMode(51),0,silent)</onfocus>
	  <onfocus description="setmovies-Side List" condition="Skin.String(AutoView.setmovies,$LOCALIZE[31011]) + !StringCompare(Container.Viewmode,$LOCALIZE[31011]) + Skin.HasSetting(AutoView) + Window.IsVisible(MyVideoNav.xml) + [Container.Content(sets) | SubString(Container.FolderPath,videodb://movies/sets/) | StringCompare(Container.FolderName,$LOCALIZE[20434])]">AlarmClock(AutoView,Container.SetViewMode(50),0,silent)</onfocus>
	  <onfocus description="setmovies-Line" condition="Skin.String(AutoView.setmovies,$LOCALIZE[31015]) + !StringCompare(Container.Viewmode,$LOCALIZE[31015]) + Skin.HasSetting(AutoView) + Window.IsVisible(MyVideoNav.xml) + [Container.Content(sets) | SubString(Container.FolderPath,videodb://movies/sets/) | StringCompare(Container.FolderName,$LOCALIZE[20434])]">AlarmClock(AutoView,Container.SetViewMode(54),0,silent)</onfocus>
	  <onfocus description="setmovies-Wall" condition="Skin.String(AutoView.setmovies,$LOCALIZE[31013]) + !StringCompare(Container.Viewmode,$LOCALIZE[31013]) + Skin.HasSetting(AutoView) + Window.IsVisible(MyVideoNav.xml) + [Container.Content(sets) | SubString(Container.FolderPath,videodb://movies/sets/) | StringCompare(Container.FolderName,$LOCALIZE[20434])]">AlarmClock(AutoView,Container.SetViewMode(57),0,silent)</onfocus>
	  <onfocus description="setmovies-Poster" condition="Skin.String(AutoView.setmovies,$LOCALIZE[31014]) + !StringCompare(Container.Viewmode,$LOCALIZE[31014]) + Skin.HasSetting(AutoView) + Window.IsVisible(MyVideoNav.xml) + [Container.Content(sets) | SubString(Container.FolderPath,videodb://movies/sets/) | StringCompare(Container.FolderName,$LOCALIZE[20434])]">AlarmClock(AutoView,Container.SetViewMode(58),0,silent)</onfocus>
	  
	  <onfocus description="actors-Center List" condition="Skin.String(AutoView.actors,$LOCALIZE[31010]) + !StringCompare(Container.Viewmode,$LOCALIZE[31010]) + Skin.HasSetting(AutoView) + Window.IsVisible(MyVideoNav.xml) + [Container.Content(actors) | SubString(Container.FolderPath,videodb://movies/actors/) | StringCompare(Container.FolderName,$LOCALIZE[344])]">AlarmClock(AutoView,Container.SetViewMode(51),0,silent)</onfocus>
	  <onfocus description="actors-Side List" condition="Skin.String(AutoView.actors,$LOCALIZE[31011]) + !StringCompare(Container.Viewmode,$LOCALIZE[31011]) + Skin.HasSetting(AutoView) + Window.IsVisible(MyVideoNav.xml) + [Container.Content(actors) | SubString(Container.FolderPath,videodb://movies/actors/) | StringCompare(Container.FolderName,$LOCALIZE[344])]">AlarmClock(AutoView,Container.SetViewMode(50),0,silent)</onfocus>
	  <onfocus description="actors-Line" condition="Skin.String(AutoView.actors,$LOCALIZE[31015]) + !StringCompare(Container.Viewmode,$LOCALIZE[31015]) + Skin.HasSetting(AutoView) + Window.IsVisible(MyVideoNav.xml) + [Container.Content(actors) | SubString(Container.FolderPath,videodb://movies/actors/) | StringCompare(Container.FolderName,$LOCALIZE[344])]">AlarmClock(AutoView,Container.SetViewMode(54),0,silent)</onfocus>
	  <onfocus description="actors-Wall" condition="Skin.String(AutoView.actors,$LOCALIZE[31013]) + !StringCompare(Container.Viewmode,$LOCALIZE[31013]) + Skin.HasSetting(AutoView) + Window.IsVisible(MyVideoNav.xml) + [Container.Content(actors) | SubString(Container.FolderPath,videodb://movies/actors/) | StringCompare(Container.FolderName,$LOCALIZE[344])]">AlarmClock(AutoView,Container.SetViewMode(57),0,silent)</onfocus>
	  <onfocus description="actors-Poster" condition="Skin.String(AutoView.actors,$LOCALIZE[31014]) + !StringCompare(Container.Viewmode,$LOCALIZE[31014]) + Skin.HasSetting(AutoView) + Window.IsVisible(MyVideoNav.xml) + [Container.Content(actors) | SubString(Container.FolderPath,videodb://movies/actors/) | StringCompare(Container.FolderName,$LOCALIZE[344])]">AlarmClock(AutoView,Container.SetViewMode(58),0,silent)</onfocus>
	  
	  <onfocus description="genres-Center List" condition="Skin.String(AutoView.genres,$LOCALIZE[31010]) + !StringCompare(Container.Viewmode,$LOCALIZE[31010]) + Skin.HasSetting(AutoView) + Window.IsVisible(MyVideoNav.xml) + [Container.Content(genres) | StringCompare(Container.FolderPath,videodb://movies/genres/) | StringCompare(Container.FolderName,$LOCALIZE[135])]">AlarmClock(AutoView,Container.SetViewMode(51),0,silent)</onfocus>
	  <onfocus description="genres-Side List" condition="Skin.String(AutoView.genres,$LOCALIZE[31011]) + !StringCompare(Container.Viewmode,$LOCALIZE[31011]) + Skin.HasSetting(AutoView) + Window.IsVisible(MyVideoNav.xml) + [Container.Content(genres) | StringCompare(Container.FolderPath,videodb://movies/genres/) | StringCompare(Container.FolderName,$LOCALIZE[135])]">AlarmClock(AutoView,Container.SetViewMode(50),0,silent)</onfocus>
	  <onfocus description="genres-Line" condition="Skin.String(AutoView.genres,$LOCALIZE[31015]) + !StringCompare(Container.Viewmode,$LOCALIZE[31015]) + Skin.HasSetting(AutoView) + Window.IsVisible(MyVideoNav.xml) + [Container.Content(genres) | StringCompare(Container.FolderPath,videodb://movies/genres/) | StringCompare(Container.FolderName,$LOCALIZE[135])]">AlarmClock(AutoView,Container.SetViewMode(54),0,silent)</onfocus>
	  <onfocus description="genres-Wall" condition="Skin.String(AutoView.genres,$LOCALIZE[31013]) + !StringCompare(Container.Viewmode,$LOCALIZE[31013]) + Skin.HasSetting(AutoView) + Window.IsVisible(MyVideoNav.xml) + [Container.Content(genres) | StringCompare(Container.FolderPath,videodb://movies/genres/) | StringCompare(Container.FolderName,$LOCALIZE[135])]">AlarmClock(AutoView,Container.SetViewMode(57),0,silent)</onfocus>
	  <onfocus description="genres-Poster" condition="Skin.String(AutoView.genres,$LOCALIZE[31014]) + !StringCompare(Container.Viewmode,$LOCALIZE[31014]) + Skin.HasSetting(AutoView) + Window.IsVisible(MyVideoNav.xml) + [Container.Content(genres) | StringCompare(Container.FolderPath,videodb://movies/genres/) | StringCompare(Container.FolderName,$LOCALIZE[135])]">AlarmClock(AutoView,Container.SetViewMode(58),0,silent)</onfocus>
	  
	  <onfocus description="others-Center List" condition="Skin.String(AutoView.others,$LOCALIZE[31010]) + !StringCompare(Container.Viewmode,$LOCALIZE[31010]) + Skin.HasSetting(AutoView) + Window.IsVisible(MyVideoNav.xml) + [Container.Content(years) | Container.Content(studios) | Container.Content(directors) | StringCompare(Container.FolderName,$LOCALIZE[20451])]">AlarmClock(AutoView,Container.SetViewMode(51),0,silent)</onfocus>
	  <onfocus description="others-Side List" condition="Skin.String(AutoView.others,$LOCALIZE[31011]) + !StringCompare(Container.Viewmode,$LOCALIZE[31011]) + Skin.HasSetting(AutoView) + Window.IsVisible(MyVideoNav.xml) + [Container.Content(years) | Container.Content(studios) | Container.Content(directors) | StringCompare(Container.FolderName,$LOCALIZE[20451])]">AlarmClock(AutoView,Container.SetViewMode(50),0,silent)</onfocus>
	  <onfocus description="others-Line" condition="Skin.String(AutoView.others,$LOCALIZE[31015]) + !StringCompare(Container.Viewmode,$LOCALIZE[31015]) + Skin.HasSetting(AutoView) + Window.IsVisible(MyVideoNav.xml) + [Container.Content(years) | Container.Content(studios) | Container.Content(directors) | StringCompare(Container.FolderName,$LOCALIZE[20451])]">AlarmClock(AutoView,Container.SetViewMode(54),0,silent)</onfocus>
	  <onfocus description="others-Wall" condition="Skin.String(AutoView.others,$LOCALIZE[31013]) + !StringCompare(Container.Viewmode,$LOCALIZE[31013]) + Skin.HasSetting(AutoView) + Window.IsVisible(MyVideoNav.xml) + [Container.Content(years) | Container.Content(studios) | Container.Content(directors) | StringCompare(Container.FolderName,$LOCALIZE[20451])]">AlarmClock(AutoView,Container.SetViewMode(57),0,silent)</onfocus>
	  <onfocus description="others-Poster" condition="Skin.String(AutoView.others,$LOCALIZE[31014]) + !StringCompare(Container.Viewmode,$LOCALIZE[31014]) + Skin.HasSetting(AutoView) + Window.IsVisible(MyVideoNav.xml) + [Container.Content(years) | Container.Content(studios) | Container.Content(directors) | StringCompare(Container.FolderName,$LOCALIZE[20451])]">AlarmClock(AutoView,Container.SetViewMode(58),0,silent)</onfocus>
	  
	  <!--[ | SubString(Container.FolderPath,plugin://plugin.video.genesis/?) | SubString(Container.FolderPath,plugin://plugin.video.pulsar/)]] | [[Container.Content(TVshows) | Container.Content(Seasons) | Container.content(Episodes)] + [SubString(Container.FolderPath,videodb://tvshows/)-->
	  <!--<onfocus description="For ID(57)" condition="Skin.HasSetting(AutoView) + Window.IsVisible(MyVideoNav.xml) + !StringCompare(Container.Viewmode,$LOCALIZE[31013]) + [Container.content(movies) | Container.Content(TVshows) | Container.Content(Seasons) | Container.content(Episodes)]">AlarmClock($LOCALIZE[31013],Container.SetViewMode(57),0,silent)</onfocus>
	  <onfocus description="For ID(57)" condition="Skin.HasSetting(AutoView) + Window.IsVisible(MyVideoNav.xml) + !StringCompare(Container.Viewmode,$LOCALIZE[31013]) + [Container.content(movies) | Container.Content(TVshows) | Container.Content(Seasons) | Container.content(Episodes)]">AlarmClock($LOCALIZE[31013],Container.SetViewMode(57),0,silent)</onfocus>-->
	  
	  <!--<onfocus description="For ID(58) - Israel TV's Addons" condition="Skin.HasSetting(AutoView) + Window.IsVisible(MyVideoNav.xml) + !StringCompare(Container.Viewmode,$LOCALIZE[31014]) + [SubString(Container.FolderPath,plugin://plugin.video.sdarot.tv/?) + Container.Content(TVshows) + !Container.content(Episodes) + !Container.content(Seasons)]">AlarmClock($LOCALIZE[31014],Container.SetViewMode(58),0,silent)</onfocus>-->
	  
	  <!--<onfocus description="GenreVar" condition="Window.IsVisible(MyVideoNav.xml) + !Skin.HasSetting(Admin) StringCompare(Container.FolderPath,videodb://movies/genres/) | StringCompare(Container.FolderPath,plugin://plugin.video.genesis/?action=genres_movies) | StringCompare(Container.FolderPath,plugin://plugin.video.genesis/?action=genres_shows)">Container.Update</onfocus>-->
	  <!--MyPics-->
	  <onfocus description="pictures-Center List" condition="Skin.String(AutoView.pictures,$LOCALIZE[31010]) + !StringCompare(Container.Viewmode,$LOCALIZE[31010]) + Skin.HasSetting(AutoView) + Window.IsVisible(MyPics.xml) + !IsEmpty(Container.FolderPath)">AlarmClock(AutoView,Container.SetViewMode(51),0,silent)</onfocus>
	  <onfocus description="pictures-Side List" condition="Skin.String(AutoView.pictures,$LOCALIZE[31011]) + !StringCompare(Container.Viewmode,$LOCALIZE[31011]) + Skin.HasSetting(AutoView) + Window.IsVisible(MyVideoNav.xml) + !IsEmpty(Container.FolderPath)">AlarmClock(AutoView,Container.SetViewMode(50),0,silent)</onfocus>
	  <onfocus description="pictures-Line" condition="Skin.String(AutoView.pictures,$LOCALIZE[31015]) + !StringCompare(Container.Viewmode,$LOCALIZE[31015]) + Skin.HasSetting(AutoView) + Window.IsVisible(MyVideoNav.xml) + !IsEmpty(Container.FolderPath)">AlarmClock(AutoView,Container.SetViewMode(54),0,silent)</onfocus>
	  <onfocus description="pictures-Wall" condition="Skin.String(AutoView.pictures,$LOCALIZE[31013]) + !StringCompare(Container.Viewmode,$LOCALIZE[31013]) + Skin.HasSetting(AutoView) + Window.IsVisible(MyPics.xml) + !IsEmpty(Container.FolderPath)">AlarmClock(AutoView,Container.SetViewMode(57),0,silent)</onfocus>
	  <onfocus description="pictures-Poster" condition="Skin.String(AutoView.pictures,$LOCALIZE[31014]) + !StringCompare(Container.Viewmode,$LOCALIZE[31014]) + Skin.HasSetting(AutoView) + Window.IsVisible(MyPics.xml) + !IsEmpty(Container.FolderPath)">AlarmClock(AutoView,Container.SetViewMode(58),0,silent)</onfocus>

	  <!--MyPrograms-->
	  <!--<onfocus description="For ID(50) - משחקים" condition="Skin.HasSetting(AutoView) + Window.IsVisible(MyPrograms.xml) + StringCompare(Container.FolderName,Advanced Launcher) + !StringCompare(Container.Viewmode,$LOCALIZE[31010]) + !IntegerGreaterThan(Container.NumItems,13) + [SubString(ListItem.Label,Arcade) | SubString(ListItem.Label,Nintendo) | SubString(ListItem.Label,Sega) | SubString(ListItem.Label,Sony Playstation) | SubString(ListItem.Label,TurboGrafx)] + [[IsEmpty(ListItem.Plot) + IsEmpty(ListItem.Genre) + IsEmpty(ListItem.Art(fanart))]]">AlarmClock($LOCALIZE[31010],Container.SetViewMode(50),0,silent)</onfocus>
	  <onfocus description="For ID(50) - כללי" condition="Skin.HasSetting(AutoView) + Window.IsVisible(MyPrograms.xml) + !StringCompare(Container.FolderName,Advanced Launcher) + !StringCompare(Container.Viewmode,$LOCALIZE[31010]) + [SubString(Container.FolderPath,addons://outdated/)]">AlarmClock($LOCALIZE[31010],Container.SetViewMode(50),0,silent)</onfocus>
	  <onfocus description="For ID(58) - משחקים" condition="Skin.HasSetting(AutoView) + Window.IsVisible(MyPrograms.xml) + StringCompare(Container.FolderName,Advanced Launcher) + !StringCompare(Container.Viewmode,$LOCALIZE[31014]) + [[!IsEmpty(ListItem.Plot) + !IsEmpty(ListItem.Genre) + !IsEmpty(ListItem.Art(fanart))] | IntegerGreaterThan(Container.NumItems,13)]">AlarmClock($LOCALIZE[31014],Container.SetViewMode(58),0,silent)</onfocus>
	  <onfocus description="*For All ID" condition="Window.IsVisible(MyPrograms.xml) + !Skin.HasSetting(Admin) + StringCompare(ListItem.Path,addons://sources/) + IsEmpty(ListItem.FolderName) + IsEmpty(Container.FolderName)">Action(Back)</onfocus>
	  <onfocus description="*For All ID - Addons" condition="Window.IsVisible(MyPrograms.xml) + !Skin.HasSetting(Admin) + [StringCompare(Container.FolderPath,plugin://plugin.programm.featherencemail/)]">Action(Back)</onfocus>-->
	  <visible>false</visible>
	</control>
  </include>
  
  <include name="ForwardingRewinding">
    <control type="grouplist" description="תצוגה קדימה/אחורה">
		<animation description="Horizontal" condition="[Window.IsVisible(Home.xml) | Window.IsVisible(CustomHomeCustomizer.xml)] + [!Skin.String(MenuDesign) | Skin.String(MenuDesign,2) | Skin.String(MenuDesign,3)]" effect="slide" start="0,0" end="0,-240" time="0">Conditional</animation>
		<animation description="Vertical" condition="[Window.IsVisible(Home.xml) | Window.IsVisible(CustomHomeCustomizer.xml)] + !StringCompare(System.Language,Hebrew) + [Skin.String(MenuDesign,4)]" effect="slide" start="0,0" end="260,0" time="0">Conditional</animation>
		<animation description="Panel" condition="[Window.IsVisible(Home.xml) | Window.IsVisible(CustomHomeCustomizer.xml)] + [Skin.String(MenuDesign,0) | Skin.String(MenuDesign,1)]" effect="slide" start="0,0" end="0,-490" time="0">Conditional</animation>
		<animation description="slide-Vertical_en" condition="[StringCompare(Container.Viewmode,$LOCALIZE[31011]) | Control.IsVisible(11)] + !StringCompare(System.Language,Hebrew) + !Window.IsVisible(MyPVRGuide.xml)" effect="slide" start="0,0" end="460,0" time="0">Conditional</animation>
		<left>30</left>
		<top>950</top>
		<width>748</width>
		<height>150</height>
		<itemgap>10</itemgap>
		<orientation>horizontal</orientation>
		<include>Fade20</include>
		<visible>Player.Forwarding | Player.Rewinding</visible>
		<usecontrolcoords>true</usecontrolcoords>
		<control type="image">
			<top>3</top>
			<width>90</width>
			<height>87</height>
			<aspectratio>keep</aspectratio>
			<texture flipx="true">osd/ff.png</texture>
			<colordiffuse>FFe5e5e5</colordiffuse>
			<animation effect="fade" start="100" end="60" time="800" pulse="true" condition="true">Conditional</animation>
			<visible>Player.Rewinding</visible>
		</control>
		<control type="label">
			<label>$VAR[VideoPlayerForwardRewindVar]</label>
			<width min="10" max="300">auto</width>
			<height>90</height>
			<textoffsetx>0</textoffsetx>
			<aligny>center</aligny>
			<font>size112</font>
			<shadowcolor>44000000</shadowcolor>
			<textcolor>DDe5e5e5</textcolor>
		</control>
		<control type="image">
			<top>3</top>
			<width>90</width>
			<height>87</height>
			<aspectratio>keep</aspectratio>
			<texture>osd/ff.png</texture>
			<colordiffuse>FFe5e5e5</colordiffuse>
			<animation effect="fade" start="100" end="60" time="800" pulse="true" condition="true">Conditional</animation>
			<visible>Player.Forwarding</visible>
		</control>
	</control>
  </include>
  
  <include name="Badges">
  <control type="grouplist">
	<include condition="StringCompare(System.Language,Hebrew)">Control_Pos50</include>
	<height>24</height>
	<itemgap>10</itemgap>
	<align>left</align>
	<orientation>horizontal</orientation>
	<posx>360</posx>
	<posy>5</posy>
	<visible>Player.HasVideo</visible>
	<visible>!SubString(MusicPlayer.Title,featherence)</visible>
	<control type="image">
	  <texture>$INFO[VideoPlayer.VideoResolution,badges/video/,.png]</texture>
	  <visible>!IsEmpty(VideoPlayer.VideoResolution)</visible>
	  <width>50</width>
	</control>
	<control type="image">
	  <texture>$INFO[VideoPlayer.VideoCodec,badges/video/,.png]</texture>
	  <visible>!IsEmpty(VideoPlayer.VideoCodec)</visible>
	  <width>50</width>
	</control>
	<control type="image">
	  <texture>$INFO[VideoPlayer.AudioChannels,badges/channels/channels,.png]</texture>
	  <visible>[!IsEmpty(VideoPlayer.AudioChannels) | !IsEmpty(MusicPlayer.Channels)]</visible>
	  <width>50</width>
	</control>
	<control type="image">
	  <texture>$INFO[VideoPlayer.AudioCodec,badges/audio/,.png]</texture>
	  <visible>[!IsEmpty(VideoPlayer.AudioCodec) | !IsEmpty(MusicPlayer.Codec)]</visible>
	  <width>50</width>
	</control>
   </control>
   
  <control type="grouplist" id="1132">
    <include>Slide1</include>
	<animation description="Slide_he" condition="StringCompare(System.Language,Hebrew)" effect="slide" start="0,0" end="-1000,0">Conditional</animation>
	<height>24</height>
	<itemgap>10</itemgap>
	<align>left</align>
	<orientation>horizontal</orientation>
	<posx>1240</posx>
	<posy>-432</posy>
	<visible>!Player.HasVideo + !IsEmpty(ListItem.VideoResolution) + !IsEmpty(ListItem.VideoCodec)</visible>
	<control type="image">
	  <texture>$INFO[ListItem.VideoResolution,badges/video/,.png]</texture>
	  <visible>!IsEmpty(ListItem.VideoResolution)</visible>
	  <width>50</width>
	</control>
	<control type="image">
	  <texture>$INFO[ListItem.VideoCodec,badges/video/,.png]</texture>
	  <visible>!IsEmpty(ListItem.VideoCodec)</visible>
	  <width>50</width>
	</control>
	<control type="image">
	  <texture>$INFO[ListItem.AudioChannels,badges/channels/channels,.png]</texture>
	  <visible>!IsEmpty(ListItem.AudioChannels) | !IsEmpty(MusicPlayer.Channels)</visible>
	  <width>50</width>
	</control>
	<control type="image">
	  <texture>$INFO[ListItem.AudioCodec,badges/audio/,.png]</texture>
	  <visible>!IsEmpty(ListItem.AudioCodec) | !IsEmpty(MusicPlayer.Codec)</visible>
	  <width>50</width>
	</control>
   </control>
  </include>
  <include name="IconsInformation">
   <control type="grouplist">
    <animation description="Slide_he" condition="StringCompare(System.Language,Hebrew)" effect="slide" start="0,0" end="-950,0">Conditional</animation>
	<include condition="StringCompare(System.Language,Hebrew)">LabelL1</include>
	<include condition="!StringCompare(System.Language,Hebrew)">LabelR1</include>
	<height>35</height>
	<posx>660r</posx>
	<itemgap>10</itemgap>
	<orientation>horizontal</orientation>
	<posy>-2</posy>
	<width>250</width>
	<visible>!Skin.String(TopInformationIcons, 0)</visible>
	<control type="image" id="820" description="Weather">
	  <width>30</width>
	  <include>Control_Pos7</include>
	  <texture>special://home/addons/resource.images.weathericons.outline/resources/$INFO[Weather.fanartcode].png</texture>
	  <visible>!Skin.String(TopInformationIcons) | SubString(Skin.String(TopInformationIcons),1)</visible>
	</control>
	<control type="label" id="821" description="Weather">
	  <include>Control_Pos7</include>
	  <include>LabelC4</include>
	  <label>$INFO[Weather.Temperature]</label>
	  <visible>!Skin.String(TopInformationIcons) | SubString(Skin.String(TopInformationIcons),1)</visible>
	</control>
	<control type="image" id="824" description="אין אינטרנט">
	  <include>Control_Pos7</include>
	  <texture>badges/specials/internet.png</texture>
	  <visible>!Control.IsVisible(825)</visible>
	  <visible>[!StringCompare(System.InternetState,$LOCALIZE[15207]) + !StringCompare(System.InternetState,$LOCALIZE[503]) + !IsEmpty(System.InternetState)]</visible>
	  <visible>!Skin.String(TopInformationIcons) | SubString(Skin.String(TopInformationIcons),2)</visible>
	</control>
	<control type="image" id="825" description="אין רשת">
	  <include>Control_Pos7</include>
	  <visible>IsEmpty(Network.GatewayAddress) | IsEmpty(Network.IPAddress)</visible>
	  <texture>badges/specials/lan.png</texture>
	  <visible>!Skin.String(TopInformationIcons) | SubString(Skin.String(TopInformationIcons),2)</visible>
	</control>
	<control type="image" id="826" description="אינטרנט קווי / was bugged">
	  <include>Control_Pos7</include>
	  <visible>!Control.IsVisible(824) + !Control.IsVisible(825)</visible>
	  <texture>badges/specials/wlan.png</texture>
	  <visible>!Skin.String(TopInformationIcons) | SubString(Skin.String(TopInformationIcons),2)</visible>
	</control>
	<control type="image" id="829" description="TotalMouse">
	  <include>Control_Pos7</include>
	  <texture>special://home/addons/script.featherence.service/resources/icons/mouse.png</texture>
	  <visible>Skin.HasSetting(TotalMouse)</visible>
	  <visible>System.Platform.Windows</visible>
	</control>
   </control>
  </include>
  <include name="ScrollLabel" description="()">
	<scroll>true</scroll>
	<scrollspeed>100</scrollspeed>
	<scrollsuffix></scrollsuffix>
  </include>
  <include name="ScrollBar">
	<control type="group" description="">
	  <animation condition="Window.IsVisible(DialogTextViewer.xml)" effect="zoom" center="auto" start="100,100" end="100,85">Conditional</animation>
	  <animation condition="Window.IsVisible(DialogTextViewer.xml)" effect="slide" start="0,0" end="1070,-130">Conditional</animation>
	  <animation condition="Window.IsVisible(Custom1170.xml)" effect="zoom" center="auto" start="100,100" end="100,40">Conditional</animation>
	  <animation condition="Window.IsVisible(Custom1170.xml)" effect="slide" start="0,0" end="1659,-890">Conditional</animation>
	  <include condition="StringCompare(System.Language,Hebrew) + !Window.IsVisible(DialogTextViewer.xml) + !Window.IsVisible(DialogPVRChannelManager.xml)">Control_Pos49</include>
	  <visible>Control.IsVisible(60) | Control.IsVisible(61)</visible>
	  <visible>!StringCompare(Container.Viewmode,$LOCALIZE[31015]) | Window.IsVisible(DialogTextViewer.xml)</visible>
	  <visible>IntegerGreaterThan(Container.NumPages,1) | Window.IsVisible(FileBrowser.xml) | Window.IsVisible(DialogFavourites.xml) | Window.IsVisible(DialogTextViewer.xml) | Control.IsVisible(11) + IntegerGreaterThan(Container(11).NumPages,1) | Window.IsVisible(Custom1170.xml)</visible>
	  <height>950</height>
	  <width>20</width>
	  <posx>0</posx>
	  <posy>146.5</posy>
	  <control type="image" description="מסגרת">
	    <!--<animation condition="true" effect="fade" start="100" end="70" time="0">Conditional</animation>-->
		<height>100%</height>
		<posx>0</posx>
		<bordertexture colordiffuse="ff000000" border="0">buttons/ButtonA0.png</bordertexture>
		<bordersize>2</bordersize>
		<texture colordiffuse="$VAR[MenuColor]" border="0">buttons/ButtonA0.png</texture>
		<visible></visible>
	  </control>
	  <control type="image" description="מסגרת">
		<!--<animation condition="true" effect="fade" start="100" end="70" time="0">Conditional</animation>-->
		<height>100%</height>
		<posx>0</posx>
		<bordertexture colordiffuse="ff000000" border="0">buttons/ButtonA0.png</bordertexture>
		<bordersize>2</bordersize>
		<texture colordiffuse="$VAR[MenuColor]" border="0">buttons/ButtonA0.png</texture>
		<visible></visible>
	  </control>
	  <control type="scrollbar" id="60" description="כלי גלילה">
		<height>99%</height>
		<posy>1.5</posy>
		<onright condition="Window.IsVisible(Custom1170.xml)">noop</onright>
		<onright condition="Control.IsVisible(7011) + StringCompare(System.Language,Hebrew)">7017</onright>
		<onright condition="Player.HasAudio + StringCompare(System.Language,Hebrew)">ActivateWindow(12901)</onright>
		<onleft condition="Window.IsVisible(Custom1170.xml)">3110</onleft>
		<onleft condition="[Window.IsVisible(DialogPeripheralSettings.xml) | Window.IsVisible(SettingsCategory.xml)] + Control.IsVisible(5) + StringCompare(System.Language,Hebrew)">5</onleft>
		<onleft condition="[StringCompare(Container.Viewmode,$LOCALIZE[31011]) + Control.IsVisible(50)] + StringCompare(System.Language,Hebrew)">50</onleft>
		<onleft condition="StringCompare(Container.Viewmode,$LOCALIZE[31010]) + StringCompare(System.Language,Hebrew)">51</onleft>
		<onleft condition="Control.IsVisible(52) + StringCompare(System.Language,Hebrew)">52</onleft>
		<onleft condition="Control.IsVisible(55) + StringCompare(System.Language,Hebrew)">55</onleft>
		<onleft condition="Control.IsVisible(56) + StringCompare(System.Language,Hebrew)">56</onleft>
		<onleft condition="StringCompare(Container.Viewmode,$LOCALIZE[31013]) + StringCompare(System.Language,Hebrew)">57</onleft>
		<onleft condition="StringCompare(Container.Viewmode,$LOCALIZE[31014]) + StringCompare(System.Language,Hebrew)">58</onleft>
		<onleft condition="Control.IsVisible(450) + StringCompare(System.Language,Hebrew)">450</onleft>
		<onleft condition="Control.IsVisible(10) + StringCompare(System.Language,Hebrew)">10</onleft>
		<onleft condition="Control.IsVisible(11) + StringCompare(System.Language,Hebrew)">11</onleft>
		<onleft condition="Control.IsVisible(12) + StringCompare(System.Language,Hebrew)">12</onleft>
		
		<onleft condition="Control.IsVisible(7011) + !StringCompare(System.Language,Hebrew)">7017</onleft>
		<onleft condition="Player.HasAudio+ !StringCompare(System.Language,Hebrew)">ActivateWindow(12901)</onleft>
		<onright condition="[Window.IsVisible(DialogPeripheralSettings.xml) | Window.IsVisible(SettingsCategory.xml)] + Control.IsVisible(5) + !StringCompare(System.Language,Hebrew)">5</onright>
		<onright condition="[StringCompare(Container.Viewmode,$LOCALIZE[31011]) + Control.IsVisible(50)] + !StringCompare(System.Language,Hebrew)">50</onright>
		<onright condition="StringCompare(Container.Viewmode,$LOCALIZE[31010]) + !StringCompare(System.Language,Hebrew)">51</onright>
		<onright condition="Control.IsVisible(52) + !StringCompare(System.Language,Hebrew)">52</onright>
		<onright condition="Control.IsVisible(55) + !StringCompare(System.Language,Hebrew)">55</onright>
		<onright condition="Control.IsVisible(56) + !StringCompare(System.Language,Hebrew)">56</onright>
		<onright condition="StringCompare(Container.Viewmode,$LOCALIZE[31013]) + !StringCompare(System.Language,Hebrew)">57</onright>
		<onright condition="StringCompare(Container.Viewmode,$LOCALIZE[31014]) + !StringCompare(System.Language,Hebrew)">58</onright>
		<onright condition="Control.IsVisible(450) + !StringCompare(System.Language,Hebrew)">450</onright>
		<onright condition="Control.IsVisible(13) + Window.IsVisible(DialogPVRGroupManager.xml)">13</onright>
		<onright condition="Control.IsVisible(10) + !StringCompare(System.Language,Hebrew)">10</onright>
		<onright condition="Control.IsVisible(11) + !StringCompare(System.Language,Hebrew)">11</onright>
		<onright condition="Control.IsVisible(12) + !StringCompare(System.Language,Hebrew)">12</onright>
		<onright condition="Control.IsVisible(20)">20</onright>
		<!--<visible>IntegerGreaterThan(Container.NumPages,2)</visible>-->
		<visible>!StringCompare(Container.Viewmode,$LOCALIZE[31015]) + !Window.IsVisible(DialogTextViewer.xml)</visible>
	  </control>
	  
	  <control type="scrollbar" id="61" description="כלי גלילה">
		<height>99%</height>
		<posy>1.5</posy>
		<onleft condition="Control.IsVisible(700)">700</onleft>
        <onright condition="Control.IsVisible(700)">700</onright>
		
        <ondown>61</ondown>
        <onup condition="Control.IsVisible(700)">700</onup>
		<visible>Window.IsVisible(DialogTextViewer.xml)</visible>
	  </control>
	</control>
	<control type="group" description="">
	  <visible>StringCompare(Container.Viewmode,$LOCALIZE[31015])</visible>
	  <height>20</height>
	  <width>1980</width>
	  <posx>0</posx>
	  <posy>1060</posy>
	  <control type="image" description="מסגרת">
		<height>100%</height>
		<posx>0</posx>
		<bordertexture colordiffuse="ff000000" border="0">buttons/ButtonA0.png</bordertexture>
		<bordersize>2</bordersize>
		<texture colordiffuse="$VAR[MenuColor]" border="0">buttons/ButtonA0.png</texture>
		<visible></visible>
	  </control>
	  <control type="image" description="מסגרת">
		<height>100%</height>
		<posx>0</posx>
		<bordertexture colordiffuse="ff000000" border="0">buttons/ButtonA0.png</bordertexture>
		<bordersize>2</bordersize>
		<texture colordiffuse="$VAR[MenuColor]" border="0">buttons/ButtonA0.png</texture>
		<visible></visible>
	  </control>
	  <control type="scrollbar" id="60" description="כלי גלילה">
	    <orientation>horizontal</orientation>
		<posx>0</posx>
		<posy>0</posy>
		<height>100%</height>
		<width>1920</width>
		<onup condition="[Window.IsVisible(DialogPeripheralSettings.xml) | Window.IsVisible(SettingsCategory.xml)] + Control.IsVisible(5)">5</onup>
		<onup condition="StringCompare(Container.Viewmode,$LOCALIZE[31015])">54</onup>
	  </control>
	</control>
  </include>
  
  <include name="VisibleFadeEffect" description="OpenELEC - mainWindow.xml">
  </include>
  <include name="WindowTitleCommons" description="OpenELEC">
  </include>
  
  <include name="Custom1170Click">
    <onclick>SetProperty(DoubleClick,true,home)</onclick>
    <onclick>RunScript(script.featherence.service,,?mode=32&amp;value=7)</onclick>
    <onclick condition="!IsEmpty(Window(home).Property(DoubleClick))">SetFocus(9000)</onclick>
	<onclick condition="!IsEmpty(Window(home).Property(DoubleClick))">Notification($INFO[Window(home).Property(SelectedColor),,1000)]</onclick>
  </include>
  
  <include name="onunload_ClearProperty_ListItem">
    <onunload condition="true">AlarmClock(ListItemGenre,ClearProperty(ListItemGenre,home),00:01,silent)</onunload> <!--!IsEmpty(Window(home).Property(ListItemGenre))-->
    <onunload condition="true">AlarmClock(ListItemDuration,ClearProperty(ListItemDuration,home),00:01,silent)</onunload>
    <onunload condition="true">AlarmClock(ListItemRating,ClearProperty(ListItemRating,home),00:01,silent)</onunload>
    <onunload condition="true">AlarmClock(ListItemYear,ClearProperty(ListItemYear,home),00:01,silent)</onunload>
    <onunload condition="true">AlarmClock(ListItemUnWatchedEpisodes,ClearProperty(ListItemUnWatchedEpisodes,home),00:01,silent)</onunload>
    <onunload condition="true">AlarmClock(ListItemTVShowTitle,ClearProperty(ListItemTVShowTitle,home),00:01,silent)</onunload>
	<onunload condition="true">AlarmClock(ListItemPoster,ClearProperty(ListItemPoster,home),00:01,silent)</onunload>
  </include>
  
  <include name="onfocus_SetProperty_ListItem">
    <control type="button" description="hidden">
	  <onfocus condition="Container.Content(TVShows) + !IsEmpty(ListItem.Year) + [IsEmpty(Window(home).Property(ListItemYear)) | !StringCompare(ListItem.Year,Window(home).Property(ListItemYear))]">AlarmClock(ListItemYear,SetProperty(ListItemYear,$INFO[ListItem.Year],home),00:03,silent)</onfocus>
	  <onfocus condition="Container.Content(TVShows) + !IsEmpty(ListItem.Genre) + [IsEmpty(Window(home).Property(ListItemGenre)) | !StringCompare(ListItem.Genre,Window(home).Property(ListItemGenre))]">AlarmClock(ListItemGenre,SetProperty(ListItemGenre,$INFO[ListItem.Genre],home),00:03,silent)</onfocus>
	  <onfocus condition="Container.Content(TVShows) + !IsEmpty(ListItem.Rating) + [IsEmpty(Window(home).Property(ListItemRating)) | !StringCompare(ListItem.Rating,Window(home).Property(ListItemRating))]">AlarmClock(ListItemRating,SetProperty(ListItemRating,$INFO[ListItem.Rating],home),00:03,silent)</onfocus>
	  <onfocus condition="Container.Content(TVShows) + !IsEmpty(ListItem.Property(UnWatchedEpisodes)) + [IsEmpty(Window(home).Property(ListItemUnWatchedEpisodes)) | !StringCompare(ListItem.Property(UnWatchedEpisodes),Window(home).Property(ListItemUnWatchedEpisodes))]">AlarmClock(ListItemUnWatchedEpisodes,SetProperty(ListItemUnWatchedEpisodes,$INFO[ListItem.Property(UnWatchedEpisodes)],home),00:03,silent)</onfocus>
	  <onfocus condition="Container.Content(TVShows) + !IsEmpty(ListItem.TVShowTitle) + [IsEmpty(Window(home).Property(ListItemTVShowTitle)) | !StringCompare(ListItem.TVShowTitle,Window(home).Property(ListItemTVShowTitle))]">AlarmClock(ListItemTVShowTitle,SetProperty(ListItemTVShowTitle,$INFO[ListItem.TVShowTitle],home),00:03,silent)</onfocus>
	  <onfocus description="remove-only" condition="Container.Content(TVShows) + !IsEmpty(ListItem.TVShowTitle) + [IsEmpty(Window(home).Property(ListItemTVShowTitle)) | !StringCompare(ListItem.TVShowTitle,Window(home).Property(ListItemTVShowTitle))]">AlarmClock(ListItemDuration,ClearProperty(ListItemDuration,home),00:03,silent)</onfocus>
	  <!--<onfocus condition="Skin.HasSetting(Admin) + Container.Content(TVShows) + !StringCompare(ListItem.TVShowTitle,Window(home).Property(ListItemTVShowTitle))">AlarmClock(Notification,Notification(Admin,New ListItemTVShowTitle,1000),00:03,silent)</onfocus>-->
	  <onfocus condition="!Container.Content(episodes) + !IsEmpty(ListItem.Art(poster)) + [IsEmpty(Window(home).Property(ListItemPoster)) | !StringCompare(ListItem.Poster,Window(home).Property(ListItemPoster))]">AlarmClock(ListItemPoster,SetProperty(ListItemPoster,$INFO[ListItem.Art(poster)],home),00:10,silent)</onfocus>
	  <visible>false</visible>
	</control>
  </include>
  
  <include name="onunload_ClearProperty_TopVideoInformation">
    <onunload condition="!Player.HasVideo">AlarmClock(TopVideoInformation1,ClearProperty(TopVideoInformation1,home),00:03,silent)</onunload>
    <onunload condition="!Player.HasVideo">AlarmClock(TopVideoInformation2,ClearProperty(TopVideoInformation2,home),00:03,silent)</onunload>
    <onunload condition="!Player.HasVideo">AlarmClock(TopVideoInformation3,ClearProperty(TopVideoInformation3,home),00:03,silent)</onunload>
    <onunload condition="!Player.HasVideo">AlarmClock(TopVideoInformation4,ClearProperty(TopVideoInformation4,home),00:03,silent)</onunload>
    <onunload condition="!Player.HasVideo">AlarmClock(TopVideoInformation5,ClearProperty(TopVideoInformation5,home),00:03,silent)</onunload>
    <onunload condition="!Player.HasVideo">AlarmClock(TopVideoInformation6,ClearProperty(TopVideoInformation6,home),00:03,silent)</onunload>
	<onunload condition="!Player.HasVideo">AlarmClock(TopVideoInformation7,ClearProperty(TopVideoInformation7,home),00:03,silent)</onunload>
	<onunload condition="!Player.HasVideo">AlarmClock(TopVideoInformation8,ClearProperty(TopVideoInformation8,home),00:03,silent)</onunload>
	<onunload condition="!Player.HasVideo">AlarmClock(TopVideoInformation9,ClearProperty(TopVideoInformation9,home),00:03,silent)</onunload> <!--[!IsEmpty(Window(home).Property(TopVideoInformation9)) | System.HasAlarm(TopVideoInformation9)] + -->
  </include>
  <include name="onfocus_SetProperty_TopVideoInformation">
    <control type="button" description="hidden">
	  <onfocus condition="Container.Content(Episodes) + !Player.HasVideo + !IsEmpty(ListItem.Duration) + [IsEmpty(Window(home).Property(TopVideoInformation1)) | !StringCompare(ListItem.Duration,Window(home).Property(TopVideoInformation1))]">AlarmClock(TopVideoInformation1,SetProperty(TopVideoInformation1,$INFO[ListItem.Duration],home),00:03,silent)</onfocus>
	  <onfocus condition="Container.Content(Episodes) + !Player.HasVideo + !IsEmpty(ListItem.Year) + [IsEmpty(Window(home).Property(TopVideoInformation2)) | !StringCompare(ListItem.Year,Window(home).Property(TopVideoInformation2))]">AlarmClock(TopVideoInformation2,SetProperty(TopVideoInformation2,$INFO[ListItem.Year],home),00:03,silent)</onfocus>
	  <onfocus condition="Container.Content(Episodes) + !Player.HasVideo + !IsEmpty(ListItem.Rating) + [IsEmpty(Window(home).Property(TopVideoInformation3)) | !StringCompare(ListItem.Rating,Window(home).Property(TopVideoInformation3))]">AlarmClock(TopVideoInformation3,SetProperty(TopVideoInformation3,$INFO[ListItem.Rating],home),00:03,silent)</onfocus>
	  <!--<onfocus condition="Container.Content(Episodes) + !Player.HasVideo + !IsEmpty(ListItem.Art(tvshow.poster)) + [IsEmpty(Window(home).Property(TopVideoInformation4)) | !StringCompare(ListItem.Art(tvshow.poster),Window(home).Property(TopVideoInformation4))]">AlarmClock(TopVideoInformation4,SetProperty(TopVideoInformation4,$INFO[ListItem.Art(tvshow.poster)],home),00:03,silent)</onfocus>-->
	  <onfocus condition="Container.Content(Episodes) + !Player.HasVideo + !IsEmpty(ListItem.Plot) + [IsEmpty(Window(home).Property(TopVideoInformation5)) | !StringCompare(ListItem.Plot,Window(home).Property(TopVideoInformation5))]">SetProperty(TopVideoInformation5,$INFO[ListItem.Plot],home)</onfocus>
	  <onfocus condition="Container.Content(Episodes) + !Player.HasVideo + [!IsEmpty(ListItem.Genre) | !IsEmpty(Window(home).Property(ListItemGenre))] + [[IsEmpty(Window(home).Property(TopVideoInformation6))] | [!IsEmpty(ListItem.Genre) + !StringCompare(ListItem.Genre,Window(home).Property(TopVideoInformation6))] | [!IsEmpty(Window(home).Property(ListItemGenre)) + !StringCompare(Window(home).Property(ListItemGenre),Window(home).Property(TopVideoInformation6))]]">AlarmClock(TopVideoInformation6,SetProperty(TopVideoInformation6,$VAR[TopVideoInformation6],home),00:03,silent)</onfocus>
	  
	  <!--<onfocus condition="Container.Content(Episodes) + !Player.HasVideo + [!IsEmpty(ListItem.Genre) | !IsEmpty(Window(home).Property(ListItemGenre))] + [[IsEmpty(Window(home).Property(TopVideoInformation6))] | [!IsEmpty(ListItem.Genre) + !StringCompare(ListItem.Genre,Window(home).Property(TopVideoInformation6))] | [!IsEmpty(Window(home).Property(ListItemGenre)) + !StringCompare(Window(home).Property(ListItemGenre),Window(home).Property(TopVideoInformation6))]]">Notification($VAR[TopVideoInformation6],1,1000)</onfocus>-->
	  
	  <onfocus description="7_he" condition="StringCompare(System.Language,Hebrew) + [Container.Content(Episodes) + !Player.HasVideo + !SubString(ListItem.Label,..,left) + !IsEmpty(ListItem.Title) + !IsEmpty(ListItem.Season) + [IsEmpty(Window(home).Property(TopVideoInformation7)) | !StringCompare(ListItem.Genre,Window(home).Property(TopVideoInformation7))]]">AlarmClock(TopVideoInformation7,SetProperty(TopVideoInformation7,"[COLOR yellow][B]$INFO[ListItem.Episode][/B][/COLOR] $LOCALIZE[20452]: [COLOR yellow][B]$INFO[ListItem.Season][/B][/COLOR] $LOCALIZE[20373]: [COLOR yellow][B]$INFO[ListItem.Title] [/B][/COLOR] $LOCALIZE[31408]: ", home),00:03,silent)</onfocus>
	  <onfocus description="7_en" condition="!StringCompare(System.Language,Hebrew) + [Container.Content(Episodes) + !Player.HasVideo + !SubString(ListItem.Label,..,left) + !IsEmpty(ListItem.Title) + !IsEmpty(ListItem.Season) + [IsEmpty(Window(home).Property(TopVideoInformation7)) | !StringCompare(ListItem.Genre,Window(home).Property(TopVideoInformation7))]]">AlarmClock(TopVideoInformation7,SetProperty(TopVideoInformation7,"$LOCALIZE[31408]: [COLOR yellow][B]$INFO[ListItem.Title][/B][/COLOR] S: [COLOR yellow][B]$INFO[ListItem.Season][/B][/COLOR] E: [COLOR yellow][B]$INFO[ListItem.Episode][/B][/COLOR]", home),00:03,silent)</onfocus>
	  <onfocus condition="Container.Content(Episodes) + !Player.HasVideo + !IsEmpty(ListItem.TVShowTitle) + [IsEmpty(Window(home).Property(TopVideoInformation8)) | !StringCompare(ListItem.TVShowTitle,Window(home).Property(TopVideoInformation8))]">AlarmClock(TopVideoInformation8,SetProperty(TopVideoInformation8,$INFO[ListItem.TVShowTitle],home),00:03,silent)</onfocus>
	  <!--<onfocus condition="Skin.HasSetting(Admin) + !Player.HasVideo + !Window.IsVisible(DialogKaiToast.xml) + Container.Content(Episodes) + !StringCompare(ListItem.TVShowTitle,Window(home).Property(TopVideoInformation7))">AlarmClock(TopVideoInformation,Notification(Admin,New TopVideoInformation7,1000),00:03,silent)</onfocus>-->
	  
	  <onfocus condition="!IsEmpty(ListItem.Duration) + [IsEmpty(Window(home).Property(ListItemDuration)) | !StringCompare(ListItem.Duration,Window(home).Property(ListItemDuration))] + !IntegerGreaterThan(ListItem.Duration,1000)">AlarmClock(ListItemDuration,SetProperty(ListItemDuration,$INFO[ListItem.Duration],home),00:03,silent)</onfocus>
	  <visible>false</visible>
	</control>
  </include>
  
  <include name="ButtonsDesign_icon">
    <texture border="0" diffuse="buttons/types/bd.png">$INFO[ListItem.Icon]</texture>
  </include>
  <include name="ButtonsDesign0_icon">
    <texture border="0" diffuse="buttons/types/bd0.png">$INFO[ListItem.Icon]</texture>
  </include>
  <include name="ButtonsDesign1_icon">
    <texture border="0" diffuse="buttons/types/bd1.png">$INFO[ListItem.Icon]</texture>
  </include>
  <include name="ButtonsDesign2_icon">
    <texture border="0" diffuse="buttons/types/bd2.png">$INFO[ListItem.Icon]</texture>
  </include>
  <include name="ButtonsDesign3_icon">
    <texture border="0" diffuse="buttons/types/bd3.png">$INFO[ListItem.Icon]</texture>
  </include>
  <include name="ButtonsDesign4_icon">
    <texture border="0" diffuse="buttons/types/bd4.png">$INFO[ListItem.Icon]</texture>
  </include>
  
  <include name="ButtonsDesign_gardient">
    <texture diffuse="buttons/types/bd.png">buttons/effects/gardient.png</texture>
  </include>
  <include name="ButtonsDesign0_gardient">
    <texture diffuse="buttons/types/bd0.png">buttons/effects/gardient0.png</texture>
  </include>
  <include name="ButtonsDesign1_gardient">
    <texture diffuse="buttons/types/bd1.png">buttons/effects/gardient1.png</texture>
  </include>
  <include name="ButtonsDesign2_gardient">
    <texture diffuse="buttons/types/bd2.png">buttons/effects/gardient2.png</texture>
  </include>
  <include name="ButtonsDesign3_gardient">
    <texture diffuse="buttons/types/bd3.png">buttons/effects/gardient3.png</texture>
  </include>
  <include name="ButtonsDesign4_gardient">
    <texture diffuse="buttons/types/bd4.png">buttons/effects/gardient4.png</texture>
  </include>
  
  <include name="ButtonsDesign_bevel">
    <texture diffuse="buttons/types/bd.png">buttons/effects/bevel.png</texture>
  </include>
  <include name="ButtonsDesign0_bevel">
    <texture diffuse="buttons/types/bd0.png">buttons/effects/bevel0.png</texture>
  </include>
  <include name="ButtonsDesign1_bevel">
    <texture diffuse="buttons/types/bd1.png">buttons/effects/bevel1.png</texture>
  </include>
  <include name="ButtonsDesign2_bevel">
    <texture diffuse="buttons/types/bd2.png">buttons/effects/bevel2.png</texture>
  </include>
  <include name="ButtonsDesign3_bevel">
    <texture diffuse="buttons/types/bd3.png">buttons/effects/bevel3.png</texture>
  </include>
  <include name="ButtonsDesign4_bevel">
    <texture diffuse="buttons/types/bd4.png">buttons/effects/bevel4.png</texture>
  </include>
  
  <include name="ButtonsDesign_stroke">
    <texture diffuse="buttons/types/bd.png">buttons/effects/stroke.png</texture>
  </include>
  <include name="ButtonsDesign0_stroke">
    <texture diffuse="buttons/types/bd0.png">buttons/effects/stroke0.png</texture>
  </include>
  <include name="ButtonsDesign1_stroke">
    <texture diffuse="buttons/types/bd1.png">buttons/effects/stroke1.png</texture>
  </include>
  <include name="ButtonsDesign2_stroke">
    <texture diffuse="buttons/types/bd2.png">buttons/effects/stroke2.png</texture>
  </include>
  <include name="ButtonsDesign3_stroke">
    <texture diffuse="buttons/types/bd3.png">buttons/effects/stroke3.png</texture>
  </include>
  <include name="ButtonsDesign4_stroke">
    <texture diffuse="buttons/types/bd4.png">buttons/effects/stroke4.png</texture>
  </include>
  
  <include name="ButtonsDesign_shadow">
    <texture diffuse="buttons/types/bd.png">buttons/effects/shadow.png</texture>
  </include>
  <include name="ButtonsDesign0_shadow">
    <texture diffuse="buttons/types/bd0.png">buttons/effects/shadow0.png</texture>
  </include>
  <include name="ButtonsDesign1_shadow">
    <texture diffuse="buttons/types/bd1.png">buttons/effects/shadow1.png</texture>
  </include>
  <include name="ButtonsDesign2_shadow">
    <texture diffuse="buttons/types/bd2.png">buttons/effects/shadow2.png</texture>
  </include>
  <include name="ButtonsDesign3_shadow">
    <texture diffuse="buttons/types/bd3.png">buttons/effects/shadow3.png</texture>
  </include>
  <include name="ButtonsDesign4_shadow">
    <texture diffuse="buttons/types/bd4.png">buttons/effects/shadow4.png</texture>
  </include>
  
  <include name="ButtonsDesign_sub">
    <texture diffuse="buttons/types/bd.png" colordiffuse="$VAR[SubMenuMarkColor]">buttons/effects/sub.png</texture>
  </include>
  <include name="ButtonsDesign0_sub">
    <texture diffuse="buttons/types/bd0.png" colordiffuse="$VAR[SubMenuMarkColor]">buttons/effects/sub.png</texture>
  </include>
  <include name="ButtonsDesign1_sub">
    <texture diffuse="buttons/types/bd1.png" colordiffuse="$VAR[SubMenuMarkColor]">buttons/effects/sub.png</texture>
  </include>
  <include name="ButtonsDesign2_sub">
    <texture colordiffuse="$VAR[SubMenuMarkColor]">buttons/effects/sub2.png</texture>
  </include>
  <include name="ButtonsDesign3_sub">
    <texture diffuse="buttons/types/bd3.png" colordiffuse="$VAR[SubMenuMarkColor]">buttons/effects/sub.png</texture>
  </include>
  <include name="ButtonsDesign4_sub">
    <texture diffuse="buttons/types/bd4.png" colordiffuse="$VAR[SubMenuMarkColor]">buttons/effects/sub.png</texture>
  </include>
  
  <include name="ButtonsDesign_choosen">
    <texture diffuse="buttons/types/bd.png" colordiffuse="$VAR[IconUnFocusColor]">buttons/effects/choosen.png</texture>
  </include>
  <include name="ButtonsDesign0_choosen">
    <texture diffuse="buttons/types/bd0.png" colordiffuse="$VAR[IconUnFocusColor]">buttons/effects/choosen0.png</texture>
  </include>
  <include name="ButtonsDesign1_choosen">
    <texture diffuse="buttons/types/bd1.png" colordiffuse="$VAR[IconUnFocusColor]">buttons/effects/choosen.png</texture>
  </include>
  <include name="ButtonsDesign2_choosen">
    <texture diffuse="buttons/types/bd2.png" colordiffuse="$VAR[IconUnFocusColor]">buttons/effects/choosen.png</texture>
  </include>
  <include name="ButtonsDesign3_choosen">
    <texture diffuse="buttons/types/bd3.png" colordiffuse="$VAR[IconUnFocusColor]">buttons/effects/choosen.png</texture>
  </include>
  <include name="ButtonsDesign4_choosen">
    <texture diffuse="buttons/types/bd4.png" colordiffuse="$VAR[IconUnFocusColor]">buttons/effects/choosen.png</texture>
  </include>
  
  <include name="list9000_posx_heb">
    <posx>-30</posx>
  </include>
</includes>