<?xml version="1.0" encoding="UTF-8"?>
<window>
  <onload condition="true">AlarmClock(startup,ReplaceWindow(Home.xml),00:03,silent)</onload>
  <!--<onunload condition="Skin.String(StartUpVideo) + !Skin.HasSetting(StartUpVideoFullScreen)">AlarmClock(StartUpVideo,PlayMedia($INFO[Skin.String(StartUpVideo)]),00:02,silent)</onunload>
  <onunload condition="Skin.String(StartUpVideo) + Skin.HasSetting(StartUpVideoFullScreen)">AlarmClock(StartUpVideo,PlayMedia($INFO[Skin.String(StartUpVideo)],1),00:02,silent)</onunload>
  <onunload condition="!Skin.HasSetting(StartUpMusic) + !Skin.String(StartUpMusic) + !Skin.String(StartUpVideo)">AlarmClock(StartUpMusic,PlayMedia(special://skin/sounds/featherence.mp3),00:02,silent)</onunload>
  <onunload condition="!Skin.HasSetting(StartUpMusic) + Skin.String(StartUpMusic) + !Skin.String(StartUpVideo)">AlarmClock(StartUpMusic,RunScript(script.featherence.service,,?mode=21&amp;value=$INFO[Skin.String(StartUpMusic)]&amp;value2=music),00:02,silent)</onunload>
  <onunload condition="!Skin.HasSetting(StartUpMusic) + !Skin.String(StartUpMusic) + Skin.String(StartUpVideo)">AlarmClock(StartUpMusic,PlayMedia(special://skin/sounds/featherence.mp3),00:20,silent)</onunload>
  <onunload condition="!Skin.HasSetting(StartUpMusic) + Skin.String(StartUpMusic) + Skin.String(StartUpVideo)">AlarmClock(StartUpMusic,RunScript(script.featherence.service,,?mode=21&amp;value=$INFO[Skin.String(StartUpMusic)]&amp;value2=music),00:20,silent)</onunload>-->
  <include>Fade6</include>
  <controls>
	<control type="label">
	  <include>LabelC11</include>
	  <!--<posx>960</posx>
	  <posy>540</posy>-->
	  <height>1080</height>
	  <width>1920</width>
	  <label>$LOCALIZE[20186]</label>
	  <visible>!Skin.String(User_Name)</visible>
	</control>
	
	<control type="label">
	  <include>LabelC11</include>
	  <!--<posx>960</posx>
	  <posy>540</posy>-->
	  <height>1080</height>
	  <width>1920</width>
	  <label>$LOCALIZE[31421] $INFO[Skin.String(User_Name)]</label>
	  <visible>Skin.String(User_Name)</visible>
	</control>
  </controls>
</window>
