﻿<?xml version="1.0" encoding="UTF-8" standalone="yes"?>
<addon id="repository.featherence" name="Featherence repository" version="1.1.0" provider-name="finalmakerr">
	<extension point="xbmc.addon.repository" name="Featherence repository">
		<info compressed="false">https://raw.githubusercontent.com/finalmakerr/featherence/master/addons.xml</info>
		<checksum>https://raw.githubusercontent.com/finalmakerr/featherence/master/addons.xml.md5</checksum>
		<datadir zip="true">https://raw.githubusercontent.com/finalmakerr/featherence/master/</datadir>
    </extension>
	<extension point="xbmc.addon.metadata">
		<summary lang="en"></summary>
		<description lang="en">Get frequently updates from Featherence team</description>
		<platform>all</platform>
	</extension>
</addon>

