<?xml version="1.0" encoding="UTF-8"?>
<window>
  <defaultcontrol always="true">50</defaultcontrol>
  <allowoverlay>no</allowoverlay>
  <views>10</views>
  <controls>
    <control type="label" id="29">
      <visible>False</visible>
    </control>
    <control type="label" id="30">
      <visible>False</visible>
    </control>
	<include>VideoPlayerWindow</include>
	<control type="group" id="50">
		<include description="10">EPGTimelineView</include>
		<include description="11 (15)">LiveTVGuideNowNextView</include>
		<include description="12 (15)">LiveTVGuideNowNextView</include>
		<include description="13 (14)">LiveTVGuideChannelView</include>
	</control>
	<include>MenuDesign_Left</include>
	<include>TopVideoInformation</include>
    <include>TopInformation</include>
  </controls>
</window>
