<?xml version="1.0" encoding="UTF-8"?>
<includes>
  <include name="Keyboard">
	<texturenofocus border="3" colordiffuse="$VAR[KeyboardUnFocusColor]">osd/keyboard/KeyboardKeyNF.png</texturenofocus>
	<texturefocus border="5" colordiffuse="$VAR[KeyboardFocusColor]">osd/keyboard/KeyboardKeyNF.png</texturefocus>
	<alttexturenofocus border="3" colordiffuse="$VAR[KeyboardUnFocusColor]">osd/keyboard/KeyboardKeyNF.png</alttexturenofocus>
	<alttexturefocus border="5" colordiffuse="$VAR[KeyboardFocusColor]">osd/keyboard/KeyboardKeyNF.png</alttexturefocus>
    <align>center</align>
    <aligny>center</aligny>
	<width>50</width>
	<height>50</height>
	<focusedcolor>yellow</focusedcolor>	
	<font>size24</font>
	<textoffsetx>0</textoffsetx>
    <width>75</width>	
  </include>  
  
  <include name="LeftC">
    <align>left</align>
	<aligny>center</aligny>
  </include>
  <include name="RightC">
    <align>right</align>
	<aligny>center</aligny>
  </include>
  <include name="ImageC1">
    <aspectratio align="center">keep</aspectratio>
  </include>
  <include name="ImageL1">
    <aspectratio align="left">keep</aspectratio>
  </include>
  <include name="ImageR1">
    <aspectratio align="right">keep</aspectratio>
  </include>
  <include name="ImageC2">
    <aspectratio align="center">stretch</aspectratio>
  </include>
  <include name="ImageL2">
    <aspectratio align="left">stretch</aspectratio>
  </include>
  <include name="ImageR2">
    <aspectratio align="right">stretch</aspectratio>
  </include>
  <include name="LabelC1" description="">
    <align>center</align>
	<font>size28</font>
	<shadowcolor>black</shadowcolor>
	<textcolor>white2</textcolor>
  </include>
  <include name="LabelL1" description="">
    <align>left</align>
	<font>size28</font>
	<textcolor>white2</textcolor>
	<shadowcolor>black</shadowcolor>
  </include>
  <include name="LabelR1" description="">
    <align>right</align>
	<font>size28</font>
	<textcolor>white2</textcolor>
	<shadowcolor>black</shadowcolor>
  </include>
  <include name="LabelJ1" description="">
	<align>justify</align>
	<font>size28</font>
	<textcolor>white2</textcolor>
  </include>
  <include name="LabelC2" description="(טקסט2)">
    <align>center</align>
	<font>size24</font>
  </include>
  <include name="LabelL2" description="(טקסט1-מיוחד)">
	<align>left</align>
	<font>size24</font>
	<radioposx>1350</radioposx>
  </include>
  <include name="LabelR2" description="(טקסט1-מיוחד)">
    <align>right</align>
	<font>size24</font>
	<radioposx>0</radioposx>
  </include>
  <include name="LabelC3" description="(טקסט3/DEFAULT)">
    <align>center</align>
	<font>size36</font>
  </include>
  <include name="LabelR3" description="?">
    <align>right</align>
	<font>size36</font>
  </include>
  <include name="LabelL3" description="?">
    <align>left</align>
	<font>size36</font>
  </include>
  <include name="LabelC31" description="(טקסט3/DEFAULT)">
    <align>center</align>
	<font>size40</font>
  </include>
  <include name="LabelR31" description="?">
    <align>right</align>
	<font>size40</font>
  </include>
  <include name="LabelL31" description="?">
    <align>left</align>
	<font>size40</font>
  </include>
  <include name="LabelC4" description="(טקסט4)">
    <align>center</align>
	<font>size21</font>
  </include>
  <include name="LabelR4" description="PVR-משודר עכשיו/DialogNotification">
    <align>right</align>
	<font>size21</font>
  </include>
  <include name="LabelL4" description="PVR-משודר עכשיו/DialogNotification">
    <align>left</align>
	<font>size21</font>
  </include>
  <include name="LabelC5" description="(טקסט3)">
    <align>center</align>
	<font>size34</font>
  </include>
  
  <include name="LabelL7" description="(custom1131)">
    <align>left</align>
	<font>size18</font>
  </include>
  <include name="LabelC7">
    <align>center</align>
	<font>size18</font>
  </include>
  <include name="LabelR7" description="(custom1131)">
    <align>right</align>
	<font>size18</font>
  </include>
  <include name="LabelL8" description="">
    <align>left</align>
	<font>size13</font>
  </include>
  <include name="LabelC8">
    <align>center</align>
	<font>size13</font>
  </include>
  <include name="LabelR8" description="">
    <align>right</align>
	<font>size13</font>
  </include>
  <include name="LabelC10" description="(כותרת1)">
    <align>center</align>
	<aligny>center</aligny>
	<font>size36B</font>
	<shadowcolor>black</shadowcolor>
	<textcolor>white2</textcolor>
  </include>
  <include name="LabelC11" description="(כותרת2)">
    <align>center</align>
	<aligny>center</aligny>
	<font>Size42B</font>
	<shadowcolor>black</shadowcolor>
	<textcolor>white2</textcolor>
  </include>
  <include name="LabelL11" description="(כותרת2)">
    <align>left</align>
	<aligny>center</aligny>
	<font>Size42B</font>
	<shadowcolor>black</shadowcolor>
	<textcolor>white2</textcolor>
  </include>
  <include name="LabelR11" description="(כותרת2)">
    <align>right</align>
	<aligny>center</aligny>
	<font>Size42B</font>
	<shadowcolor>black</shadowcolor>
	<textcolor>white2</textcolor>
  </include>
  <include name="LabelL12" description="(כותרת3)">
    <align>left</align>
	<aligny>center</aligny>
	<font>size24B</font>
	<shadowcolor>black</shadowcolor>
	<textcolor>white2</textcolor>
  </include>
  <include name="LabelC12" description="(כותרת3)">
    <align>center</align>
	<aligny>center</aligny>
	<font>size24B</font>
	<shadowcolor>black</shadowcolor>
	<textcolor>white2</textcolor>
  </include>
  <include name="LabelR12" description="(כותרת3)">
    <align>right</align>
	<aligny>center</aligny>
	<font>size24B</font>
	<shadowcolor>black</shadowcolor>
	<textcolor>white2</textcolor>
  </include>
  <include name="LabelC13" description="(כותרת3)">
    <align>center</align>
	<aligny>center</aligny>
	<font>size21B</font>
	<shadowcolor>black</shadowcolor>
	<textcolor>white2</textcolor>
  </include>
  <include name="LabelC16" description="(כותרת3)">
    <align>center</align>
	<aligny>center</aligny>
	<font>size28B</font>
	<shadowcolor>black</shadowcolor>
	<textcolor>white2</textcolor>
  </include>
  
  <include name="ButtonC1" description="(DEFAULT)">
	<width>480</width>
    <textoffsetx>-</textoffsetx>
    <align>center</align>
    <aligny>center</aligny>
	<textcolor>white2</textcolor>
    <focusedcolor>yellow</focusedcolor>
	<font>size34</font>
    <disabledcolor>grey</disabledcolor>
  </include>
  <include name="ButtonL1" description="()">
	<width>480</width>
    <textoffsetx>40</textoffsetx>
    <align>left</align>
  </include>
  <include name="ButtonR1" description="()">
	<width>480</width>
    <textoffsetx>40</textoffsetx>
    <align>right</align>
  </include>
  <include name="ButtonL2" description="()">
	<width>880</width>
	<textoffsetx>20</textoffsetx>
    <align>left</align>
  </include>
  <include name="ButtonR2" description="()">
	<width>880</width>
	<textoffsetx>20</textoffsetx>
    <align>right</align>
  </include>
  <include name="ButtonL3" description="()">
	<width>580</width>
    <textoffsetx>40</textoffsetx>
    <align>left</align>
	<font>size24</font>
    <texturenofocus>-</texturenofocus>
  </include>
  <include name="ButtonR3" description="()">
	<width>580</width>
    <textoffsetx>40</textoffsetx>
    <align>right</align>
	<font>size24</font>
    <texturenofocus>-</texturenofocus>
	<texture colordiffuse="$VAR[ButtonFocusColor]">buttons/types/bd0.png</texture>
  </include>
  <include name="ButtonL4" description="()">
	<width>480</width>
    <textoffsetx>20</textoffsetx>
    <align>left</align>
	<textcolor>white2</textcolor>
	<font>size18</font>
  </include>
  <include name="ButtonR5" description="הגדרות">
	<width>480</width>
    <textoffsetx>60</textoffsetx>
    <align>right</align>
	<disabledcolor>grey</disabledcolor>
  </include>
  <include name="ButtonC10" description="מדף עליון">
	<height>40</height>
	<width>300</width>
	<textcolor>white2</textcolor>
	<textoffsetx>10</textoffsetx>
	<font>size24B</font>
	<radioposy>7</radioposy>
	<texturenofocus border="11" colordiffuse="$VAR[TopInformationColor]">buttons/ButtonA0.png</texturenofocus>
	<alttexturenofocus border="11" colordiffuse="$VAR[TopInformationColor]">buttons/ButtonA0.png</alttexturenofocus>
	<texturefocus border="11" colordiffuse="$VAR[ButtonFocusColor]">buttons/ButtonA0.png</texturefocus>
	<alttexturefocus border="11" colordiffuse="$VAR[ButtonFocusColor]">buttons/ButtonA0.png</alttexturefocus>
  </include>
  <include name="spinposx">
    <spinposx>950</spinposx>
  </include>
  <include name="ButtonSettingsCategory_he" description="()">
	<textoffsetx>647</textoffsetx>
	<textwidth>400</textwidth>
  </include>
  <include name="ButtonSettingsCategory2_he" description="()">
	<textoffsetx>487</textoffsetx>
	<textwidth>500</textwidth>
  </include>
  <include name="ButtonSettingsCategory3_he" description="()">
	<textoffsetx>17</textoffsetx>
	<textwidth>400</textwidth>
  </include>
  
  <include name="AddonSettings_he" description="()">
    <align>left</align>
	<textoffsetx>40</textoffsetx>
	<textwidth>500</textwidth>
  </include>
   
  <include name="Border_Common">
    <bordertexture colordiffuse="ff000000" border="40">buttons/types/bd0.png</bordertexture>
	<bordersize>1</bordersize>
  </include>
  
  <include name="Border_Common2">
    <bordertexture colordiffuse="$VAR[MenuColor]" border="40">buttons/ButtonA0.png</bordertexture>
	<bordersize>1</bordersize>
  </include>
  
  <include name="Border_Common3">
    <bordertexture colordiffuse="ff000000" border="20">buttons/ButtonA0.png</bordertexture>
	<bordersize>1</bordersize>
  </include>
  
  <include name="Border_Common4">
    <bordertexture colordiffuse="ff000000" border="40">buttons/types/bd0.png</bordertexture>
	<bordersize>1</bordersize>
  </include>
  
  <include name="MenuDesign_ItemLayout">
	<param name="height" default="0"/>
	<param name="posx" default="0"/>
	<param name="posy" default="0"/>
	<param name="width" default="0"/>
	<param name="height2" default="0"/>
	<param name="posx2" default="0"/>
	<param name="posy2" default="0"/>
	<param name="width2" default="0"/>
	<param name="homeicons" default="true"/>
	<param name="reshape" default="false"/>
	<param name="height3" default="0"/>
	<param name="posx3" default="0"/>
	<param name="posy3" default="0"/>
	<param name="width3" default="0"/>
	<param name="height4" default="0"/>
	<param name="posx4" default="0"/>
	<param name="posy4" default="0"/>
	<param name="width4" default="0"/>
	<param name="height5" default="0"/>
	<param name="posx5" default="0"/>
	<param name="posy5" default="0"/>
	<param name="width5" default="0"/>
	<definition>
	  <include>MenuDesign_Home_itemlayout</include>
	  
	  <include content="Buttons_Color" description="צבע">
		<param name="height" value="$PARAM[height]" />
		<param name="posx" value="$PARAM[posx]" />
		<param name="posy" value="$PARAM[posy]" />
		<param name="width" value="$PARAM[width]" />
	  </include>
	  
	  <include content="Buttons_Icon" description="סמלים גדולים">
		<param name="color" value="$VAR[IconUnFocusColor]" />
		<param name="height" value="$PARAM[height2]" />
		<param name="posx" value="$PARAM[posx2]" />
		<param name="posy" value="$PARAM[posy2]" />
		<param name="width" value="$PARAM[width2]" />
		
		<param name="homeicons" value="$PARAM[homeicons]"/>
		<param name="reshape" value="$PARAM[reshape]"/>
		<param name="condition" value="Skin.HasSetting(BigHomeIcons) + $PARAM[homeicons]" description="" />
		<param name="type0" value="true" description="UnFocus" />
		<param name="type1" value="false" description="Focus" />
	  </include>
	  
	  <control type="image" description="אלמנט כפתור לא נבחר">
          <posx>$PARAM[posx]</posx>
          <posy>$PARAM[posy]</posy>
          <width>$PARAM[width]</width>
          <height>$PARAM[height]</height>
          <texture>buttons/effects/black2.png</texture>
		  <visible>Skin.String(ElementUButton)</visible>
      </control>
	  <control type="image" description="צללית">
		  <posx>$PARAM[posx]</posx>
          <posy>$PARAM[posy]</posy>
          <width>$PARAM[width]</width>
          <height>$PARAM[height]</height>
		  <include condition="!Skin.String(ButtonsDesign)">ButtonsDesign_shadow</include>
		  <include condition="Skin.String(ButtonsDesign,0)">ButtonsDesign0_shadow</include>
		  <include condition="Skin.String(ButtonsDesign,1)">ButtonsDesign1_shadow</include>
		  <include condition="Skin.String(ButtonsDesign,2)">ButtonsDesign2_shadow</include>
		  <include condition="Skin.String(ButtonsDesign,3)">ButtonsDesign3_shadow</include>
		  <include condition="Skin.String(ButtonsDesign,4)">ButtonsDesign4_shadow</include>
          <texture>buttons/effects/shadow.png</texture>
		  <visible>Skin.HasSetting(ShadowButton)</visible>
      </control>
	  <control type="image" description="שקופית">
          <posx>$PARAM[posx]</posx>
          <posy>$PARAM[posy]</posy>
          <width>$PARAM[width]</width>
          <height>$PARAM[height]</height>
          <include condition="!Skin.String(ButtonsDesign)">ButtonsDesign_gardient</include>
		  <include condition="Skin.String(ButtonsDesign,0)">ButtonsDesign0_gardient</include>
		  <include condition="Skin.String(ButtonsDesign,1)">ButtonsDesign1_gardient</include>
		  <include condition="Skin.String(ButtonsDesign,2)">ButtonsDesign2_gardient</include>
		  <include condition="Skin.String(ButtonsDesign,3)">ButtonsDesign3_gardient</include>
		  <include condition="Skin.String(ButtonsDesign,4)">ButtonsDesign4_gardient</include>
		  <texture>buttons/effects/gardient.png</texture>
		  <visible>!Skin.HasSetting(OverlayButton)</visible>
      </control>
	  <control type="image" description="שפוע Bevel">
          <posx>$PARAM[posx]</posx>
          <posy>$PARAM[posy]</posy>
          <width>$PARAM[width]</width>
          <height>$PARAM[height]</height>
          <include condition="!Skin.String(ButtonsDesign)">ButtonsDesign_bevel</include>
		  <include condition="Skin.String(ButtonsDesign,0)">ButtonsDesign0_bevel</include>
		  <include condition="Skin.String(ButtonsDesign,1)">ButtonsDesign1_bevel</include>
		  <include condition="Skin.String(ButtonsDesign,2)">ButtonsDesign2_bevel</include>
		  <include condition="Skin.String(ButtonsDesign,3)">ButtonsDesign3_bevel</include>
		  <include condition="Skin.String(ButtonsDesign,4)">ButtonsDesign4_bevel</include>
		  <texture>buttons/effects/bevel.png</texture>
		  <visible>!Skin.HasSetting(BevelButton)</visible>
      </control>
	  <control type="image" description="מסגרת (Stroke)">
          <posx>$PARAM[posx]</posx>
          <posy>$PARAM[posy]</posy>
          <width>$PARAM[width]</width>
          <height>$PARAM[height]</height>
          <include condition="!Skin.String(ButtonsDesign)">ButtonsDesign_stroke</include>
		  <include condition="Skin.String(ButtonsDesign,0)">ButtonsDesign0_stroke</include>
		  <include condition="Skin.String(ButtonsDesign,1)">ButtonsDesign1_stroke</include>
		  <include condition="Skin.String(ButtonsDesign,2)">ButtonsDesign2_stroke</include>
		  <include condition="Skin.String(ButtonsDesign,3)">ButtonsDesign3_stroke</include>
		  <include condition="Skin.String(ButtonsDesign,4)">ButtonsDesign4_stroke</include>
		  <texture>buttons/effects/stroke.png</texture>
		  <visible>Skin.HasSetting(StrokeButton)</visible>
      </control>
      <include content="Buttons_Icon" description="סמל">
		<param name="color" value="$VAR[IconUnFocusColor]" />
		<param name="height" value="$PARAM[height3]" />
		<param name="posx" value="$PARAM[posx3]" />
		<param name="posy" value="$PARAM[posy3]" />
		<param name="width" value="$PARAM[width3]" />
		
		<param name="homeicons" value="$PARAM[homeicons]"/>
		<param name="reshape" value="$PARAM[reshape]"/>
		<param name="condition" value="!Skin.HasSetting(BigHomeIcons) + $PARAM[homeicons]" description="" />
		<param name="type0" value="true" description="UnFocus" />
		<param name="type1" value="false" description="Focus" />
      </include>
	  <include content="Buttons_Icon" description="סמלSP">
		<param name="color" value="$VAR[IconUnFocusColorSP]" />
		<param name="height" value="$PARAM[height3]" />
		<param name="posx" value="$PARAM[posx3]" />
		<param name="posy" value="$PARAM[posy3]" />
		<param name="width" value="$PARAM[width3]" />
		
		<param name="homeicons" value="$PARAM[homeicons]"/>
		<param name="reshape" value="$PARAM[reshape]"/>
		<param name="condition" value="!$PARAM[homeicons]" description="" />
		<param name="type0" value="true" description="UnFocus" />
		<param name="type1" value="false" description="Focus" />
      </include>
	  <control type="image" description="OFF">
		  <posx>$PARAM[posx3]</posx>
          <posy>$PARAM[posy3]</posy>
          <width>$PARAM[width3]</width>
          <height>$PARAM[height3]</height>
		  <aspectratio>keep</aspectratio>
		  <texture colordiffuse="$VAR[IconUnFocusColor]">images/off.png</texture>
		  <visible>Window.IsVisible(CustomHomeCustomizer.xml) + !String.IsEmpty(ListItem.Property(off))</visible>
      </control>
	  <control type="image" description="Movies Widget">
          <include condition="[Skin.String(MenuDesign,4) | Skin.String(MenuDesign,5)] + String.IsEqual(System.Language,Hebrew)">Control_Pos41</include>
		  <aspectratio>keep</aspectratio>
		  <posx>$PARAM[posx4]</posx>
          <posy>$PARAM[posy4]</posy>
          <width>$PARAM[width4]</width>
          <height>$PARAM[height4]</height>
		  <texture colordiffuse="$VAR[IconUnFocusColor]">buttons/icons/moviesf.png</texture>
		  <visible>Window.IsVisible(CustomHomeCustomizer.xml)</visible>
		  <visible>String.Contains(ListItem.Label2,90) + !Skin.String(widget311) | String.IsEqual(ListItem.Label2,Skin.String(widget311))</visible>
      </control>
	  <control type="image" description="TVshows Widget">
          <include condition="[Skin.String(MenuDesign,4) | Skin.String(MenuDesign,5)] + String.IsEqual(System.Language,Hebrew)">Control_Pos41</include>
		  <aspectratio>keep</aspectratio>
		  <posx>$PARAM[posx4]</posx>
          <posy>$PARAM[posy4]</posy>
          <width>$PARAM[width4]</width>
          <height>$PARAM[height4]</height>
		  <texture colordiffuse="$VAR[IconUnFocusColor]">buttons/icons/tvshowsf.png</texture>
		  <visible>Window.IsVisible(CustomHomeCustomizer.xml)</visible>
		  <visible>String.Contains(ListItem.Label2,91) + !Skin.String(widget312) | String.IsEqual(ListItem.Label2,Skin.String(widget312))</visible>
      </control>
	  <control type="image" description="Weather Widget">
          <include condition="[Skin.String(MenuDesign,4) | Skin.String(MenuDesign,5)] + String.IsEqual(System.Language,Hebrew)">Control_Pos41</include>
		  <aspectratio>keep</aspectratio>
		  <posx>$PARAM[posx4]</posx>
          <posy>$PARAM[posy4]</posy>
          <width>$PARAM[width4]</width>
          <height>$PARAM[height4]</height>
		  <texture colordiffuse="$VAR[IconUnFocusColor]">buttons/icons/weatherf.png</texture>
		  <visible>Window.IsVisible(CustomHomeCustomizer.xml)</visible>
		  <visible>String.Contains(ListItem.Label2,97) + !Skin.String(widget317) | String.IsEqual(ListItem.Label2,Skin.String(widget317))</visible>
      </control>
	  <control type="image" description="תפריט משני">
		  <include>Fade_SubMenuMarkOverlay</include>
		  <include condition="[Skin.String(MenuDesign,4) | Skin.String(MenuDesign,5)] + Skin.String(ButtonsDesign,2)">Control_Pos51</include>
		  <posx>$PARAM[posx]</posx>
          <posy>$PARAM[posy]</posy>
          <width>$PARAM[width]</width>
          <height>$PARAM[height]</height>
		  <include condition="!Skin.String(ButtonsDesign)">ButtonsDesign_sub</include>
		  <include condition="Skin.String(ButtonsDesign,0)">ButtonsDesign0_sub</include>
		  <include condition="Skin.String(ButtonsDesign,1)">ButtonsDesign1_sub</include>
		  <include condition="Skin.String(ButtonsDesign,2)">ButtonsDesign2_sub</include>
		  <include condition="Skin.String(ButtonsDesign,3)">ButtonsDesign3_sub</include>
		  <include condition="Skin.String(ButtonsDesign,4)">ButtonsDesign4_sub</include>
		  <texture colordiffuse="$VAR[SubMenuMarkColor]">buttons/effects/sub.png</texture>
		  <visible>!String.IsEmpty(ListItem.Property(sub))</visible>
      </control>
      <control type="label" description="כותרת">
          <include>Slide_MenuDesign_Home_Labels</include>
		  <include>Fade_IconOverlayButton</include>
		  <textcolor>$VAR[IconUnFocusColor]</textcolor>
		  <include condition="[Skin.String(MenuDesign,4) | Skin.String(MenuDesign,5)] + [Skin.String(ButtonsDesign,1) | Skin.String(ButtonsDesign,2) | Skin.String(ButtonsDesign,4)]">LabelC2</include>
		  <include condition="[Skin.String(MenuDesign,4) | Skin.String(MenuDesign,5)] + String.IsEqual(System.Language,Hebrew)">LabelR1</include>
		  <include condition="[Skin.String(MenuDesign,4) | Skin.String(MenuDesign,5)] + !String.IsEqual(System.Language,Hebrew)">LabelL1</include>
		  <include>LabelC1</include>
		  <posx>$PARAM[posx5]</posx>
          <posy>$PARAM[posy5]</posy>
          <width>$PARAM[width5]</width>
          <height>$PARAM[height5]</height>
          <label>[B]$INFO[ListItem.Label][/B]</label>
		  <shadowcolor>black</shadowcolor>
		  <visible>$PARAM[homeicons]</visible>
      </control>
	</definition>
  </include>
  
  <include name="MenuDesign_focusedlayout">
	<param name="height" default="0"/>
	<param name="posx" default="0"/>
	<param name="posy" default="0"/>
	<param name="width" default="0"/>
	<param name="height2" default="0"/>
	<param name="posx2" default="0"/>
	<param name="posy2" default="0"/>
	<param name="width2" default="0"/>
	<param name="homeicons" default="true"/>
	<param name="reshape" default="false"/>
	<param name="height3" default="0"/>
	<param name="posx3" default="0"/>
	<param name="posy3" default="0"/>
	<param name="width3" default="0"/>
	<param name="height4" default="0"/>
	<param name="posx4" default="0"/>
	<param name="posy4" default="0"/>
	<param name="width4" default="0"/>
	<param name="height5" default="0"/>
	<param name="posx5" default="0"/>
	<param name="posy5" default="0"/>
	<param name="width5" default="0"/>
	<param name="height6" default="0"/>
	<param name="posx6" default="0"/>
	<param name="posy6" default="0"/>
	<param name="width6" default="0"/>
	<definition>
	  <include content="Buttons_Color" description="צבע">
		<param name="height" value="$PARAM[height]" />
		<param name="posx" value="$PARAM[posx]" />
		<param name="posy" value="$PARAM[posy]" />
		<param name="width" value="$PARAM[width]" />
	  </include>
	  
	  <include content="Buttons_Icon" description="סמלים גדולים">
		<param name="color" value="$VAR[IconFocusColor]" />
		<param name="height" value="$PARAM[height2]" />
		<param name="posx" value="$PARAM[posx2]" />
		<param name="posy" value="$PARAM[posy2]" />
		<param name="width" value="$PARAM[width2]" />
		
		<param name="homeicons" value="$PARAM[homeicons]"/>
		<param name="reshape" value="$PARAM[reshape]"/>
		<param name="condition" value="Skin.HasSetting(BigHomeIcons) + $PARAM[homeicons]" description="" />
		<param name="type0" value="false" description="UnFocus" />
		<param name="type1" value="true" description="Focus" />
	  </include>
	  
	  <control type="image" description="אלמנט כפתור נבחר">
          <posx>$PARAM[posx]</posx>
          <posy>$PARAM[posy]</posy>
          <width>$PARAM[width]</width>
          <height>$PARAM[height]</height>
          <texture>buttons/effects/black2.png</texture>
		  <visible>Skin.String(ElementUButton)</visible>
      </control>
	  
	  <control type="image" description="סמן בחירה 2">
		  <posx>$PARAM[posx]</posx>
          <posy>$PARAM[posy]</posy>
          <width>$PARAM[width]</width>
          <height>$PARAM[height]</height>
		  <include condition="!Skin.String(ButtonsDesign)">ButtonsDesign_choosen</include>
		  <include condition="Skin.String(ButtonsDesign,0)">ButtonsDesign0_choosen</include>
		  <include condition="Skin.String(ButtonsDesign,1)">ButtonsDesign1_choosen</include>
		  <include condition="Skin.String(ButtonsDesign,2)">ButtonsDesign2_choosen</include>
		  <include condition="Skin.String(ButtonsDesign,3)">ButtonsDesign3_choosen</include>
		  <include condition="Skin.String(ButtonsDesign,4)">ButtonsDesign4_choosen</include>
		  <texture diffuse="buttons/colors/ffffffff.png">buttons/effects/choosen.png</texture>
		  <visible>Skin.HasSetting(SelectionMarker2) + [Control.HasFocus(9000) | Window.IsVisible(Custom1173.xml)]</visible>
      </control>
	  <!--<control type="image" description="סמן בחירה 3">
		  <bordersize>1</bordersize>
		  <posx>$PARAM[posx6]</posx>
          <posy>$PARAM[posy6]</posy>
          <width>$PARAM[width6]</width>
          <height>$PARAM[height6]</height>
		  <texture border="10" colordiffuse="$VAR[SelectedFrameColor]">misc/frames/selector.png</texture>
		  <visible>!$PARAM[homeicons] + [ [Skin.HasSetting(SelectionMarker) + [Control.HasFocus(9000) | Window.IsVisible(Custom1173.xml)] ] | [Window.IsVisible(CustomHomeCustomizer.xml) + [Window.IsVisible(Custom1175.xml) | Window.IsVisible(CustomHomeCustomizer2.xml) | Window.IsVisible(Custom1170.xml) + String.IsEqual(Window(home).Property(TEMP),SelectedFrameColor)] ]] | $PARAM[homeicons]</visible>
		  <visible>!$PARAM[homeicons] + [$EXP[!Button.ID_17-21] | !Skin.HasSetting(SPMiniButtons)] | $PARAM[homeicons]</visible>
		  <visible>String.IsEmpty(Window(home).Property(WidgetButton.ID_))</visible>
		  <visible>$PARAM[homeicons] + [ [Skin.HasSetting(SelectionMarker) + Control.HasFocus(9020)] | [Window.IsVisible(CustomHomeCustomizer.xml) + [Window.IsVisible(Custom1175.xml) | Window.IsVisible(CustomHomeCustomizer2.xml) | Window.IsVisible(Custom1165.xml) + String.IsEqual(Window(home).Property(TEMP),SelectedFrameColor)]] ] | !$PARAM[homeicons]</visible>
		  <visible>$PARAM[homeicons] + [ [String.IsEqual(Window(home).Property(Button.ID_),17) | String.IsEqual(Window(home).Property(Button.ID_),18) | String.IsEqual(Window(home).Property(Button.ID_),19) + !String.IsEqual(Window(home).Property(Button.ID_),20) + !String.IsEqual(Window(home).Property(Button.ID_),21) | String.IsEqual(Window(home).Property(Button.ID_),20) | String.IsEqual(Window(home).Property(Button.ID_),21)] ] | !$PARAM[homeicon]</visible>
      </control>-->
		
	  <control type="image" description="צללית">
		  <posx>$PARAM[posx]</posx>
          <posy>$PARAM[posy]</posy>
          <width>$PARAM[width]</width>
          <height>$PARAM[height]</height>
		  <include condition="!Skin.String(ButtonsDesign)">ButtonsDesign_shadow</include>
		  <include condition="Skin.String(ButtonsDesign,0)">ButtonsDesign0_shadow</include>
		  <include condition="Skin.String(ButtonsDesign,1)">ButtonsDesign1_shadow</include>
		  <include condition="Skin.String(ButtonsDesign,2)">ButtonsDesign2_shadow</include>
		  <include condition="Skin.String(ButtonsDesign,3)">ButtonsDesign3_shadow</include>
		  <include condition="Skin.String(ButtonsDesign,4)">ButtonsDesign4_shadow</include>
          <texture>buttons/effects/shadow.png</texture>
		  <visible>Skin.HasSetting(ShadowButton)</visible>
      </control>
	  <control type="image" description="שקופית">
          <posx>$PARAM[posx]</posx>
          <posy>$PARAM[posy]</posy>
          <width>$PARAM[width]</width>
          <height>$PARAM[height]</height>
          <include condition="!Skin.String(ButtonsDesign)">ButtonsDesign_gardient</include>
		  <include condition="Skin.String(ButtonsDesign,0)">ButtonsDesign0_gardient</include>
		  <include condition="Skin.String(ButtonsDesign,1)">ButtonsDesign1_gardient</include>
		  <include condition="Skin.String(ButtonsDesign,2)">ButtonsDesign2_gardient</include>
		  <include condition="Skin.String(ButtonsDesign,3)">ButtonsDesign3_gardient</include>
		  <include condition="Skin.String(ButtonsDesign,4)">ButtonsDesign4_gardient</include>
		  <texture>buttons/effects/gardient.png</texture>
		  <visible>!Skin.HasSetting(OverlayButton)</visible>
      </control>
	  <control type="image" description="שפוע Bevel">
          <posx>$PARAM[posx]</posx>
          <posy>$PARAM[posy]</posy>
          <width>$PARAM[width]</width>
          <height>$PARAM[height]</height>
          <include condition="!Skin.String(ButtonsDesign)">ButtonsDesign_bevel</include>
		  <include condition="Skin.String(ButtonsDesign,0)">ButtonsDesign0_bevel</include>
		  <include condition="Skin.String(ButtonsDesign,1)">ButtonsDesign1_bevel</include>
		  <include condition="Skin.String(ButtonsDesign,2)">ButtonsDesign2_bevel</include>
		  <include condition="Skin.String(ButtonsDesign,3)">ButtonsDesign3_bevel</include>
		  <include condition="Skin.String(ButtonsDesign,4)">ButtonsDesign4_bevel</include>
		  <texture>buttons/effects/bevel.png</texture>
		  <visible>!Skin.HasSetting(BevelButton)</visible>
      </control>
	  <control type="image" description="מסגרת (Stroke)">
          <posx>$PARAM[posx]</posx>
          <posy>$PARAM[posy]</posy>
          <width>$PARAM[width]</width>
          <height>$PARAM[height]</height>
          <include condition="!Skin.String(ButtonsDesign)">ButtonsDesign_stroke</include>
		  <include condition="Skin.String(ButtonsDesign,0)">ButtonsDesign0_stroke</include>
		  <include condition="Skin.String(ButtonsDesign,1)">ButtonsDesign1_stroke</include>
		  <include condition="Skin.String(ButtonsDesign,2)">ButtonsDesign2_stroke</include>
		  <include condition="Skin.String(ButtonsDesign,3)">ButtonsDesign3_stroke</include>
		  <include condition="Skin.String(ButtonsDesign,4)">ButtonsDesign4_stroke</include>
		  <texture>buttons/effects/stroke.png</texture>
		  <visible>Skin.HasSetting(StrokeButton)</visible>
      </control>
      <include content="Buttons_Icon" description="סמל">
		<param name="color" value="$VAR[IconFocusColor]" />
		<param name="height" value="$PARAM[height3]" />
		<param name="posx" value="$PARAM[posx3]" />
		<param name="posy" value="$PARAM[posy3]" />
		<param name="width" value="$PARAM[width3]" />
		
		<param name="homeicons" value="$PARAM[homeicons]"/>
		<param name="reshape" value="$PARAM[reshape]"/>
		<param name="condition" value="!Skin.HasSetting(BigHomeIcons) + $PARAM[homeicons]" description="" />
		<param name="type0" value="false" description="UnFocus" />
		<param name="type1" value="true" description="Focus" />
      </include>
	  <include content="Buttons_Icon" description="סמלSP">
		<param name="color" value="$VAR[IconFocusColorSP]" />
		<param name="height" value="$PARAM[height3]" />
		<param name="posx" value="$PARAM[posx3]" />
		<param name="posy" value="$PARAM[posy3]" />
		<param name="width" value="$PARAM[width3]" />
		
		<param name="homeicons" value="$PARAM[homeicons]"/>
		<param name="reshape" value="$PARAM[reshape]"/>
		<param name="condition" value="!$PARAM[homeicons]" description="" />
		<param name="type0" value="false" description="UnFocus" />
		<param name="type1" value="true" description="Focus" />
      </include>
	  <control type="image" description="OFF">
		  <posx>$PARAM[posx3]</posx>
          <posy>$PARAM[posy3]</posy>
          <width>$PARAM[width3]</width>
          <height>$PARAM[height3]</height>
		  <aspectratio>keep</aspectratio>
		  <texture colordiffuse="$VAR[IconFocusColor]">images/off.png</texture>
		  <visible>Window.IsVisible(CustomHomeCustomizer.xml) + !String.IsEmpty(ListItem.Property(off))</visible>
      </control>
	  <control type="image" description="Movies Widget">
		  <include condition="[Skin.String(MenuDesign,4) | Skin.String(MenuDesign,5)] + String.IsEqual(System.Language,Hebrew)">Control_Pos41</include>
		  <aspectratio>keep</aspectratio>
		  <posx>$PARAM[posx4]</posx>
          <posy>$PARAM[posy4]</posy>
          <width>$PARAM[width4]</width>
          <height>$PARAM[height4]</height>
		  <texture colordiffuse="$VAR[IconUnFocusColor]">buttons/icons/moviesf.png</texture>
		  <visible>Window.IsVisible(CustomHomeCustomizer.xml)</visible>
		  <visible>String.Contains(ListItem.Label2,90) + !Skin.String(widget311) | String.IsEqual(ListItem.Label2,Skin.String(widget311))</visible>
      </control>
	  <control type="image" description="TVshows Widget">
          <include condition="[Skin.String(MenuDesign,4) | Skin.String(MenuDesign,5)] + String.IsEqual(System.Language,Hebrew)">Control_Pos41</include>
		  <aspectratio>keep</aspectratio>
		  <posx>$PARAM[posx4]</posx>
          <posy>$PARAM[posy4]</posy>
          <width>$PARAM[width4]</width>
          <height>$PARAM[height4]</height>
		  <texture colordiffuse="$VAR[IconUnFocusColor]">buttons/icons/tvshowsf.png</texture>
		  <visible>Window.IsVisible(CustomHomeCustomizer.xml)</visible>
		  <visible>String.Contains(ListItem.Label2,91) + !Skin.String(widget312) | String.IsEqual(ListItem.Label2,Skin.String(widget312))</visible>
      </control>
	  <control type="image" description="Weather Widget">
          <include condition="[Skin.String(MenuDesign,4) | Skin.String(MenuDesign,5)] + String.IsEqual(System.Language,Hebrew)">Control_Pos41</include>
		  <aspectratio>keep</aspectratio>
		  <posx>$PARAM[posx4]</posx>
          <posy>$PARAM[posy4]</posy>
          <width>$PARAM[width4]</width>
          <height>$PARAM[height4]</height>
		  <texture colordiffuse="$VAR[IconUnFocusColor]">buttons/icons/weatherf.png</texture>
		  <visible>Window.IsVisible(CustomHomeCustomizer.xml)</visible>
		  <visible>String.Contains(ListItem.Label2,97) + !Skin.String(widget317) | String.IsEqual(ListItem.Label2,Skin.String(widget317))</visible>
      </control>
	  <control type="image" description="תפריט משני">
		  <include>Fade_SubMenuMarkOverlay</include>
		  <posx>$PARAM[posx]</posx>
          <posy>$PARAM[posy]</posy>
          <width>$PARAM[width]</width>
          <height>$PARAM[height]</height>
		  <include condition="!Skin.String(ButtonsDesign)">ButtonsDesign_sub</include>
		  <include condition="Skin.String(ButtonsDesign,0)">ButtonsDesign0_sub</include>
		  <include condition="Skin.String(ButtonsDesign,1)">ButtonsDesign1_sub</include>
		  <include condition="Skin.String(ButtonsDesign,2)">ButtonsDesign2_sub</include>
		  <include condition="Skin.String(ButtonsDesign,3)">ButtonsDesign3_sub</include>
		  <include condition="Skin.String(ButtonsDesign,4)">ButtonsDesign4_sub</include>
		  <texture colordiffuse="$VAR[SubMenuMarkColor]">buttons/effects/sub.png</texture>
		  <visible>!String.IsEmpty(ListItem.Property(sub))</visible>
      </control>
      <control type="label" description="כותרת">
          <include>Slide_MenuDesign_Home_Labels</include>
		  <textcolor>$VAR[IconFocusColor]</textcolor>
		  <include condition="[Skin.String(MenuDesign,4) | Skin.String(MenuDesign,5)] + [Skin.String(ButtonsDesign,1) | Skin.String(ButtonsDesign,2) | Skin.String(ButtonsDesign,4)]">LabelC2</include>
		  <include condition="[Skin.String(MenuDesign,4) | Skin.String(MenuDesign,5)] + String.IsEqual(System.Language,Hebrew)">LabelR1</include>
		  <include condition="[Skin.String(MenuDesign,4) | Skin.String(MenuDesign,5)] + !String.IsEqual(System.Language,Hebrew)">LabelL1</include>
		  <include>LabelC1</include>
		  <posx>$PARAM[posx5]</posx>
          <posy>$PARAM[posy5]</posy>
          <width>$PARAM[width5]</width>
          <height>$PARAM[height5]</height>
          <label>[B]$INFO[ListItem.Label][/B]</label>
		  <shadowcolor>black</shadowcolor>
		  <visible>$PARAM[homeicons]</visible>
      </control>
	</definition>
  </include>
  
   <include name="MenuBackground">
	 <param name="color" default="$VAR[MenuColor]"/>
	 <param name="height" default="0"/>
	 <param name="posx" default="0"/>
	 <param name="posy" default="0"/>
	 <param name="texture" default="buttons/types/bd0.png"/>
	 <param name="width" default="0"/>
	 
	 <param name="condition" default="!Skin.HasSetting(MenuBackground)"/>
	 <param name="type0" default="true" description="MenuBackground"/>
	 <param name="type1" default="false" description="DialogBackground"/>
	 
	 <definition>
		<control type="group">
		  <height>$PARAM[height]</height>
		  <posx>$PARAM[posx]</posx>
		  <posy>$PARAM[posy]</posy>
		  <width>$PARAM[width]</width>
		  <visible>$PARAM[condition]</visible>
		  
		  <control type="image" description="type0"> 
			<include condition="!Skin.HasSetting(Performance)">Fade_MenuBackgroundOverlay</include>
			<height></height>
			<posx></posx>
			<width></width>
			<texture border="$PARAM[border]" colordiffuse="$PARAM[color]">$PARAM[texture]</texture>
			<visible>$PARAM[type0] + !$PARAM[type1]</visible>
		  </control>
		  
		  <control type="image" description="type1"> 
			<include condition="!Skin.HasSetting(Performance)">Fade_DialogBackgroundOverlay</include>
			<height></height>
			<posx></posx>
			<width></width>
			<texture border="$PARAM[border]" colordiffuse="$PARAM[color]">$PARAM[texture]</texture>
			<visible>$PARAM[type1] + !$PARAM[type0]</visible>
		  </control>
		</control>
	</definition>
  </include>
  
  <include name="Buttons_Frame" description="Layouts">
    <param name="id" default="0"/>
	<param name="border" default="0" />
	<param name="color" default="ff000000"/>
	<param name="height" default="0"/>
	<param name="posx" default="0"/>
	<param name="posy" default="0"/>
	<param name="width" default="0"/>
	
	<param name="condition" default="true"/>
	<param name="condition2" default="Skin.HasSetting(2DButton2) + !Skin.HasSetting(Performance)"/>
	<param name="bevel" default="!Skin.HasSetting(BevelButton2)"/>
	<param name="overlay" default="Skin.HasSetting(OverlayButton2)"/>
	<param name="shadow" default="!Skin.HasSetting(ShadowButton2)"/>
	<param name="stroke" default="!Skin.HasSetting(StrokeButton2)"/>
	<definition>
		<control type="group">
		  <height>$PARAM[height]</height>
		  <posx>$PARAM[posx]</posx>
		  <posy>$PARAM[posy]</posy>
		  <width>$PARAM[width]</width>
		  <visible>$PARAM[condition]</visible>
		  <control type="image" description="מסגרת נבחר"> 
			<include condition="!Skin.HasSetting(Performance)">Fade_MenuButtonsOverlay</include>
			<height></height>
			<posx></posx>
			<width></width>
			<texture border="$PARAM[border]" colordiffuse="$PARAM[color]">buttons/types/bd0.png</texture>
		  </control>
		  <control type="group">
			  <visible>$PARAM[condition2]</visible>
			  <control type="image" description="שקיפות">
				<posx></posx>
				<width></width>
				<height></height>
				<texture border="$PARAM[border]">buttons/effects/gardient0.png</texture>
				<visible>$PARAM[overlay]</visible>
			  </control>
			  <control type="image" description="נפח">
				<posx></posx>
				<width></width>
				<height></height>
				<texture border="$PARAM[border]">buttons/effects/bevel0.png</texture>
				<visible>$PARAM[bevel]</visible>
			  </control>
			  <control type="image" description="צל">
				<posx></posx>
				<width></width>
				<height></height>
				<texture border="$PARAM[border]">buttons/effects/shadow0.png</texture>
				<visible>$PARAM[shadow]</visible>
			  </control>
			  <control type="image" description="מסגרת">
				<posx></posx>
				<width></width>
				<height></height>
				<texture border="$PARAM[border]" colordiffuse="black">buttons/effects/stroke0.png</texture>
				<visible>$PARAM[stroke] | ![$PARAM[condition2]]</visible>
			  </control>
		  </control>
		  <control type="group">
			  <visible>![$PARAM[condition2]]</visible>
			  <control type="image" description="מסגרת">
				<posx></posx>
				<width></width>
				<height></height>
				<texture border="$PARAM[border]" colordiffuse="$PARAM[color]">buttons/effects/stroke0.png</texture>
				<visible>true</visible>
			  </control>
		  </control>
		</control>
	</definition>
  </include>
  
  <include name="Buttons_Frame0" description="Layouts">
    <param name="id" default="0"/>
	<param name="border" value="0" />
	<param name="color" default="ff000000"/>
	<param name="height" default="0"/>
	<param name="posx" default="0"/>
	<param name="posy" default="0"/>
	<param name="width" default="0"/>
	
	<param name="condition" default="true"/>
	<param name="condition2" default="Skin.HasSetting(2DButton2)"/>
	<param name="bevel" default="!Skin.HasSetting(BevelButton2)"/>
	<param name="overlay" default="Skin.HasSetting(OverlayButton2)"/>
	<param name="shadow" default="!Skin.HasSetting(ShadowButton2)"/>
	<param name="stroke" default="!Skin.HasSetting(StrokeButton2)"/>
	<definition>
		<control type="group">
		  <height>$PARAM[height]</height>
		  <posx>$PARAM[posx]</posx>
		  <posy>$PARAM[posy]</posy>
		  <width>$PARAM[width]</width>
		  <visible>$PARAM[condition]</visible>
		  <control type="image" description="מסגרת נבחר"> 
			<include condition="!Skin.HasSetting(Performance)">Fade_MenuButtonsOverlay</include>
			<height></height>
			<posx></posx>
			<width></width>
			<texture border="$PARAM[border]" colordiffuse="$PARAM[color]">buttons/types/bd0.png</texture>
		  </control>
		  <control type="group">
			  <visible>$PARAM[condition2]</visible>
			  <control type="image" description="שקיפות">
				<posx></posx>
				<width></width>
				<height></height>
				<texture border="$PARAM[border]">buttons/effects/gardient0.png</texture>
				<visible>$PARAM[overlay]</visible>
			  </control>
			  <control type="image" description="נפח">
				<posx></posx>
				<width></width>
				<height></height>
				<texture border="$PARAM[border]">buttons/effects/bevel0.png</texture>
				<visible>$PARAM[bevel]</visible>
			  </control>
			  <control type="image" description="צל">
				<posx></posx>
				<width></width>
				<height></height>
				<texture border="$PARAM[border]">buttons/effects/shadow0.png</texture>
				<visible>$PARAM[shadow]</visible>
			  </control>
			  <control type="image" description="מסגרת">
				<posx></posx>
				<width></width>
				<height></height>
				<texture border="$PARAM[border]" colordiffuse="black">buttons/effects/stroke0.png</texture>
				<visible>$PARAM[stroke] | ![$PARAM[condition2]]</visible>
			  </control>
		  </control>
		  <control type="group">
			  <visible>![$PARAM[condition2]]</visible>
			  <control type="image" description="מסגרת">
				<posx></posx>
				<width></width>
				<height></height>
				<texture border="$PARAM[border]" colordiffuse="black">buttons/effects/stroke0.png</texture>
				<visible>true</visible>
			  </control>
		  </control>
		</control>
	</definition>
  </include>
  
  <include name="Buttons_Color" description="Layouts">
	<param name="height" default="0"/>
	<param name="posx" default="0"/>
	<param name="posy" default="0"/>
	<param name="width" default="0"/>
	
	<param name="condition" default="true"/>
	<definition>
		<control type="group">
		  <include>Fade_ButtonsColorOverlay</include>
		  <height>$PARAM[height]</height>
		  <posx>$PARAM[posx]</posx>
		  <posy>$PARAM[posy]</posy>
		  <width>$PARAM[width]</width>
		  <visible>$PARAM[condition]</visible>
		  <control type="group">
			  <control type="image" description="צבע">
				<texture diffuse="buttons/types/bd.png">$VAR[ButtonsDesignColor]</texture>
				<visible>!Skin.String(ButtonsDesign)</visible>
			  </control>
			  <control type="image" description="צבע">
				<texture diffuse="buttons/types/bd0.png">$VAR[ButtonsDesignColor]</texture>
				<visible>Skin.String(ButtonsDesign,0)</visible>
			  </control>
			  <control type="image" description="צבע">
				<texture diffuse="buttons/types/bd1.png">$VAR[ButtonsDesignColor]</texture>
				<visible>Skin.String(ButtonsDesign,1)</visible>
			  </control>
			  <control type="image" description="צבע">
				<texture diffuse="buttons/types/bd2.png">$VAR[ButtonsDesignColor]</texture>
				<visible>Skin.String(ButtonsDesign,2)</visible>
			  </control>
			  <control type="image" description="צבע">
				<texture diffuse="buttons/types/bd3.png">$VAR[ButtonsDesignColor]</texture>
				<visible>Skin.String(ButtonsDesign,3)</visible>
			  </control>
			  <control type="image" description="צבע">
				<texture diffuse="buttons/types/bd4.png">$VAR[ButtonsDesignColor]</texture>
				<visible>Skin.String(ButtonsDesign,4)</visible>
			  </control>
		  </control>
		</control>
	</definition>
  </include>
  
  <include name="Buttons_Icon" description="Layouts">
	<param name="color" default=""/>
	<param name="height" default="0"/>
	<param name="posx" default="0"/>
	<param name="posy" default="0"/>
	<param name="width" default="0"/>
	
	<param name="condition" default="true"/>
	<param name="homeicons" default="true"/>
	<param name="reshape" default="false"/>
	<param name="type0" default="true" description="UnFocus"/>
	<param name="type1" default="false" description="Focus"/>
	<definition>
		<control type="group">
		  <height>$PARAM[height]</height>
		  <posx>$PARAM[posx]</posx>
		  <posy>$PARAM[posy]</posy>
		  <width>$PARAM[width]</width>
		  <visible>$PARAM[condition]</visible>
		  <visible>!String.IsEmpty(ListItem.Thumb)</visible>
		  <include condition="$PARAM[type0]">Fade_IconOverlayButton</include>
		  <include condition="!Skin.String(MenuDesign) | Skin.String(MenuDesign,0) | Skin.String(MenuDesign,1) | Skin.String(MenuDesign,7) | Skin.String(MenuDesign,2) | Skin.String(MenuDesign,3) | Skin.String(MenuDesign,6)">Slide_MenuDesign_Home_Icons</include>
		  <include condition="Skin.String(MenuDesign,4) + $PARAM[homeicons]">Slide_MenuDesign2_Home_Icons</include>
		  <include condition="Skin.String(MenuDesign,4) + $PARAM[homeicons]">Slide_MenuDesign2_Home_Icons2</include>
		  <!--<animation condition="Skin.String(ButtonsDesign,1) + [ Skin.HasSetting(BigHomeIcons) | ![$PARAM[type0] + $PARAM[type1]] ]" effect="slide" start="0,0" end="0,10">Conditional</animation>-->
		  <control type="group">
			  <visible>!Skin.HasSetting(ReshapeIcons) + !$PARAM[reshape]</visible>
			  <control type="image">
			    <include condition="Skin.String(MenuDesign,4)">MenuDesign4_Icon</include>
			    <aspectratio>keep</aspectratio>
				<texture colordiffuse="$PARAM[color]">$INFO[ListItem.Thumb]</texture>
				<visible>!Skin.String(ButtonsDesign)</visible>
			  </control>
			  <control type="image">
			    <include condition="Skin.String(MenuDesign,4)">MenuDesign4_Icon</include>
			    <aspectratio>keep</aspectratio>
				<texture colordiffuse="$PARAM[color]">$INFO[ListItem.Thumb]</texture>
				<visible>Skin.String(ButtonsDesign,0)</visible>
			  </control>
			  <control type="image">
			    <include condition="Skin.String(MenuDesign,4)">MenuDesign4_Icon</include>
				<aspectratio>keep</aspectratio>
				<texture colordiffuse="$PARAM[color]">$INFO[ListItem.Thumb]</texture>
				<visible>Skin.String(ButtonsDesign,1)</visible>
			  </control>
			  <control type="image">
			    <include condition="Skin.String(MenuDesign,4)">MenuDesign4_Icon</include>
				<aspectratio>keep</aspectratio>
				<texture colordiffuse="$PARAM[color]">$INFO[ListItem.Thumb]</texture>
				<visible>Skin.String(ButtonsDesign,2)</visible>
			  </control>
			  <control type="image">
			    <include condition="Skin.String(MenuDesign,4)">MenuDesign4_Icon</include>
				<aspectratio>keep</aspectratio>
				<texture colordiffuse="$PARAM[color]">$INFO[ListItem.Thumb]</texture>
				<visible>Skin.String(ButtonsDesign,3)</visible>
			  </control>
			  <control type="image">
			    <include condition="Skin.String(MenuDesign,4)">MenuDesign4_Icon</include>
				<aspectratio>keep</aspectratio>
				<texture colordiffuse="$PARAM[color]">$INFO[ListItem.Thumb]</texture>
				<visible>Skin.String(ButtonsDesign,4)</visible>
			  </control>
		  </control>
		  
		  <control type="group">
			  <visible>Skin.HasSetting(ReshapeIcons) | $PARAM[reshape]</visible>
			  <control type="image">
			    <include condition="Skin.String(MenuDesign,4)">MenuDesign4_Icon</include>
				<aspectratio>stretch</aspectratio>
				<texture diffuse="buttons/types/bd.png" colordiffuse="$PARAM[color]">$INFO[ListItem.Thumb]</texture>
				<visible>!Skin.String(ButtonsDesign)</visible>
			  </control>
			  <control type="image">
			    <include condition="Skin.String(MenuDesign,4)">MenuDesign4_Icon</include>
				<aspectratio>stretch</aspectratio>
				<texture diffuse="buttons/types/bd0.png" colordiffuse="$PARAM[color]">$INFO[ListItem.Thumb]</texture>
				<visible>Skin.String(ButtonsDesign,0)</visible>
			  </control>
			  <control type="image">
			    <include condition="Skin.String(MenuDesign,4)">MenuDesign4_Icon</include>
				<aspectratio>stretch</aspectratio>
				<texture diffuse="buttons/types/bd1.png" colordiffuse="$PARAM[color]">$INFO[ListItem.Thumb]</texture>
				<visible>Skin.String(ButtonsDesign,1)</visible>
			  </control>
			  <control type="image">
			    <include condition="Skin.String(MenuDesign,4)">MenuDesign4_Icon</include>
				<aspectratio>stretch</aspectratio>
				<texture diffuse="buttons/types/bd2.png" colordiffuse="$PARAM[color]">$INFO[ListItem.Thumb]</texture>
				<visible>Skin.String(ButtonsDesign,2)</visible>
			  </control>
			  <control type="image">
			    <include condition="Skin.String(MenuDesign,4)">MenuDesign4_Icon</include>
				<aspectratio>stretch</aspectratio>
				<texture diffuse="buttons/types/bd3.png" colordiffuse="$PARAM[color]">$INFO[ListItem.Thumb]</texture>
				<visible>Skin.String(ButtonsDesign,3)</visible>
			  </control>
			  <control type="image">
			    <include condition="Skin.String(MenuDesign,4)">MenuDesign4_Icon</include>
				<aspectratio>stretch</aspectratio>
				<texture diffuse="buttons/types/bd4.png" colordiffuse="$PARAM[color]">$INFO[ListItem.Thumb]</texture>
				<visible>Skin.String(ButtonsDesign,4)</visible>
			  </control>
		  </control>
		  
		  <control type="image" description="pwd_lock">
			<include condition="!Skin.HasSetting(Performance)">Fade_PassProtectOverlay</include>
			<include condition="Skin.String(MenuDesign,4)">MenuDesign4_Icon</include>
			<aspectratio align="center">keep</aspectratio>
			<texture colordiffuse="$PARAM[color]">special://home/addons/script.featherence.service/resources/icons/Lock.png</texture>
			<visible>!String.IsEmpty(ListItem.Property(pwd)) + String.IsEmpty(Window(home).Property(PassProtect))</visible>
		  </control>
		  
		  <control type="image" description="pwd_unlock">
			<include condition="!Skin.HasSetting(Performance)">Fade_PassProtectOverlay</include>
			<include condition="Skin.String(MenuDesign,4)">MenuDesign4_Icon</include>
			<aspectratio align="center">keep</aspectratio>
			<texture colordiffuse="$PARAM[color]">special://home/addons/script.featherence.service/resources/icons/Unlock.png</texture>
			<visible>!String.IsEmpty(ListItem.Property(pwd)) + !String.IsEmpty(Window(home).Property(PassProtect))</visible>
		  </control>
		</control>
		
	</definition>
  </include>
  
  <include name="LeftMenuDialogSelect_30" description="גודל">
	<param name="width" default="580"/>
	<param name="condition" default="true"/>
	<definition>
		<control type="grouplist" id="30" description="Button 5">
			<posx>0</posx>
			<posy>520</posy>
			<height>225</height>
			<width>$PARAM[width]</width>
			<onleft>3</onleft>
			<onright>3</onright>
			<onup>6</onup>
			<ondown>6</ondown>
			<itemgap>5</itemgap>
			<visible>Control.IsVisible(5) | Control.IsVisible(1265) | Control.IsVisible(1266) | Control.IsVisible(1267)</visible>
			<visible>$PARAM[condition]</visible>
			<control type="button" id="5" description="Manual Get more button">
				<width>$PARAM[width]</width>
				<include condition="true">LabelL1</include>
				<height>66</height>
				<label>-</label>
				<textoffsetx>45</textoffsetx>
			</control>
			<control type="button" id="7" description="Cancel">
				<width>$PARAM[width]</width>
				<include condition="true">LabelL1</include>
				<height>66</height>
				<label>-</label>
				<textoffsetx>45</textoffsetx>
			</control>
			<control type="button" id="1265" description="עוד...">
				<width>$PARAM[width]</width>
				<include condition="true">LabelL1</include>
				<font>size28</font>
				<height>66</height>
				<label>$LOCALIZE[22082]</label>
				<onclick>RunScript(script.featherence.service,,?mode=70&amp;value=3)</onclick>
				<textoffsetx>45</textoffsetx>
				<visible>!String.IsEmpty(Window(home).Property(TEMP)) + Window.IsVisible(DialogVideoInfo.xml)</visible>
			</control>
			<control type="button" id="1266" description="מקורות מדיה">
				<width>$PARAM[width]</width>
				<include condition="true">LabelL1</include>
				<font>size28</font>
				<height>66</height>
				<label>$LOCALIZE[22082]</label>
				<onclick>Close</onclick>
				<onclick>ActivateWindow(AddonBrowser,root)</onclick>
				<textoffsetx>45</textoffsetx>
				<visible>Window.IsVisible(CustomHomeCustomizer.xml) + !Control.IsVisible(5) + !Control.IsVisible(1265)</visible>
				<visible>Control.IsVisible(6) + String.IsEqual(Control.GetLabel(1),$LOCALIZE[20094])</visible>
			</control>
			<control type="button" id="1267" description="גודל">
				<width>$PARAM[width]</width>
				<height>66</height>
				<textoffsetx>45</textoffsetx>
				<include condition="true">LabelL1</include>
				<font>size28</font>
				<label>$LOCALIZE[22031]</label>
				<onclick condition="!String.IsEqual(Window(home).Property(DialogSelect.Wide),1)">SetProperty(DialogSelect.Wide,1,home)</onclick>
				<onclick condition="String.IsEqual(Window(home).Property(DialogSelect.Wide),1)">ClearProperty(DialogSelect.Wide,home)</onclick>
				<visible>!String.IsEqual(Control.GetLabel(1),Choose shortcut) | String.IsEqual(Window(home).Property(DialogSelect.Wide),1)</visible>
				<visible>!Window.IsVisible(Custom1175.xml)</visible>
			</control>
	  </control>
	</definition>
  </include>
	
  <include name="RSS_1721" description="RSS FEED">
	<param name="height" default="0"/>
	<param name="posx" default="0"/>
	<param name="posy" default="0"/>
	<param name="width" default="0"/>
	
	<param name="condition" default="true"/>
	<definition>
		<control type="rss" id="1721" description="(RSS) אמצע">
			<animation condition="!String.IsEqual(System.Language,Hebrew) + !Player.HasMedia" effect="slide" start="0,0" end="-350,0" delay="0" time="700" reversible="true">Conditional</animation>
			<aligny>top</aligny>
			<textcolor>$VAR[TopInformationFontColor]</textcolor>
			<titlecolor>yellow</titlecolor>
			<headlinecolor>white</headlinecolor>
			<include condition="$PARAM[d]">LabelC12</include>
			<include condition="$PARAM[d0]">LabelC16</include>
			<include condition="$PARAM[d1]">LabelC3</include>
			<include condition="$PARAM[d2]">LabelC31</include>
			<height>$PARAM[height]</height>
			<posx>$PARAM[posx]</posx>
			<posy>$PARAM[posy]</posy>
			<scrollspeed>40</scrollspeed>
			<width>$PARAM[width]</width>
			<visible>System.GetBool(lookandfeel.enablerssfeeds) + [ [!Skin.String(RSSIdleTime) | Skin.String(RSSIdleTime,0)] | Skin.String(RSSIdleTime,3) + System.IdleTime(3) | Skin.String(RSSIdleTime,5) + System.IdleTime(5) | Skin.String(RSSIdleTime,7) + System.IdleTime(7) | Skin.String(RSSIdleTime,10) + System.IdleTime(10) | Skin.String(RSSIdleTime,15) + System.IdleTime(15) | Skin.String(RSSIdleTime,20) + System.IdleTime(20) | Skin.String(RSSIdleTime,25) + System.IdleTime(25) | Window.IsVisible(Home.xml)]</visible>
			<visible>Window.IsVisible(Home.xml) + !Skin.HasSetting(RSSVisibility) | Skin.HasSetting(RSSVisibility)</visible>
			<visible>!Player.HasMedia + !Skin.HasSetting(RSSOnMedia) | Skin.HasSetting(RSSOnMedia)</visible>
			<visible>!Window.IsVisible(DialogNotification.xml)</visible>
			<visible>$PARAM[condition]</visible>
			<visible>!Skin.HasSetting(Admin)</visible>
		</control>
	</definition>
  </include>
  
  <include name="WindowsBusy">
   <control type="group">
	 <animation condition="String.IsEqual(Window(home).Property(TEMP),WindowsBusyOpen)" effect="fade" start="0" end="100" time="0" reversible="false">Conditional</animation>
	 <animation condition="String.IsEqual(Window(home).Property(TEMP),WindowsBusyClose)" effect="fade" start="100" end="0" time="0" reversible="false">Conditional</animation>
	 <animation type="WindowOpen" reversible="false" condition="!Window.IsVisible(Custom1000.xml) + !String.Contains(Window(home).Property(TEMP),WindowsBusy)">
	   <effect type="fade" start="100" end="0" time="0" />
	 </animation>
     <animation type="WindowClose" reversible="false" condition="!Window.IsVisible(Custom1000.xml) + !String.Contains(Window(home).Property(TEMP),WindowsBusy)">
	   <effect type="fade" start="0" end="100" time="0" />
	 </animation>
	 
	 
	 
	 <control type="image" description="רקע מעבר">
	   <animation condition="String.IsEqual(Window(home).Property(TEMP),WindowsBusyClose)" effect="fade" start="0" end="40" time="0" reversible="false">Conditional</animation>
	   <height>1080</height>
	   <width>1920</width>
	   <texture>$INFO[Skin.String(TransitionBackground)]</texture>
	   <aspectratio align="center">stretch</aspectratio>
	   <visible>Skin.String(TransitionBackground)</visible>
	 </control>
	 <control type="group">
		 <posx>935</posx>
		 <posy>510</posy>
		 <width>70</width>
		 <height>70</height>
		 
		 <control type="image" description="לוגו מעבר">
		   <animation condition="Skin.String(TransitionLogoSize,0)" effect="zoom" center="auto" start="50,50" end="50,50">Conditional</animation>
		   <animation condition="Skin.String(TransitionLogoSize,2)" effect="zoom" center="auto" start="200,200" end="200,200">Conditional</animation>
		   
		   <animation description="SE" condition="Skin.String(TransitionLogoPosition,1)" effect="slide" start="0,0" end="403,190">Conditional</animation>
		   <animation description="SW" condition="Skin.String(TransitionLogoPosition,2)" effect="slide" start="0,0" end="-403,190">Conditional</animation>
		   <animation description="S" condition="Skin.String(TransitionLogoPosition,3)" effect="slide" start="0,0" end="0,190">Conditional</animation>
		   <animation description="E" condition="Skin.String(TransitionLogoPosition,4)" effect="slide" start="0,0" end="403,0">Conditional</animation>
		   <animation description="W" condition="Skin.String(TransitionLogoPosition,6)" effect="slide" start="0,0" end="-403,0">Conditional</animation>
		   <animation description="NE" condition="Skin.String(TransitionLogoPosition,7)" effect="slide" start="0,0" end="403,-190">Conditional</animation>
		   <animation description="N" condition="Skin.String(TransitionLogoPosition,8)" effect="slide" start="0,0" end="0,-190">Conditional</animation>
		   <animation description="NW" condition="Skin.String(TransitionLogoPosition,9)" effect="slide" start="0,0" end="-403,-190">Conditional</animation>
		   
		   <aspectratio>stretch</aspectratio>
		   <posx>-50</posx>
		   <posy>-40</posy>
		   <width>150</width>
		   <height>150</height>
		   <texture>$INFO[Skin.String(TransitionLogo)]</texture>
		   <visible>Skin.String(TransitionLogo)</visible>
		 </control>
		
		<control type="multiimage">
		  <width>70</width>
		  <height>70</height>
		  <imagepath background="true">busy/multi</imagepath>
		  <timeperimage>200</timeperimage>
		  <info>01.png</info>
		  <info>02.png</info>
		  <info>03.png</info>
		  <info>04.png</info>
		  <info>05.png</info>
		  <info>06.png</info>
		  <info>07.png</info>
		  <info>08.png</info>
		  <info>09.png</info>
		  <info>10.png</info>
		  <info>11.png</info>
		  <info>12.png</info>
		  <fadetime>100</fadetime>
		  <pauseatend>0</pauseatend>
		  <randomize>false</randomize>
		  <loop>yes</loop>
		  <aspectratio>keep</aspectratio>
		</control>
	 </control>
		
   </control>
  </include>
  
  <include name="AlignRtl">
    <align>right</align>
  </include>
  
  <include name="BorderFrame">
    <bordertexture colordiffuse="$VAR[MenuColor]" border="2">buttons/ButtonA0.png</bordertexture>
    <bordersize>2</bordersize>
  </include>

  <include name="SideMenu2">
    <control type="group" description="Side menu 9010 group">
	  <animation condition="String.IsEqual(System.Language,Hebrew)" effect="slide" start="0,0" end="400,0" delay="0" time="700" reversible="true">Conditional</animation>
	  <animation condition="!String.IsEqual(System.Language,Hebrew)" effect="slide" start="0,0" end="-400,0" delay="0" time="700" reversible="true">Conditional</animation>
	  <include condition="String.IsEqual(System.Language,Hebrew)">Control_Pos48</include>
      <height>529</height>
	  <posx>1880</posx>
	  <posy>340</posy>	  
	  <width>480</width>
      <include content="MenuBackground">
			<param name="id" value="" />
			<param name="color" value="$VAR[MenuColor]" />
			<param name="height" value="590" />
			<param name="posx" value="0" />
			<param name="posy" value="-35" />
			<param name="width" value="483" />
			
			<param name="condition" value="!Skin.HasSetting(MenuBackground)"/>
			<param name="type0" value="true" description="MenuBackground"/>
			<param name="type1" value="false" description="DialogBackground"/>
	  </include>
	  <include>ArrowsUpDown2</include>
      <control type="grouplist" id="9010">
		<include>4ways3</include>
		<include condition="Window.IsVisible(DialogSongInfo.xml)">LeftDialogSongInfo</include>
		<include condition="Window.IsVisible(DialogAlbumInfo.xml)">LeftDialogAlbumInfo</include>
		<include condition="Window.IsVisible(DialogAddonInfo.xml)">LeftMenuDialogAddonInfo</include>
	  </control>
	  
    </control>
  </include>
  
  <include name="Arrows_UpDown">
	 <param name="posx" default="0"/>
	 <param name="posy" default="0"/>
	 <param name="posx2" default="0"/>
	 <param name="posy2" default="0"/>
	 
	 <param name="container" default="0"/>
	 <param name="position" default="0"/>
	 <param name="condition" value="!Skin.HasSetting(Performance)"/>
	 <definition>
		<control type="group">
		  <visible>Control.IsVisible($PARAM[container])</visible>
		  
		  <control type="group" description="סמן חץ למעלה">
			<visible>Container($PARAM[container]).HasPrevious</visible>
			<include>Fade4</include>
			<posx>$PARAM[posx]</posx>
		    <posy>$PARAM[posy]</posy>
			<control type="image" description="לא נבחר">
			  <width>40</width>
			  <height>40</height>
			  <texture border="0">images/Arrow3NF.png</texture>
			  <visible>!Container($PARAM[container]).Position(0)</visible>
			</control>
			<control type="image" description="נבחר">
			  <width>40</width>
			  <height>40</height>
			  <texture border="0">images/Arrow3FO.png</texture>
			  <visible>Container($PARAM[container]).Position(0)</visible>
			</control>
		</control>
		
		<control type="group" description="סמן חץ למטה">
			<visible>Container($PARAM[container]).HasNext</visible>
			<include>Fade4</include>
			<posx>$PARAM[posx2]</posx>
		    <posy>$PARAM[posy2]</posy>
			<control type="image" description="לא נבחר">
			  <width>40</width>
			  <height>40</height>
			  <texture border="0">images/Arrow4NF.png</texture>
			  <visible>!Container($PARAM[container]).Position($PARAM[position])</visible>
			</control>
			<control type="image" description="נבחר">
			  <width>40</width>
			  <height>40</height>
			  <texture border="0">images/Arrow4FO.png</texture>
			  <visible>Container($PARAM[container]).Position($PARAM[position])</visible>
			</control>
		</control>
		
		</control>
	</definition>
  </include>
  
  <include name="MultiFanart_TimePerImage_">
     <include condition="!Skin.String(MultiFanart_TimePerImage)">MultiFanart_TimePerImage__</include>
	 <include condition="Skin.String(MultiFanart_TimePerImage)">MultiFanart_TimePerImage___</include>
  </include>
  
  <include name="MultiFanart_TimePerImage__">
	 <timeperimage>10000</timeperimage>
  </include>
  
  <include name="MultiFanart_TimePerImage___">
	 <timeperimage>$INFO[Skin.String(MultiFanart_TimePerImage)]</timeperimage>
  </include>
  
  <include name="MenuDesign4_Icon">
	<include description="משולשים/משושים" condition="Skin.String(MenuDesign,4) + [Skin.String(ButtonsDesign,2) | Skin.String(ButtonsDesign,4)] + !Skin.HasSetting(BigHomeIcons)">ImageC1</include>
	<include condition="Skin.String(MenuDesign,4) + String.IsEqual(System.Language,Hebrew) + !Skin.HasSetting(BigHomeIcons)">ImageR1</include>
	<include condition="Skin.String(MenuDesign,4) + !String.IsEqual(System.Language,Hebrew) + !Skin.HasSetting(BigHomeIcons)">ImageL1</include>
	
	<include description="משולשים/משושים" condition="Skin.String(MenuDesign,4) + [Skin.String(ButtonsDesign,2) | Skin.String(ButtonsDesign,4)] + Skin.HasSetting(BigHomeIcons)">ImageC2</include>
	<include condition="Skin.String(MenuDesign,4) + String.IsEqual(System.Language,Hebrew) + Skin.HasSetting(BigHomeIcons)">ImageR2</include>
	<include condition="Skin.String(MenuDesign,4) + !String.IsEqual(System.Language,Hebrew) + Skin.HasSetting(BigHomeIcons)">ImageL2</include>
  </include>
  <include name="Control_Pos1" description="50/55/58">
	<posx>0</posx>
	<posy>0</posy>
	<height>1080</height>
  </include>
  <include name="Control_Pos2" description="58+video">
    <posx>0</posx>
	<posy>552</posy>
	<height>552</height>
  </include>
  <include name="Control_Pos3" description="">
     <posx>0</posx>
	 <posy>-552</posy>
	 <height>552</height>
  </include>
	<include name="Control_Pos4" description="">
	 <posx>0</posx>
	 <posy>-552</posy>
	 <height>1080</height>
	</include>
   <include name="Control_Pos5" description="">
	 <posx>0</posx>
	 <posy>552</posy>
	 <height>1080</height>
   </include>
   <include name="Control_Pos6" description="">
	 <posy>0</posy>
	 <height>552</height>
   </include>
   <include name="Control_Pos7" description="">
	 <posx>1665</posx>
   </include>
   <include name="Control_Pos8" description="">
     <posy>205</posy>
   </include>
   <include name="Control_Pos9" description="">
     <width>784.4</width>
   </include>
   <include name="Control_Pos10" description="">
     <posx>40r</posx>
   </include>
   <include name="Control_Pos11" description="">
     <posx>285r</posx>
   </include>
   <include name="Control_Pos12" description="">
     <width>784.4</width>
	 <posx>-102</posx>
	 <textoffsetx>20</textoffsetx>
   </include>
   <include name="Control_Pos13" description="">
     <posx>10</posx>
   </include>
   <include name="Control_Pos14" description="">
     <posx>310</posx>
   </include>
   <include name="Control_Pos15" description="">
	 <posx>220</posx>
   </include>
   <include name="Control_Pos16" description="">
     <posx>1250</posx>
   </include>
   <include name="Control_Pos17" description="">
     <posx></posx>
   </include>
   <include name="Control_Pos18" description="">
     <posx></posx>
   </include>
   <include name="Control_Pos19" description="">
     <posx></posx>
   </include>
   <include name="Control_Pos20" description="">
     <posx></posx>
   </include>
   <include name="Control_Pos21" description="">
     <posx></posx>
   </include>
   <include name="Control_Pos22" description="">
     <posx></posx>
   </include>
   <include name="Control_Pos23" description="">
     <posx></posx>
   </include>
   <include name="Control_Pos24" description="">
     <posx></posx>
   </include>
   <include name="Control_Pos25" description="">
     <posx></posx>
   </include>
   <include name="Control_Pos26" description="">
     <posx></posx>
   </include>
   <include name="Control_Pos27" description="">
     <posx></posx>
   </include>
   <include name="Control_Pos28" description="">
     <posx></posx>
   </include>
   <include name="Control_Pos29" description="">
     <posx></posx>
   </include>
   <include name="Control_Pos30" description="">
	 <posx>1570</posx>
   </include>
   <include name="Control_Pos31" description="">
	 <posx>-221</posx>
   </include>
   <include name="Control_Pos32" description="">
	 <posx>263</posx>
   </include>
   <include name="Control_Pos33" description="">
	 <height>773</height>
   </include>
   <include name="Control_Pos34" description="">
	 <posx>185</posx>
   </include>
   <include name="Control_Pos35" description="">
	 <posx>-35</posx>
   </include>
   <include name="Control_Pos36" description="">
	 <posy>802</posy>
   </include>
   <include name="Control_Pos37" description="">
	 <posx>5</posx>
   </include>
   <include name="Control_Pos38" description="">
	 <posx>41</posx>
   </include>
   <include name="Control_Pos39" description="">
	 <width>430</width>
   </include>
   <include name="Control_Pos40" description="">
     <posx>1670</posx>
   </include>
   <include name="Control_Pos41" description="">
	 <posx>0</posx>
   </include>
   
   <include name="Control_Pos42" description="">
	 <height>815</height>
   </include>
   <include name="Control_Pos43" description="">
	 <posy>36</posy>
	 <height>1080</height>
	 <width>272</width>
   </include>
   <include name="Control_Pos44" description="">
     <height>1150</height>
   </include>
   <include name="Control_Pos45" description="">
	 <posx>270</posx>
   </include>
   <include name="Control_Pos46" description="">
	 <posx>1450</posx>
   </include>
   <include name="Control_Pos47" description="">
	 <posx>55</posx>
   </include>
   <include name="Control_Pos48" description="">
	 <posx>-425</posx>
   </include>
   <include name="Control_Pos49" description="">
	 <posx>1900</posx>
   </include>
   <include name="Control_Pos50" description="">
	 <posx>1350</posx>
   </include>
   <include name="Control_Pos51" description="">
	 <posx>0</posx>
	 <posy>20</posy>
	 <width>212</width>
	 <height>100</height>
   </include>
   <include name="Control_Pos52" description="">
     <posx>415</posx>
   </include>
   <include name="Control_Pos53" description="">
	 <posx>-7</posx>
   </include>
   <include name="AddonSettingsScroll">
     <scroll>true</scroll>
   </include>
</includes>
