<?xml version="1.0" encoding="UTF-8"?>
<includes>

  <include name="TopVideoInformation">
	<control type="group">
	  <include condition="!Skin.HasSetting(Performance)">Slide3</include>
	  <include>Slide3f</include>
	  <include>TopInformationSize01</include>
	  
	  <!--<visible>[[Window.IsVisible(DialogFullScreenInfo.xml) | Window.IsVisible(DialogFavourites.xml) |  Window.IsVisible(VideoOSD.xml) | Window.IsVisible(DialogSubtitles.xml)] + VideoPlayer.IsFullscreen + Player.Paused] | Window.IsVisible(DialogVideoInfo.xml) | [Window.IsVisible(Home.xml) + [Control.HasFocus(311) | Control.HasFocus(312) | String.IsEqual(Window(home).Property(Button.ID),97)]] | [$EXP[View57] | $EXP[View58]] + [Container.Content(Seasons) | Container.Content(Episodes) | [Window.IsVisible(CustomHomeCustomizer.xml) + Window.IsVisible(Custom1175.xml)] | !Skin.HasSetting(ShowTopVideoInformation)] | $EXP[View51] | $EXP[View50] | $EXP[View54] | $EXP[View59] | Control.IsVisible(11) | Control.IsVisible(50) | Control.IsVisible(56) | Control.IsVisible(450) | Window.IsVisible(MusicVisualisation.xml) | Window.IsVisible(SettingsCategory.xml) | Window.IsVisible(DialogPVRChannelsOSD.xml) | Window.IsVisible(Custom1170.xml) + [String.IsEqual(Window(home).Property(TEMP),TopVideoInformationColor) | String.IsEqual(Window(home).Property(TEMP),TopVideoInformationFontColor)]</visible>-->
	  <visible>!String.Contains(ListItem.Label,$LOCALIZE[33078]) + !String.IsEqual(ListItem.Label,..) + !String.Contains(ListItem.Label,Next Page)</visible>
	  <visible>!Window.IsVisible(Home.xml) + !Window.IsVisible(CustomHomeCustomizer.xml) + $EXP[NoDialogConfirm] | Window.IsVisible(Custom1173.xml) | Window.IsVisible(AddonBrowser.xml) | Window.IsVisible(Home.xml) + $EXP[ContentsWidget] |  Window.IsVisible(DialogVideoInfo.xml) |  Window.IsVisible(VideoFullScreen.xml) | Window.IsVisible(DialogFullscreenInfo.xml) | Window.IsVisible(SettingsCategory.xml)</visible>
	  <visible>![ [$EXP[View57] |  $EXP[View58]] + Skin.HasSetting(ShowTopVideoInformation) | [Container.OnNext | Container.OnPrevious]] | Window.IsVisible(DialogVideoInfo.xml) | Window.IsVisible(VideoFullScreen.xml) | Window.IsVisible(DialogFullscreenInfo.xml)</visible>
	  <visible>![Window.IsVisible(MyPVRGuide.xml) + !System.IdleTime(3) + !Window.IsVisible(DialogPVRInfo.xml)]</visible>
	  
	  <animation condition="[System.IdleTime(10) + Slideshow.IsActive + Window.IsVisible(SlideShow.xml) | System.IdleTime(60)] + !Skin.HasSetting(Performance)" effect="fade" start="100" end="0" time="7000" reversible="true">Conditional</animation>
	  <animation condition="[System.IdleTime(10) + Slideshow.IsActive + Window.IsVisible(SlideShow.xml) | System.IdleTime(60)] + Skin.HasSetting(Performance)" effect="fade" start="100" end="0" time="220" reversible="false">Conditional</animation>
	  
	  <animation description="SideVideoInformation50/59_all" condition="[$EXP[View50s] | $EXP[View59]] + !Window.IsVisible(DialogVideoInfo.xml)" effect="slide" start="0,0" end="1,-172" time="0">Conditional</animation>
	  
	  <animation description="SideVideoInformation51_en" condition="$EXP[View51s] + !Window.IsVisible(DialogVideoInfo.xml) + !String.IsEqual(System.Language,Hebrew)" effect="slide" start="0,0" end="-480,-347" time="0">Conditional</animation>
	  <animation description="SideVideoInformation51_he" condition="$EXP[View51s] + !Window.IsVisible(DialogVideoInfo.xml) + String.IsEqual(System.Language,Hebrew)" effect="slide" start="0,0" end="895,-347" time="0">Conditional</animation>
	  
	  <animation description="SideVideoInformation59_en" condition="$EXP[View59] + !Window.IsVisible(DialogVideoInfo.xml) + [!String.IsEqual(System.Language,Hebrew) + !Skin.String(View59Align) | Skin.String(View59Align,0)]" effect="slide" start="0,0" end="670,17" time="0">Conditional</animation>
	  <animation description="SideVideoInformation59_he" condition="$EXP[View59] + !Window.IsVisible(DialogVideoInfo.xml) + [String.IsEqual(System.Language,Hebrew) + !Skin.String(View59Align) | Skin.String(View59Align,1)]" effect="slide" start="0,0" end="-660,17" time="0">Conditional</animation>
	 
	  <include>TopVideoInformation_Frame</include>
	  
	  <control type="group" description="משפט סרט/נצפו/פרק+עונה">
		<animation description="Slide59_he" condition="$EXP[View59] + [String.IsEqual(System.Language,Hebrew) + !Skin.String(View59Align) | Skin.String(View59Align,1)]" effect="slide" start="0,0" end="10,0">Conditional</animation>
		<animation description="SlideOthers_he" condition="!$EXP[View59] + String.IsEqual(System.Language,Hebrew)" effect="slide" start="0,0" end="10,0">Conditional</animation>
		<animation description="SideVideoInformation50_en" condition="$EXP[View50s] + !Window.IsVisible(DialogVideoInfo.xml) + !String.IsEqual(System.Language,Hebrew)" effect="slide" start="0,0" end="-200,685" time="0">Conditional</animation>
		<animation description="SideVideoInformation50_he" condition="$EXP[View50s] + !Window.IsVisible(DialogVideoInfo.xml) + String.IsEqual(System.Language,Hebrew)" effect="slide" start="0,0" end="202,685" time="0">Conditional</animation>
		
		<animation description="SideVideoInformation59_en" condition="[$EXP[View59]] + !Window.IsVisible(DialogVideoInfo.xml) + [!String.IsEqual(System.Language,Hebrew) + !Skin.String(View59Align) | Skin.String(View59Align,0)]" effect="slide" start="0,0" end="-200,685" time="0">Conditional</animation>
		<animation description="SideVideoInformation59_he" condition="[$EXP[View59]] + !Window.IsVisible(DialogVideoInfo.xml) + [String.IsEqual(System.Language,Hebrew) + !Skin.String(View59Align) | Skin.String(View59Align,1)]" effect="slide" start="0,0" end="202,685" time="0">Conditional</animation>
		<animation description="SideVideoInformation51" condition="$EXP[View51s] + !Window.IsVisible(DialogVideoInfo.xml)" effect="slide" start="0,0" end="-200,685" time="0">Conditional</animation>
        <posy>110</posy>
		<visible>!String.IsEmpty(Control.GetLabel(1107)) + !Window.IsVisible(FileBrowser.xml)</visible>
		<!--<visible>!Window.IsVisible(AddonBrowser.xml)</visible>-->
		<control type="label" id="1107" description="משפט סרט/נצפו/עונה+פרק/משפט הרחבה (1107)">
		  <label>$VAR[TopVideoInformation7]</label>
		  <visible>false</visible>
		</control>
		<control type="label" description="משפט סרט/נצפו/עונה+פרק/משפט הרחבה (1107)">
	      <!--<include condition="!String.IsEmpty(ListItem.AddonDescription)">ScrollLabel</include>-->
          <posx>685</posx>
		  <height>32</height>
          <font>size24</font>
		  <scroll></scroll>
          <textcolor>$VAR[TopVideoInformationFontColor]</textcolor>
          <align>center</align>
          <label>$VAR[TopVideoInformation7]</label>
		  <visible>!String.IsEmpty(Control.GetLabel(1107)) + !Window.IsVisible(FileBrowser.xml)</visible>
		  <visible>!$EXP[View51s]</visible>
		  <width>530</width>
        </control>
		<control type="label" description="משפט סרט/נצפו/עונה+פרק/משפט הרחבה (1107) / SideVideoInformation51">
          <posx>702</posx>
		  <posy>-100</posy>
		  <height>32</height>
          <font>size24</font>
		  <scroll></scroll>
          <textcolor>$VAR[TopVideoInformationFontColor]</textcolor>
          <align>center</align>
          <label>$VAR[TopVideoInformation7]</label>
		  <visible>!String.IsEmpty(Control.GetLabel(1107)) + !Window.IsVisible(FileBrowser.xml)</visible>
		  <visible>$EXP[View51s]</visible>
		  <width>280</width>
		  <wrapmultiline>true</wrapmultiline>
        </control>
		<control type="grouplist" description="אמצע פרטים נוספים">
		  <visible>Window.IsVisible(DialogVideoInfo.xml)</visible>

		  <posx>700</posx>
		  <posy>45</posy>
		  <width>520</width>
		  <height>160</height>
		  <itemgap>5</itemgap>
		  <control type="label" description="במאי">
			  <height>28</height>
			  <include condition="String.IsEqual(System.Language,Hebrew)">LabelR2</include>
			  <include condition="!String.IsEqual(System.Language,Hebrew)">LabelL2</include>
			  <textcolor>$VAR[TopVideoInformationFontColor]</textcolor>
			  <label>$VAR[DirectorButton]</label>
			  <visible>!String.IsEmpty(ListItem.Director)</visible>
          </control>
		  <control type="label" description="אולפן">
			  <height>28</height>
			  <include condition="String.IsEqual(System.Language,Hebrew)">LabelR2</include>
			  <include condition="!String.IsEqual(System.Language,Hebrew)">LabelL2</include>
			  <textcolor>$VAR[TopVideoInformationFontColor]</textcolor>
			  <label>$LOCALIZE[572]: $INFO[ListItem.Studio]</label>
			  <visible>!String.IsEmpty(ListItem.Studio)</visible>
          </control>
		  <control type="label" description="כותבים">
			  <height>28</height>
			  <include condition="String.IsEqual(System.Language,Hebrew)">LabelR2</include>
			  <include condition="!String.IsEqual(System.Language,Hebrew)">LabelL2</include>
			  <textcolor>$VAR[TopVideoInformationFontColor]</textcolor>
			  <label>$LOCALIZE[20418]: $INFO[ListItem.Writer]</label>
			  <visible>!String.IsEmpty(ListItem.Writer)</visible>
          </control>
		  <control type="label" description="מדינה">
			  <height>28</height>
			  <include condition="String.IsEqual(System.Language,Hebrew)">LabelR2</include>
			  <include condition="!String.IsEqual(System.Language,Hebrew)">LabelL2</include>
			  <textcolor>$VAR[TopVideoInformationFontColor]</textcolor>
			  <label>$LOCALIZE[21874]: $INFO[ListItem.Country]</label>
			  <visible>!String.IsEmpty(ListItem.Country)</visible>
          </control>
		  <control type="label" description="תאריך שידור">
			  <height>28</height>
			  <include condition="String.IsEqual(System.Language,Hebrew)">LabelR2</include>
			  <include condition="!String.IsEqual(System.Language,Hebrew)">LabelL2</include>
			  <textcolor>$VAR[TopVideoInformationFontColor]</textcolor>
			  <label>$LOCALIZE[20416]: $INFO[ListItem.Premiered]</label>
			  <visible>!String.IsEmpty(ListItem.Premiered)</visible>
          </control>
		</control>

	  </control>
	  <control type="group" description="שם הוידאו">
	    <animation description="Slide_he" condition="String.IsEqual(System.Language,Hebrew)" effect="slide" start="0,0" end="10,0">Conditional</animation>
		<animation description="SideVideoInformation50_en" condition="$EXP[View50s] + !Window.IsVisible(DialogVideoInfo.xml) + !String.IsEqual(System.Language,Hebrew)" effect="slide" start="0,0" end="-194,685" time="0">Conditional</animation>
		<animation description="SideVideoInformation50_he" condition="$EXP[View50s] + !Window.IsVisible(DialogVideoInfo.xml) + String.IsEqual(System.Language,Hebrew)" effect="slide" start="0,0" end="194,685" time="0">Conditional</animation>
		
		<animation description="SideVideoInformation59_en" condition="[$EXP[View59]] + !Window.IsVisible(DialogVideoInfo.xml) + [!String.IsEqual(System.Language,Hebrew) + !Skin.String(View59Align) | Skin.String(View59Align,0)]" effect="slide" start="0,0" end="-205,685" time="0">Conditional</animation>
		<!--<animation description="SideVideoInformation50/59_en" condition="[$EXP[View50s] | $EXP[View59]] + !Window.IsVisible(DialogVideoInfo.xml) + !String.IsEqual(System.Language,Hebrew)" effect="slide" start="0,0" end="-205,685" time="0">Conditional</animation>-->
		<animation description="SideVideoInformation59_he" condition="[$EXP[View59]] + !Window.IsVisible(DialogVideoInfo.xml) + [String.IsEqual(System.Language,Hebrew) + !Skin.String(View59Align) | Skin.String(View59Align,1)]" effect="slide" start="0,0" end="194,685" time="0">Conditional</animation>
		<visible>!String.IsEmpty(Control.GetLabel(1108))</visible>
		<control type="label" id="1108" description="שם">
		  <label>$VAR[TopVideoInformation8]</label>
		  <visible>false</visible>
		</control>
	    <control type="label" description="שם">
		  <scroll>false</scroll>
		  <posx>690</posx>
          <posy>35</posy>
          <height>75</height>
          <font>size34</font>
          <textcolor>yellow</textcolor>
          <align>center</align>
          <label>$VAR[TopVideoInformation8]</label>
		  <width>530</width>
		  <wrapmultiline>true</wrapmultiline>
		  <visible>!$EXP[View51s]</visible>
        </control>
		<control type="label" description="שם /SideVideoInformation51">
		  <animation description="SideVideoInformation51" condition="$EXP[View51s] + !Window.IsVisible(DialogVideoInfo.xml)" effect="slide" start="0,0" end="-205,440" time="0">Conditional</animation>
		  <scroll>false</scroll>
		  <posx>705</posx>
          <posy>119</posy>
          <height>90</height>
          <font>size34</font>
          <textcolor>yellow</textcolor>
          <align>center</align>
          <label>$VAR[TopVideoInformation8]</label>
		  <width>280</width>
		  <wrapmultiline>true</wrapmultiline>
		  <visible>$EXP[View51s]</visible>
        </control>
	  </control>
	  <control type="group" description="תמונת פרק">
		<posx>470</posx>
		<posy>153</posy>	      
		<visible>Skin.HasSetting(EpisodeFanart) + !Player.HasVideo + !String.Contains(Container.FolderPath,plugin://)</visible>
		<visible>![ $EXP[View57] | $EXP[View58] ] | Window.IsVisible(DialogVideoInfo.xml)</visible>
		<animation description="VideoInformation50_he" condition="[$EXP[View50]] + !Window.IsVisible(DialogVideoInfo.xml) + String.IsEqual(System.Language,Hebrew)" effect="slide" start="0,0" end="250,0" time="0">Conditional</animation>
		<animation description="SideVideoInformation50_he" condition="$EXP[View50s] + !Window.IsVisible(DialogVideoInfo.xml) + String.IsEqual(System.Language,Hebrew)" effect="slide" start="0,0" end="-58,0" time="0">Conditional</animation>
		<animation description="SideVideoInformation54_he" condition="$EXP[View54] + !Window.IsVisible(DialogVideoInfo.xml) + String.IsEqual(System.Language,Hebrew)" effect="slide" start="0,0" end="1398,0" time="0">Conditional</animation>
		<animation description="SideVideoInformation56_he" condition="$EXP[View56] + !Window.IsVisible(DialogVideoInfo.xml) + String.IsEqual(System.Language,Hebrew)" effect="slide" start="0,0" end="-990,0" time="0">Conditional</animation>
		<animation description="SideVideoInformation59_he" condition="[$EXP[View59]] + !Window.IsVisible(DialogVideoInfo.xml) + [String.IsEqual(System.Language,Hebrew) + !Skin.String(View59Align) | Skin.String(View59Align,1)]" effect="slide" start="0,0" end="200,0" time="0">Conditional</animation>
		<!--<animation description="SideVideoInformation51_he" condition="[$EXP[View51s] | $EXP[View59]] + !Window.IsVisible(DialogVideoInfo.xml) + String.IsEqual(System.Language,Hebrew)" effect="slide" start="0,0" end="-2755,0" time="0">Conditional</animation>-->
		<animation description="51SideVideoInformation_he" condition="[ $EXP[View51s] ] + String.IsEqual(System.Language,Hebrew)" effect="slide" start="0,0" end="-2745,0" delay="0" time="0" reversible="false">Conditional</animation>
		<animation description="51_he" condition="[ $EXP[View51] ] + String.IsEqual(System.Language,Hebrew)" effect="slide" start="0,0" end="-1370,0" delay="0" time="0" reversible="false">Conditional</animation>
		
		<include content="TopVideoInformation9" description="תמונת פרק">
			<param name="height" value="720" />
			<param name="posx" value="0" />
			<param name="posy" value="-2.5" />
			<param name="width" value="720" />
			<param name="condition" value="!Window.IsVisible(DialogVideoInfo.xml) + ![$EXP[View50s] | $EXP[View54] | $EXP[View59] | $EXP[View51] | $EXP[View51s] | $EXP[View56] ]" />
			<param name="diffuse" value="buttons/ButtonA0.png" />
		</include>
		
		<include content="TopVideoInformation9" description="Episode Thumbnail - View54">
			<param name="height" value="346" />
			<param name="posx" value="-415" />
			<param name="posy" value="-5" />
			<param name="width" value="460" />
			<param name="condition" value="!Window.IsVisible(DialogVideoInfo.xml) + [ $EXP[View54]]" />
			<param name="diffuse" value="buttons/ButtonA0.png" />
		</include>
		
		<include content="TopVideoInformation9" description="Episode Thumbnail - View56">
			<param name="height" value="480" />
			<param name="posx" value="-444" />
			<param name="posy" value="200" />
			<param name="width" value="640" />
			<param name="condition" value="!Window.IsVisible(DialogVideoInfo.xml) + [ $EXP[View56]]" />
			<param name="diffuse" value="buttons/ButtonA0.png" />
		</include>
				
		<include content="TopVideoInformation9" description="תמונת פרק / SideVideoInformation50/59">
			<param name="height" value="445" />
			<param name="posx" value="2" />
			<param name="posy" value="106" />
			<param name="width" value="772" />
			<param name="condition" value="!Window.IsVisible(DialogVideoInfo.xml) + [$EXP[View50s] | $EXP[View59]]" />
			<param name="diffuse" value="buttons/ButtonA0.png" />
		</include>
		
		<include content="TopVideoInformation9" description="תמונת פרק / SideVideoInformation51s">
			<param name="height" value="480" />
			<param name="posx" value="1415" />
			<param name="posy" value="550" />
			<param name="width" value="480" />
			<param name="condition" value="!Window.IsVisible(DialogVideoInfo.xml) + [ $EXP[View51s] ]" />
			<param name="diffuse" value="buttons/ButtonA0.png" />
		</include>
		
		<include content="TopVideoInformation9" description="תמונת פרק / SideVideoInformation51">
			<param name="height" value="480" />
			<param name="posx" value="935" />
			<param name="posy" value="170" />
			<param name="width" value="480" />
			<param name="condition" value="!Window.IsVisible(DialogVideoInfo.xml) + [ [$EXP[View51] + !Skin.HasSetting(View51_SideVideoInformation)] ]" />
			<param name="diffuse" value="buttons/ButtonA0.png" />
		</include>
		
	  </control>

	  <control type="group" description="Right side">
	      <animation description="Slide59_he" condition="[String.IsEqual(System.Language,Hebrew) + !Skin.String(View59Align) | Skin.String(View59Align,1)] + $EXP[View59]" effect="slide" start="0,0" end="-1000,0">Conditional</animation>
	      <animation description="SlideOthers_he" condition="String.IsEqual(System.Language,Hebrew) + !Window.IsVisible(MyWeather.xml) + !$EXP[View59]" effect="slide" start="0,0" end="-1000,0">Conditional</animation>
		  
		  <animation description="SideVideoInformation50_en" condition="$EXP[View50s] + !Window.IsVisible(DialogVideoInfo.xml) + !String.IsEqual(System.Language,Hebrew)" effect="slide" start="0,0" end="-700,810" time="0">Conditional</animation>
		  <animation description="SideVideoInformation50_he" condition="$EXP[View50s] + !Window.IsVisible(DialogVideoInfo.xml) + String.IsEqual(System.Language,Hebrew)" effect="slide" start="0,0" end="690,810" time="0">Conditional</animation>
		  
		  <animation description="SideVideoInformation59_en" condition="[$EXP[View59]] + !Window.IsVisible(DialogVideoInfo.xml) + [!String.IsEqual(System.Language,Hebrew) + !Skin.String(View59Align) | Skin.String(View59Align,0)]" effect="slide" start="0,0" end="-700,810" time="0">Conditional</animation>
		  <animation description="SideVideoInformation59_he" condition="[$EXP[View59]] + !Window.IsVisible(DialogVideoInfo.xml) + [String.IsEqual(System.Language,Hebrew) + !Skin.String(View59Align) | Skin.String(View59Align,1)]" effect="slide" start="0,0" end="690,810" time="0">Conditional</animation>
		  <animation description="SideVideoInformation51_en" condition="$EXP[View51s] + !Window.IsVisible(DialogVideoInfo.xml) + !String.IsEqual(System.Language,Hebrew)" effect="slide" start="0,0" end="-685,810" time="0">Conditional</animation>
		  <animation description="SideVideoInformation51_he" condition="$EXP[View51s] + !Window.IsVisible(DialogVideoInfo.xml) + String.IsEqual(System.Language,Hebrew)" effect="slide" start="0,0" end="305,810" time="0">Conditional</animation>
		  <posx>-20</posx>
		  
		  <control type="group" description="">
			  <animation description="SideVideoInformation59_zoom" condition="[$EXP[View59]] + !Window.IsVisible(DialogVideoInfo.xml)" effect="zoom" center="1300,42" start="110,120" end="110,120" time="0" reversible="false">Conditional</animation>
			  
			  <!--<animation description="SideVideoInformation51_zoom" condition="$EXP[View51s] + !Window.IsVisible(DialogVideoInfo.xml)" effect="zoom" center="1300,-551" start="110,120" end="110,120" time="0" reversible="false">Conditional</animation>
			  <animation description="SideVideoInformation51_he" condition="$EXP[View51s] + !Window.IsVisible(DialogVideoInfo.xml) + String.IsEqual(System.Language,Hebrew)" effect="slide" start="0,0" end="-22,0" time="0">Conditional</animation>-->

			  <control type="group" description="שנה/יוצר הרחבה">
				<animation description="SideVideoInformation59_he" condition="[$EXP[View59]] + !Window.IsVisible(DialogVideoInfo.xml) + [!String.IsEqual(System.Language,Hebrew) + !Skin.String(View59Align) | Skin.String(View59Align,1)]" effect="slide" start="0,0" end="-13,0" time="0">Conditional</animation>
				<posx>1600</posx>
				<posy>93</posy>
				<visible>!String.IsEmpty(Control.GetLabel(1102)) | !String.IsEmpty(Control.GetLabel(1103))</visible> <!--Window.IsVisible(DialogFullScreenInfo.xml) | -->
				<control type="label" id="1102" description="שנה">
				  <align>right</align>
				  <font>size28</font>
				  <height>70</height>
				  <posx>100</posx>
				  <width>120</width>		
				  <textcolor>$VAR[TopVideoInformationFontColor]</textcolor>
				  <label>$VAR[TopVideoInformation2]</label>
				  <scroll>false</scroll>
				  <visible>!String.IsEmpty(Control.GetLabel(1102))</visible>
				  <visible>![!String.IsEmpty(ListItem.Premiered) + Container.Content(episodes)] | [VideoPlayer.IsFullscreen + !String.IsEmpty(VideoPlayer.Year)]</visible>
				</control>
				<control type="label" description="תאריך שידור">
				  <align>right</align>
				  <font>size24</font>
				  <height>70</height>
				  <posx>100</posx>
				  <width>120</width>		
				  <textcolor>$VAR[TopVideoInformationFontColor]</textcolor>
				  <label>$INFO[ListItem.Premiered]</label>
				  <scroll>false</scroll>
				  <visible>[!String.IsEmpty(ListItem.Premiered) + Container.Content(episodes)] + ![VideoPlayer.IsFullscreen + !String.IsEmpty(VideoPlayer.Year)]</visible>
				</control>
			  </control>
			  <control type="group" description="עונה ופרק/יוצר הרחבה">
				<include condition="String.IsEqual(System.Language,Hebrew)">Control_Pos16</include>
				<posx>1240</posx>
				<posy>109</posy>
				
				<!--<animation description="Slide59_he" condition="$EXP[View59] + [String.IsEqual(System.Language,Hebrew) + !Skin.String(View59Align) | Skin.String(View59Align,1)]" effect="slide" start="0,0" end="15,0">Conditional</animation>
				<animation description="SlideOthers_he" condition="!$EXP[View59] + String.IsEqual(System.Language,Hebrew)" effect="slide" start="0,0" end="30,0">Conditional</animation>-->
				<!--<visible>!String.IsEmpty(Control.GetLabel(1480))</visible>-->
				<control type="label" id="1480" description="עונה ופרק">
				  <align>left</align>
				  <label>$VAR[TopVideoInformation10]</label>
				  <font>size28</font>
				  <height>40</height>
				  <pauseatend>3000</pauseatend>
				  <width>192</width>
				  <textcolor>$VAR[TopVideoInformationFontColor]</textcolor>
				  <visible>!String.IsEmpty(Control.GetLabel(1480))</visible>
				  <visible>!Control.IsVisible(1481)</visible>
				</control>
				<control type="label" id="1481" description="נצפה לאחרונה">
				  <font>size18</font>
				  <include>LabelC4</include>
				  <height>40</height>
				  <posx>-65</posx>
				  <posy>-5</posy>
				  <scroll>false</scroll>
				  <width>280</width>		
				  <textcolor>$VAR[TopVideoInformationFontColor]</textcolor>
				  <label>$LOCALIZE[31072]:[CR]$INFO[ListItem.LastPlayed]</label>
				  <visible>!String.IsEmpty(ListItem.LastPlayed)</visible>
				  <visible>[System.IdleTime(3) + !System.IdleTime(6)]</visible>
				</control>
				<control type="label" description="Next Aired">
				  <font>size24</font>
				  <include>LabelC4</include>
				  <height>40</height>
				  <posx>-50</posx>
				  <posy>-2</posy>
				  <scroll>false</scroll>
				  <width>280</width>		
				  <textcolor>$VAR[TopVideoInformationFontColor]</textcolor>
				  <label>Next Aired: $INFO[Window(Home).Property(NextAired.NextDate)]</label>
				  <visible>!String.IsEmpty(Window(Home).Property(NextAired.NextDate))</visible>
				  <visible>![System.IdleTime(3) + !System.IdleTime(6)] | String.IsEmpty(ListItem.LastPlayed)</visible>
				  <visible>!Control.IsVisible(1480)</visible>
				</control>
				<control type="label" id="1482" description="יוצר ההרחבה">
				  <align>left</align>
				  <label>$INFO[ListItem.AddonCreator]</label>
				  <font>size28</font>
				  <height>40</height>
				  <pauseatend>3000</pauseatend>
				  <width>440</width>
				  <textcolor>$VAR[TopVideoInformationFontColor]</textcolor>
				  <visible>!String.IsEmpty(Control.GetLabel(1482))</visible>
				  <visible>!Control.IsVisible(1481)</visible>
				</control>
			  </control>
			  <control type="label" id="1103" description="***3***">
				  <label>$VAR[TopVideoInformation3]</label>
				  <visible>false</visible>
			  </control>
			  <control type="image" description="דירוג">
				  <posx>1450</posx>
				  <posy>114</posy>
				  <height>24</height>
				  <width>125</width>
				  <aspectratio align="center">stretch</aspectratio>
				  <texture background="true" colordiffuse="$VAR[TopVideoInformationFontColor]">$VAR[TopVideoInformation3]</texture>
				  <visible>!String.IsEmpty(Control.GetLabel(1103))</visible>
				  <visible>!Control.IsVisible(1143) | Window.IsVisible(DialogVideoInfo.xml)</visible>
			  </control>
			  <control type="group" description="דירוג והצבעות/mpaa/נצפה לאחרונה">
				<posx>1368</posx>
				<posy>109</posy>
				<animation condition="Window.IsVisible(DialogVideoInfo.xml)" effect="slide" start="0,0" end="0,40">Conditional</animation>
				<control type="label" id="1143" description="דירוג והצבעות">
				  <align>right</align>
				  <aligny>center</aligny>
				  <font>size18</font>
				  <height>40</height>
				  <posx>205</posx>
				  <posy>0</posy>
				  <width>240</width>		
				  <textcolor>$VAR[TopVideoInformationFontColor]</textcolor>
				  <label>$INFO[ListItem.RatingAndVotes]</label>
				  <scroll>false</scroll>
				  <visible>!String.IsEmpty(ListItem.RatingAndVotes)</visible>
				  <visible>[System.IdleTime(3) + !System.IdleTime(6)] | Window.IsVisible(DialogVideoInfo.xml)</visible>
				</control>
				<control type="image">
				  <height>30</height>
				  <visible>!String.IsEmpty(ListItem.mpaa) + Window.IsActive(DialogVideoInfo.xml)</visible>
				  <posx>-23</posx>
				  <posy>7</posy>
				  <width>50</width>
				  <texture>$INFO[ListItem.mpaa,badges/mpaa/,.png]</texture>
				</control>
			  </control>  
			  <control type="group" description="+סגנון (1106)">
				<visible>$EXP[Contents] | $EXP[ContentsWidget]</visible>
				<visible>!Window.IsVisible(MyWeather.xml) + !Window.IsVisible(AddonBrowser.xml)</visible>
				<posx>1165</posx>
				<posy>0</posy>
				<control type="label" id="1106" description="ג'אנר">
				  <animation description="Slide59_he" condition="$EXP[View59] + [String.IsEqual(System.Language,Hebrew) + !Skin.String(View59Align) | Skin.String(View59Align,1)]" effect="slide" start="0,0" end="25,0">Conditional</animation>
				  <animation description="SlideOthers_he" condition="!$EXP[View59] + String.IsEqual(System.Language,Hebrew)" effect="slide" start="0,0" end="25,0">Conditional</animation>
				  <posx>65</posx>
				  <posy>24</posy>
				  <width>320</width>
				  <height>70</height>
				  <textcolor>$VAR[TopVideoInformationFontColor]</textcolor>
				  <include>LabelL1</include>
				  <label>$VAR[TopVideoInformation6]</label>
				  <scroll>false</scroll>
				  <visible>String.Contains(ListItem.Path,videodb://1/7) | String.Contains(ListItem.path,videodb://movies/sets/) | ListItem.AddonType | Skin.HasSetting(Admin)</visible>
				</control>
				<control type="grouplist" description="תמונת הסגנון">
					<posx>65</posx>
					<posy>33</posy>
					<height>50</height>
					<width>360</width>
					<align>left</align>
					<itemgap>-10</itemgap>
					<scrolltime tween="sine" easing="out">200</scrolltime>
					<orientation>horizontal</orientation>
					<visible>!Skin.HasSetting(Genre)</visible>
					<include>MultiVideoGenreFlagging</include>
				</control>
				<control type="grouplist" description="שם הסגנון">
					<posx>65</posx>
					<posy>75</posy>
					<height>40</height>
					<width>360</width>
					<align>left</align>
					<itemgap>-10</itemgap>
					<scrolltime tween="sine" easing="out">200</scrolltime>
					<orientation>horizontal</orientation>
					<textcolor>$VAR[TopVideoInformationFontColor]</textcolor>
					<visible>!Skin.HasSetting(Genre)</visible>
					<include>GenreText</include>
				</control>
				<control type="grouplist" description="שם הסגנון2">
					<posx>80</posx>
					<posy>75</posy>
					<height>50</height>
					<width>370</width>
					<itemgap>20</itemgap>
					<orientation>horizontal</orientation>
					<textcolor>$VAR[TopVideoInformationFontColor]</textcolor>
					<visible>Skin.HasSetting(Genre)</visible>
					<include>GenreText</include>
				</control>
			  </control>
			  <control type="group" description="מספר עונות">
				<posx>1115</posx>
				<posy>0</posy>
				<control type="label" id="1112" description="מספר">
				  <align>center</align>
				  <height>50</height>
				  <posx>513</posx>
				  <posy>33</posy>
				  <textcolor>$VAR[TopVideoInformationFontColor]</textcolor>
				  <label>$VAR[TopVideoInformation1112a]</label>
				  <visible>!String.IsEmpty(Control.GetLabel(1112))</visible>
				  <width>70</width>
				</control>
				<control type="label" description="טקסט">
				  <posx>479</posx>
				  <include>GenreTextPlace</include>
				  <posy>75</posy>
				  <label>$VAR[TopVideoInformation1112b]</label>
				  <textcolor>$VAR[TopVideoInformationFontColor]</textcolor>
				  <visible>Control.IsVisible(1112)</visible>
				</control>
			  </control>
			  <control type="group" description="אורך בשעות/דקות">
				<posx>1115</posx>
				<posy>0</posy>
				<visible>!Window.IsVisible(MyWeather.xml)</visible>
				<control type="label" id="1101" description="אורך/מספר עונה/גרסה הרחבה">
				  <include condition="Window.IsVisible(AddonBrowser.xml) | Window.IsVisible(DialogAddonInfo.xml) | String.IsEqual(Container.FolderName,$LOCALIZE[24001])">Control_Pos39</include>
				  <textcolor>$VAR[TopVideoInformationFontColor]</textcolor>
				  <include>LabelR12</include> 
				  <posx>565</posx>
				  <posy>21</posy>
				  <width>120</width>
				  <label>$VAR[TopVideoInformation1]</label>
				  <scroll>false</scroll>
				  <visible>Window.IsVisible(AddonBrowser.xml) | Window.IsVisible(DialogAddonInfo.xml) | Window.IsVisible(MyMusicNav.xml) | Window.IsVisible(MyPVRChannels.xml) | Window.IsVisible(MyPVRGuide.xml) | !Control.IsVisible(1109) + !Control.IsVisible(1110)</visible>
				  <visible>!String.IsEmpty(Control.GetLabel(1101))</visible>
				</control>
				<control type="label" id="1109" description="אורך-בשעות">
				  <textcolor>$VAR[TopVideoInformationFontColor]</textcolor>
				  <include>LabelC12</include> 
				  <posx>519</posx>
				  <posy>21</posy>
				  <width>50</width>
				  <label>$VAR[VideoInHours]</label>
				  <visible>Integer.IsGreater(Control.GetLabel(1109),0) + !String.IsEmpty(Control.GetLabel(1109))</visible> <!--!Window.IsActive(VideoFullScreen.xml) + !Container.Content(tvshows) + !Container.Content(seasons) + !Container.Content(episodes) + !String.Contains(Container.FolderPath,shows)] | [Window.IsActive(VideoFullScreen.xml) + !VideoPlayer.Content(episodes)] + -->
				  <visible>[Integer.IsLess(ListItem.Property(TotalSeasons),1) + Container.Content(tvshows)] | !Container.Content(tvshows)</visible>
				  <visible>!String.Contains(ListItem.path,videodb://movies/sets/)</visible>
				</control>
				<control type="label" id="1110" description="אורך-בדקות">
				  <textcolor>$VAR[TopVideoInformationFontColor]</textcolor>
				  <include>LabelC12</include> 
				  <posx>519</posx>
				  <posy>21</posy>
				  <width>50</width>
				  <label>$VAR[VideoInMins]</label>
				  <visible>Integer.IsGreater(Control.GetLabel(1110),0) + !String.IsEmpty(Control.GetLabel(1110)) + !Control.IsVisible(1109)</visible> <!--!Window.IsActive(VideoFullScreen.xml) + !Container.Content(tvshows) + !Container.Content(seasons) + !Container.Content(episodes) + !String.Contains(Container.FolderPath,shows)] | [Window.IsActive(VideoFullScreen.xml) + !VideoPlayer.Content(episodes)] + -->
				  <visible>[Integer.IsLess(ListItem.Property(TotalSeasons),1) + Container.Content(tvshows)] | !Container.Content(tvshows)</visible>
				  <visible>!String.Contains(ListItem.path,videodb://movies/sets/)</visible>
				</control>
				<control type="label" description="שעות/דקות">
				  <align>center</align>
				  <label>$VAR[HvsM]</label>
				  <textcolor>$VAR[TopVideoInformationFontColor]</textcolor>
				  <font>size18</font>
				  <posx>510</posx>
				  <posy>53</posy>
				  <visible></visible>
				  <width>70</width>
				</control>
			  </control>
		  </control>
	  </control>
	  <control type="group" description="פרטי וידאו (1105)">
		<animation description="Slide59_he" condition="$EXP[View59] + [String.IsEqual(System.Language,Hebrew) + !Skin.String(View59Align) | Skin.String(View59Align,1)]" effect="slide" start="0,0" end="180,0">Conditional</animation>
		<animation description="SlideOthers_he" condition="!$EXP[View59] + !Window.IsVisible(MyWeather.xml) + String.IsEqual(System.Language,Hebrew)" effect="slide" start="0,0" end="1240,0">Conditional</animation>
		
		<animation description="SideVideoInformation50_he" condition="$EXP[View50s] + !Window.IsVisible(DialogVideoInfo.xml) + String.IsEqual(System.Language,Hebrew)" effect="slide" start="0,0" end="-1070,0" time="0" reversible="false">Conditional</animation>
		
		<animation description="SideVideoInformation51_he" condition="$EXP[View51s] + !Window.IsVisible(DialogVideoInfo.xml) + String.IsEqual(System.Language,Hebrew)" effect="slide" start="0,0" end="-1250,0" time="0" reversible="false">Conditional</animation>
		<!--<animation condition="Window.IsVisible(DialogVideoInfo.xml)" effect="zoom" center="0,0" start="100,100" end="100,120" time="0">Conditional</animation>-->
		<visible>!String.IsEmpty(Control.GetLabel(1105)) + !String.Contains(Control.GetLabel(1105),$LOCALIZE[20457])</visible>
		<control type="label" id="1105" description="***פרטי סרט***">
		  <label>$VAR[TopVideoInformation5]</label>
		  <visible>false</visible>
		</control>
		<control type="group" description="פרטי סרט">
			<posx>10</posx>
			<posy>31</posy>
			<include content="TopVideoInformation5" description="פרטי סרט">
				<param name="height" value="112" />
				<param name="posx" value="0" />
				<param name="posy" value="0" />
				<param name="width" value="660" />
				<param name="condition" value="!Window.IsVisible(DialogVideoInfo.xml) + ![$EXP[View50s] | $EXP[View59]] + !$EXP[View51s]" description="" />
			</include>
			
			<include content="TopVideoInformation5" description="פרטי סרט - / View50_SideVideoInformation">
				<param name="height" value="210" />
				<param name="posx" value="485" />
				<param name="posy" value="960" />
				<param name="width" value="740" />
				<param name="condition" value="!Window.IsVisible(DialogVideoInfo.xml) + [$EXP[View50s] | $EXP[View59]]" />
			</include>
			
			<include content="TopVideoInformation5" description="פרטי סרט - / View51_SideVideoInformation">
				<param name="height" value="350" />
				<param name="posx" value="505" />
				<param name="posy" value="955" />
				<param name="width" value="488" />
				<param name="condition" value="!Window.IsVisible(DialogVideoInfo.xml) + $EXP[View51s]" />
			</include>
			
			<include content="TopVideoInformation5" description="חלון פרטי סרט">
				<param name="height" value="290" />
				<param name="posx" value="0" />
				<param name="posy" value="0" />
				<param name="width" value="650" />
				<param name="condition" value="Window.IsVisible(DialogVideoInfo.xml)" />
			</include>

		</control>
	  </control>
	  
	  <control type="group" description="פוסטר">
		<animation description="SlideOthers_he" condition="!$EXP[View59] + String.IsEqual(System.Language,Hebrew)" effect="slide" start="0,0" end="-1690,0">Conditional</animation>
		<animation description="Slide59_he" condition="$EXP[View59] + [String.IsEqual(System.Language,Hebrew) + !Skin.String(View59Align) | Skin.String(View59Align,1)]" effect="slide" start="0,0" end="-1690,0">Conditional</animation>
		<animation condition="Window.IsVisible(MyWeather.xml)" effect="zoom" start="100,100" end="150,150" time="3000">Conditional</animation>
		<animation description="SideVideoInformation50_en" condition="[$EXP[View50s]] + !Window.IsVisible(DialogVideoInfo.xml) + !String.IsEqual(System.Language,Hebrew)" effect="slide" start="0,0" end="-670,670" time="0">Conditional</animation>
		<animation description="SideVideoInformation50_he" condition="[$EXP[View50s]] + !Window.IsVisible(DialogVideoInfo.xml) + String.IsEqual(System.Language,Hebrew)" effect="slide" start="0,0" end="655,670" time="0">Conditional</animation>
		
		<animation description="SideVideoInformation59_en" condition="[$EXP[View59]] + !Window.IsVisible(DialogVideoInfo.xml) + [!String.IsEqual(System.Language,Hebrew) + !Skin.String(View59Align) | Skin.String(View59Align,0)]" effect="slide" start="0,0" end="-680,670" time="0">Conditional</animation>
		<animation description="SideVideoInformation59_he" condition="[$EXP[View59]] + !Window.IsVisible(DialogVideoInfo.xml) + [String.IsEqual(System.Language,Hebrew) + !Skin.String(View59Align) | Skin.String(View59Align,1)]" effect="slide" start="0,0" end="655,670" time="0">Conditional</animation>
		
		<animation description="SideVideoInformation51_en" condition="$EXP[View51s] + !Window.IsVisible(DialogVideoInfo.xml) + !String.IsEqual(System.Language,Hebrew)" effect="slide" start="0,0" end="-910,505" time="0" reversible="true">Conditional</animation>
		<animation description="SideVideoInformation51_he" condition="$EXP[View51s] + !Window.IsVisible(DialogVideoInfo.xml) + String.IsEqual(System.Language,Hebrew)" effect="slide" start="0,0" end="775,505" time="0" reversible="true">Conditional</animation>
		<animation description="SideVideoInformation51_zoom" condition="$EXP[View51s] + !Window.IsVisible(DialogVideoInfo.xml)" effect="zoom" center="auto" start="90,90" end="90,90" time="0" reversible="false">Conditional</animation>
		<height>270</height>
		<posx>1720</posx>
		<posy>42</posy>
		<width>197</width>
		<include>ShowDVDdisc</include>
		<control type="image" description="פוסטר -ללא מסגרת">
		  <include>BorderFrame</include>
		  <aspectratio>stretch</aspectratio>
		  <texture diffuse="buttons/ButtonA0.png" border="0" background="false">$VAR[TopVideoInformation4]</texture>
		  <visible>!Control.IsVisible(11050)</visible>
		</control>
		<control type="image" id="11050" description="פוסטר -עם מסגרת">
		  <aspectratio>stretch</aspectratio>
		  <texture diffuse="buttons/types/bd0.png" border="0" background="false">$VAR[TopVideoInformation4]</texture>
		  <visible>!String.Contains(ListItem.Label,$LOCALIZE[33078]) + !String.IsEqual(ListItem.Label,..) + !String.Contains(ListItem.Label,Next Page) + String.IsEmpty(Control.GetLabel(11156)) + Window.IsVisible(MyVideoNav.xml)</visible>
		</control>
		<control type="label" id="1104" description="***פוסטר***">
		  <label>$VAR[TopVideoInformation4]</label>
		  <visible>false</visible>
		</control>
		<control type="group" description="ShowDVDCases">
			<posx>-32</posx>
			<posy>-5</posy>              
			<height>292</height>
			<width>237</width>
			<include>ShowDVDCases</include>
			<include>InProgressBadge</include>
		</control>
	  </control> 
	</control>
	
	<control type="label" id="11155" description="לתצוגת פרקים/עונות -57/58">
	  <label>$VAR[11155label]</label>
	  <posx>40</posx>
	  <posy>150</posy>
	  <visible>false</visible>
    </control>
	<control type="label" id="11153" description="לתצוגת פרקים/עונות -57/58">
	  <label>$VAR[VideoInformation3]</label>
	  <visible>false</visible>
    </control>
  </include>
  
  <include name="TopVideoInformation5" description="Layouts">
	<param name="height" default="115"/>
	<param name="textcolor" default="$VAR[TopVideoInformationFontColor]"/>
	<param name="posx" default="0"/>
	<param name="posy" default="0"/>
	<param name="width" default="660"/>
	
	<param name="condition" default="true"/>
	<definition>
		<control type="textbox" description="פרטי סרט - גופן רגיל">
		  <font>size24</font>
		  <textcolor>$PARAM[textcolor]</textcolor>
		  <include>TopVideoInformation5_</include>
		  <height>$PARAM[height]</height>
		  <posx>$PARAM[posx]</posx>
		  <posy>$PARAM[posy]</posy>
		  <width>$PARAM[width]</width>
		  
		  <visible>Skin.HasSetting(TopVideoInformationFontSize) + !Window.IsVisible(DialogVideoInfo.xml)</visible>
		  <visible>$PARAM[condition]</visible>
		</control>
		
		<control type="textbox" description="פרטי סרט - גופן רגיל">
		  <font>size30</font>
		  <textcolor>$PARAM[textcolor]</textcolor>
		  <include>TopVideoInformation5_</include>
		  <height>$PARAM[height]</height>
		  <posx>$PARAM[posx]</posx>
		  <posy>$PARAM[posy]</posy>
		  <width>$PARAM[width]</width>
		  
		  <visible>!Skin.HasSetting(TopVideoInformationFontSize) | Window.IsVisible(DialogVideoInfo.xml)</visible>
		  <visible>$PARAM[condition]</visible>
		</control>
	</definition>
  </include>

  <include name="TopVideoInformation5_">
	  <textcolor>$PARAM[textcolor]</textcolor>
	  <include condition="[String.IsEqual(System.Language,Hebrew) + !Skin.String(PlotAlign)] | Skin.String(PlotAlign,1)">LabelR1</include>
	  <include condition="[!String.IsEqual(System.Language,Hebrew) + !Skin.String(PlotAlign)] | Skin.String(PlotAlign,2)">LabelL1</include>
	  <include condition="Skin.String(PlotAlign,3)">LabelJ1</include>
	  <include condition="Skin.String(PlotAlign,4)">LabelC1</include>
	  <include>AutoScrollText</include>
	  <label>$VAR[TopVideoInformation5]</label>
  </include>
   
  <include name="TopVideoInformation9" description="תמונת פרק">
	<param name="height" default="207"/>
	<param name="posx" default="-44"/>
	<param name="posy" default="-7"/>
	<param name="width" default="590"/>
	
	<param name="condition" default="true"/>
	<param name="diffuse" default="buttons/ButtonA0.png"/>
	<param name="border" default="0"/>
	<definition>
		<control type="image" description="">
		  <animation description="View56_he" condition="$EXP[View56] + !Window.IsVisible(DialogVideoInfo.xml) + String.IsEqual(System.Language,Hebrew)" effect="slide" start="0,0" end="2192,0" time="0">Conditional</animation>
		  <include>BorderFrame</include>
		  <aspectratio>stretch</aspectratio>
		  <height>$PARAM[height]</height>
		  <posx>$PARAM[posx]</posx>
		  <posy>$PARAM[posy]</posy>
		  <width>$PARAM[width]</width>
		  
		  <visible>$PARAM[condition]</visible>
		  <visible>!String.IsEmpty(ListItem.Art(thumb)) + Container.content(Episodes) + !Window.IsActive(VideoFullScreen.xml) + !Player.HasVideo</visible>
		  
		  <texture border="$PARAM[border]" diffuse="$PARAM[diffuse]">$VAR[TopVideoInformation9]</texture>
		</control>
	</definition>
  </include>
		
   <include name="TopVideoInformation_Frame">
	  <control type="image" description="מסגרת">
		  <animation condition="Window.IsVisible(DialogVideoInfo.xml)" effect="zoom" start="100,100" end="100,256">Conditional</animation>
		  <include>Fade_TopVideoInformationOverlay</include>
		  <posx>-20</posx>
		  <posy>37.2</posy>
		  <width>1960</width>
		  <height>112</height>
		  
		  <texture border="0" colordiffuse="$VAR[TopVideoInformationColor]">buttons/ButtonA0.png</texture>
		  <visible>![$EXP[View50s] | $EXP[View59]] + !$EXP[View51s] | Window.IsVisible(DialogVideoInfo.xml)</visible>
	  </control>
	  <control type="image" description="מסגרת - מיוחד /SideVideoInformation50/59">	  
		  <animation description="SideVideoInformation50_he" condition="[$EXP[View50s]] + !Window.IsVisible(DialogVideoInfo.xml) + String.IsEqual(System.Language,Hebrew)" effect="slide" start="0,0" end="182,0" time="0">Conditional</animation>
		  <animation description="SideVideoInformation59_en" condition="[$EXP[View59]] + !Window.IsVisible(DialogVideoInfo.xml) + [!String.IsEqual(System.Language,Hebrew) + !Skin.String(View59Align) | Skin.String(View59Align,0)]" effect="slide" start="0,0" end="-8,0" time="0">Conditional</animation>
		  <animation description="SideVideoInformation59_he" condition="[$EXP[View59]] + !Window.IsVisible(DialogVideoInfo.xml) + [String.IsEqual(System.Language,Hebrew) + !Skin.String(View59Align) | Skin.String(View59Align,1)]" effect="slide" start="0,0" end="190,0" time="0">Conditional</animation>
		  <include>Fade_TopVideoInformationOverlay</include>
		  <posx>468</posx>
		  <posy>703</posy>
		  <width>790</width>
		  <height>530</height>
		  
		  <texture border="20" colordiffuse="$VAR[TopVideoInformationColor]">buttons/ButtonA0C.png</texture>
		  <visible>[$EXP[View50s] | $EXP[View59]]</visible>
		  <visible>!Window.IsVisible(DialogVideoInfo.xml)</visible>
	  </control>
	  <control type="image" description="מסגרת - מיוחד /SideVideoInformation51">
		  <!--<animation description="SideVideoInformation51_he" condition="$EXP[View51s] + !Window.IsVisible(DialogVideoInfo.xml) + String.IsEqual(System.Language,Hebrew)" effect="slide" start="0,0" end="190,0" time="0">Conditional</animation>-->
		  <include>Fade_TopVideoInformationOverlay</include>
		  <posx>492</posx>
		  <posy>542</posy>
		  <width>520</width>
		  <height>815</height>
		  <texture border="0" colordiffuse="$VAR[TopVideoInformationColor]">buttons/ButtonA0.png</texture>
		  <visible>$EXP[View51s]</visible>
		  <visible>!Window.IsVisible(DialogVideoInfo.xml)</visible>
	  </control>
  </include>
  
  <variable name="TopVideoInformation1" description="אורך/מספר עונה(1101)/גרסה">
	<value condition="VideoPlayer.IsFullscreen + !String.IsEmpty(VideoPlayer.Duration)">$INFO[VideoPlayer.Duration]</value>
	<value condition="Window.IsVisible(MusicVisualisation.xml) + !String.IsEmpty(MusicPlayer.Duration)">$INFO[MusicPlayer.Duration]</value>
    <value condition="!String.IsEmpty(ListItem.Duration) + [String.Contains(Container.FolderPath,plugin://plugin.video.youtube)]">$INFO[ListItem.Duration]</value>
	<value condition="!String.IsEmpty(ListItem.Duration) + !Container.Content(tvshows)">$INFO[ListItem.Duration]</value>
	<value condition="!String.IsEmpty(ListItem.Property(runtime)) + Window.IsVisible(Home)">$INFO[ListItem.Property(runtime)]</value>
	<value description="Home-Movies" condition="Window.IsVisible(Home.xml) + Control.IsVisible(311) + !String.IsEmpty(Container(311).ListItem.Property(runtime))">$INFO[Container(311).ListItem.Property(runtime)]</value>
	<value description="Home-TV" condition="Window.IsVisible(Home.xml) + Control.IsVisible(312) + !String.IsEmpty(Container(312).ListItem.Property(runtime))">$INFO[Container(312).ListItem.Property(runtime)]</value>
	<value condition="Window(home).Property(ListItemDuration) + String.IsEqual(ListItem.TVShowTitle,Window(home).Property(ListItemTVShowTitle))">$INFO[Window(home).Property(ListItemDuration)]</value>
	<value description="בית" condition="Window.IsActive(home) + !String.IsEmpty(ListItem.Property(Runtime))">$INFO[ListItem.Property(Runtime)]</value>
	<value description="גרסת הרחבה" condition="!String.IsEmpty(ListItem.AddonVersion)">$INFO[ListItem.AddonVersion]</value>
	<value condition="[Window.IsVisible(DialogPVRChannelsOSD.xml) | Window.IsVisible(DialogPVRGuideOSD.xml)] + !String.IsEmpty(Container(11).ListItemNoWrap(0).Duration)">$INFO[Container(11).ListItemNoWrap(0).Duration]</value>
	<value condition="Skin.HasSetting(Admin)">...</value>
  </variable>
  <variable name="TopVideoInformation2" description="שנה/יוצר הרחבה">
	<value condition="VideoPlayer.IsFullscreen + !String.IsEmpty(VideoPlayer.Year)">$INFO[VideoPlayer.Year]</value>
	<value condition="Window.IsVisible(MusicVisualisation.xml) + !String.IsEmpty(MusicPlayer.Year)">$INFO[MusicPlayer.Year]</value>
	<value condition="!String.IsEmpty(ListItem.Year)">$INFO[ListItem.Year]</value>
	<value description="Home-Movies" condition="Window.IsVisible(Home.xml) + Control.IsVisible(311) + !String.IsEmpty(Container(311).ListItem.Property(year))">$INFO[Container(311).ListItem.Property(Year)]</value>
	<value description="Home-TV" condition="Window.IsVisible(Home.xml) + Control.IsVisible(312) + !String.IsEmpty(Container(312).ListItem.Property(year))">$INFO[Container(312).ListItem.Property(Year)]</value>
	<value condition="!String.IsEmpty(MusicPlayer.Year) + Window.IsVisible(MyMusicNav.xml)">$INFO[MusicPlayer.Year]</value>
	<value condition="!String.IsEmpty(ListItem.Date) + !Window.IsVisible(MyPVRChannels.xml) + !Window.IsVisible(MyPVRGuide.xml) + !Window.IsVisible(DialogPVRGuideOSD.xml) + !Window.IsVisible(DialogPVRChannelsOSD.xml) + !ListItem.HasEpg">$INFO[ListItem.Date]</value>
  </variable>
  <variable name="TopVideoInformation3" description="דירוג וידאו/אודיו">
	<value description="Home2_Movies" condition="Window.IsActive(home) + Control.IsVisible(311) + !String.IsEmpty(Container(311).ListItem.Property(rating))">$INFO[Container(311).ListItem.Property(rating),badges/rating/10/,.png]</value>
	<value description="Home2_TV" condition="Window.IsActive(home) + Control.IsVisible(312) + !String.IsEmpty(Container(312).ListItem.Property(rating))">$INFO[Container(312).ListItem.Property(rating),badges/rating/10/,.png]</value>
    <value description="בניגון יו-טיוב" condition="VideoPlayer.IsFullscreen + !String.IsEmpty(VideoPlayer.Rating) + Integer.IsGreater(VideoPlayer.Rating,0) + Integer.IsLess(VideoPlayer.Rating,5) + [String.Contains(Player.FolderPath,.googlevideo.com) | String.Contains(Player.FolderPath,&amp;source=youtube&) | String.Contains(Player.FolderPath,plugin.video.youtube)]">$INFO[VideoPlayer.Rating,badges/rating/5/,.png]</value>
	<value description="בניגון וידאו" condition="VideoPlayer.IsFullscreen + !String.IsEmpty(VideoPlayer.Rating)">$INFO[VideoPlayer.Rating,badges/rating/10/,.png]</value>
	<value description="בניגון מוזיקה" condition="Window.IsVisible(MusicVisualisation.xml) + !String.IsEmpty(MusicPlayer.Rating)">$INFO[MusicPlayer.Rating,badges/rating/10/,.png]</value>
	<value description="יו-טיוב" condition="!String.IsEmpty(ListItem.Rating) + String.Contains(Container.FolderPath,plugin://plugin.video.youtube)">$INFO[ListItem.Rating,badges/rating/5/,.png]</value>
	<value description="מוזיקה" condition="!String.IsEmpty(ListItem.Rating) + Window.IsVisible(MyMusicNav.xml) + [Container.Content(songs) | Container.Content(artists) | Container.Content(albums)]">$VAR[MusicInformation3]</value>
	<value description="הרחבות" condition="Window.IsVisible(DialogAddonInfo.xml) + !String.IsEmpty(ListItem.Property(Addon.StarRating))">$INFO[ListItem.Property(Addon.StarRating)]</value>
	<value description="אחר" condition="!String.IsEmpty(ListItem.Rating)">$INFO[ListItem.Rating,badges/rating/10/,.png]</value>
	<value description="UserRating" condition="!String.IsEmpty(ListItem.UserRating)">$INFO[ListItem.UserRating,badges/rating/10/,.png]</value>
  </variable>
  <variable name="TopVideoInformation4" description="פוסטר">
	<value condition="VideoPlayer.IsFullscreen + !String.IsEmpty(Player.Art(tvshow.poster))">$INFO[Player.Art(tvshow.poster)]</value>
	<value condition="VideoPlayer.IsFullscreen + !String.IsEmpty(Player.Art(poster))">$INFO[Player.Art(poster)]</value>
	<value condition="VideoPlayer.IsFullscreen + !String.IsEmpty(VideoPlayer.Cover)">$INFO[VideoPlayer.Cover]</value>
	<value condition="VideoPlayer.IsFullscreen + !String.IsEmpty(Player.Art(thumb))">$INFO[Player.Art(thumb)]</value>
	<value condition="Window.IsVisible(MusicVisualisation.xml) + !String.IsEmpty(MusicPlayer.Cover)">$INFO[MusicPlayer.Cover]</value>
	<value condition="!String.IsEmpty(ListItem.Art(tvshow.poster))">$INFO[ListItem.Art(tvshow.poster)]</value>
	<value condition="!String.IsEmpty(ListItem.Art(season.poster))">$INFO[ListItem.Art(season.poster)]</value>
	<value condition="!String.IsEmpty(ListItem.Art(poster))">$INFO[ListItem.Art(poster)]</value>
	<value description="פוסטר סרט - בית" condition="Window.IsVisible(Home.xml) + Control.IsVisible(311) + !String.IsEmpty(Container(311).ListItem.Thumb)">$INFO[Container(311).ListItem.Thumb]</value>
	<value description="פוסטר סדרה - בית" condition="Window.IsVisible(Home.xml) + Control.IsVisible(312) + !String.IsEmpty(Container(312).ListItem.Thumb)">$INFO[Container(312).ListItem.Thumb]</value>
	<value description="Home-316-Super-Widget" condition="Window.IsVisible(Home.xml) + Control.IsVisible(316) + !String.IsEmpty(Container(316).ListItem.thumb)">$INFO[Container(316).ListItem.Thumb]</value>
	<value condition="String.Contains(ListItem.Label,Next page) | String.Contains(ListItem.Label,$LOCALIZE[33078])">DefaultVideo2.png</value>
	<value description="הרחבה" condition="Window.IsVisible(MyWeather.xml)">_</value>
	<value description="כפתור מזג אוויר" condition="Window.IsVisible(Home.xml) + [String.IsEqual(Window(home).Property(Button.ID),97) + !Skin.String(widget317) | String.IsEqual(Window(home).Property(Button.ID),Skin.String(widget317))]">special://home/addons/resource.images.weathericons.outline/resources/$INFO[Weather.fanartcode].png</value>
	<value condition="String.IsEqual(Container.FolderPath,videodb://movies/genres/) | String.IsEqual(Container.FolderPath,videodb://tvshows/genres/)">$VAR[GenrePic]</value>
	<value condition="!String.IsEmpty(ListItem.Icon)">$INFO[ListItem.Icon]</value>
	<value condition="!String.IsEmpty(Container(50).ListItem.Thumb)">$INFO[Container(50).ListItem.Thumb]</value>
	<value description="הרחבה" condition="!String.IsEmpty(ListItem.Thumb)">$INFO[ListItem.Thumb]</value>
	<value condition="[Window.IsVisible(DialogPVRChannelsOSD.xml) | Window.IsVisible(DialogPVRGuideOSD.xml)] + !String.IsEmpty(Container(11).ListItem(0).Thumb)">$INFO[Container(11).ListItem(0).Thumb]</value>
  </variable>
  <variable name="TopVideoInformation5" description="פרטי וידאו">
	<value condition="VideoPlayer.IsFullscreen + !String.IsEmpty(VideoPlayer.Plot)">$INFO[VideoPlayer.Plot]</value>
	<value condition="VideoPlayer.IsFullscreen + !String.IsEmpty(VideoPlayer.PlotOutline)">$INFO[VideoPlayer.PlotOutline]</value>
	<value condition="Window.IsVisible(MusicVisualisation.xml) + !String.IsEmpty(MusicPlayer.Property(Artist_Description))">$INFO[MusicPlayer.Property(Artist_Description)]</value>
	<value condition="Window.IsVisible(MusicVisualisation.xml) + !String.IsEmpty(Window(Visualisation).Property(ArtistSlideshow.ArtistBiography))">$INFO[Window(Visualisation).Property(ArtistSlideshow.ArtistBiography)]</value>
	<value description="הרחבה" condition="[Container.content(addons) | Window.IsVisible(AddonBrowser.xml)] + !String.IsEmpty(ListItem.AddonDescription) + !String.IsEmpty(ListItem.AddonSummary)">[COLOR=yellow]$INFO[ListItem.AddonSummary][/COLOR][CR][CR]$INFO[ListItem.AddonDescription]</value>
	<value description="הרחבה" condition="[Container.content(addons) | Window.IsVisible(AddonBrowser.xml)] + !String.IsEmpty(ListItem.AddonDescription) + String.IsEmpty(ListItem.AddonSummary)">[COLOR=yellow]$INFO[ListItem.AddonSummary][/COLOR][CR][CR]$INFO[ListItem.AddonDescription]</value>
	<value condition="[Container.Content(Movies) | Container.Content(TVShows) | Container.Content(Episodes)] + !String.IsEmpty(ListItem.Plot)">$INFO[ListItem.Plot]</value>
	<value condition="Container.Content(Seasons) |  Container.Content(Episodes) + !String.IsEmpty(Container.ShowPlot)">$INFO[Container.ShowPlot]</value>
	<value description="פרטי סרט - בית" condition="Window.IsVisible(Home.xml) + Control.IsVisible(311) + !String.IsEmpty(Container(311).ListItem.Property(plot))">[B]$INFO[Container(311).ListItem.Property(plot)][/B]</value>
	<value description="פרטי פרק - בית" condition="Window.IsVisible(Home.xml) + Control.IsVisible(312) + !String.IsEmpty(Container(312).ListItem.Property(plot))">[B]$INFO[Container(312).ListItem.Property(plot)][/B]</value>
	<value condition="!String.IsEmpty(ListItem.Plot)">$INFO[ListItem.Plot]</value>
	<value condition="String.Contains(ListItem.Path,videodb://1/7) | String.Contains(ListItem.path,videodb://movies/sets/)">$LOCALIZE[20457]</value>
	<value condition="!String.IsEmpty(Container(50).ListItemNoWrap(0).Property(rinfo))">$INFO[Container(50).ListItemNoWrap(0).Property(rinfo)]</value>
	<value condition="Window.IsVisible(SettingsCategory.xml) + !String.IsEmpty(Control.GetLabel(121))">$INFO[Control.GetLabel(121)]</value>
	<value condition="Window.IsVisible(SettingsCategory.xml) + !String.IsEmpty(Control.GetLabel(6))">$INFO[Control.GetLabel(6)]</value>
	<value description="הרחבה" condition="Window.IsVisible(MyWeather.xml)">$LOCALIZE[404]: $INFO[Window.Property(Current.Wind)]   |   $LOCALIZE[402]: $INFO[Window.Property(Current.FeelsLike)]°[CR]$LOCALIZE[405]: $INFO[Window.Property(Current.DewPoint)]   |   $LOCALIZE[406]: $INFO[Window.Property(Current.Humidity)]   |   $LOCALIZE[403]: $INFO[Window.Property(Current.UVIndex)]</value>
	<value condition="Window.IsVisible(FileBrowser.xml) + !String.IsEmpty(Control.GetLabel(412))">$INFO[Control.GetLabel(412)]</value>
	<value condition="Window.IsVisible(MyPics.xml) + !String.IsEmpty(ListItem.Path)">$INFO[ListItem.Path]</value>
	<value condition="Window.IsVisible(EventLog.xml) + !String.IsEmpty(ListItem.Property(Event.Description))">$INFO[ListItem.Property(Event.Description)]</value>
	<value condition="[Window.IsVisible(DialogPVRChannelsOSD.xml) | Window.IsVisible(DialogPVRGuideOSD.xml)] + !String.IsEmpty(Container(11).ListItemNoWrap(0).Plot)">$INFO[Container(11).ListItemNoWrap(0).Plot]</value>
  </variable>
  <variable name="TopVideoInformation5.1" description="פרטי טלוויזיה חיה">
    <value condition="Control.IsVisible(10)">$INFO[ListItem.Duration] [COLOR=white]$LOCALIZE[180]:[/COLOR][CR][COLOR=yellow]$INFO[ListItem.Title][/COLOR][CR]$INFO[ListItem.Plot]</value>
	<value condition="!Control.IsVisible(10)">$INFO[ListItem.Duration] [COLOR=white]$LOCALIZE[180]:[/COLOR][CR][COLOR=yellow]$INFO[ListItem.Title][/COLOR][CR]$INFO[ListItem.Plot][CR][CR][COLOR=grey]$INFO[ListItem.NextTitle][/COLOR] [COLOR=white]$LOCALIZE[19031]:[/COLOR]</value>
  </variable>
  <variable name="TopVideoInformation6" description="סגנון">
    <value condition="VideoPlayer.IsFullscreen + !String.IsEmpty(VideoPlayer.Genre)">$INFO[VideoPlayer.Genre]</value>
	<value condition="Window.IsVisible(MusicVisualisation.xml) + !String.IsEmpty(MusicPlayer.Genre)">$INFO[MusicPlayer.Genre]</value>
	<value condition="!String.IsEmpty(ListItem.Genre)">$INFO[ListItem.Genre]</value>
	<value description="Home-Movies" condition="Window.IsVisible(Home.xml) + Control.IsVisible(311) + !String.IsEmpty(Container(311).ListItem.Property(genre))">$INFO[Container(311).ListItem.Property(Genre)]</value>
	<value description="Home-TV" condition="Window.IsVisible(Home.xml) + Control.IsVisible(312) + !String.IsEmpty(Container(312).ListItem.Property(genre))">$INFO[Container(312).ListItem.Property(Genre)]</value>
	<value condition="String.Contains(ListItem.Path,videodb://1/7) | String.Contains(ListItem.path,videodb://movies/sets/)">$LOCALIZE[20457]</value>
	<value condition="Window.IsVisible(DialogAddonInfo.xml) + !String.IsEmpty(ListItem.AddonType)">$INFO[ListItem.AddonType]</value>
	<value condition="Window.IsVisible(FileBrowser.xml) + !String.IsEmpty(Control.GetLabel(412))">$INFO[Control.GetLabel(412)]</value>
	<value condition="Window.IsVisible(MyPics.xml)">_</value>
	<value condition="!VideoPlayer.IsFullscreen + !String.IsEmpty(Window(home).Property(ListItemGenre)) + String.IsEqual(ListItem.TVShowTitle,Window(home).Property(ListItemTVShowTitle)) + [Window.IsVisible(Home.xml) | Window.IsVisible(MyVideoNav.xml)]">$INFO[Window(home).Property(ListItemGenre)]</value>
  </variable>
  <variable name="TopVideoInformation7" description="משפט סרט/שם פרק(1107)">
    <value condition="VideoPlayer.IsFullscreen + !String.IsEmpty(VideoPlayer.Tagline)">$INFO[VideoPlayer.Tagline]</value>
	<value condition="Window.IsVisible(MusicVisualisation.xml) + !String.IsEmpty(MusicPlayer.Comment)">$INFO[MusicPlayer.Comment]</value>
	<value description="משפט סרט" condition="!String.IsEmpty(ListItem.Tagline)">$INFO[ListItem.Tagline]</value>
	<value description="שם הפרק" condition="Container.Content(Episodes) + !String.IsEqual(ListItem.Label,..) + !String.IsEmpty(ListItem.Title) + !String.Contain(ListItem.Title,ListItem.TVShowTitle) + !String.IsEqual(ListItem.Title,System.CurrentControl) + !String.IsEqual(Container(50).ListItem.Label,ListItem.Title)">[B]$INFO[ListItem.Title][/B]</value>
	<value description="שם הפרק-בית" condition="Window.IsVisible(Home.xml) + Control.IsVisible(312) + !String.IsEmpty(Container(312).ListItem.Property(title))">[B]$INFO[Container(312).ListItem.Property(title)][/B]</value>
	<value description="משפט סרט-בית" condition="Window.IsVisible(Home.xml) + Control.IsVisible(311) + !String.IsEmpty(Container(311).ListItem.Property(tagline))">[B]$INFO[Container(311).ListItem.Property(tagline)][/B]</value>
	<value description="PVR" condition="[Window.IsVisible(MyPVRChannels.xml) | Window.IsVisible(MyPVRGuide.xml) | Window.IsVisible(DialogPVRGuideOSD.xml) | Window.IsVisible(DialogPVRChannelsOSD.xml)] + !String.IsEmpty(ListItem.EpisodeName)">$INFO[ListItem.EpisodeName]</value>
	<value description="PVR" condition="[Window.IsVisible(MyPVRChannels.xml) | Window.IsVisible(MyPVRGuide.xml) | Window.IsVisible(DialogPVRGuideOSD.xml) | Window.IsVisible(DialogPVRChannelsOSD.xml)] + !String.IsEmpty(ListItem.Title)">$INFO[ListItem.Title]</value>
	<!--<value description="משפט סרט אקראי - בית" condition="[Window.IsActive(home) + Control.HasFocus(311)] + !String.IsEmpty(Container(311).ListItem.Property(Tagline))">[B]$INFO[Container(311).Property(Tagline)][/B]</value>
	<value description="שם הפרק-בית" condition="[Window.IsActive(home) + Control.HasFocus(312)] + !String.IsEmpty(Container(312).ListItem.Property(title))">[B]$INFO[Window(Home).Property(RandomMovie.2.Title)][/B]</value>-->
	<value condition="Window.IsVisible(DialogAddonInfo.xml) + !String.IsEmpty(ListItem.AddonDisclaimer)">$INFO[ListItem.AddonDisclaimer]</value>
	<value condition="Window.IsVisible(MyWeather.xml) + !String.IsEmpty(Container(50).ListItem.Label2) | Window.IsVisible(Home.xml) + String.IsEqual(Window(home).Property(Button.ID),97)">$INFO[Window(Weather).Property(Current.Condition)]   |   $INFO[Window(Weather).Property(Day0.LowTemp)] - $INFO[Window(Weather).Property(Day0.HighTemp)]</value>
	<value description="מספר פרקים שנצפו" condition="!String.Contains(Container.FolderPath,plugin://) + [Container.Content(tvshows) | Container.Content(seasons)]">$LOCALIZE[21457] $INFO[ListItem.Property(WatchedEpisodes)] $LOCALIZE[20163] $INFO[ListItem.Property(NumEpisodes)]</value>
	<value condition="[Window.IsVisible(DialogPVRChannelsOSD.xml) | Window.IsVisible(DialogPVRGuideOSD.xml)] + !String.IsEmpty(Container(11).ListItem(0).Label2)">$INFO[Container(11).ListItem(0).Label2]</value>
	<value condition="!String.IsEmpty(Container(50).ListItem.Label2) + !String.Contains(Container(50).ListItem.Label2,0 B) + !Container.Content(movies)">$INFO[Container(50).ListItem.Label2]</value>
  </variable>
  <variable name="TopVideoInformation8" description="שם סרט/סדרה">
	<value condition="VideoPlayer.IsFullscreen + !String.IsEmpty(VideoPlayer.TVShowTitle)">$INFO[VideoPlayer.TVShowTitle]</value>
	<value condition="VideoPlayer.IsFullscreen + !String.IsEmpty(VideoPlayer.Title)">$INFO[VideoPlayer.Title]</value>
	<value condition="Window.IsVisible(MusicVisualisation.xml) + !String.IsEmpty(MusicPlayer.Title)">$INFO[MusicPlayer.Title]</value>
	<value condition="[String.Contains(ListItem.Label,..)] + [Container.content(Episodes) | Container.content(Seasons)]">$INFO[Container.FolderName]</value>
	<value condition="!String.IsEmpty(ListItem.TVShowTitle) + [Container.content(Seasons) | Container.content(Episodes)]">$INFO[ListItem.TVShowTitle]</value>
	<value description="Home-Movies" condition="Window.IsVisible(Home.xml) + Control.IsVisible(311) + !String.IsEmpty(Container(311).ListItem.Property(title))">$INFO[Container(311).ListItem.Property(title)]</value>
	<value description="Home-TV" condition="Window.IsVisible(Home.xml) + Control.IsVisible(312) + !String.IsEmpty(Container(312).ListItem.Property(title))">$INFO[Container(312).ListItem.Property(tvshowtitle)]</value>
	<value description="Home-316-Super-Widget" condition="Window.IsVisible(Home.xml) + Control.IsVisible(316) + !String.IsEmpty(Container(316).ListItem.Label)">$INFO[Container(316).ListItem.Label]</value>
	<value condition="Window.IsVisible(DialogAddonInfo.xml) + !String.IsEmpty(ListItem.AddonName)">$INFO[ListItem.AddonName]</value>
	<value description="תמונות" condition="Window.IsVisible(MyPics.xml) + !String.IsEmpty(ListItem.FileName)">$INFO[ListItem.FileName]</value>
	<value condition="Window.IsVisible(MyWeather.xml) + !String.IsEmpty(Container(50).ListItem.Label)">$INFO[Control.GetLabel(31)] - $INFO[Window.Property(Current.Temperature)]$INFO[System.TemperatureUnits]</value>
	<value condition="Window.IsVisible(MyMusicNav.xml) + !String.IsEmpty(Control.GetLabel(18))">$INFO[Control.GetLabel(18)]</value>
	<value condition="Window.IsVisible(Home.xml) + String.IsEqual(Window(home).Property(Button.ID),97)">$INFO[System.Date(DDD)] - $INFO[Weather.Temperature]</value>
	<value condition="!Window.IsVisible(DialogVideoInfo.xml) + !String.IsEmpty(Container(50).ListItem.Label)">$INFO[Container(50).ListItem.Label]</value>
	<value condition="Window.IsVisible(SettingsCategory.xml) + [ControlGroup(3).HasFocus | ControlGroup(5).HasFocus]">$INFO[System.CurrentControl]</value>
	<value condition="[Window.IsVisible(DialogPVRChannelsOSD.xml) | Window.IsVisible(DialogPVRGuideOSD.xml)] + !String.IsEmpty(Container(11).ListItem(0).Label)">$INFO[Container(11).ListItem(0).Label]</value>
	<value condition="Window.IsVisible(SettingsSystemInfo.xml) + ControlGroup(100).HasFocus(95)">$LOCALIZE[20037]</value>
	<value condition="Window.IsVisible(SettingsSystemInfo.xml) + ControlGroup(100).HasFocus(94)">$LOCALIZE[13277]</value>
	<value condition="Window.IsVisible(SettingsSystemInfo.xml) + ControlGroup(100).HasFocus(96)">$LOCALIZE[13279]</value>
	<value condition="Window.IsVisible(SettingsSystemInfo.xml) + ControlGroup(100).HasFocus(97)">$LOCALIZE[13280]</value>
	<value condition="Window.IsVisible(SettingsSystemInfo.xml) + ControlGroup(100).HasFocus(98)">$LOCALIZE[13281]</value>
	<value condition="!String.IsEmpty(ListItem.Label)">$INFO[ListItem.Label]</value>
	<value>...</value>
  </variable>
  <variable name="TopVideoInformation9" description="תמונת פרק">
	<value condition="Container.Content(Episodes) + !String.IsEmpty(ListItem.Art(thumb))">$INFO[ListItem.Art(thumb)]</value>
  </variable>
  <variable name="TopVideoInformation10" description="עונה ופרק">
	<value condition="VideoPlayer.IsFullscreen + !String.IsEmpty(VideoPlayer.TVShowTitle) + !String.IsEmpty(VideoPlayer.Episode) + !String.IsEmpty(VideoPlayer.Season) + [Integer.IsGreater(VideoPlayer.Season,9) + Integer.IsGreater(VideoPlayer.Episode,9)]">S[COLOR yellow][B]$INFO[VideoPlayer.Season][/B][/COLOR] E[COLOR yellow][B]$INFO[VideoPlayer.Episode][/B][/COLOR]</value>
	<value condition="VideoPlayer.IsFullscreen + !String.IsEmpty(VideoPlayer.TVShowTitle) + !String.IsEmpty(VideoPlayer.Episode) + !String.IsEmpty(VideoPlayer.Season) + [Integer.IsGreater(VideoPlayer.Season,9) + Integer.IsLess(VideoPlayer.Episode,9)]">S[COLOR yellow][B]$INFO[VideoPlayer.Season][/B][/COLOR] E0[COLOR yellow][B]$INFO[VideoPlayer.Episode][/B][/COLOR]</value>
	<value condition="VideoPlayer.IsFullscreen + !String.IsEmpty(VideoPlayer.TVShowTitle) + !String.IsEmpty(VideoPlayer.Episode) + !String.IsEmpty(VideoPlayer.Season) + [Integer.IsLess(VideoPlayer.Season,9) + Integer.IsGreater(VideoPlayer.Episode,9)]">S0[COLOR yellow][B]$INFO[VideoPlayer.Season][/B][/COLOR] E[COLOR yellow][B]$INFO[VideoPlayer.Episode][/B][/COLOR]</value>
	<value condition="VideoPlayer.IsFullscreen + !String.IsEmpty(VideoPlayer.TVShowTitle) + !String.IsEmpty(VideoPlayer.Episode) + !String.IsEmpty(VideoPlayer.Season) + [Integer.IsLess(VideoPlayer.Season,9) + Integer.IsLess(VideoPlayer.Episode,9)]">S0[COLOR yellow][B]$INFO[VideoPlayer.Season][/B][/COLOR] E0[COLOR yellow][B]$INFO[VideoPlayer.Episode][/B][/COLOR]</value>
	
	<value condition="Window.IsVisible(MyVideoNav.xml) + Container.Content(Episodes) + !String.IsEmpty(ListItem.TVShowTitle) + !String.IsEmpty(ListItem.Episode) + !String.IsEmpty(ListItem.Season) + [Integer.IsGreater(ListItem.Season,9) + Integer.IsGreater(ListItem.Episode,9)]">S$INFO[ListItem.Season] E$INFO[ListItem.Episode]</value>
	<value condition="Window.IsVisible(MyVideoNav.xml) + Container.Content(Episodes) + !String.IsEmpty(ListItem.TVShowTitle) + !String.IsEmpty(ListItem.Episode) + !String.IsEmpty(ListItem.Season) + [Integer.IsGreater(ListItem.Season,9) + Integer.IsLess(ListItem.Episode,9)]">S$INFO[ListItem.Season] E0$INFO[ListItem.Episode]</value>
	<value condition="Window.IsVisible(MyVideoNav.xml) + Container.Content(Episodes) + !String.IsEmpty(ListItem.TVShowTitle) + !String.IsEmpty(ListItem.Episode) + !String.IsEmpty(ListItem.Season) + [Integer.IsLess(ListItem.Season,9) + Integer.IsGreater(ListItem.Episode,9)]">S0$INFO[ListItem.Season] E$INFO[ListItem.Episode]</value>
	<value condition="Window.IsVisible(MyVideoNav.xml) + Container.Content(Episodes) + !String.IsEmpty(ListItem.TVShowTitle) + !String.IsEmpty(ListItem.Episode) + !String.IsEmpty(ListItem.Season) + [Integer.IsLess(ListItem.Season,9) + Integer.IsLess(ListItem.Episode,9)]">S0$INFO[ListItem.Season] E0$INFO[ListItem.Episode]</value>
	
	<value condition="Window.IsVisible(MyVideoNav.xml) + Container.Content(Seasons) + !String.IsEmpty(ListItem.TVShowTitle) + !String.IsEmpty(ListItem.Property(TotalEpisodes)) + !String.IsEmpty(ListItem.Season) + [Integer.IsLess(ListItem.Season,9)]">S0$INFO[ListItem.Season]  E1-$INFO[ListItem.Property(TotalEpisodes)]</value>
	
	<!--<value description="HomeTvshows_en" condition="Window.IsActive(home) + Control.HasFocus(312) + !String.IsEqual(System.Language,Hebrew)">$INFO[Container(312).ListItem.Property(top2)]</value>-->
	<value condition="Window.IsVisible(Home.xml) + Control.HasFocus(312) + !String.IsEmpty(Container(312).ListItem.Property(season)) + !String.IsEmpty(Container(312).ListItem.Property(episode))">S$INFO[Container(312).ListItem.Property(Season)]  E$INFO[Container(312).ListItem.Property(Episode)]</value>
  </variable>

</includes>
