<?xml version="1.0" encoding="UTF-8" standalone="yes"?>
<addon id="plugin.video.featherence.extreme" version="0.1.2" name="Featherence Extreme" provider-name="finalmakerr">
  <requires>
    <import addon="xbmc.python" version="2.1.0"/>
    <import addon="plugin.video.youtube" version="5.1.0"/>
  </requires>
  <extension point="xbmc.python.pluginsource" library="default.py">
    <provides>video</provides>
  </extension>
  <extension point="xbmc.addon.metadata">
	<platform>all</platform>
	<summary lang="en">Watch sport extreme videos.</summary>
	<summary lang="he">צפה בסרטוני ספורט אקסטרים.</summary>
    <description lang="en"></description>
	<description lang="he"></description>
    <disclaimer>The author does not host or distribute any of the content displayed by this addon. The author does not have any affiliation with the content provider.</disclaimer>
	<email>featherence@groups.facebook.com</email>
	<forum></forum>
	<source></source>
	<website>https://www.facebook.com/groups/featherence/</website>
  </extension>
</addon>
