<?xml version="1.0" encoding="UTF-8"?>
<window id="2001">
  
  <defaultcontrol always="true">300</defaultcontrol>
  <allowoverlay>yes</allowoverlay>
  <controls>
    <include>LeftDialogAlbumInfo</include>
	<include>TopInformation</include>
    <control type="group" description="מידע אודיו (ימין)">
	  <animation condition="Player.HasVideo" effect="slide" end="0,290" reversible="false">Conditional</animation>
	  <height>440</height>		
	  <posx>1445</posx>
	  <posy>320</posy>	 
	  <width>415</width>	
	  <control type="textbox" id="4" description="פרטי אודיו">
	    <align>justify</align>
	    <include>LabelR1</include>
	    <include>AutoScrollText</include>
	    <height>400</height>
	    <posx>30</posx>
        <posy>20</posy>  
	    <width>355</width>  
	  </control>
	  <control type="list" id="50" description="פרטי אודיו">
	    <height>180</height>
	    <width>200</width>  
	  </control>
    </control>
  </controls>
</window>
