<?xml version="1.0" encoding="UTF-8" standalone="yes"?>
<addon id="plugin.video.featherence.music" name="Featherence Music" version="0.1.0" provider-name="HTPT Team">
  <requires>
	<import addon="xbmc.python" version="2.1.0"/>
	<import addon="plugin.video.youtube" version="5.1.0"/>
  </requires>
  <extension point="xbmc.python.pluginsource" library="default.py">
    <provides>video audio</provides>
  </extension>
  <extension point="xbmc.addon.metadata">
    <language>he</language>
	<platform>all</platform>
    <summary lang="en"></summary>
	<summary lang="he"></summary>
    <description lang="en"></description>
	<description lang="he"></description>
    <disclaimer lang="en"></disclaimer>
	<forum></forum>
	<source></source>
	<email>finalmakerr@gmail.com</email>
	<website></website>
  </extension>
</addon>