<?xml version="1.0" encoding="UTF-8"?>
<includes>

  <include name="Widget_Home">
    <control type="group" description="">
		<visible>Container(9000).Row(0) + !Container(9000).Row(1) + !Container(9000).HasPrevious() | ![Skin.String(MenuDesign,0) | Skin.String(MenuDesign,1) | Skin.String(MenuDesign,7)]</visible>
		<visible>Window.IsVisible(CustomHomeCustomizer.xml) | Window.IsVisible(CustomHomeCustomizer2.xml) | IsEmpty(Container(9000).ListItem(0).Property(pwd)) | [!IsEmpty(Container(9000).ListItem(0).Property(pwd)) + !IsEmpty(Window(home).Property(PassProtect))]</visible>
		<visible>!Window.IsVisible(Custom1173.xml) | Window.IsVisible(Custom1170.xml) + [StringCompare(Window(home).Property(TEMP),WidgetUnFocusFontColor) | StringCompare(Window(home).Property(TEMP),WidgetFocusFontColor)]</visible>
		<!--<visible>!Skin.HasSetting(widget) | ![StringCompare(Window(home).Property(Button.ID),90) | StringCompare(Window(home).Property(Button.ID),91)]</visible>-->
		<control type="group" description="סמן חץ ימינה">
			<visible>[Control.HasFocus(311) + Container(311).HasNext] | [Control.HasFocus(312) + Container(312).HasNext] | [Control.HasFocus(315) + Container(315).HasNext]</visible>
			<posx>60r</posx>
			<posy>275</posy>
			<control type="image" description="לא נבחר5">
			  <width>40</width>
			  <height>40</height>
			  <texture border="0">images/ArrowNF.png</texture>
			  <visible>[Control.HasFocus(311) + !Container(311).Position(4)] | [Control.HasFocus(312) + !Container(312).Position(4)] | [Control.HasFocus(315) + !Container(315).Position(4)]</visible>
			  <visible>!Skin.String(WidgetDesign)</visible>
			</control>
			<control type="image" description="נבחר5">
			  <width>40</width>
			  <height>40</height>
			  <texture border="0">images/ArrowFO.png</texture>
			  <visible>[Control.HasFocus(311) + Container(311).Position(4)] | [Control.HasFocus(312) + Container(312).Position(4)] | [Control.HasFocus(315) + Container(315).Position(4)]</visible>
			  <visible>!Skin.String(WidgetDesign)</visible>
			</control>
			
			<control type="image" description="לא נבחר7">
			  <width>40</width>
			  <height>40</height>
			  <texture border="0">images/ArrowNF.png</texture>
			  <visible>[Control.HasFocus(311) + !Container(311).Position(6)] | [Control.HasFocus(312) + !Container(312).Position(6)] | [Control.HasFocus(315) + !Container(315).Position(6)]</visible>
			  <visible>Skin.String(WidgetDesign,0)</visible>
			</control>
			<control type="image" description="נבחר7">
			  <width>40</width>
			  <height>40</height>
			  <texture border="0">images/ArrowFO.png</texture>
			  <visible>[Control.HasFocus(311) + Container(311).Position(6)] | [Control.HasFocus(312) + Container(312).Position(6)] | [Control.HasFocus(315) + Container(315).Position(6)]</visible>
			  <visible>Skin.String(WidgetDesign,0)</visible>
			</control>
			
			<control type="image" description="לא נבחר9">
			  <width>40</width>
			  <height>40</height>
			  <texture border="0">images/ArrowNF.png</texture>
			  <visible>[Control.HasFocus(311) + !Container(311).Position(8)] | [Control.HasFocus(312) + !Container(312).Position(8)] | [Control.HasFocus(315) + !Container(315).Position(8)]</visible>
			  <visible>Skin.String(WidgetDesign,1)</visible>
			</control>
			<control type="image" description="נבחר9">
			  <width>40</width>
			  <height>40</height>
			  <texture border="0">images/ArrowFO.png</texture>
			  <visible>[Control.HasFocus(311) + Container(311).Position(8)] | [Control.HasFocus(312) + Container(312).Position(8)] | [Control.HasFocus(315) + Container(315).Position(8)]</visible>
			  <visible>Skin.String(WidgetDesign,1)</visible>
			</control>
		</control>
		
		<control type="group" description="סמן חץ שמאלה">
			<visible>[Control.HasFocus(311) + Container(311).HasPrevious] | [Control.HasFocus(312) + Container(312).HasPrevious] | [Control.HasFocus(315) + Container(315).HasPrevious]</visible>
			<posx>20l</posx>
			<posy>275</posy>
			<control type="image" description="לא נבחר5">
			  <width>40</width>
			  <height>40</height>
			  <texture border="0">images/Arrow2NF.png</texture>
			  <visible>[Control.HasFocus(311) + !Container(311).Position(0)] | [Control.HasFocus(312) + !Container(312).Position(0)] | [Control.HasFocus(315) + !Container(315).Position(0)]</visible>
			</control>
			<control type="image" description="נבחר5">
			  <width>40</width>
			  <height>40</height>
			  <texture border="0">images/Arrow2FO.png</texture>
			  <visible>[Control.HasFocus(311) + Container(311).Position(0)] | [Control.HasFocus(312) + Container(312).Position(0)] | [Control.HasFocus(315) + Container(315).Position(0)]</visible>
			</control>
		</control>
		
		<control type="group" id="700" description="Shelf items שורה עליונה בכחול">
		  <animation condition="[Skin.String(MenuDesign,4)] + [!Control.HasFocus(311) + !Control.HasFocus(312) + !Control.HasFocus(315) + Control.HasFocus(9000)] + StringCompare(System.Language,Hebrew)" effect="slide" start="0,0" end="-300,0">Conditional</animation>
		  <animation condition="[Skin.String(MenuDesign,4)] + [!Control.HasFocus(311) + !Control.HasFocus(312) + !Control.HasFocus(315) + Control.HasFocus(9000)] + !StringCompare(System.Language,Hebrew)" effect="slide" start="0,0" end="300,0">Conditional</animation>
		  <include description="פנל מדף סרטים שנוספו לאחרונה" condition="!Skin.HasSetting(MoviesShelfWL)">Movies_RA</include>
		  <include condition="Skin.HasSetting(MoviesShelfWL)">Movies_WL</include> 
		  <include description="פנל מדף פרקים שנוספו לאחרונה" condition="!Skin.HasSetting(TVShelf_Watchlist)">TV_RAIR</include> 
		  <include condition="Skin.HasSetting(TVShelf_Watchlist)">TV_WL</include>
		  <include>MenuDesign_Widget</include>
		  <onright condition="Control.IsVisible(9009) + !StringCompare(System.Language,Hebrew) + Skin.String(MenuDesign,4)">9009</onright>
		  <onleft condition="Control.IsVisible(9009) + StringCompare(System.Language,Hebrew) + Skin.String(MenuDesign,4)">9009</onleft>
		  <onup condition="Control.IsVisible(9009)">9009</onup>
		  <onup condition="Control.IsVisible(7011)">7017</onup>
		  <onup condition="Player.HasAudio + !Control.IsVisible(9009)">ActivateWindow(12901)</onup>
		  <ondown>9000</ondown>
		</control>
	</control>
  </include>
  
  <include name="MenuDesign_Widget" description="תפריט וידגט עליון">
    <control type="panel" id="315">
		<visible>!Control.IsVisible(311) + !Control.IsVisible(312)</visible>
		<onright>315</onright>
		<onleft>315</onleft>
		<onup>9009</onup>
		<ondown condition="!Window.IsVisible(CustomHomeCustomizer2.xml)">9000</ondown>
		<include condition="!Skin.String(WidgetDesign)">MoviesShortcutsCommons</include>
		<include condition="Skin.String(WidgetDesign,0)">MoviesShortcutsCommons0</include>
		<include condition="Skin.String(WidgetDesign,1)">MoviesShortcutsCommons1</include>
		<content>
		  <include condition="true">WidgetContent_17</include>
		  <include condition="true">WidgetContent_18</include>
		  <include condition="true">WidgetContent_19</include>
		  <include condition="true">WidgetContent_90</include>
		  <include condition="true">WidgetContent_91</include>
		  <include condition="true">WidgetContent_92</include>
		  <include condition="true">WidgetContent_93</include>
		  <include condition="true">WidgetContent_94</include>
		  <include condition="true">WidgetContent_95</include>
		  <include condition="true">WidgetContent_96</include>
		  <include condition="true">WidgetContent_97</include>
		  <include condition="true">WidgetContent_98</include>
		  <include condition="true">WidgetContent_99</include>
		  <include condition="true">WidgetContent_100</include>
		  <include condition="true">WidgetContent_101</include>
		  <include condition="true">WidgetContent_102</include>
		  <include condition="true">WidgetContent_103</include>
		  <include condition="true">WidgetContent_104</include>
		  <include condition="true">WidgetContent_105</include>
		  <include condition="true">WidgetContent_106</include>
		  <include condition="true">WidgetContent_107</include>
		  <include condition="true">WidgetContent_108</include>
		  <include condition="true">WidgetContent_109</include>
		  <include condition="true">WidgetContent_110</include>
		  <include condition="true">WidgetContent_111</include>
		  <include condition="true">WidgetContent_112</include>
		  <include condition="true">WidgetContent_113</include>
		  <include condition="true">WidgetContent_114</include>
		  <include condition="true">WidgetContent_115</include>
		  <include condition="true">WidgetContent_116</include>
		  <include condition="true">WidgetContent_117</include>
		  <include condition="true">WidgetContent_118</include>
		  <include condition="true">WidgetContent_119</include>
		</content>
	</control>
  </include>
  
  <include name="MoviesShortcutsCommons" description="מדף סרטים/סדרות5">
	<posx>40</posx>
    <posy>90</posy>
    <width>1920</width>
    <height>500</height>
    <orientation>horizontal</orientation>
    <itemlayout height="350" width="368">
      <control type="group">
		  <include>Fade10</include>
		  <control type="image" description="תמונה לא נבחר">
		    <posx>50</posx>
		    <posy>60</posy>
		    <width>270</width>
		    <height>330</height>
		    <include condition="!Skin.String(ButtonsDesign) + Skin.HasSetting(ButtonsDesignWidget)">ButtonsDesign_thumb</include>
		    <include condition="Skin.String(ButtonsDesign,0) + Skin.HasSetting(ButtonsDesignWidget)">ButtonsDesign0_thumb</include>
		    <include condition="Skin.String(ButtonsDesign,1) + Skin.HasSetting(ButtonsDesignWidget)">ButtonsDesign1_thumb</include>
		    <include condition="Skin.String(ButtonsDesign,2) + Skin.HasSetting(ButtonsDesignWidget)">ButtonsDesign2_thumb</include>
		    <include condition="Skin.String(ButtonsDesign,3) + Skin.HasSetting(ButtonsDesignWidget)">ButtonsDesign3_thumb</include>
		    <include condition="Skin.String(ButtonsDesign,4) + Skin.HasSetting(ButtonsDesignWidget)">ButtonsDesign4_thumb</include>
		    <texture colordiffuse="$VAR[IconUnFocusColor]">$INFO[ListItem.Thumb]</texture>
		  </control>
		  <control type="image" description="צללית">
		    <posx>50</posx>
            <posy>60</posy>
            <width>270</width>
            <height>330</height>
		    <include condition="!Skin.String(ButtonsDesign) + Skin.HasSetting(ButtonsDesignWidget)">ButtonsDesign_shadow</include>
		    <include condition="Skin.String(ButtonsDesign,0) + Skin.HasSetting(ButtonsDesignWidget)">ButtonsDesign0_shadow</include>
		    <include condition="Skin.String(ButtonsDesign,1) + Skin.HasSetting(ButtonsDesignWidget)">ButtonsDesign1_shadow</include>
		    <include condition="Skin.String(ButtonsDesign,2) + Skin.HasSetting(ButtonsDesignWidget)">ButtonsDesign2_shadow</include>
		    <include condition="Skin.String(ButtonsDesign,3) + Skin.HasSetting(ButtonsDesignWidget)">ButtonsDesign3_shadow</include>
		    <include condition="Skin.String(ButtonsDesign,4) + Skin.HasSetting(ButtonsDesignWidget)">ButtonsDesign4_shadow</include>
            <texture>buttons/effects/shadow0.png</texture>
		    <visible>Skin.HasSetting(ShadowButton) + Skin.HasSetting(ButtonsDesignWidget)</visible>
          </control>
		  <control type="image" description="שקופית">
            <posx>50</posx>
            <posy>60</posy>
            <width>270</width>
            <height>330</height>
		    <include condition="!Skin.String(ButtonsDesign) + Skin.HasSetting(ButtonsDesignWidget)">ButtonsDesign_gardient</include>
		    <include condition="Skin.String(ButtonsDesign,0) + Skin.HasSetting(ButtonsDesignWidget)">ButtonsDesign0_gardient</include>
		    <include condition="Skin.String(ButtonsDesign,1) + Skin.HasSetting(ButtonsDesignWidget)">ButtonsDesign1_gardient</include>
		    <include condition="Skin.String(ButtonsDesign,2) + Skin.HasSetting(ButtonsDesignWidget)">ButtonsDesign2_gardient</include>
		    <include condition="Skin.String(ButtonsDesign,3) + Skin.HasSetting(ButtonsDesignWidget)">ButtonsDesign3_gardient</include>
		    <include condition="Skin.String(ButtonsDesign,4) + Skin.HasSetting(ButtonsDesignWidget)">ButtonsDesign4_gardient</include>
            <texture>buttons/effects/gardient0.png</texture>
		    <visible>!Skin.HasSetting(OverlayButton) + Skin.HasSetting(ButtonsDesignWidget) | IsEmpty(ListItem.Thumb)</visible>
          </control>
		  <control type="image" description="שפוע Bevel">
            <posx>50</posx>
            <posy>60</posy>
            <width>270</width>
            <height>330</height>
		    <include condition="!Skin.String(ButtonsDesign) + Skin.HasSetting(ButtonsDesignWidget)">ButtonsDesign_bevel</include>
		    <include condition="Skin.String(ButtonsDesign,0) + Skin.HasSetting(ButtonsDesignWidget)">ButtonsDesign0_bevel</include>
		    <include condition="Skin.String(ButtonsDesign,1) + Skin.HasSetting(ButtonsDesignWidget)">ButtonsDesign1_bevel</include>
		    <include condition="Skin.String(ButtonsDesign,2) + Skin.HasSetting(ButtonsDesignWidget)">ButtonsDesign2_bevel</include>
		    <include condition="Skin.String(ButtonsDesign,3) + Skin.HasSetting(ButtonsDesignWidget)">ButtonsDesign3_bevel</include>
		    <include condition="Skin.String(ButtonsDesign,4) + Skin.HasSetting(ButtonsDesignWidget)">ButtonsDesign4_bevel</include>
            <texture border="-10" diffuse="buttons/ButtonA0.png">buttons/effects/bevel0.png</texture>
		    <visible>!Skin.HasSetting(BevelButton) + Skin.HasSetting(ButtonsDesignWidget)</visible>
          </control>
		  <control type="image" description="מסגרת (Stroke)">
		    <posx>50</posx>
            <posy>60</posy>
            <width>270</width>
            <height>330</height>
		    <include condition="!Skin.String(ButtonsDesign) + Skin.HasSetting(ButtonsDesignWidget)">ButtonsDesign_stroke</include>
		    <include condition="Skin.String(ButtonsDesign,0) + Skin.HasSetting(ButtonsDesignWidget)">ButtonsDesign0_stroke</include>
		    <include condition="Skin.String(ButtonsDesign,1) + Skin.HasSetting(ButtonsDesignWidget)">ButtonsDesign1_stroke</include>
		    <include condition="Skin.String(ButtonsDesign,2) + Skin.HasSetting(ButtonsDesignWidget)">ButtonsDesign2_stroke</include>
		    <include condition="Skin.String(ButtonsDesign,3) + Skin.HasSetting(ButtonsDesignWidget)">ButtonsDesign3_stroke</include>
		    <include condition="Skin.String(ButtonsDesign,4) + Skin.HasSetting(ButtonsDesignWidget)">ButtonsDesign4_stroke</include>
		    <texture diffuse="buttons/ButtonA0.png">buttons/effects/stroke0.png</texture>
		    <visible>Skin.HasSetting(StrokeButton) + Skin.HasSetting(ButtonsDesignWidget)</visible>
		  </control>
		  <control type="image" description="OFF">
		    <aspectratio>keep</aspectratio>
		    <height>200</height>
		    <posx>25</posx>
		    <posy>120</posy>
		    <texture>misc/help/off.png</texture>
		    <visible>IsEmpty(ListItem.Property(off)) | Window.IsVisible(Custom1173.xml) + IsEmpty(Container(315).ListItem(0).Property(off))</visible>
			<visible>Control.IsVisible(315) | Window.IsVisible(Custom1175.xml)</visible>
			<visible>Window.IsVisible(CustomHomeCustomizer.xml)</visible>
		    <width>332</width>
          </control>
		  <control type="image" description="דירוג">
		    <animation condition="true" effect="rotate" end="-90" center="350,140" time="0">Conditional</animation>
		    <aspectratio align="center">keep</aspectratio>
		    <height>140</height>
		    <posx>240</posx>   <!--למעלה/למטה-->
		    <posy>390</posy>   <!--שמאלה/ימינה-->
		    <texture>$VAR[TopVideoInformation3]</texture>
		    <visible>!IsEmpty(Control.GetLabel(1103))</visible>
		    <visible>false</visible>
		    <width>170</width>
		  </control>
		  <control type="label" description="שנה">
		    <align>center</align>
		    <label>$INFO[ListItem.Property(year)]</label>   <!--[CR]$LOCALIZE[12391] $INFO[Container(311).ListItem(0).Property(runtime)]-->
		    <font>size28</font>
		    <height>30</height>
		    <posx>57</posx>
		    <posy>-2</posy>
		    <textcolor>$VAR[WidgetUnFocusFontColor]</textcolor>
		    <visible>!IsEmpty(ListItem.Property(year))</visible>
		    <visible>false</visible>
		    <width>265</width>
		  </control>
		  <control type="group" description="עונה ופרק">
			<animation condition="Skin.HasSetting(ButtonsDesignWidget)" effect="fade" start="60" end="60" time="0">Conditional</animation>
		    <animation condition="!Skin.HasSetting(ButtonsDesignWidget)" effect="fade" start="90" end="90" time="0">Conditional</animation>
			<posx>50</posx>
			<posy>360</posy>
			<control type="image" description="שחור">
			  <height>30</height>
			  <posx>8</posx>
			  <width>254</width>
			  <include condition="!Skin.String(ButtonsDesign) + Skin.HasSetting(ButtonsDesignWidget)">ButtonsDesign_black</include>
		      <include condition="Skin.String(ButtonsDesign,0) + Skin.HasSetting(ButtonsDesignWidget)">ButtonsDesign0_black</include>
		      <include condition="Skin.String(ButtonsDesign,1) + Skin.HasSetting(ButtonsDesignWidget)">ButtonsDesign1_black</include>
		      <include condition="Skin.String(ButtonsDesign,2) + Skin.HasSetting(ButtonsDesignWidget)">ButtonsDesign2_black</include>
		      <include condition="Skin.String(ButtonsDesign,3) + Skin.HasSetting(ButtonsDesignWidget)">ButtonsDesign3_black</include>
		      <include condition="Skin.String(ButtonsDesign,4) + Skin.HasSetting(ButtonsDesignWidget)">ButtonsDesign4_black</include>
			  <texture colordiffuse="ff000000" border="0">buttons/ButtonA0.png</texture>
			  <visible>!Skin.HasSetting(WidgetLabelBackground) + !IsEmpty(ListItem.Label)</visible>
			</control>
			<control type="label" description="עונה ופרק">
			  <align>center</align>
			  <label>$INFO[ListItem.Property(se)]</label> <!--[CR]$LOCALIZE[12391] $INFO[Container(311).ListItem(0).Property(runtime)]-->
			  <font>size28</font>
			  <posx>8</posx>
			  <height>30</height>
			  <width>254</width>
			  <textcolor>$VAR[WidgetUnFocusFontColor]</textcolor>
			  <visible>!IsEmpty(ListItem.Property(se)) + Control.IsVisible(312)</visible>
			</control>
			<control type="label" description="שם הסרט">
			  <align>center</align>
			  <label>$VAR[WidgetLabel]</label> <!--[CR]$LOCALIZE[12391] $INFO[Container(311).ListItem(0).Property(runtime)]-->
			  <font>size18</font>
			  <height>30</height>
			  <posx>8</posx>
			  <textcolor>$VAR[WidgetUnFocusFontColor]</textcolor>
			  <shadowcolor>black</shadowcolor>
			  <scroll>false</scroll>
			  <width>254</width>
			  <visible>![!IsEmpty(ListItem.Property(se)) + Control.IsVisible(312)]</visible>
			</control>
		</control>
      </control>
    </itemlayout>
    <focusedlayout height="350" width="368">
	  <include>SetProperty_Widget</include>
	  <control type="group">
	      <animation condition="Control.HasFocus(312) + !Container(312).OnPrevious + !Container(312).OnNext | Control.HasFocus(311) + !Container(311).OnPrevious + !Container(311).OnNext" effect="fade" start="100" end="70" delay="5000" time="3000" reversible="false">Conditional</animation>
		  <control type="image" description="רקע פאנארט">
			<animation condition="Window.IsVisible(Home.xml) + [!Container(9000).Row(0) + !Container(9000).Row(1) | Container(9000).HasPrevious()]" effect="slide" start="0,0" end="0,551" time="220">Conditional</animation>
			<animation condition="Window.IsVisible(CustomHomeCustomizer.xml) + [!Container(50).Row(0) + !Container(50).Row(1) | Container(50).HasPrevious()]" effect="slide" start="0,0" end="0,551" time="220">Conditional</animation>
			<visible>!Skin.HasSetting(background) + [Control.HasFocus(311) | Control.HasFocus(312)]</visible>
			<include>Fade_BackgroundOverlay</include>
			<animation effect="fade" time="1000">WindowOpen</animation>
			<texture>$INFO[ListItem.Property(fanart)]</texture>
			<height>1080</height>
			<width>1920</width>
			<visible>false</visible>
		  </control>
		  <control type="image" description="תמונה נבחר">
			<posx>50</posx>
			<posy>60</posy>
			<width>270</width>
			<height>330</height>
			<include condition="!Skin.String(ButtonsDesign) + Skin.HasSetting(ButtonsDesignWidget)">ButtonsDesign_thumb2</include>
		    <include condition="Skin.String(ButtonsDesign,0) + Skin.HasSetting(ButtonsDesignWidget)">ButtonsDesign0_thumb2</include>
		    <include condition="Skin.String(ButtonsDesign,1) + Skin.HasSetting(ButtonsDesignWidget)">ButtonsDesign1_thumb2</include>
		    <include condition="Skin.String(ButtonsDesign,2) + Skin.HasSetting(ButtonsDesignWidget)">ButtonsDesign2_thumb2</include>
		    <include condition="Skin.String(ButtonsDesign,3) + Skin.HasSetting(ButtonsDesignWidget)">ButtonsDesign3_thumb2</include>
		    <include condition="Skin.String(ButtonsDesign,4) + Skin.HasSetting(ButtonsDesignWidget)">ButtonsDesign4_thumb2</include>
		    <texture colordiffuse="$VAR[IconUnFocusColor]">$INFO[ListItem.Thumb]</texture>
		  </control>
		  <control type="image" description="צללית">
		    <posx>50</posx>
            <posy>60</posy>
            <width>270</width>
            <height>330</height>
		    <include condition="!Skin.String(ButtonsDesign) + Skin.HasSetting(ButtonsDesignWidget)">ButtonsDesign_shadow</include>
		    <include condition="Skin.String(ButtonsDesign,0) + Skin.HasSetting(ButtonsDesignWidget)">ButtonsDesign0_shadow</include>
		    <include condition="Skin.String(ButtonsDesign,1) + Skin.HasSetting(ButtonsDesignWidget)">ButtonsDesign1_shadow</include>
		    <include condition="Skin.String(ButtonsDesign,2) + Skin.HasSetting(ButtonsDesignWidget)">ButtonsDesign2_shadow</include>
		    <include condition="Skin.String(ButtonsDesign,3) + Skin.HasSetting(ButtonsDesignWidget)">ButtonsDesign3_shadow</include>
		    <include condition="Skin.String(ButtonsDesign,4) + Skin.HasSetting(ButtonsDesignWidget)">ButtonsDesign4_shadow</include>
            <texture diffuse="buttons/ButtonA0.png">buttons/effects/shadow0.png</texture>
		    <visible>Skin.HasSetting(ShadowButton) + Skin.HasSetting(ButtonsDesignWidget)</visible>
          </control>
		  <control type="image" description="שקופית">
            <posx>50</posx>
            <posy>60</posy>
            <width>270</width>
            <height>330</height>
		    <include condition="!Skin.String(ButtonsDesign) + Skin.HasSetting(ButtonsDesignWidget)">ButtonsDesign_gardient</include>
		    <include condition="Skin.String(ButtonsDesign,0) + Skin.HasSetting(ButtonsDesignWidget)">ButtonsDesign0_gardient</include>
		    <include condition="Skin.String(ButtonsDesign,1) + Skin.HasSetting(ButtonsDesignWidget)">ButtonsDesign1_gardient</include>
		    <include condition="Skin.String(ButtonsDesign,2) + Skin.HasSetting(ButtonsDesignWidget)">ButtonsDesign2_gardient</include>
		    <include condition="Skin.String(ButtonsDesign,3) + Skin.HasSetting(ButtonsDesignWidget)">ButtonsDesign3_gardient</include>
		    <include condition="Skin.String(ButtonsDesign,4) + Skin.HasSetting(ButtonsDesignWidget)">ButtonsDesign4_gardient</include>
            <texture diffuse="buttons/ButtonA0.png">buttons/effects/gardient0.png</texture>
		    <visible>!Skin.HasSetting(OverlayButton) + Skin.HasSetting(ButtonsDesignWidget) | IsEmpty(ListItem.Thumb)</visible>
          </control>
		  <control type="image" description="שפוע Bevel">
            <posx>50</posx>
            <posy>60</posy>
            <width>270</width>
            <height>330</height>
		    <include condition="!Skin.String(ButtonsDesign) + Skin.HasSetting(ButtonsDesignWidget)">ButtonsDesign_bevel</include>
		    <include condition="Skin.String(ButtonsDesign,0) + Skin.HasSetting(ButtonsDesignWidget)">ButtonsDesign0_bevel</include>
		    <include condition="Skin.String(ButtonsDesign,1) + Skin.HasSetting(ButtonsDesignWidget)">ButtonsDesign1_bevel</include>
		    <include condition="Skin.String(ButtonsDesign,2) + Skin.HasSetting(ButtonsDesignWidget)">ButtonsDesign2_bevel</include>
		    <include condition="Skin.String(ButtonsDesign,3) + Skin.HasSetting(ButtonsDesignWidget)">ButtonsDesign3_bevel</include>
		    <include condition="Skin.String(ButtonsDesign,4) + Skin.HasSetting(ButtonsDesignWidget)">ButtonsDesign4_bevel</include>
            <texture diffuse="buttons/ButtonA0.png">buttons/effects/bevel0.png</texture>
		    <visible>!Skin.HasSetting(BevelButton) + Skin.HasSetting(ButtonsDesignWidget)</visible>
          </control>
		  <control type="image" description="מסגרת (Stroke)">
		    <posx>50</posx>
            <posy>60</posy>
            <width>270</width>
            <height>330</height>
		    <include condition="!Skin.String(ButtonsDesign) + Skin.HasSetting(ButtonsDesignWidget)">ButtonsDesign_stroke</include>
		    <include condition="Skin.String(ButtonsDesign,0) + Skin.HasSetting(ButtonsDesignWidget)">ButtonsDesign0_stroke</include>
		    <include condition="Skin.String(ButtonsDesign,1) + Skin.HasSetting(ButtonsDesignWidget)">ButtonsDesign1_stroke</include>
		    <include condition="Skin.String(ButtonsDesign,2) + Skin.HasSetting(ButtonsDesignWidget)">ButtonsDesign2_stroke</include>
		    <include condition="Skin.String(ButtonsDesign,3) + Skin.HasSetting(ButtonsDesignWidget)">ButtonsDesign3_stroke</include>
		    <include condition="Skin.String(ButtonsDesign,4) + Skin.HasSetting(ButtonsDesignWidget)">ButtonsDesign4_stroke</include>
		    <texture diffuse="buttons/ButtonA0.png">buttons/effects/stroke0.png</texture>
		    <visible>Skin.HasSetting(StrokeButton) + Skin.HasSetting(ButtonsDesignWidget)</visible>
		  </control>
		  <control type="image" description="OFF">
			  <aspectratio>keep</aspectratio>
			  <height>200</height>
			  <posx>25</posx>
			  <posy>120</posy>
			  <texture>misc/help/off.png</texture>
			  <visible>IsEmpty(ListItem.Property(off)) | Window.IsVisible(Custom1173.xml) + IsEmpty(Container(315).ListItem(0).Property(off))</visible>
			  <visible>Control.IsVisible(315) | Window.IsVisible(Custom1175.xml)</visible>
			  <visible>Window.IsVisible(CustomHomeCustomizer.xml)</visible>
			  <width>332</width>
          </control>
		  <control type="group" description="קבוצה כותרות">
			<!--<include>Fade3</include>-->
			<control type="image" description="קדימון">
			  <height>70</height>		
			  <posx>285</posx>
			  <posy>0</posy>
			  <texture>osd/buttons/OSDTrailerNF.png</texture>
			  <visible>!IsEmpty(ListItem.Property(trailer)) + !Skin.HasSetting(trailers)</visible>
			  <width>70</width>
			  <visible>false</visible>
			</control>
			<control type="image" description="קדימון">
			  <height>70</height>		
			  <posx>285</posx>
			  <posy>0</posy>
			  <texture>osd/buttons/OSDTrailerFO.png</texture>
			  <visible>!IsEmpty(ListItem.Property(trailer)) + Skin.HasSetting(trailers)</visible>
			  <width>70</width>
			</control>
			<control type="image" description="דירוג">
			  <animation condition="true" effect="rotate" end="-90" center="350,140" time="0">Conditional</animation>
			  <aspectratio align="center">keep</aspectratio>
			  <height>140</height>
			  <posx>240</posx> <!--למעלה/למטה-->
			  <posy>390</posy> <!--שמאלה/ימינה-->
			  <texture>$VAR[TopVideoInformation3]</texture>
			  <visible>!IsEmpty(Listitem.Property(rating)) + IntegerGreaterThan(Listitem.Property(rating),0) + !IntegerGreaterThan(Listitem.Property(rating),9.9)</visible>
			  <visible>false</visible>
			  <width>170</width>
			</control>
			<control type="group" description="עונה ופרק">
				<animation condition="Skin.HasSetting(ButtonsDesignWidget)" effect="fade" start="60" end="60" time="0">Conditional</animation>
		        <animation condition="!Skin.HasSetting(ButtonsDesignWidget)" effect="fade" start="90" end="90" time="0">Conditional</animation>
				<posx>50</posx>
				<posy>360</posy>
				<control type="image" description="שחור">
				  <height>30</height>
				  <posx>8</posx>
				  <width>254</width>
				  <include condition="!Skin.String(ButtonsDesign) + Skin.HasSetting(ButtonsDesignWidget)">ButtonsDesign_black</include>
				  <include condition="Skin.String(ButtonsDesign,0) + Skin.HasSetting(ButtonsDesignWidget)">ButtonsDesign0_black</include>
				  <include condition="Skin.String(ButtonsDesign,1) + Skin.HasSetting(ButtonsDesignWidget)">ButtonsDesign1_black</include>
				  <include condition="Skin.String(ButtonsDesign,2) + Skin.HasSetting(ButtonsDesignWidget)">ButtonsDesign2_black</include>
				  <include condition="Skin.String(ButtonsDesign,3) + Skin.HasSetting(ButtonsDesignWidget)">ButtonsDesign3_black</include>
				  <include condition="Skin.String(ButtonsDesign,4) + Skin.HasSetting(ButtonsDesignWidget)">ButtonsDesign4_black</include>
				  <texture colordiffuse="ff000000" border="0">buttons/ButtonA0.png</texture>
				  <visible>!Skin.HasSetting(WidgetLabelBackground) + !IsEmpty(ListItem.Label)</visible>
				</control>
				<control type="label" description="עונה ופרק">
				  <align>center</align>
				  <label>$INFO[ListItem.Property(se)]</label> <!--[CR]$LOCALIZE[12391] $INFO[Container(311).ListItem(0).Property(runtime)]-->
				  <font>size28</font>
				  <height>30</height>
				  <posx>8</posx>
				  <width>254</width>
				  <textcolor>$VAR[WidgetFocusFontColor]</textcolor>
				  <visible>!IsEmpty(ListItem.Property(se)) + Control.IsVisible(312)</visible>
				</control>
				<control type="label" description="שם הסרט">
				  <align>center</align>
				  <label>$VAR[WidgetLabel]</label> <!--[CR]$LOCALIZE[12391] $INFO[Container(311).ListItem(0).Property(runtime)]-->
				  <font>size18</font>
				  <height>30</height>
				  <posx>8</posx>
				  <textcolor>$VAR[WidgetFocusFontColor]</textcolor>
				  <shadowcolor>black</shadowcolor>
				  <scroll>false</scroll>
				  <width>254</width>
				  <visible>![!IsEmpty(ListItem.Property(se)) + Control.IsVisible(312)]</visible>
				</control>
			</control>
		  </control>
		  <control type="image" description="סמן בחירה">
			<posx>50</posx>
			<posy>60</posy>
			<width>270</width>
			<height>330</height>
			<texture border="10" colordiffuse="$VAR[SelectedFrameColor]">misc/frames/selector.png</texture>
		    <visible>Skin.HasSetting(SelectionMarker) | [Window.IsVisible(CustomHomeCustomizer.xml) + [Window.IsVisible(Custom1175.xml) | IsEmpty(ListItem.Label)]]</visible>
		    <visible>!IsEmpty(Window(home).Property(WidgetButton.ID_)) | Control.IsVisible(311) | Control.IsVisible(312)</visible>
		  </control>
	  </control>
	</focusedlayout>
  </include>
  
  <include name="MoviesShortcutsCommons0" description="מדף סרטים/סדרות7">
	<posx>40</posx>
    <posy>90</posy>
    <width>1830</width>
    <height>500</height>
    <orientation>horizontal</orientation>
    <itemlayout height="350" width="260">
      <control type="group">
		  <include>Fade10</include>
		  <control type="image" description="תמונה לא נבחר">
		    <posx>10</posx>
		    <posy>60</posy>
		    <width>250</width>
		    <height>330</height>
		    <include condition="!Skin.String(ButtonsDesign) + Skin.HasSetting(ButtonsDesignWidget)">ButtonsDesign_thumb</include>
		    <include condition="Skin.String(ButtonsDesign,0) + Skin.HasSetting(ButtonsDesignWidget)">ButtonsDesign0_thumb</include>
		    <include condition="Skin.String(ButtonsDesign,1) + Skin.HasSetting(ButtonsDesignWidget)">ButtonsDesign1_thumb</include>
		    <include condition="Skin.String(ButtonsDesign,2) + Skin.HasSetting(ButtonsDesignWidget)">ButtonsDesign2_thumb</include>
		    <include condition="Skin.String(ButtonsDesign,3) + Skin.HasSetting(ButtonsDesignWidget)">ButtonsDesign3_thumb</include>
		    <include condition="Skin.String(ButtonsDesign,4) + Skin.HasSetting(ButtonsDesignWidget)">ButtonsDesign4_thumb</include>
		    <texture colordiffuse="$VAR[IconUnFocusColor]">$INFO[ListItem.Thumb]</texture>
		  </control>
		  <control type="image" description="צללית">
		    <posx>10</posx>
            <posy>60</posy>
            <width>250</width>
            <height>330</height>
		    <include condition="!Skin.String(ButtonsDesign) + Skin.HasSetting(ButtonsDesignWidget)">ButtonsDesign_shadow</include>
		    <include condition="Skin.String(ButtonsDesign,0) + Skin.HasSetting(ButtonsDesignWidget)">ButtonsDesign0_shadow</include>
		    <include condition="Skin.String(ButtonsDesign,1) + Skin.HasSetting(ButtonsDesignWidget)">ButtonsDesign1_shadow</include>
		    <include condition="Skin.String(ButtonsDesign,2) + Skin.HasSetting(ButtonsDesignWidget)">ButtonsDesign2_shadow</include>
		    <include condition="Skin.String(ButtonsDesign,3) + Skin.HasSetting(ButtonsDesignWidget)">ButtonsDesign3_shadow</include>
		    <include condition="Skin.String(ButtonsDesign,4) + Skin.HasSetting(ButtonsDesignWidget)">ButtonsDesign4_shadow</include>
            <texture>buttons/effects/shadow0.png</texture>
		    <visible>Skin.HasSetting(ShadowButton) + Skin.HasSetting(ButtonsDesignWidget)</visible>
          </control>
		  <control type="image" description="שקופית">
            <posx>10</posx>
            <posy>60</posy>
            <width>250</width>
            <height>330</height>
		    <include condition="!Skin.String(ButtonsDesign) + Skin.HasSetting(ButtonsDesignWidget)">ButtonsDesign_gardient</include>
		    <include condition="Skin.String(ButtonsDesign,0) + Skin.HasSetting(ButtonsDesignWidget)">ButtonsDesign0_gardient</include>
		    <include condition="Skin.String(ButtonsDesign,1) + Skin.HasSetting(ButtonsDesignWidget)">ButtonsDesign1_gardient</include>
		    <include condition="Skin.String(ButtonsDesign,2) + Skin.HasSetting(ButtonsDesignWidget)">ButtonsDesign2_gardient</include>
		    <include condition="Skin.String(ButtonsDesign,3) + Skin.HasSetting(ButtonsDesignWidget)">ButtonsDesign3_gardient</include>
		    <include condition="Skin.String(ButtonsDesign,4) + Skin.HasSetting(ButtonsDesignWidget)">ButtonsDesign4_gardient</include>
            <texture>buttons/effects/gardient0.png</texture>
		    <visible>!Skin.HasSetting(OverlayButton) + Skin.HasSetting(ButtonsDesignWidget) | IsEmpty(ListItem.Thumb)</visible>
          </control>
		  <control type="image" description="שפוע Bevel">
            <posx>10</posx>
            <posy>60</posy>
            <width>250</width>
            <height>330</height>
		    <include condition="!Skin.String(ButtonsDesign) + Skin.HasSetting(ButtonsDesignWidget)">ButtonsDesign_bevel</include>
		    <include condition="Skin.String(ButtonsDesign,0) + Skin.HasSetting(ButtonsDesignWidget)">ButtonsDesign0_bevel</include>
		    <include condition="Skin.String(ButtonsDesign,1) + Skin.HasSetting(ButtonsDesignWidget)">ButtonsDesign1_bevel</include>
		    <include condition="Skin.String(ButtonsDesign,2) + Skin.HasSetting(ButtonsDesignWidget)">ButtonsDesign2_bevel</include>
		    <include condition="Skin.String(ButtonsDesign,3) + Skin.HasSetting(ButtonsDesignWidget)">ButtonsDesign3_bevel</include>
		    <include condition="Skin.String(ButtonsDesign,4) + Skin.HasSetting(ButtonsDesignWidget)">ButtonsDesign4_bevel</include>
            <texture border="-10" diffuse="buttons/ButtonA0.png">buttons/effects/bevel0.png</texture>
		    <visible>!Skin.HasSetting(BevelButton) + Skin.HasSetting(ButtonsDesignWidget)</visible>
          </control>
		  <control type="image" description="מסגרת (Stroke)">
		    <posx>10</posx>
            <posy>60</posy>
            <width>250</width>
            <height>330</height>
		    <include condition="!Skin.String(ButtonsDesign) + Skin.HasSetting(ButtonsDesignWidget)">ButtonsDesign_stroke</include>
		    <include condition="Skin.String(ButtonsDesign,0) + Skin.HasSetting(ButtonsDesignWidget)">ButtonsDesign0_stroke</include>
		    <include condition="Skin.String(ButtonsDesign,1) + Skin.HasSetting(ButtonsDesignWidget)">ButtonsDesign1_stroke</include>
		    <include condition="Skin.String(ButtonsDesign,2) + Skin.HasSetting(ButtonsDesignWidget)">ButtonsDesign2_stroke</include>
		    <include condition="Skin.String(ButtonsDesign,3) + Skin.HasSetting(ButtonsDesignWidget)">ButtonsDesign3_stroke</include>
		    <include condition="Skin.String(ButtonsDesign,4) + Skin.HasSetting(ButtonsDesignWidget)">ButtonsDesign4_stroke</include>
		    <texture diffuse="buttons/ButtonA0.png">buttons/effects/stroke0.png</texture>
		    <visible>Skin.HasSetting(StrokeButton) + Skin.HasSetting(ButtonsDesignWidget)</visible>
		  </control>
		  <control type="image" description="OFF">
		    <aspectratio>keep</aspectratio>
		    <height>200</height>
		    <posx>15</posx>
		    <posy>120</posy>
		    <texture>misc/help/off.png</texture>
		    <visible>IsEmpty(ListItem.Property(off)) | Window.IsVisible(Custom1173.xml) + IsEmpty(Container(315).ListItem(0).Property(off))</visible>
			<visible>Control.IsVisible(315) | Window.IsVisible(Custom1175.xml)</visible>
			<visible>Window.IsVisible(CustomHomeCustomizer.xml)</visible>
		    <width>250</width>
          </control>
		  <control type="image" description="דירוג">
		    <animation condition="true" effect="rotate" end="-90" center="350,140" time="0">Conditional</animation>
		    <aspectratio align="center">keep</aspectratio>
		    <height>140</height>
		    <posx>240</posx>   <!--למעלה/למטה-->
		    <posy>390</posy>   <!--שמאלה/ימינה-->
		    <texture>$VAR[TopVideoInformation3]</texture>
		    <visible>!IsEmpty(Control.GetLabel(1103))</visible>
		    <visible>false</visible>
		    <width>170</width>
		  </control>
		  <control type="label" description="שנה">
		    <align>center</align>
		    <label>$INFO[ListItem.Property(year)]</label>   <!--[CR]$LOCALIZE[12391] $INFO[Container(311).ListItem(0).Property(runtime)]-->
		    <font>size28</font>
		    <height>30</height>
		    <posx>57</posx>
		    <posy>-2</posy>
		    <textcolor>white2</textcolor>
		    <visible>!IsEmpty(ListItem.Property(year))</visible>
		    <visible>false</visible>
		    <width>265</width>
		  </control>
		  <control type="group" description="עונה ופרק">
			<animation condition="Skin.HasSetting(ButtonsDesignWidget)" effect="fade" start="60" end="60" time="0">Conditional</animation>
		    <animation condition="!Skin.HasSetting(ButtonsDesignWidget)" effect="fade" start="90" end="90" time="0">Conditional</animation>
			<posx>10</posx>
			<posy>360</posy>
			<control type="image" description="שחור">
			  <height>30</height>
			  <posx>8</posx>
			  <width>234</width>
			  <include condition="!Skin.String(ButtonsDesign) + Skin.HasSetting(ButtonsDesignWidget)">ButtonsDesign_black</include>
		      <include condition="Skin.String(ButtonsDesign,0) + Skin.HasSetting(ButtonsDesignWidget)">ButtonsDesign0_black</include>
		      <include condition="Skin.String(ButtonsDesign,1) + Skin.HasSetting(ButtonsDesignWidget)">ButtonsDesign1_black</include>
		      <include condition="Skin.String(ButtonsDesign,2) + Skin.HasSetting(ButtonsDesignWidget)">ButtonsDesign2_black</include>
		      <include condition="Skin.String(ButtonsDesign,3) + Skin.HasSetting(ButtonsDesignWidget)">ButtonsDesign3_black</include>
		      <include condition="Skin.String(ButtonsDesign,4) + Skin.HasSetting(ButtonsDesignWidget)">ButtonsDesign4_black</include>
			  <texture colordiffuse="ff000000" border="0">buttons/ButtonA0.png</texture>
			  <visible>!Skin.HasSetting(WidgetLabelBackground) + !IsEmpty(ListItem.Label)</visible>
			</control>
			<control type="label" description="עונה ופרק">
			  <align>center</align>
			  <label>$INFO[ListItem.Property(se)]</label> <!--[CR]$LOCALIZE[12391] $INFO[Container(311).ListItem(0).Property(runtime)]-->
			  <font>size28</font>
			  <height>30</height>
			  <posx>8</posx>
			  <width>234</width>
			  <textcolor>$VAR[WidgetUnFocusFontColor]</textcolor>
			  <visible>!IsEmpty(ListItem.Property(se)) + Control.IsVisible(312)</visible>
			</control>
			<control type="label" description="שם הסרט">
			  <align>center</align>
			  <label>$VAR[WidgetLabel]</label> <!--[CR]$LOCALIZE[12391] $INFO[Container(311).ListItem(0).Property(runtime)]-->
			  <font>size18</font>
			  <height>30</height>
			  <posx>8</posx>
			  <textcolor>$VAR[WidgetUnFocusFontColor]</textcolor>
			  <shadowcolor>black</shadowcolor>
			  <scroll>false</scroll>
			  <width>234</width>
			  <visible>![!IsEmpty(ListItem.Property(se)) + Control.IsVisible(312)]</visible>
			</control>
		</control>
      </control>
    </itemlayout>
    <focusedlayout height="350" width="260">
	  <include>SetProperty_Widget</include>
	  <control type="group">
	      <animation condition="Control.HasFocus(312) + !Container(312).OnPrevious + !Container(312).OnNext | Control.HasFocus(311) + !Container(311).OnPrevious + !Container(311).OnNext" effect="fade" start="100" end="70" delay="5000" time="3000" reversible="false">Conditional</animation>
		  <control type="image" description="רקע פאנארט">
			<animation condition="Window.IsVisible(Home.xml) + [!Container(9000).Row(0) + !Container(9000).Row(1) | Container(9000).HasPrevious()]" effect="slide" start="0,0" end="0,551" time="220">Conditional</animation>
			<animation condition="Window.IsVisible(CustomHomeCustomizer.xml) + [!Container(50).Row(0) + !Container(50).Row(1) | Container(50).HasPrevious()]" effect="slide" start="0,0" end="0,551" time="220">Conditional</animation>
			<visible>!Skin.HasSetting(background) + [Control.HasFocus(311) | Control.HasFocus(312)]</visible>
			<include>Fade_BackgroundOverlay</include>
			<animation effect="fade" time="1000">WindowOpen</animation>
			<texture>$INFO[ListItem.Property(fanart)]</texture>
			<height>1080</height>
			<width>1920</width>
			<visible>false</visible>
		  </control>
		  <control type="image" description="תמונה נבחר">
			<posx>10</posx>
			<posy>60</posy>
			<width>250</width>
			<height>330</height>
			<include condition="!Skin.String(ButtonsDesign) + Skin.HasSetting(ButtonsDesignWidget)">ButtonsDesign_thumb2</include>
		    <include condition="Skin.String(ButtonsDesign,0) + Skin.HasSetting(ButtonsDesignWidget)">ButtonsDesign0_thumb2</include>
		    <include condition="Skin.String(ButtonsDesign,1) + Skin.HasSetting(ButtonsDesignWidget)">ButtonsDesign1_thumb2</include>
		    <include condition="Skin.String(ButtonsDesign,2) + Skin.HasSetting(ButtonsDesignWidget)">ButtonsDesign2_thumb2</include>
		    <include condition="Skin.String(ButtonsDesign,3) + Skin.HasSetting(ButtonsDesignWidget)">ButtonsDesign3_thumb2</include>
		    <include condition="Skin.String(ButtonsDesign,4) + Skin.HasSetting(ButtonsDesignWidget)">ButtonsDesign4_thumb2</include>
		    <texture colordiffuse="$VAR[IconUnFocusColor]">$INFO[ListItem.Thumb]</texture>
		  </control>
		  <control type="image" description="צללית">
		    <posx>10</posx>
            <posy>60</posy>
            <width>250</width>
            <height>330</height>
		    <include condition="!Skin.String(ButtonsDesign) + Skin.HasSetting(ButtonsDesignWidget)">ButtonsDesign_shadow</include>
		    <include condition="Skin.String(ButtonsDesign,0) + Skin.HasSetting(ButtonsDesignWidget)">ButtonsDesign0_shadow</include>
		    <include condition="Skin.String(ButtonsDesign,1) + Skin.HasSetting(ButtonsDesignWidget)">ButtonsDesign1_shadow</include>
		    <include condition="Skin.String(ButtonsDesign,2) + Skin.HasSetting(ButtonsDesignWidget)">ButtonsDesign2_shadow</include>
		    <include condition="Skin.String(ButtonsDesign,3) + Skin.HasSetting(ButtonsDesignWidget)">ButtonsDesign3_shadow</include>
		    <include condition="Skin.String(ButtonsDesign,4) + Skin.HasSetting(ButtonsDesignWidget)">ButtonsDesign4_shadow</include>
            <texture diffuse="buttons/ButtonA0.png">buttons/effects/shadow0.png</texture>
		    <visible>Skin.HasSetting(ShadowButton) + Skin.HasSetting(ButtonsDesignWidget)</visible>
          </control>
		  <control type="image" description="שקופית">
            <posx>10</posx>
            <posy>60</posy>
            <width>250</width>
            <height>330</height>
		    <include condition="!Skin.String(ButtonsDesign) + Skin.HasSetting(ButtonsDesignWidget)">ButtonsDesign_gardient</include>
		    <include condition="Skin.String(ButtonsDesign,0) + Skin.HasSetting(ButtonsDesignWidget)">ButtonsDesign0_gardient</include>
		    <include condition="Skin.String(ButtonsDesign,1) + Skin.HasSetting(ButtonsDesignWidget)">ButtonsDesign1_gardient</include>
		    <include condition="Skin.String(ButtonsDesign,2) + Skin.HasSetting(ButtonsDesignWidget)">ButtonsDesign2_gardient</include>
		    <include condition="Skin.String(ButtonsDesign,3) + Skin.HasSetting(ButtonsDesignWidget)">ButtonsDesign3_gardient</include>
		    <include condition="Skin.String(ButtonsDesign,4) + Skin.HasSetting(ButtonsDesignWidget)">ButtonsDesign4_gardient</include>
            <texture diffuse="buttons/ButtonA0.png">buttons/effects/gardient0.png</texture>
		    <visible>!Skin.HasSetting(OverlayButton) + Skin.HasSetting(ButtonsDesignWidget) | IsEmpty(ListItem.Thumb)</visible>
          </control>
		  <control type="image" description="שפוע Bevel">
            <posx>10</posx>
            <posy>60</posy>
            <width>250</width>
            <height>330</height>
		    <include condition="!Skin.String(ButtonsDesign) + Skin.HasSetting(ButtonsDesignWidget)">ButtonsDesign_bevel</include>
		    <include condition="Skin.String(ButtonsDesign,0) + Skin.HasSetting(ButtonsDesignWidget)">ButtonsDesign0_bevel</include>
		    <include condition="Skin.String(ButtonsDesign,1) + Skin.HasSetting(ButtonsDesignWidget)">ButtonsDesign1_bevel</include>
		    <include condition="Skin.String(ButtonsDesign,2) + Skin.HasSetting(ButtonsDesignWidget)">ButtonsDesign2_bevel</include>
		    <include condition="Skin.String(ButtonsDesign,3) + Skin.HasSetting(ButtonsDesignWidget)">ButtonsDesign3_bevel</include>
		    <include condition="Skin.String(ButtonsDesign,4) + Skin.HasSetting(ButtonsDesignWidget)">ButtonsDesign4_bevel</include>
            <texture diffuse="buttons/ButtonA0.png">buttons/effects/bevel0.png</texture>
		    <visible>!Skin.HasSetting(BevelButton) + Skin.HasSetting(ButtonsDesignWidget)</visible>
          </control>
		  <control type="image" description="מסגרת (Stroke)">
		    <posx>10</posx>
            <posy>60</posy>
            <width>250</width>
            <height>330</height>
		    <include condition="!Skin.String(ButtonsDesign) + Skin.HasSetting(ButtonsDesignWidget)">ButtonsDesign_stroke</include>
		    <include condition="Skin.String(ButtonsDesign,0) + Skin.HasSetting(ButtonsDesignWidget)">ButtonsDesign0_stroke</include>
		    <include condition="Skin.String(ButtonsDesign,1) + Skin.HasSetting(ButtonsDesignWidget)">ButtonsDesign1_stroke</include>
		    <include condition="Skin.String(ButtonsDesign,2) + Skin.HasSetting(ButtonsDesignWidget)">ButtonsDesign2_stroke</include>
		    <include condition="Skin.String(ButtonsDesign,3) + Skin.HasSetting(ButtonsDesignWidget)">ButtonsDesign3_stroke</include>
		    <include condition="Skin.String(ButtonsDesign,4) + Skin.HasSetting(ButtonsDesignWidget)">ButtonsDesign4_stroke</include>
		    <texture diffuse="buttons/ButtonA0.png">buttons/effects/stroke0.png</texture>
		    <visible>Skin.HasSetting(StrokeButton) + Skin.HasSetting(ButtonsDesignWidget)</visible>
		  </control>
		  <control type="image" description="OFF">
			  <aspectratio>keep</aspectratio>
			  <height>200</height>
			  <posx>15</posx>
			  <posy>120</posy>
			  <texture>misc/help/off.png</texture>
			  <visible>IsEmpty(ListItem.Property(off)) | Window.IsVisible(Custom1173.xml) + IsEmpty(Container(315).ListItem(0).Property(off))</visible>
			  <visible>Control.IsVisible(315) | Window.IsVisible(Custom1175.xml)</visible>
			  <visible>Window.IsVisible(CustomHomeCustomizer.xml)</visible>
			  <width>250</width>
          </control>
		  <control type="group" description="קבוצה כותרות">
			<!--<include>Fade3</include>-->
			<control type="image" description="קדימון">
			  <height>70</height>		
			  <posx>285</posx>
			  <posy>0</posy>
			  <texture>osd/buttons/OSDTrailerNF.png</texture>
			  <visible>!IsEmpty(ListItem.Property(trailer)) + !Skin.HasSetting(trailers)</visible>
			  <width>70</width>
			  <visible>false</visible>
			</control>
			<control type="image" description="קדימון">
			  <height>70</height>		
			  <posx>285</posx>
			  <posy>0</posy>
			  <texture>osd/buttons/OSDTrailerFO.png</texture>
			  <visible>!IsEmpty(ListItem.Property(trailer)) + Skin.HasSetting(trailers)</visible>
			  <width>70</width>
			</control>
			<control type="image" description="דירוג">
			  <animation condition="true" effect="rotate" end="-90" center="350,140" time="0">Conditional</animation>
			  <aspectratio align="center">keep</aspectratio>
			  <height>140</height>
			  <posx>240</posx> <!--למעלה/למטה-->
			  <posy>390</posy> <!--שמאלה/ימינה-->
			  <texture>$VAR[TopVideoInformation3]</texture>
			  <visible>!IsEmpty(Listitem.Property(rating)) + IntegerGreaterThan(Listitem.Property(rating),0) + !IntegerGreaterThan(Listitem.Property(rating),9.9)</visible>
			  <visible>false</visible>
			  <width>170</width>
			</control>
			<control type="group" description="עונה ופרק">
				<animation condition="Skin.HasSetting(ButtonsDesignWidget)" effect="fade" start="60" end="60" time="0">Conditional</animation>
		        <animation condition="!Skin.HasSetting(ButtonsDesignWidget)" effect="fade" start="90" end="90" time="0">Conditional</animation>
				<posx>10</posx>
				<posy>360</posy>
				<control type="image" description="שחור">
				  <height>30</height>
				  <posx>8</posx>
				  <width>234</width>
				  <include condition="!Skin.String(ButtonsDesign) + Skin.HasSetting(ButtonsDesignWidget)">ButtonsDesign_black</include>
				  <include condition="Skin.String(ButtonsDesign,0) + Skin.HasSetting(ButtonsDesignWidget)">ButtonsDesign0_black</include>
				  <include condition="Skin.String(ButtonsDesign,1) + Skin.HasSetting(ButtonsDesignWidget)">ButtonsDesign1_black</include>
				  <include condition="Skin.String(ButtonsDesign,2) + Skin.HasSetting(ButtonsDesignWidget)">ButtonsDesign2_black</include>
				  <include condition="Skin.String(ButtonsDesign,3) + Skin.HasSetting(ButtonsDesignWidget)">ButtonsDesign3_black</include>
				  <include condition="Skin.String(ButtonsDesign,4) + Skin.HasSetting(ButtonsDesignWidget)">ButtonsDesign4_black</include>
				  <texture colordiffuse="ff000000" border="0">buttons/ButtonA0.png</texture>
				  <visible>!Skin.HasSetting(WidgetLabelBackground) + !IsEmpty(ListItem.Label)</visible>
				</control>
				<control type="label" description="עונה ופרק">
				  <align>center</align>
				  <label>$INFO[ListItem.Property(se)]</label> <!--[CR]$LOCALIZE[12391] $INFO[Container(311).ListItem(0).Property(runtime)]-->
				  <font>size28</font>
				  <textcolor>$VAR[WidgetFocusFontColor]</textcolor>
				  <height>30</height>
				  <posx>8</posx>
				  <width>234</width>
				  <textcolor>white2</textcolor>
				  <visible>!IsEmpty(ListItem.Property(se)) + Control.IsVisible(312)</visible>
				</control>
				<control type="label" description="שם הסרט">
				  <align>center</align>
				  <label>$VAR[WidgetLabel]</label> <!--[CR]$LOCALIZE[12391] $INFO[Container(311).ListItem(0).Property(runtime)]-->
				  <font>size18</font>
				  <height>30</height>
				  <posx>8</posx>
				  <textcolor>$VAR[WidgetFocusFontColor]</textcolor>
				  <shadowcolor>black</shadowcolor>
				  <scroll>false</scroll>
				  <width>234</width>
				  <visible>![!IsEmpty(ListItem.Property(se)) + Control.IsVisible(312)]</visible>
				</control>
			</control>
		  </control>
		  <control type="image" description="סמן בחירה">
			<posx>10</posx>
			<posy>60</posy>
			<width>250</width>
			<height>330</height>
			<texture border="10" colordiffuse="$VAR[SelectedFrameColor]">misc/frames/selector.png</texture>
		    <visible>Skin.HasSetting(SelectionMarker) | [Window.IsVisible(CustomHomeCustomizer.xml) + [Window.IsVisible(Custom1175.xml) | IsEmpty(ListItem.Label)]]</visible>
		    <visible>!IsEmpty(Window(home).Property(WidgetButton.ID_)) | Control.IsVisible(311) | Control.IsVisible(312)</visible>
		  </control>
	  </control>
	</focusedlayout>
  </include>
  
  <include name="MoviesShortcutsCommons1" description="מדף סרטים/סדרות9">
	<posx>40</posx>
    <posy>90</posy>
    <width>1830</width>
    <height>500</height>
    <orientation>horizontal</orientation>
    <itemlayout height="350" width="202">
      <control type="group">
		  <include>Fade10</include>
		  <control type="image" description="תמונה לא נבחר">
		    <posx>10</posx>
		    <posy>60</posy>
		    <width>220</width>
		    <height>330</height>
		    <include condition="!Skin.String(ButtonsDesign) + Skin.HasSetting(ButtonsDesignWidget)">ButtonsDesign_thumb</include>
		    <include condition="Skin.String(ButtonsDesign,0) + Skin.HasSetting(ButtonsDesignWidget)">ButtonsDesign0_thumb</include>
		    <include condition="Skin.String(ButtonsDesign,1) + Skin.HasSetting(ButtonsDesignWidget)">ButtonsDesign1_thumb</include>
		    <include condition="Skin.String(ButtonsDesign,2) + Skin.HasSetting(ButtonsDesignWidget)">ButtonsDesign2_thumb</include>
		    <include condition="Skin.String(ButtonsDesign,3) + Skin.HasSetting(ButtonsDesignWidget)">ButtonsDesign3_thumb</include>
		    <include condition="Skin.String(ButtonsDesign,4) + Skin.HasSetting(ButtonsDesignWidget)">ButtonsDesign4_thumb</include>
		    <texture colordiffuse="$VAR[IconUnFocusColor]">$INFO[ListItem.Thumb]</texture>
		  </control>
		  <control type="image" description="צללית">
		    <posx>10</posx>
            <posy>60</posy>
            <width>220</width>
            <height>330</height>
		    <include condition="!Skin.String(ButtonsDesign) + Skin.HasSetting(ButtonsDesignWidget)">ButtonsDesign_shadow</include>
		    <include condition="Skin.String(ButtonsDesign,0) + Skin.HasSetting(ButtonsDesignWidget)">ButtonsDesign0_shadow</include>
		    <include condition="Skin.String(ButtonsDesign,1) + Skin.HasSetting(ButtonsDesignWidget)">ButtonsDesign1_shadow</include>
		    <include condition="Skin.String(ButtonsDesign,2) + Skin.HasSetting(ButtonsDesignWidget)">ButtonsDesign2_shadow</include>
		    <include condition="Skin.String(ButtonsDesign,3) + Skin.HasSetting(ButtonsDesignWidget)">ButtonsDesign3_shadow</include>
		    <include condition="Skin.String(ButtonsDesign,4) + Skin.HasSetting(ButtonsDesignWidget)">ButtonsDesign4_shadow</include>
            <texture>buttons/effects/shadow0.png</texture>
		    <visible>Skin.HasSetting(ShadowButton) + Skin.HasSetting(ButtonsDesignWidget)</visible>
          </control>
		  <control type="image" description="שקופית">
            <posx>10</posx>
            <posy>60</posy>
            <width>220</width>
            <height>330</height>
		    <include condition="!Skin.String(ButtonsDesign) + Skin.HasSetting(ButtonsDesignWidget)">ButtonsDesign_gardient</include>
		    <include condition="Skin.String(ButtonsDesign,0) + Skin.HasSetting(ButtonsDesignWidget)">ButtonsDesign0_gardient</include>
		    <include condition="Skin.String(ButtonsDesign,1) + Skin.HasSetting(ButtonsDesignWidget)">ButtonsDesign1_gardient</include>
		    <include condition="Skin.String(ButtonsDesign,2) + Skin.HasSetting(ButtonsDesignWidget)">ButtonsDesign2_gardient</include>
		    <include condition="Skin.String(ButtonsDesign,3) + Skin.HasSetting(ButtonsDesignWidget)">ButtonsDesign3_gardient</include>
		    <include condition="Skin.String(ButtonsDesign,4) + Skin.HasSetting(ButtonsDesignWidget)">ButtonsDesign4_gardient</include>
            <texture>buttons/effects/gardient0.png</texture>
		    <visible>!Skin.HasSetting(OverlayButton) + Skin.HasSetting(ButtonsDesignWidget) | IsEmpty(ListItem.Thumb)</visible>
          </control>
		  <control type="image" description="שפוע Bevel">
            <posx>10</posx>
            <posy>60</posy>
            <width>220</width>
            <height>330</height>
		    <include condition="!Skin.String(ButtonsDesign) + Skin.HasSetting(ButtonsDesignWidget)">ButtonsDesign_bevel</include>
		    <include condition="Skin.String(ButtonsDesign,0) + Skin.HasSetting(ButtonsDesignWidget)">ButtonsDesign0_bevel</include>
		    <include condition="Skin.String(ButtonsDesign,1) + Skin.HasSetting(ButtonsDesignWidget)">ButtonsDesign1_bevel</include>
		    <include condition="Skin.String(ButtonsDesign,2) + Skin.HasSetting(ButtonsDesignWidget)">ButtonsDesign2_bevel</include>
		    <include condition="Skin.String(ButtonsDesign,3) + Skin.HasSetting(ButtonsDesignWidget)">ButtonsDesign3_bevel</include>
		    <include condition="Skin.String(ButtonsDesign,4) + Skin.HasSetting(ButtonsDesignWidget)">ButtonsDesign4_bevel</include>
            <texture border="-10" diffuse="buttons/ButtonA0.png">buttons/effects/bevel0.png</texture>
		    <visible>!Skin.HasSetting(BevelButton) + Skin.HasSetting(ButtonsDesignWidget)</visible>
          </control>
		  <control type="image" description="מסגרת (Stroke)">
		    <posx>10</posx>
            <posy>60</posy>
            <width>220</width>
            <height>330</height>
		    <include condition="!Skin.String(ButtonsDesign) + Skin.HasSetting(ButtonsDesignWidget)">ButtonsDesign_stroke</include>
		    <include condition="Skin.String(ButtonsDesign,0) + Skin.HasSetting(ButtonsDesignWidget)">ButtonsDesign0_stroke</include>
		    <include condition="Skin.String(ButtonsDesign,1) + Skin.HasSetting(ButtonsDesignWidget)">ButtonsDesign1_stroke</include>
		    <include condition="Skin.String(ButtonsDesign,2) + Skin.HasSetting(ButtonsDesignWidget)">ButtonsDesign2_stroke</include>
		    <include condition="Skin.String(ButtonsDesign,3) + Skin.HasSetting(ButtonsDesignWidget)">ButtonsDesign3_stroke</include>
		    <include condition="Skin.String(ButtonsDesign,4) + Skin.HasSetting(ButtonsDesignWidget)">ButtonsDesign4_stroke</include>
		    <texture diffuse="buttons/ButtonA0.png">buttons/effects/stroke0.png</texture>
		    <visible>Skin.HasSetting(StrokeButton) + Skin.HasSetting(ButtonsDesignWidget)</visible>
		  </control>
		  <control type="image" description="OFF">
		    <aspectratio>keep</aspectratio>
		    <height>200</height>
		    <posx>5</posx>
		    <posy>120</posy>
		    <texture>misc/help/off.png</texture>
		    <visible>IsEmpty(ListItem.Property(off)) | Window.IsVisible(Custom1173.xml) + IsEmpty(Container(315).ListItem(0).Property(off))</visible>
			<visible>Control.IsVisible(315) | Window.IsVisible(Custom1175.xml)</visible>
			<visible>Window.IsVisible(CustomHomeCustomizer.xml)</visible>
		    <width>250</width>
          </control>
		  <control type="image" description="דירוג">
		    <animation condition="true" effect="rotate" end="-90" center="350,140" time="0">Conditional</animation>
		    <aspectratio align="center">keep</aspectratio>
		    <height>140</height>
		    <posx>240</posx>   <!--למעלה/למטה-->
		    <posy>390</posy>   <!--שמאלה/ימינה-->
		    <texture>$VAR[TopVideoInformation3]</texture>
		    <visible>!IsEmpty(Control.GetLabel(1103))</visible>
		    <visible>false</visible>
		    <width>170</width>
		  </control>
		  <control type="label" description="שנה">
		    <align>center</align>
		    <label>$INFO[ListItem.Property(year)]</label>   <!--[CR]$LOCALIZE[12391] $INFO[Container(311).ListItem(0).Property(runtime)]-->
		    <font>size28</font>
		    <height>30</height>
		    <posx>57</posx>
		    <posy>-2</posy>
		    <textcolor>$VAR[WidgetUnFocusFontColor]</textcolor>
		    <visible>!IsEmpty(ListItem.Property(year))</visible>
		    <visible>false</visible>
		    <width>265</width>
		  </control>
		  <control type="group" description="עונה ופרק">
			<animation condition="Skin.HasSetting(ButtonsDesignWidget)" effect="fade" start="60" end="60" time="0">Conditional</animation>
		    <animation condition="!Skin.HasSetting(ButtonsDesignWidget)" effect="fade" start="90" end="90" time="0">Conditional</animation>
			<posx>10</posx>
			<posy>360</posy>
			<control type="image" description="שחור">
			  <height>30</height>
			  <posx>8</posx>
			  <width>204</width>
			  <include condition="!Skin.String(ButtonsDesign) + Skin.HasSetting(ButtonsDesignWidget)">ButtonsDesign_black</include>
		      <include condition="Skin.String(ButtonsDesign,0) + Skin.HasSetting(ButtonsDesignWidget)">ButtonsDesign0_black</include>
		      <include condition="Skin.String(ButtonsDesign,1) + Skin.HasSetting(ButtonsDesignWidget)">ButtonsDesign1_black</include>
		      <include condition="Skin.String(ButtonsDesign,2) + Skin.HasSetting(ButtonsDesignWidget)">ButtonsDesign2_black</include>
		      <include condition="Skin.String(ButtonsDesign,3) + Skin.HasSetting(ButtonsDesignWidget)">ButtonsDesign3_black</include>
		      <include condition="Skin.String(ButtonsDesign,4) + Skin.HasSetting(ButtonsDesignWidget)">ButtonsDesign4_black</include>
			  <texture colordiffuse="ff000000" border="0">buttons/ButtonA0.png</texture>
			  <visible>!Skin.HasSetting(WidgetLabelBackground) + !IsEmpty(ListItem.Label)</visible>
			</control>
			<control type="label" description="עונה ופרק">
			  <align>center</align>
			  <label>$INFO[ListItem.Property(se)]</label>
			  <font>size28</font>
			  <height>30</height>
			  <posx>8</posx>
			  <width>204</width>
			  <textcolor>$VAR[WidgetUnFocusFontColor]</textcolor>
			  <visible>!IsEmpty(ListItem.Property(se)) + Control.IsVisible(312)</visible>
			</control>
			<control type="label" description="שם הסרט">
			  <align>center</align>
			  <label>$VAR[WidgetLabel]</label>
			  <font>size18</font>
			  <posx>8</posx>
			  <height>30</height>
			  <textcolor>$VAR[WidgetUnFocusFontColor]</textcolor>
			  <shadowcolor>black</shadowcolor>
			  <scroll>false</scroll>
			  <width>204</width>
			  <visible>![!IsEmpty(ListItem.Property(se)) + Control.IsVisible(312)]</visible>
			</control>
		</control>
      </control>
    </itemlayout>
    <focusedlayout height="350" width="240">
	  <include>SetProperty_Widget</include>
	  <control type="group">
	      <animation condition="Control.HasFocus(312) + !Container(312).OnPrevious + !Container(312).OnNext | Control.HasFocus(311) + !Container(311).OnPrevious + !Container(311).OnNext" effect="fade" start="100" end="70" delay="5000" time="3000" reversible="false">Conditional</animation>
		  <control type="image" description="רקע פאנארט">
			<animation condition="Window.IsVisible(Home.xml) + [!Container(9000).Row(0) + !Container(9000).Row(1) | Container(9000).HasPrevious()]" effect="slide" start="0,0" end="0,551" time="220">Conditional</animation>
			<animation condition="Window.IsVisible(CustomHomeCustomizer.xml) + [!Container(50).Row(0) + !Container(50).Row(1) | Container(50).HasPrevious()]" effect="slide" start="0,0" end="0,551" time="220">Conditional</animation>
			<visible>!Skin.HasSetting(background) + [Control.HasFocus(311) | Control.HasFocus(312)]</visible>
			<include>Fade_BackgroundOverlay</include>
			<animation effect="fade" time="1000">WindowOpen</animation>
			<texture>$INFO[ListItem.Property(fanart)]</texture>
			<height>1080</height>
			<width>1920</width>
			<visible>false</visible>
		  </control>
		  <control type="image" description="תמונה נבחר">
			<posx>10</posx>
			<posy>60</posy>
			<width>220</width>
			<height>330</height>
			<include condition="!Skin.String(ButtonsDesign) + Skin.HasSetting(ButtonsDesignWidget)">ButtonsDesign_thumb2</include>
		    <include condition="Skin.String(ButtonsDesign,0) + Skin.HasSetting(ButtonsDesignWidget)">ButtonsDesign0_thumb2</include>
		    <include condition="Skin.String(ButtonsDesign,1) + Skin.HasSetting(ButtonsDesignWidget)">ButtonsDesign1_thumb2</include>
		    <include condition="Skin.String(ButtonsDesign,2) + Skin.HasSetting(ButtonsDesignWidget)">ButtonsDesign2_thumb2</include>
		    <include condition="Skin.String(ButtonsDesign,3) + Skin.HasSetting(ButtonsDesignWidget)">ButtonsDesign3_thumb2</include>
		    <include condition="Skin.String(ButtonsDesign,4) + Skin.HasSetting(ButtonsDesignWidget)">ButtonsDesign4_thumb2</include>
		    <texture colordiffuse="$VAR[IconUnFocusColor]">$INFO[ListItem.Thumb]</texture>
		  </control>
		  <control type="image" description="צללית">
		    <posx>10</posx>
            <posy>60</posy>
            <width>220</width>
            <height>330</height>
		    <include condition="!Skin.String(ButtonsDesign) + Skin.HasSetting(ButtonsDesignWidget)">ButtonsDesign_shadow</include>
		    <include condition="Skin.String(ButtonsDesign,0) + Skin.HasSetting(ButtonsDesignWidget)">ButtonsDesign0_shadow</include>
		    <include condition="Skin.String(ButtonsDesign,1) + Skin.HasSetting(ButtonsDesignWidget)">ButtonsDesign1_shadow</include>
		    <include condition="Skin.String(ButtonsDesign,2) + Skin.HasSetting(ButtonsDesignWidget)">ButtonsDesign2_shadow</include>
		    <include condition="Skin.String(ButtonsDesign,3) + Skin.HasSetting(ButtonsDesignWidget)">ButtonsDesign3_shadow</include>
		    <include condition="Skin.String(ButtonsDesign,4) + Skin.HasSetting(ButtonsDesignWidget)">ButtonsDesign4_shadow</include>
            <texture diffuse="buttons/ButtonA0.png">buttons/effects/shadow0.png</texture>
		    <visible>Skin.HasSetting(ShadowButton) + Skin.HasSetting(ButtonsDesignWidget)</visible>
          </control>
		  <control type="image" description="שקופית">
            <posx>10</posx>
            <posy>60</posy>
            <width>220</width>
            <height>330</height>
		    <include condition="!Skin.String(ButtonsDesign) + Skin.HasSetting(ButtonsDesignWidget)">ButtonsDesign_gardient</include>
		    <include condition="Skin.String(ButtonsDesign,0) + Skin.HasSetting(ButtonsDesignWidget)">ButtonsDesign0_gardient</include>
		    <include condition="Skin.String(ButtonsDesign,1) + Skin.HasSetting(ButtonsDesignWidget)">ButtonsDesign1_gardient</include>
		    <include condition="Skin.String(ButtonsDesign,2) + Skin.HasSetting(ButtonsDesignWidget)">ButtonsDesign2_gardient</include>
		    <include condition="Skin.String(ButtonsDesign,3) + Skin.HasSetting(ButtonsDesignWidget)">ButtonsDesign3_gardient</include>
		    <include condition="Skin.String(ButtonsDesign,4) + Skin.HasSetting(ButtonsDesignWidget)">ButtonsDesign4_gardient</include>
            <texture diffuse="buttons/ButtonA0.png">buttons/effects/gardient0.png</texture>
		    <visible>!Skin.HasSetting(OverlayButton) + Skin.HasSetting(ButtonsDesignWidget) | IsEmpty(ListItem.Thumb)</visible>
          </control>
		  <control type="image" description="שפוע Bevel">
            <posx>10</posx>
            <posy>60</posy>
            <width>220</width>
            <height>330</height>
		    <include condition="!Skin.String(ButtonsDesign) + Skin.HasSetting(ButtonsDesignWidget)">ButtonsDesign_bevel</include>
		    <include condition="Skin.String(ButtonsDesign,0) + Skin.HasSetting(ButtonsDesignWidget)">ButtonsDesign0_bevel</include>
		    <include condition="Skin.String(ButtonsDesign,1) + Skin.HasSetting(ButtonsDesignWidget)">ButtonsDesign1_bevel</include>
		    <include condition="Skin.String(ButtonsDesign,2) + Skin.HasSetting(ButtonsDesignWidget)">ButtonsDesign2_bevel</include>
		    <include condition="Skin.String(ButtonsDesign,3) + Skin.HasSetting(ButtonsDesignWidget)">ButtonsDesign3_bevel</include>
		    <include condition="Skin.String(ButtonsDesign,4) + Skin.HasSetting(ButtonsDesignWidget)">ButtonsDesign4_bevel</include>
            <texture diffuse="buttons/ButtonA0.png">buttons/effects/bevel0.png</texture>
		    <visible>!Skin.HasSetting(BevelButton) + Skin.HasSetting(ButtonsDesignWidget)</visible>
          </control>
		  <control type="image" description="מסגרת (Stroke)">
		    <posx>10</posx>
            <posy>60</posy>
            <width>220</width>
            <height>330</height>
		    <include condition="!Skin.String(ButtonsDesign) + Skin.HasSetting(ButtonsDesignWidget)">ButtonsDesign_stroke</include>
		    <include condition="Skin.String(ButtonsDesign,0) + Skin.HasSetting(ButtonsDesignWidget)">ButtonsDesign0_stroke</include>
		    <include condition="Skin.String(ButtonsDesign,1) + Skin.HasSetting(ButtonsDesignWidget)">ButtonsDesign1_stroke</include>
		    <include condition="Skin.String(ButtonsDesign,2) + Skin.HasSetting(ButtonsDesignWidget)">ButtonsDesign2_stroke</include>
		    <include condition="Skin.String(ButtonsDesign,3) + Skin.HasSetting(ButtonsDesignWidget)">ButtonsDesign3_stroke</include>
		    <include condition="Skin.String(ButtonsDesign,4) + Skin.HasSetting(ButtonsDesignWidget)">ButtonsDesign4_stroke</include>
		    <texture diffuse="buttons/ButtonA0.png">buttons/effects/stroke0.png</texture>
		    <visible>Skin.HasSetting(StrokeButton) + Skin.HasSetting(ButtonsDesignWidget)</visible>
		  </control>
		  <control type="image" description="OFF">
			  <aspectratio>keep</aspectratio>
			  <height>200</height>
			  <posx>5</posx>
			  <posy>120</posy>
			  <texture>misc/help/off.png</texture>
			  <visible>IsEmpty(ListItem.Property(off)) | Window.IsVisible(Custom1173.xml) + IsEmpty(Container(315).ListItem(0).Property(off))</visible>
			  <visible>Control.IsVisible(315) | Window.IsVisible(Custom1175.xml)</visible>
			  <visible>Window.IsVisible(CustomHomeCustomizer.xml)</visible>
			  <width>250</width>
          </control>
		  <control type="group" description="קבוצה כותרות">
			<!--<include>Fade3</include>-->
			<control type="image" description="קדימון">
			  <height>70</height>		
			  <posx>285</posx>
			  <posy>0</posy>
			  <texture>osd/buttons/OSDTrailerNF.png</texture>
			  <visible>!IsEmpty(ListItem.Property(trailer)) + !Skin.HasSetting(trailers)</visible>
			  <width>70</width>
			  <visible>false</visible>
			</control>
			<control type="image" description="קדימון">
			  <height>70</height>		
			  <posx>285</posx>
			  <posy>0</posy>
			  <texture>osd/buttons/OSDTrailerFO.png</texture>
			  <visible>!IsEmpty(ListItem.Property(trailer)) + Skin.HasSetting(trailers)</visible>
			  <width>70</width>
			</control>
			<control type="image" description="דירוג">
			  <animation condition="true" effect="rotate" end="-90" center="350,140" time="0">Conditional</animation>
			  <aspectratio align="center">keep</aspectratio>
			  <height>140</height>
			  <posx>240</posx> <!--למעלה/למטה-->
			  <posy>390</posy> <!--שמאלה/ימינה-->
			  <texture>$VAR[TopVideoInformation3]</texture>
			  <visible>!IsEmpty(Listitem.Property(rating)) + IntegerGreaterThan(Listitem.Property(rating),0) + !IntegerGreaterThan(Listitem.Property(rating),9.9)</visible>
			  <visible>false</visible>
			  <width>170</width>
			</control>
			<control type="group" description="עונה ופרק">
				<animation condition="Skin.HasSetting(ButtonsDesignWidget)" effect="fade" start="60" end="60" time="0">Conditional</animation>
		        <animation condition="!Skin.HasSetting(ButtonsDesignWidget)" effect="fade" start="90" end="90" time="0">Conditional</animation>
				<posx>10</posx>
				<posy>360</posy>
				<control type="image" description="שחור">
				  <height>30</height>
				  <posx>8</posx>
				  <width>204</width>
				  <include condition="!Skin.String(ButtonsDesign) + Skin.HasSetting(ButtonsDesignWidget)">ButtonsDesign_black</include>
				  <include condition="Skin.String(ButtonsDesign,0) + Skin.HasSetting(ButtonsDesignWidget)">ButtonsDesign0_black</include>
				  <include condition="Skin.String(ButtonsDesign,1) + Skin.HasSetting(ButtonsDesignWidget)">ButtonsDesign1_black</include>
				  <include condition="Skin.String(ButtonsDesign,2) + Skin.HasSetting(ButtonsDesignWidget)">ButtonsDesign2_black</include>
				  <include condition="Skin.String(ButtonsDesign,3) + Skin.HasSetting(ButtonsDesignWidget)">ButtonsDesign3_black</include>
				  <include condition="Skin.String(ButtonsDesign,4) + Skin.HasSetting(ButtonsDesignWidget)">ButtonsDesign4_black</include>
				  <texture colordiffuse="ff000000" border="0">buttons/ButtonA0.png</texture>
				  <visible>!Skin.HasSetting(WidgetLabelBackground) + !IsEmpty(ListItem.Label)</visible>
				</control>
				<control type="label" description="עונה ופרק">
				  <align>center</align>
				  <label>$INFO[ListItem.Property(se)]</label> <!--[CR]$LOCALIZE[12391] $INFO[Container(311).ListItem(0).Property(runtime)]-->
				  <font>size28</font>
				  <height>30</height>
				  <posx>8</posx>
				  <width>204</width>
				  <textcolor>$VAR[WidgetFocusFontColor]</textcolor>
				  <visible>!IsEmpty(ListItem.Property(se)) + Control.IsVisible(312)</visible>
				</control>
				<control type="label" description="שם הסרט">
				  <align>center</align>
				  <label>$VAR[WidgetLabel]</label> <!--[CR]$LOCALIZE[12391] $INFO[Container(311).ListItem(0).Property(runtime)]-->
				  <font>size18</font>
				  <height>30</height>
				  <posx>8</posx>
				  <textcolor>$VAR[WidgetFocusFontColor]</textcolor>
				  <shadowcolor>black</shadowcolor>
				  <scroll>false</scroll>
				  <width>204</width>
				  <visible>![!IsEmpty(ListItem.Property(se)) + Control.IsVisible(312)]</visible>
				</control>
			</control>
		  </control>
		  <control type="image" description="סמן בחירה">
			<posx>10</posx>
			<posy>60</posy>
			<width>220</width>
			<height>330</height>
			<texture border="10" colordiffuse="$VAR[SelectedFrameColor]">misc/frames/selector.png</texture>
		    <visible>Skin.HasSetting(SelectionMarker) | [Window.IsVisible(CustomHomeCustomizer.xml) + [Window.IsVisible(Custom1175.xml) | IsEmpty(ListItem.Label)]]</visible>
		    <visible>!IsEmpty(Window(home).Property(WidgetButton.ID_)) | Control.IsVisible(311) | Control.IsVisible(312)</visible>
		  </control>
	  </control>
	</focusedlayout>
  </include>
  
  <variable name="WidgetLabel">
    <value condition="!IsEmpty(ListItem.Property(title)) + Control.IsVisible(311)">$INFO[ListItem.Property(title)]</value>
    <value condition="!IsEmpty(ListItem.Label)">$INFO[ListItem.Label]</value>
	
  </variable>
  
</includes>
