<?xml version="1.0" encoding="UTF-8"?>
<window>
  <defaultcontrol always="true">50</defaultcontrol>
  <views>50,51,54,56,57,58</views>
  <onload condition="Control.IsVisible(50)">Control.SetFocus(50)</onload>
  <include>Fade_WindowsOpenClose</include>
  <controls>
    <include>Backgrounds3</include>
	<include>ViewDesign_51</include>
	<include>ViewDesign_50</include>
	<include>ViewDesign_54</include>
	<include>ViewDesign_56</include>
	<include>ViewDesign_57</include>
	<include>ViewDesign_58</include>
	
    <include>TopVideoInformation</include>
	<include>MenuDesign_Left</include>
	<include>ScrollBar</include>
	<include>TopInformation</include>
	
	<control type="label" id="29">
      <visible>false</visible>
    </control>
    <control type="label" id="30">
      <visible>false</visible>
    </control>
  </controls>
</window>
