<?xml version='1.0' encoding='UTF-8' standalone='yes'?>
<addon id="skin.featherence" version="0.1.1" name="Featherence" provider-name="finalmakerr">
  <requires>
    <import addon="xbmc.gui" version="5.9.0"/>
	<import addon="repository.featherence" version="1.1.0" />
	<import addon="script.featherence.service" version="0.1.0"/>
  </requires>
  <extension point="xbmc.gui.skin" effectslowdown="1.0" debugging="false">
    <res width="1920" height="1080" aspect="16:9" default="true" folder="1080i"/>
  </extension>
  <extension point="xbmc.addon.metadata">
    <language>he en</language>
	<platform>all</platform>
	<summary lang="en"></summary>
	<summary lang="he"></summary>
    <description lang="en"></description>
	<description lang="he"></description>
    <disclaimer></disclaimer>
	<email>featherence@groups.facebook.com</email>
	<forum></forum>
	<source>https://github.com/finalmakerr/featherence/tree/master/master/skin.featherence/1080i</source>
	<website>https://www.facebook.com/groups/featherence/</website>
  </extension>
</addon>