<?xml version="1.0" encoding="UTF-8"?>
<window id="3">
  <defaultcontrol always="true">20</defaultcontrol>
  <allowoverlay>no</allowoverlay>
  <onunload condition="Skin.String(FileManagerFocus)">Skin.SetString(FileManagerFocus,)</onunload>
  <controls>
    <include>BlackBackground</include>
    <include>TopInformation</include>
    <control type="image" description="קו הפרדה">
      <posx>960</posx>
      <posy>150</posy>
      <height>410</height>
      <width>1</width>
      <texture>images/LineV.png</texture>
    </control>
	<control type="image" description="קו הפרדה2">
      <posx>960</posx>
      <posy>560</posy>
      <height>410</height>
      <width>1</width>
      <texture>images/LineV.png</texture>
    </control>
	<control type="image" description="חץ לימין">
      <posx>907</posx>
      <posy>490</posy>
      <height>100</height>
      <width>100</width>
      <texture>images/ArrowNF.png</texture>
	  <visible>Control.HasFocus(20)</visible>
	</control>
	<control type="image" description="חץ ימין2">
      <posx>907</posx>
      <posy>490</posy>
      <height>100</height>
      <width>100</width>
      <texture>images/ArrowFO.png</texture>
	  <visible>Window.IsVisible(DialogContextMenu.xml) + Skin.String(FileManagerFocus,20)</visible>
	</control>
	<control type="image" description="חץ לשמאל">
      <posx>907</posx>
      <posy>490</posy>
      <height>100</height>
      <width>100</width>
      <texture>images/Arrow2NF.png</texture>
	  <visible>Control.HasFocus(21)</visible>
	</control>
	<control type="image" description="חץ לשמאל2">
      <posx>907</posx>
      <posy>490</posy>
      <height>100</height>
      <width>100</width>
      <texture>images/Arrow2FO.png</texture>
	  <visible>Window.IsVisible(DialogContextMenu.xml) + Skin.String(FileManagerFocus,21)</visible>
	</control>
    <control type="group" description="תפריט שמאל">
      <visible>true</visible>
      <animation effect="slide" start="0,0" end="510,0" delay="0" time="700" reversible="true">WindowOpen</animation>
	  <animation condition="!Control.HasFocus(20)" effect="fade" start="100" end="70" time="20" reversible="true">Conditional</animation>
      <height>980</height>	  
	  <posx>-470</posx>
	  <posy>100</posy>	  
	  <width>900</width> 	  
      <control type="image" description="רקע">
        <texture border="20" colordiffuse="$VAR[MenuColor]">buttons/ButtonE0.png</texture>
      </control>	  
      <control type="label" id="101" description="כותרת ראשי">
        <posx>40</posx>
		<posy>-50</posy>
        <width>900</width>
        <align>left</align>
        <label>-</label>
        <font>size30B</font>
        <haspath>true</haspath>
        <textcolor>Yellow</textcolor>
        <shadowcolor>black</shadowcolor>
      </control>
      <control type="label" id="12" description="סהכ">
        <posx>40</posx>
        <posy>-80</posy>
        <width>480</width>
        <align>left</align>
        <font>size30B</font>
        <textcolor>Yellow</textcolor>
        <label>-</label>
      </control>
      <control type="list" id="20" description="רשימה שמאל">
        <posx>0</posx>
        <posy>20</posy>
        <width>900</width>
        <height>940</height>
        <onleft>60</onleft>
        <onright>21</onright>
        <onup>20</onup>
        <ondown>20</ondown>
        <pagecontrol>60</pagecontrol>
        <itemlayout height="60" width="900">
          <control type="label" description="נתון1">
            <posx>35</posx>
            <width>750</width>
            <height>60</height>
            <font>size26</font>
			<align>left</align>
            <aligny>center</aligny>
            <selectedcolor>Yellow</selectedcolor>
            <textcolor>White</textcolor>			
            <info>ListItem.Label</info>
          </control>
          <control type="label" description="נתון2">
            <posx>880</posx>
            <height>60</height>
            <width>150</width>
            <font>size27</font>
            <align>right</align>
            <aligny>center</aligny>
            <textcolor>Silver</textcolor>
            <info>ListItem.Label2</info>
          </control>
        </itemlayout>
        <focusedlayout height="60" width="900">
          <control type="button" description="hidden">
		    <onfocus condition="!Skin.String(FileManagerFocus,20)">Skin.SetString(FileManagerFocus,20)</onfocus>
			<visible>false</visible>
		  </control>
		  <control type="image" description="מסגרת">
            <height>60</height>
            <posx>0</posx>
            <texture border="30">buttons/ButtonE.png</texture>			
			<visible>Control.HasFocus(20)</visible>
			<width>900</width>			
          </control>
          <control type="label" description="נתון1">
            <posx>35</posx>
            <posy>0</posy>
            <width>750</width>
            <height>60</height>
            <font>size26</font>
            <aligny>center</aligny>
            <textcolor>White</textcolor>
			<selectedcolor>Yellow</selectedcolor>
            <info>ListItem.Label</info>
          </control>
          <control type="label" description="נתון2">
            <posx>880</posx>
            <height>60</height>
            <width>150</width>
            <font>size27</font>
            <align>right</align>
            <aligny>center</aligny>
            <textcolor>Silver</textcolor>
            <info>ListItem.Label2</info>
          </control>
        </focusedlayout>
      </control>
    </control>
    <control type="group" description="תפריט ימין">
      <visible>true</visible>
      <animation effect="slide" start="0,0" end="-510,0" delay="0" time="700" reversible="true">WindowOpen</animation>
	  <animation condition="!Control.HasFocus(21)" effect="fade" start="100" end="70" time="20" reversible="true">Conditional</animation>
      <height>980</height>	  
	  <posx>1490</posx>
	  <posy>100</posy>	  
	  <width>900</width>	  	  
      <control type="image" description="רקע">
        <texture border="20" colordiffuse="$VAR[MenuColor]">buttons/ButtonE0.png</texture>
      </control>	
      <control type="label" id="102" description="כותרת ראשי">
        <posx>40r</posx>
		<posy>-50</posy>
        <width>900</width>
        <align>right</align>
        <label>-</label>
        <font>size30B</font>
        <haspath>true</haspath>
        <textcolor>Yellow</textcolor>
        <shadowcolor>black</shadowcolor>
      </control>
      <control type="label" id="13" description="סהכ">
        <posx>40r</posx>
        <posy>-80</posy>
        <width>480</width>
        <align>right</align>
        <font>size30B</font>
        <textcolor>Yellow</textcolor>
        <label>-</label>
      </control>
      <control type="list" id="21" description="רשימה ימין">
        <posx>0</posx>
        <posy>20</posy>
        <width>900</width>
        <height>940</height>
        <onleft>20</onleft>
        <onright>61</onright>
        <onup>21</onup>
        <ondown>21</ondown>
        <pagecontrol>61</pagecontrol>
        <itemlayout height="60" width="900">
          <control type="label" description="נתון1">
            <posx>35</posx>
            <width>750</width>
            <height>60</height>
            <font>size26</font>
            <align>left</align>
            <aligny>center</aligny>
			<selectedcolor>Yellow</selectedcolor>
            <textcolor>White</textcolor>
            <info>ListItem.Label</info>
          </control>
          <control type="label" description="נתון2">
            <posx>880</posx>
            <height>60</height>
            <width>150</width>
            <font>size27</font>
			<align>right</align>
            <aligny>center</aligny>
            <textcolor>Silver</textcolor>
            <info>ListItem.Label2</info>
          </control>
        </itemlayout>
        <focusedlayout height="60" width="900">
          <control type="button" description="hidden">
		    <onfocus condition="!Skin.String(FileManagerFocus,21)">Skin.SetString(FileManagerFocus,21)</onfocus>
			<visible>false</visible>
		  </control>
		  <control type="image" description="מסגרת">
            <height>60</height>
            <posx>0</posx>			
            <texture border="30">buttons/ButtonE.png</texture>			
			<visible>Control.HasFocus(21)</visible>
			<width>900</width>			
          </control>
          <control type="label" description="נתון1">
            <align>left</align>
            <aligny>center</aligny>            
			<posx>35</posx>
			<posy>0</posy>
            <width>750</width>
            <height>60</height>
            <font>size26</font>
			<selectedcolor>Yellow</selectedcolor>
            <textcolor>White</textcolor>
            <info>ListItem.Label</info>
          </control>
          <control type="label" description="נתון2">
		    <align>right</align>
            <posx>880</posx>
            <height>60</height>
            <width>150</width>
            <font>size27</font>
            <aligny>center</aligny>
            <textcolor>Silver</textcolor>
            <info>ListItem.Label2</info>
          </control>
        </focusedlayout>
      </control>
    </control>
	<control type="group" description="מצב ספרייה">
	  <visible>Control.IsVisible(60)</visible>
	  <height>1400</height>
	  <width>20</width>
	  <posx>10</posx>
	  <posy>-100</posy>
      <control type="image" description="מסגרת">
		<posx>-10</posx>
		<!--<texture border="20">buttons/ButtonEF.png</texture>-->
		<texture>buttons/LineV.png</texture>
		<visible></visible>
      </control>
	</control>
	<control type="scrollbar" id="60">
      <height>1000</height>
	  <posx>5</posx>
	  <posy>20</posy>
	  <width>20</width>
      <onleft>20</onleft>
      <onright>20</onright>
    </control>
	<control type="group" description="מצב ספרייה">
	  <visible>Control.IsVisible(61)</visible>
	  <height>1400</height>
	  <width>20</width>
	  <posx>10r</posx>
	  <posy>-100</posy>
      <control type="image" description="מסגרת">
		<posx>-10</posx>
		<!--<texture border="20">buttons/ButtonEF.png</texture>-->
		<texture>buttons/LineV.png</texture>
		<visible></visible>
      </control>
	</control>
    <control type="scrollbar" id="61">
      <height>1000</height>
      <posx>15r</posx>
      <posy>20</posy>
      <width>20</width>
      <height>810</height>
      <onleft>21</onleft>
      <onright>21</onright>
    </control>
  </controls>
</window>
