<?xml version="1.0" encoding="UTF-8"?>
<includes>
  <include name="MoviesShortcutsCommons" description="מדף סרטים/סדרות">
    <include>Fade20</include>
	<posx>40</posx>
    <posy>90</posy>
    <width>1920</width>
    <height>500</height>
    <orientation>horizontal</orientation>
    <itemlayout height="350" width="368">
      <control type="group">
		<!--<animation condition="[Skin.String(MenuDesign,4) | Skin.String(MenuDesign,5)] + [Control.HasFocus(311) | Control.HasFocus(312)] + Container.Position(4)" effect="fade" start="100" end="0">Conditonal</animation>-->
		<animation condition="!Control.HasFocus(311) + !Control.HasFocus(312) + !System.IdleTime(3)" effect="fade" start="90" end="90" time="220" reversible="false">Conditional</animation>
		<animation condition="!Control.HasFocus(311) + !Control.HasFocus(312) + System.IdleTime(3)" effect="fade" start="90" end="0" time="3000" reversible="false">Conditional</animation>
		<animation condition="[Control.HasFocus(311) | Control.HasFocus(312)] + !System.IdleTime(3)" effect="fade" start="100" end="60" time="220" reversible="false">Conditional</animation>
		<animation condition="[Control.HasFocus(311) | Control.HasFocus(312)] + System.IdleTime(3)" effect="fade" start="60" end="0" time="3000" reversible="false">Conditional</animation>
		<control type="image" description="מסגרת">
			<posx>50</posx>
			<posy>30</posy>
			<width>270</width>
			<height>360</height>
			<texture border="30">buttons/ButtonEF.png</texture>
			<aspectratio>scale</aspectratio>
			<visible>false</visible>
		</control>
		<control type="image" description="תמונה לא נבחר">
		  <posx>50</posx>
		  <posy>60</posy>
		  <width>270</width>
		  <height>330</height>
		  <texture background="false">$INFO[ListItem.Thumb]</texture>
		</control>
		<control type="image" description="דירוג">
		  <animation condition="true" effect="rotate" end="-90" center="350,140" time="0">Conditional</animation>
		  <aspectratio align="center">keep</aspectratio>
		  <height>140</height>
		  <posx>240</posx> <!--למעלה/למטה-->
		  <posy>390</posy> <!--שמאלה/ימינה-->
		  <texture>$VAR[TopVideoInformation3]</texture>
		  <visible>!IsEmpty(Control.GetLabel(1103))</visible>
		  <visible>false</visible>
		  <width>170</width>
		</control>
		<control type="label" description="שנה">
		  <align>center</align>
		  <label>$INFO[ListItem.Property(year)]</label> <!--[CR]$LOCALIZE[12391] $INFO[Container(311).ListItem(0).Property(runtime)]-->
		  <font>size28</font>
		  <height>30</height>
		  <posx>57</posx>
		  <posy>-2</posy>
		  <textcolor>White2</textcolor>
		  <visible>!IsEmpty(ListItem.Property(year))</visible>
		  <visible>false</visible>
		  <width>265</width>
		</control>
		<control type="group" description="עונה ופרק">
			<posx>50</posx>
			<posy>360</posy>
			<visible></visible>
			<control type="image" description="עונה ופרק">
			  <height>30</height>
			  <width>270</width>
			  <texture colordiffuse="ff000000" border="0">buttons/ButtonA0.png</texture>
			</control>
			<control type="label" description="עונה ופרק">
			  <align>center</align>
			  <label>$INFO[ListItem.Property(se)]</label> <!--[CR]$LOCALIZE[12391] $INFO[Container(311).ListItem(0).Property(runtime)]-->
			  <font>size28</font>
			  <height>30</height>
			  <width>270</width>
			  <textcolor>White2</textcolor>
			  <visible>!IsEmpty(ListItem.Property(se)) + Control.IsVisible(312)</visible>
			</control>
			<control type="label" description="שם הסרט">
			  <align>center</align>
			  <label>$INFO[ListItem.Property(title)]</label> <!--[CR]$LOCALIZE[12391] $INFO[Container(311).ListItem(0).Property(runtime)]-->
			  <font>size18</font>
			  <height>30</height>
			  <textcolor>White2</textcolor>
			  <scroll>false</scroll>
			  <width>270</width>
			  <visible>!IsEmpty(ListItem.Property(title)) + Control.IsVisible(311)</visible>
			</control>
		</control>
		<control type="label" description="שם הסדרה/הסרט">
		  <align>center</align>
		  <label>$INFO[ListItem.Property(title)]</label> <!--[CR]$LOCALIZE[12391] $INFO[Container(311).ListItem(0).Property(runtime)]-->
		  <font>size21</font>
		  <height>30</height>
		  <posx>57</posx>
		  <posy>395</posy>
		  <textcolor>White2</textcolor>
		  <scroll>false</scroll>
		  <scrollspeed>1</scrollspeed>
		  <visible>!IsEmpty(ListItem.Property(title))</visible>
		  <width>265</width>
		  <visible>false</visible>
		</control>		
      </control>
    </itemlayout>
    <focusedlayout height="350" width="368">
	  <control type="button">
	    <onunfocus condition="!IsEmpty(Window(home).Property(TopVideoInformation6))">AlarmClock(TopVideoInformation6,ClearProperty(TopVideoInformation6,home),00:02,silent)</onunfocus>
		<onfocus condition="!IsEmpty(Container(311).ListItemNoWrap(0).Property(genre))">AlarmClock(TopVideoInformation6,SetProperty(TopVideoInformation6,$INFO[Container(311).ListItemNoWrap(0).Property(genre)],home),00:01,silent)</onfocus>
		
		<onunfocus condition="!IsEmpty(Window(home).Property(TopVideoinformation1))">AlarmClock(TopVideoinformation1,ClearProperty(TopVideoinformation1,home),00:02,silent)</onunfocus>
		<onfocus condition="!IsEmpty(Container(311).ListItemNoWrap(0).Property(runtime))">AlarmClock(TopVideoinformation1,SetProperty(TopVideoinformation1,$INFO[Container(311).ListItemNoWrap(0).Property(runtime)],home),00:01,silent)</onfocus>
		<visible>false</visible>
	  </control>
	  <control type="group">
	    <animation condition="System.IdleTime(3)" effect="fade" start="100" end="40" time="3000" reversible="true">Conditional</animation>
		  <control type="image" description="רקע פאנארט">
			<animation condition="Window.IsVisible(Home.xml) + [!Container(9000).Row(0) + !Container(9000).Row(1) | Container(9000).HasPrevious()]" effect="slide" start="0,0" end="0,551" time="220">Conditonal</animation>
			<animation condition="Window.IsVisible(CustomHomeCustomizer.xml) + [!Container(50).Row(0) + !Container(50).Row(1) | Container(50).HasPrevious()]" effect="slide" start="0,0" end="0,551" time="220">Conditonal</animation>
			<visible>!Skin.HasSetting(background) + [Control.HasFocus(311) | Control.HasFocus(312)]</visible>
			<include>Fade_BackgroundOverlay</include>
			<animation effect="fade" time="1000">WindowOpen</animation>
			<texture>$INFO[ListItem.Property(fanart)]</texture>
			<height>1080</height>
			<width>1920</width>
			<visible>false</visible>
		  </control>
		  <control type="image" description="תמונה נבחר">
			<posx>50</posx>
			<posy>60</posy>
			<width>270</width>
			<height>330</height>
			<texture>$INFO[ListItem.Thumb]</texture>
		  </control>
		  <control type="group" description="קבוצה כותרות">
			<!--<include>Fade3</include>-->
			<control type="image" description="קדימון">
			  <height>70</height>		
			  <posx>285</posx>
			  <posy>0</posy>
			  <texture>osd/buttons/OSDTrailerNF.png</texture>
			  <visible>!IsEmpty(ListItem.Property(trailer)) + !Skin.HasSetting(trailers)</visible>
			  <width>70</width>
			  <visible>false</visible>
			</control>
			<control type="image" description="קדימון">
			  <height>70</height>		
			  <posx>285</posx>
			  <posy>0</posy>
			  <texture>osd/buttons/OSDTrailerFO.png</texture>
			  <visible>!IsEmpty(ListItem.Property(trailer)) + Skin.HasSetting(trailers)</visible>
			  <width>70</width>
			</control>
			<control type="group" description="אורך בשעות/דקות">
				<visible>false</visible>
				<control type="image" description="תמונה שעות/דקות">
				  <height>90</height>		
				  <posx>273</posx>
				  <posy>43</posy>
				  <texture>images/movieclock.png</texture>
				  <visible>IntegerGreaterThan(ListItem.Property(runtime),4.5)</visible>
				  <width>90</width>
				</control>
				<control type="label" id="1109" description="אורך-בשעות">
				  <include>LabelC5</include>
				  <label>$VAR[VideoInHours]</label>
				  <posx>285</posx>
				  <posy>45</posy>
				  <textcolor>Black</textcolor>
				  <visible>IntegerGreaterThan(ListItem.Property(runtime),55)</visible>
				  <width>70</width>
				</control>
				<control type="label" id="1110" description="אורך-בדקות">
				  <include>LabelC5</include> 
				  <posx>285</posx>
				  <posy>45</posy>
				  <label>$VAR[VideoInMins]</label>
				  <textcolor>Black</textcolor>
				  <visible>IntegerGreaterThan(ListItem.Property(runtime),4.5) + !IntegerGreaterThan(ListItem.Property(runtime),55)</visible>
				  <width>70</width>
				</control>			
				<control type="label" description="שעות">
				  <align>center</align>
				  <label>$LOCALIZE[12392]</label> <!--[CR]$LOCALIZE[12391] $INFO[Container(311).ListItem(0).Property(runtime)]-->
				  <font>size18</font>
				  <posx>285</posx>
				  <posy>70</posy>
				  <textcolor>Black</textcolor>
				  <visible>IntegerGreaterThan(ListItem.Property(runtime),55)</visible>
				  <width>70</width>
				</control>
				<control type="label" description="דקות">
				  <align>center</align>
				  <label>$LOCALIZE[12391]</label>
				  <font>size18</font>
				  <posx>510</posx>
				  <posy>-239</posy>
				  <textcolor>White2</textcolor>
				  <visible>IntegerGreaterThan(ListItem.Property(runtime),4.5) + !IntegerGreaterThan(ListItem.Property(runtime),55)</visible>
				  <width>70</width>
				</control>
			</control>
			<control type="image" description="דירוג">
			  <animation condition="true" effect="rotate" end="-90" center="350,140" time="0">Conditional</animation>
			  <aspectratio align="center">keep</aspectratio>
			  <height>140</height>
			  <posx>240</posx> <!--למעלה/למטה-->
			  <posy>390</posy> <!--שמאלה/ימינה-->
			  <texture>$VAR[TopVideoInformation3]</texture>
			  <visible>!IsEmpty(Listitem.Property(rating)) + IntegerGreaterThan(Listitem.Property(rating),0) + !IntegerGreaterThan(Listitem.Property(rating),9.9)</visible>
			  <visible>false</visible>
			  <width>170</width>
			</control>
			<control type="group" description="עונה ופרק">
				<posx>50</posx>
				<posy>360</posy>
				<control type="image" description="עונה ופרק">
				  <height>30</height>
				  <width>270</width>
				  <texture colordiffuse="ff000000" border="0">buttons/ButtonA0.png</texture>
				</control>
				<control type="label" description="עונה ופרק">
				  <align>center</align>
				  <label>$INFO[ListItem.Property(se)]</label> <!--[CR]$LOCALIZE[12391] $INFO[Container(311).ListItem(0).Property(runtime)]-->
				  <font>size28</font>
				  <height>30</height>
				  <width>270</width>
				  <textcolor>White2</textcolor>
				  <visible>!IsEmpty(ListItem.Property(se)) + Control.IsVisible(312)</visible>
				</control>
				<control type="label" description="שם הסרט">
				  <align>center</align>
				  <label>$INFO[ListItem.Property(title)]</label> <!--[CR]$LOCALIZE[12391] $INFO[Container(311).ListItem(0).Property(runtime)]-->
				  <font>size18</font>
				  <height>30</height>
				  <textcolor>Yellow</textcolor>
				  <scroll>false</scroll>
				  <width>270</width>
				  <visible>!IsEmpty(ListItem.Property(title)) + Control.IsVisible(311)</visible>
				</control>
			</control>
		  </control>
	  </control>
	</focusedlayout>
  </include>
  <include name="Movies_RA" description="ייחוד כותרות עליונות-סרט אחרון">
    <control type="group">
      <control type="panel" id="311" description="פנל מדף סרטים שנוספו לאחרונה">
        <visible>Library.HasContent(Movies) + !Player.HasVideo + [StringCompare(Window(home).Property(Button.ID),90) | Control.HasFocus(311)]</visible>
		<visible>!Skin.HasSetting(MoviesShelfWL)</visible>
		<visible>[Container(9000).Row(0) | Container(9000).Row(1)] + !Container(9000).HasPrevious() | ![!Skin.String(MenuDesign) | Skin.String(MenuDesign,1)]</visible>
		<onup>9009</onup>
        <ondown>9000</ondown>
        <onleft>311</onleft>
        <onright>311</onright>
        <include>MoviesShortcutsCommons</include>
        <content>
          <item id="1" description="Movies">
            <visible>!IsEmpty(Window(home).Property(RecentMovie.1.Path))</visible>
            <label>$INFO[Window(home).Property(RecentMovie.1.Title)] ($INFO[Window(home).Property(RecentMovie.1.Year)])</label>
			<property name="year">$INFO[Window(home).Property(RecentMovie.1.Year)] </property>
            <thumb>$INFO[Window(home).Property(RecentMovie.1.Art(Poster))]</thumb>
			<onclick>RunScript(script.featherence.service,,?mode=24&amp;value=RecentMovie.1)</onclick>
			<property name="genre">$INFO[Window(Home).Property(RecentMovie.1.Genre)]</property>
			<property name="plot">$INFO[Window(Home).Property(RecentMovie.1.Plot)]</property>
			<property name="rating">$INFO[Window(Home).Property(RecentMovie.1.Rating)]</property>
			<property name="trailer">$INFO[Window(Home).Property(RecentMovie.1.Trailer)]</property>
			<property name="runtime">$INFO[Window(Home).Property(RecentMovie.1.Runtime)]</property>
			<property name="title">$INFO[Window(Home).Property(RecentMovie.1.Title)]</property>
			<property name="tagline">$INFO[Window(Home).Property(RecentMovie.1.Tagline)]</property>
			<property name="fanart">$INFO[Window(home).Property(RecentMovie.1.Art(fanart))]</property>
          </item>
          <item id="2" description="Movies">
            <visible>!IsEmpty(Window(home).Property(RecentMovie.2.Path))</visible>
            <label>$INFO[Window(home).Property(RecentMovie.2.Title)] ($INFO[Window(home).Property(RecentMovie.2.Year)])</label>
			<property name="year">$INFO[Window(home).Property(RecentMovie.2.Year)] </property>
			<thumb>$INFO[Window(home).Property(RecentMovie.2.Art(Poster))]</thumb>
            <onclick>RunScript(script.featherence.service,,?mode=24&amp;value=RecentMovie.2)</onclick>
			<property name="genre">$INFO[Window(Home).Property(RecentMovie.2.Genre)]</property>
			<property name="plot">$INFO[Window(Home).Property(RecentMovie.2.Plot)]</property>
			<property name="rating">$INFO[Window(Home).Property(RecentMovie.2.Rating)]</property>
			<property name="trailer">$INFO[Window(Home).Property(RecentMovie.2.Trailer)]</property>
			<property name="runtime">$INFO[Window(Home).Property(RecentMovie.2.Runtime)]</property>
			<property name="title">$INFO[Window(Home).Property(RecentMovie.2.Title)]</property>
			<property name="tagline">$INFO[Window(Home).Property(RecentMovie.2.Tagline)]</property>
          </item>
          <item id="3" description="Movies">
            <visible>!IsEmpty(Window(home).Property(RecentMovie.3.Path))</visible>
            <label>$INFO[Window(home).Property(RecentMovie.3.Title)] ($INFO[Window(home).Property(RecentMovie.3.Year)])</label>
			<property name="year">$INFO[Window(home).Property(RecentMovie.3.Year)] </property>
			<thumb>$INFO[Window(home).Property(RecentMovie.3.Art(Poster))]</thumb>
            <onclick>RunScript(script.featherence.service,,?mode=24&amp;value=RecentMovie.3)</onclick>
			<property name="genre">$INFO[Window(Home).Property(RecentMovie.3.Genre)]</property>
			<property name="plot">$INFO[Window(Home).Property(RecentMovie.3.Plot)]</property>
			<property name="rating">$INFO[Window(Home).Property(RecentMovie.3.Rating)]</property>
			<property name="trailer">$INFO[Window(Home).Property(RecentMovie.3.Trailer)]</property>
			<property name="runtime">$INFO[Window(Home).Property(RecentMovie.3.Runtime)]</property>
			<property name="title">$INFO[Window(Home).Property(RecentMovie.3.Title)]</property>
			<property name="tagline">$INFO[Window(Home).Property(RecentMovie.3.Tagline)]</property>
          </item>
          <item id="4" description="Movies">
            <visible>!IsEmpty(Window(home).Property(RecentMovie.4.Path))</visible>
            <label>$INFO[Window(home).Property(RecentMovie.4.Title)] ($INFO[Window(home).Property(RecentMovie.4.Year)])</label>
			<property name="year">$INFO[Window(home).Property(RecentMovie.4.Year)] </property>
			<thumb>$INFO[Window(home).Property(RecentMovie.4.Art(Poster))]</thumb>
            <onclick>RunScript(script.featherence.service,,?mode=24&amp;value=RecentMovie.4)</onclick>
			<property name="genre">$INFO[Window(Home).Property(RecentMovie.4.Genre)]</property>
			<property name="plot">$INFO[Window(Home).Property(RecentMovie.4.Plot)]</property>
			<property name="rating">$INFO[Window(Home).Property(RecentMovie.4.Rating)]</property>
			<property name="trailer">$INFO[Window(Home).Property(RecentMovie.4.Trailer)]</property>
			<property name="runtime">$INFO[Window(Home).Property(RecentMovie.4.Runtime)]</property>
			<property name="title">$INFO[Window(Home).Property(RecentMovie.4.Title)]</property>
			<property name="tagline">$INFO[Window(Home).Property(RecentMovie.4.Tagline)]</property>
          </item>
          <item id="5" description="Movies">
            <visible>!IsEmpty(Window(home).Property(RecentMovie.5.Path))</visible>
            <label>$INFO[Window(home).Property(RecentMovie.5.Title)] ($INFO[Window(home).Property(RecentMovie.5.Year)])</label>
			<property name="year">$INFO[Window(home).Property(RecentMovie.5.Year)] </property>
			<thumb>$INFO[Window(home).Property(RecentMovie.5.Art(Poster))]</thumb>
            <onclick>RunScript(script.featherence.service,,?mode=24&amp;value=RecentMovie.5)</onclick>
			<property name="genre">$INFO[Window(Home).Property(RecentMovie.5.Genre)]</property>
			<property name="plot">$INFO[Window(Home).Property(RecentMovie.5.Plot)]</property>
			<property name="rating">$INFO[Window(Home).Property(RecentMovie.5.Rating)]</property>
			<property name="trailer">$INFO[Window(Home).Property(RecentMovie.5.Trailer)]</property>
			<property name="runtime">$INFO[Window(Home).Property(RecentMovie.5.Runtime)]</property>
			<property name="title">$INFO[Window(Home).Property(RecentMovie.5.Title)]</property>
			<property name="tagline">$INFO[Window(Home).Property(RecentMovie.5.Tagline)]</property>
          </item>
          <item id="6" description="Movies">
            <visible>!IsEmpty(Window(home).Property(RecentMovie.6.Path))</visible>
            <label>$INFO[Window(home).Property(RecentMovie.6.Title)] ($INFO[Window(home).Property(RecentMovie.6.Year)])</label>
			<property name="year">$INFO[Window(home).Property(RecentMovie.6.Year)] </property>
			<thumb>$INFO[Window(home).Property(RecentMovie.6.Art(Poster))]</thumb>
            <onclick>RunScript(script.featherence.service,,?mode=24&amp;value=RecentMovie.6)</onclick>
			<property name="genre">$INFO[Window(Home).Property(RecentMovie.6.Genre)]</property>
			<property name="plot">$INFO[Window(Home).Property(RecentMovie.6.Plot)]</property>
			<property name="rating">$INFO[Window(Home).Property(RecentMovie.6.Rating)]</property>
			<property name="trailer">$INFO[Window(Home).Property(RecentMovie.6.Trailer)]</property>
			<property name="runtime">$INFO[Window(Home).Property(RecentMovie.6.Runtime)]</property>
			<property name="title">$INFO[Window(Home).Property(RecentMovie.6.Title)]</property>
			<property name="tagline">$INFO[Window(Home).Property(RecentMovie.6.Tagline)]</property>
          </item>
          <item id="7" description="Movies">
            <visible>!IsEmpty(Window(home).Property(RecentMovie.7.Path))</visible>
            <label>$INFO[Window(home).Property(RecentMovie.7.Title)] ($INFO[Window(home).Property(RecentMovie.7.Year)])</label>
			<property name="year">$INFO[Window(home).Property(RecentMovie.7.Year)] </property>
			<thumb>$INFO[Window(home).Property(RecentMovie.7.Art(Poster))]</thumb>
            <onclick>RunScript(script.featherence.service,,?mode=24&amp;value=RecentMovie.7)</onclick>
			<property name="genre">$INFO[Window(Home).Property(RecentMovie.7.Genre)]</property>
			<property name="plot">$INFO[Window(Home).Property(RecentMovie.7.Plot)]</property>
			<property name="rating">$INFO[Window(Home).Property(RecentMovie.7.Rating)]</property>
			<property name="trailer">$INFO[Window(Home).Property(RecentMovie.7.Trailer)]</property>
			<property name="runtime">$INFO[Window(Home).Property(RecentMovie.7.Runtime)]</property>
			<property name="title">$INFO[Window(Home).Property(RecentMovie.7.Title)]</property>
			<property name="tagline">$INFO[Window(Home).Property(RecentMovie.7.Tagline)]</property>
          </item>
          <item id="8" description="Movies">
            <visible>!IsEmpty(Window(home).Property(RecentMovie.8.Path))</visible>
            <label>$INFO[Window(home).Property(RecentMovie.8.Title)] ($INFO[Window(home).Property(RecentMovie.8.Year)])</label>
			<property name="year">$INFO[Window(home).Property(RecentMovie.8.Year)] </property>
			<thumb>$INFO[Window(home).Property(RecentMovie.8.Art(Poster))]</thumb>
            <onclick>RunScript(script.featherence.service,,?mode=24&amp;value=RecentMovie.8)</onclick>
			<property name="genre">$INFO[Window(Home).Property(RecentMovie.8.Genre)]</property>
			<property name="plot">$INFO[Window(Home).Property(RecentMovie.8.Plot)]</property>
			<property name="rating">$INFO[Window(Home).Property(RecentMovie.8.Rating)]</property>
			<property name="trailer">$INFO[Window(Home).Property(RecentMovie.8.Trailer)]</property>
			<property name="runtime">$INFO[Window(Home).Property(RecentMovie.8.Runtime)]</property>
			<property name="title">$INFO[Window(Home).Property(RecentMovie.8.Title)]</property>
			<property name="tagline">$INFO[Window(Home).Property(RecentMovie.8.Tagline)]</property>
          </item>
          <item id="9" description="Movies">
            <visible>!IsEmpty(Window(home).Property(RecentMovie.9.Path))</visible>
            <label>$INFO[Window(home).Property(RecentMovie.9.Title)] ($INFO[Window(home).Property(RecentMovie.9.Year)])</label>
			<property name="year">$INFO[Window(home).Property(RecentMovie.9.Year)] </property>
			<thumb>$INFO[Window(home).Property(RecentMovie.9.Art(Poster))]</thumb>
            <onclick>RunScript(script.featherence.service,,?mode=24&amp;value=RecentMovie.9)</onclick>
			<property name="genre">$INFO[Window(Home).Property(RecentMovie.9.Genre)]</property>
			<property name="plot">$INFO[Window(Home).Property(RecentMovie.9.Plot)]</property>
			<property name="rating">$INFO[Window(Home).Property(RecentMovie.9.Rating)]</property>
			<property name="trailer">$INFO[Window(Home).Property(RecentMovie.9.Trailer)]</property>
			<property name="runtime">$INFO[Window(Home).Property(RecentMovie.9.Runtime)]</property>
			<property name="title">$INFO[Window(Home).Property(RecentMovie.9.Title)]</property>
			<property name="tagline">$INFO[Window(Home).Property(RecentMovie.9.Tagline)]</property>
          </item>
          <item id="10" description="Movies">
            <visible>!IsEmpty(Window(home).Property(RecentMovie.10.Path))</visible>
            <label>$INFO[Window(home).Property(RecentMovie.10.Title)] ($INFO[Window(home).Property(RecentMovie.10.Year)])</label>
			<property name="year">$INFO[Window(home).Property(RecentMovie.10.Year)] </property>
			<thumb>$INFO[Window(home).Property(RecentMovie.10.Art(Poster))]</thumb>
            <onclick>RunScript(script.featherence.service,,?mode=24&amp;value=RecentMovie.10)</onclick>
			<property name="genre">$INFO[Window(Home).Property(RecentMovie.10.Genre)]</property>
			<property name="plot">$INFO[Window(Home).Property(RecentMovie.10.Plot)]</property>
			<property name="rating">$INFO[Window(Home).Property(RecentMovie.10.Rating)]</property>
			<property name="trailer">$INFO[Window(Home).Property(RecentMovie.10.Trailer)]</property>
			<property name="runtime">$INFO[Window(Home).Property(RecentMovie.10.Runtime)]</property>
			<property name="title">$INFO[Window(Home).Property(RecentMovie.10.Title)]</property>
			<property name="tagline">$INFO[Window(Home).Property(RecentMovie.10.Tagline)]</property>

          </item>
        </content>
	  </control>
	</control>
  </include> 
  <include name="Movies_WL" description="ייחוד כותרות עליונות-אקראי">
    <control type="group">
      <control type="panel" id="311" description="פנל מדף סרטים אקראיים">
        <visible>Library.HasContent(Movies) + !Player.HasVideo + [StringCompare(Window(home).Property(Button.ID),90) | Control.HasFocus(311)]</visible>
		<visible>Skin.HasSetting(MoviesShelfWL)</visible>
		<visible>[Container(9000).Row(0) | Container(9000).Row(1)] + !Container(9000).HasPrevious() | ![!Skin.String(MenuDesign) | Skin.String(MenuDesign,1)]</visible>
        <onup>9009</onup>
        <ondown>9000</ondown>
        <onleft>311</onleft>
        <onright>311</onright>
        <include>MoviesShortcutsCommons</include>
        <content>
          <item id="1" description="Movies">
            <visible>!IsEmpty(Window(home).Property(RandomMovie.1.Path))</visible>
            <label>$INFO[Window(home).Property(RandomMovie.1.Title)] ($INFO[Window(home).Property(RandomMovie.1.Year)])</label>
			<property name="year">$INFO[Window(home).Property(RandomMovie.1.Year)] </property>
			<thumb>$INFO[Window(home).Property(RandomMovie.1.Art(poster))]</thumb>
			<onclick>RunScript(script.featherence.service,,?mode=24&amp;value=RandomMovie.1)</onclick>
			<property name="genre">$INFO[Window(Home).Property(RandomMovie.1.Genre)]</property>
			<property name="plot">$INFO[Window(Home).Property(RandomMovie.1.Plot)]</property>
			<property name="rating">$INFO[Window(Home).Property(RandomMovie.1.Rating)]</property>
			<property name="trailer">$INFO[Window(Home).Property(RandomMovie.1.Trailer)]</property>
			<property name="runtime">$INFO[Window(Home).Property(RandomMovie.1.Runtime)]</property>
			<property name="title">$INFO[Window(Home).Property(RandomMovie.1.Title)]</property>
			<property name="tagline">$INFO[Window(Home).Property(RandomMovie.1.Tagline)]</property>
          </item>
          <item id="2" description="Movies">
            <visible>!IsEmpty(Window(home).Property(RandomMovie.2.Path))</visible>
            <label>$INFO[Window(home).Property(RandomMovie.2.Title)] ($INFO[Window(home).Property(RandomMovie.2.Year)])</label>
			<property name="year">$INFO[Window(home).Property(RandomMovie.2.Year)] </property>
			<thumb>$INFO[Window(home).Property(RandomMovie.2.Art(poster))]</thumb>
			<onclick>RunScript(script.featherence.service,,?mode=24&amp;value=RandomMovie.2)</onclick>
			<property name="genre">$INFO[Window(Home).Property(RandomMovie.2.Genre)]</property>
			<property name="plot">$INFO[Window(Home).Property(RandomMovie.2.Plot)]</property>
			<property name="rating">$INFO[Window(Home).Property(RandomMovie.2.Rating)]</property>
			<property name="trailer">$INFO[Window(Home).Property(RandomMovie.2.Trailer)]</property>
			<property name="runtime">$INFO[Window(Home).Property(RandomMovie.2.Runtime)]</property>
			<property name="title">$INFO[Window(Home).Property(RandomMovie.2.Title)]</property>
			<property name="tagline">$INFO[Window(Home).Property(RandomMovie.2.Tagline)]</property>
          </item>
          <item id="3" description="Movies">
            <visible>!IsEmpty(Window(home).Property(RandomMovie.3.Path))</visible>
            <label>$INFO[Window(home).Property(RandomMovie.3.Title)] ($INFO[Window(home).Property(RandomMovie.3.Year)])</label>
			<property name="year">$INFO[Window(home).Property(RandomMovie.3.Year)] </property>
			<thumb>$INFO[Window(home).Property(RandomMovie.3.Art(poster))]</thumb>
			<onclick>RunScript(script.featherence.service,,?mode=24&amp;value=RandomMovie.3)</onclick>
			<property name="genre">$INFO[Window(Home).Property(RandomMovie.3.Genre)]</property>
			<property name="plot">$INFO[Window(Home).Property(RandomMovie.3.Plot)]</property>
			<property name="rating">$INFO[Window(Home).Property(RandomMovie.3.Rating)]</property>
			<property name="trailer">$INFO[Window(Home).Property(RandomMovie.3.Trailer)]</property>
			<property name="runtime">$INFO[Window(Home).Property(RandomMovie.3.Runtime)]</property>
			<property name="title">$INFO[Window(Home).Property(RandomMovie.3.Title)]</property>
			<property name="tagline">$INFO[Window(Home).Property(RandomMovie.3.Tagline)]</property>
          </item>
          <item id="4" description="Movies">
            <visible>!IsEmpty(Window(home).Property(RandomMovie.4.Path))</visible>
            <label>$INFO[Window(home).Property(RandomMovie.4.Title)] ($INFO[Window(home).Property(RandomMovie.4.Year)])</label>
			<property name="year">$INFO[Window(home).Property(RandomMovie.4.Year)] </property>
			<thumb>$INFO[Window(home).Property(RandomMovie.4.Art(poster))]</thumb>
			<onclick>RunScript(script.featherence.service,,?mode=24&amp;value=RandomMovie.4)</onclick>
			<property name="genre">$INFO[Window(Home).Property(RandomMovie.4.Genre)]</property>
			<property name="plot">$INFO[Window(Home).Property(RandomMovie.4.Plot)]</property>
			<property name="rating">$INFO[Window(Home).Property(RandomMovie.4.Rating)]</property>
			<property name="trailer">$INFO[Window(Home).Property(RandomMovie.4.Trailer)]</property>
			<property name="runtime">$INFO[Window(Home).Property(RandomMovie.4.Runtime)]</property>
			<property name="title">$INFO[Window(Home).Property(RandomMovie.4.Title)]</property>
			<property name="tagline">$INFO[Window(Home).Property(RandomMovie.4.Tagline)]</property>
          </item>
          <item id="5" description="Movies">
            <visible>!IsEmpty(Window(home).Property(RandomMovie.5.Path))</visible>
            <label>$INFO[Window(home).Property(RandomMovie.5.Title)] ($INFO[Window(home).Property(RandomMovie.5.Year)])</label>
			<property name="year">$INFO[Window(home).Property(RandomMovie.5.Year)] </property>
			<thumb>$INFO[Window(home).Property(RandomMovie.5.Art(poster))]</thumb>
			<onclick>RunScript(script.featherence.service,,?mode=24&amp;value=RandomMovie.5)</onclick>
			<property name="genre">$INFO[Window(Home).Property(RandomMovie.5.Genre)]</property>
			<property name="plot">$INFO[Window(Home).Property(RandomMovie.5.Plot)]</property>
			<property name="rating">$INFO[Window(Home).Property(RandomMovie.5.Rating)]</property>
			<property name="trailer">$INFO[Window(Home).Property(RandomMovie.5.Trailer)]</property>
			<property name="runtime">$INFO[Window(Home).Property(RandomMovie.5.Runtime)]</property>
			<property name="title">$INFO[Window(Home).Property(RandomMovie.5.Title)]</property>
			<property name="tagline">$INFO[Window(Home).Property(RandomMovie.5.Tagline)]</property>
          </item>
          <item id="6" description="Movies">
            <visible>!IsEmpty(Window(home).Property(RandomMovie.6.Path))</visible>
            <label>$INFO[Window(home).Property(RandomMovie.6.Title)] ($INFO[Window(home).Property(RandomMovie.6.Year)])</label>
			<property name="year">$INFO[Window(home).Property(RandomMovie.6.Year)] </property>
			<thumb>$INFO[Window(home).Property(RandomMovie.6.Art(poster))]</thumb>
			<onclick>RunScript(script.featherence.service,,?mode=24&amp;value=RandomMovie.6)</onclick>
			<property name="genre">$INFO[Window(Home).Property(RandomMovie.6.Genre)]</property>
			<property name="plot">$INFO[Window(Home).Property(RandomMovie.6.Plot)]</property>
			<property name="rating">$INFO[Window(Home).Property(RandomMovie.6.Rating)]</property>
			<property name="trailer">$INFO[Window(Home).Property(RandomMovie.6.Trailer)]</property>
			<property name="runtime">$INFO[Window(Home).Property(RandomMovie.6.Runtime)]</property>
			<property name="title">$INFO[Window(Home).Property(RandomMovie.6.Title)]</property>
			<property name="tagline">$INFO[Window(Home).Property(RandomMovie.6.Tagline)]</property>
          </item>
          <item id="7" description="Movies">
            <visible>!IsEmpty(Window(home).Property(RandomMovie.7.Path))</visible>
            <label>$INFO[Window(home).Property(RandomMovie.7.Title)] ($INFO[Window(home).Property(RandomMovie.7.Year)])</label>
			<property name="year">$INFO[Window(home).Property(RandomMovie.7.Year)] </property>
			<thumb>$INFO[Window(home).Property(RandomMovie.7.Art(poster))]</thumb>
			<onclick>RunScript(script.featherence.service,,?mode=24&amp;value=RandomMovie.7)</onclick>
			<property name="genre">$INFO[Window(Home).Property(RandomMovie.7.Genre)]</property>
			<property name="plot">$INFO[Window(Home).Property(RandomMovie.7.Plot)]</property>
			<property name="rating">$INFO[Window(Home).Property(RandomMovie.7.Rating)]</property>
			<property name="trailer">$INFO[Window(Home).Property(RandomMovie.7.Trailer)]</property>
			<property name="runtime">$INFO[Window(Home).Property(RandomMovie.7.Runtime)]</property>
			<property name="title">$INFO[Window(Home).Property(RandomMovie.7.Title)]</property>
			<property name="tagline">$INFO[Window(Home).Property(RandomMovie.7.Tagline)]</property>
          </item>
          <item id="8" description="Movies">
            <visible>!IsEmpty(Window(home).Property(RandomMovie.8.Path))</visible>
            <label>$INFO[Window(home).Property(RandomMovie.8.Title)] ($INFO[Window(home).Property(RandomMovie.8.Year)])</label>
			<property name="year">$INFO[Window(home).Property(RandomMovie.8.Year)] </property>
			<thumb>$INFO[Window(home).Property(RandomMovie.8.Art(poster))]</thumb>
			<onclick>RunScript(script.featherence.service,,?mode=24&amp;value=RandomMovie.8)</onclick>
			<property name="genre">$INFO[Window(Home).Property(RandomMovie.8.Genre)]</property>
			<property name="plot">$INFO[Window(Home).Property(RandomMovie.8.Plot)]</property>
			<property name="rating">$INFO[Window(Home).Property(RandomMovie.8.Rating)]</property>
			<property name="trailer">$INFO[Window(Home).Property(RandomMovie.8.Trailer)]</property>
			<property name="runtime">$INFO[Window(Home).Property(RandomMovie.8.Runtime)]</property>
			<property name="title">$INFO[Window(Home).Property(RandomMovie.8.Title)]</property>
			<property name="tagline">$INFO[Window(Home).Property(RandomMovie.8.Tagline)]</property>
          </item>
          <item id="9" description="Movies">
            <visible>!IsEmpty(Window(home).Property(RandomMovie.9.Path))</visible>
            <label>$INFO[Window(home).Property(RandomMovie.9.Title)] ($INFO[Window(home).Property(RandomMovie.9.Year)])</label>
			<property name="year">$INFO[Window(home).Property(RandomMovie.9.Year)] </property>
			<thumb>$INFO[Window(home).Property(RandomMovie.9.Art(poster))]</thumb>
			<onclick>RunScript(script.featherence.service,,?mode=24&amp;value=RandomMovie.9)</onclick>
			<property name="genre">$INFO[Window(Home).Property(RandomMovie.9.Genre)]</property>
			<property name="plot">$INFO[Window(Home).Property(RandomMovie.9.Plot)]</property>
			<property name="rating">$INFO[Window(Home).Property(RandomMovie.9.Rating)]</property>
			<property name="trailer">$INFO[Window(Home).Property(RandomMovie.9.Trailer)]</property>
			<property name="runtime">$INFO[Window(Home).Property(RandomMovie.9.Runtime)]</property>
			<property name="title">$INFO[Window(Home).Property(RandomMovie.9.Title)]</property>
			<property name="tagline">$INFO[Window(Home).Property(RandomMovie.9.Tagline)]</property>
          </item>
          <item id="10" description="Movies">
            <visible>!IsEmpty(Window(home).Property(RandomMovie.10.Path))</visible>
            <label>$INFO[Window(home).Property(RandomMovie.10.Title)] ($INFO[Window(home).Property(RandomMovie.10.Year)])</label>
			<property name="year">$INFO[Window(home).Property(RandomMovie.10.Year)]</property>
			<thumb>$INFO[Window(home).Property(RandomMovie.10.Art(poster))]</thumb>
            <onclick>RunScript(script.featherence.service,,?mode=24&amp;value=RandomMovie.10)</onclick>
			<property name="genre">$INFO[Window(Home).Property(RandomMovie.10.Genre)]</property>
			<property name="plot">$INFO[Window(Home).Property(RandomMovie.10.Plot)]</property>
			<property name="rating">$INFO[Window(Home).Property(RandomMovie.10.Rating)]</property>
			<property name="trailer">$INFO[Window(Home).Property(RandomMovie.10.Trailer)]</property>
			<property name="runtime">$INFO[Window(Home).Property(RandomMovie.10.Runtime)]</property>
			<property name="title">$INFO[Window(Home).Property(RandomMovie.10.Title)]</property>
			<property name="tagline">$INFO[Window(Home).Property(RandomMovie.10.Tagline)]</property>
          </item>
        </content>
      </control> 
    </control>
  </include>
  <include name="TV_RAIR" description="ייחוד כותרות עליונות-סדרות אחרונות">
    <control type="group">
      <visible>Library.HasContent(TVShows)</visible>
      <control type="panel" id="312" description="פנל מדף פרקים שנוספו לאחרונה">
        <visible>[Library.HasContent(TVShows) | !Skin.HasSetting(TVShelf_Watchlist)] + [SubString(Window(home).Property(Button.ID),91) | Control.HasFocus(312)] + !Player.HasVideo</visible>
		<visible>[Container(9000).Row(0) | Container(9000).Row(1)] + !Container(9000).HasPrevious() | ![!Skin.String(MenuDesign) | Skin.String(MenuDesign,1)]</visible>
        <onup>9009</onup>
        <ondown>9000</ondown>
        <onleft>312</onleft>
        <onright>312</onright>
        <include>MoviesShortcutsCommons</include>
        <content>
          <item id="1" description="Episodes1">
            <visible>!IsEmpty(Window(Home).Property(RecentEpisode.1.Path))</visible>
            <label>$INFO[Window(Home).Property(RecentEpisode.1.TVshowTitle)] S$INFO[Window(Home).Property(RecentEpisode.1.Season)] E$INFO[Window(Home).Property(RecentEpisode.1.Episode)]</label>
            <property name="year">$INFO[Window(home).Property(RecentEpisode.1.Year)]</property>
			<property name="se">S: [COLOR Yellow]$INFO[Window(Home).Property(RecentEpisode.1.Season)][/COLOR] • E: [COLOR Yellow]$INFO[Window(Home).Property(RecentEpisode.1.Episode)][/COLOR]</property>
            <thumb>$INFO[Window(Home).Property(RecentEpisode.1.Art(tvshow.poster))]</thumb>
			<onclick>RunScript(script.featherence.service,,?mode=24&amp;value=RecentEpisode.1)</onclick>
			<property name="runtime">$INFO[Window(Home).Property(RecentEpisode.1.Runtime)]</property>
			<property name="genre">$INFO[Window(Home).Property(RecentEpisode.1.Genre)]</property>
			<property name="plot">$INFO[Window(Home).Property(RecentEpisode.1.Plot)]</property>
			<property name="rating">$INFO[Window(Home).Property(RecentEpisode.1.Rating)]</property>
			<property name="tvshowtitle">$INFO[Window(Home).Property(RecentEpisode.1.TVshowTitle)]</property>
			<property name="title">$INFO[Window(Home).Property(RecentEpisode.1.Title)]</property>
			<property name="season">$INFO[Window(Home).Property(RecentEpisode.1.Season)]</property>
			<property name="episode">$INFO[Window(Home).Property(RecentEpisode.1.Episode)]</property>
          </item>
          <item id="2" description="Episodes2">
            <visible>!IsEmpty(Window(Home).Property(RecentEpisode.2.Path))</visible>
            <label>$INFO[Window(Home).Property(RecentEpisode.2.TVshowTitle)] S$INFO[Window(Home).Property(RecentEpisode.2.Season)] E$INFO[Window(Home).Property(RecentEpisode.2.Episode)]</label>
            <property name="year">$INFO[Window(home).Property(RecentEpisode.2.Year)]</property>
            <property name="se">S: [COLOR Yellow]$INFO[Window(Home).Property(RecentEpisode.2.Season)][/COLOR] • E: [COLOR Yellow]$INFO[Window(Home).Property(RecentEpisode.2.Episode)][/COLOR]</property>
			<thumb>$INFO[Window(Home).Property(RecentEpisode.2.Art(tvshow.poster))]</thumb>
			<onclick>RunScript(script.featherence.service,,?mode=24&amp;value=RecentEpisode.2)</onclick>
			<property name="runtime">$INFO[Window(Home).Property(RecentEpisode.2.Runtime)]</property>
			<property name="genre">$INFO[Window(Home).Property(RecentEpisode.2.Genre)]</property>
			<property name="plot">$INFO[Window(Home).Property(RecentEpisode.2.Plot)]</property>
			<property name="rating">$INFO[Window(Home).Property(RecentEpisode.2.Rating)]</property>
			<property name="tvshowtitle">$INFO[Window(Home).Property(RecentEpisode.2.TVshowTitle)]</property>
			<property name="title">$INFO[Window(Home).Property(RecentEpisode.2.Title)]</property>
			<property name="season">$INFO[Window(Home).Property(RecentEpisode.2.Season)]</property>
			<property name="episode">$INFO[Window(Home).Property(RecentEpisode.2.Episode)]</property>
          </item>
          <item id="3" description="Episodes3">
            <visible>!IsEmpty(Window(Home).Property(RecentEpisode.3.Path))</visible>
            <label>$INFO[Window(Home).Property(RecentEpisode.3.TVshowTitle)] S$INFO[Window(Home).Property(RecentEpisode.3.Season)] E$INFO[Window(Home).Property(RecentEpisode.3.Episode)]</label>
            <property name="year">$INFO[Window(home).Property(RecentEpisode.3.Year)]</property>
			<property name="se">S: [COLOR Yellow]$INFO[Window(Home).Property(RecentEpisode.3.Season)][/COLOR] • E: [COLOR Yellow]$INFO[Window(Home).Property(RecentEpisode.3.Episode)][/COLOR]</property>
            <thumb>$INFO[Window(Home).Property(RecentEpisode.3.Art(tvshow.poster))]</thumb>
			<onclick>RunScript(script.featherence.service,,?mode=24&amp;value=RecentEpisode.3)</onclick>
			<property name="runtime">$INFO[Window(Home).Property(RecentEpisode.3.Runtime)]</property>
			<property name="genre">$INFO[Window(Home).Property(RecentEpisode.3.Genre)]</property>
			<property name="plot">$INFO[Window(Home).Property(RecentEpisode.3.Plot)]</property>
			<property name="rating">$INFO[Window(Home).Property(RecentEpisode.3.Rating)]</property>
			<property name="tvshowtitle">$INFO[Window(Home).Property(RecentEpisode.3.TVshowTitle)]</property>
			<property name="title">$INFO[Window(Home).Property(RecentEpisode.3.Title)]</property>
			<property name="season">$INFO[Window(Home).Property(RecentEpisode.3.Season)]</property>
			<property name="episode">$INFO[Window(Home).Property(RecentEpisode.3.Episode)]</property>
          </item>
          <item id="4" description="Episodes4">
            <visible>!IsEmpty(Window(Home).Property(RecentEpisode.4.Path))</visible>
            <label>$INFO[Window(Home).Property(RecentEpisode.4.TVshowTitle)] S$INFO[Window(Home).Property(RecentEpisode.4.Season)] E$INFO[Window(Home).Property(RecentEpisode.4.Episode)]</label>
            <property name="year">$INFO[Window(home).Property(RecentEpisode.4.Year)]</property>
            <property name="se">S: [COLOR Yellow]$INFO[Window(Home).Property(RecentEpisode.4.Season)][/COLOR] • E: [COLOR Yellow]$INFO[Window(Home).Property(RecentEpisode.4.Episode)][/COLOR]</property>
			<thumb>$INFO[Window(Home).Property(RecentEpisode.4.Art(tvshow.poster))]</thumb>
			<onclick>RunScript(script.featherence.service,,?mode=24&amp;value=RecentEpisode.4)</onclick>
			<property name="runtime">$INFO[Window(Home).Property(RecentEpisode.4.Runtime)]</property>
			<property name="genre">$INFO[Window(Home).Property(RecentEpisode.4.Genre)]</property>
			<property name="plot">$INFO[Window(Home).Property(RecentEpisode.4.Plot)]</property>
			<property name="rating">$INFO[Window(Home).Property(RecentEpisode.4.Rating)]</property>
			<property name="tvshowtitle">$INFO[Window(Home).Property(RecentEpisode.4.TVshowTitle)]</property>
			<property name="title">$INFO[Window(Home).Property(RecentEpisode.4.Title)]</property>
			<property name="season">$INFO[Window(Home).Property(RecentEpisode.4.Season)]</property>
			<property name="episode">$INFO[Window(Home).Property(RecentEpisode.4.Episode)]</property>
          </item>
          <item id="5" description="Episodes5">
            <visible>!IsEmpty(Window(Home).Property(RecentEpisode.5.Path))</visible>
            <label>$INFO[Window(Home).Property(RecentEpisode.5.TVshowTitle)] S$INFO[Window(Home).Property(RecentEpisode.5.Season)] E$INFO[Window(Home).Property(RecentEpisode.5.Episode)]</label>
            <property name="year">$INFO[Window(home).Property(RecentEpisode.5.Year)]</property>
            <property name="se">S: [COLOR Yellow]$INFO[Window(Home).Property(RecentEpisode.5.Season)][/COLOR] • E: [COLOR Yellow]$INFO[Window(Home).Property(RecentEpisode.5.Episode)][/COLOR]</property>
			<thumb>$INFO[Window(Home).Property(RecentEpisode.5.Art(tvshow.poster))]</thumb>
			<onclick>RunScript(script.featherence.service,,?mode=24&amp;value=RecentEpisode.5)</onclick>
			<property name="runtime">$INFO[Window(Home).Property(RecentEpisode.5.Runtime)]</property>
			<property name="genre">$INFO[Window(Home).Property(RecentEpisode.5.Genre)]</property>
			<property name="plot">$INFO[Window(Home).Property(RecentEpisode.5.Plot)]</property>
			<property name="rating">$INFO[Window(Home).Property(RecentEpisode.5.Rating)]</property>
			<property name="tvshowtitle">$INFO[Window(Home).Property(RecentEpisode.5.TVshowTitle)]</property>
			<property name="title">$INFO[Window(Home).Property(RecentEpisode.5.Title)]</property>
			<property name="season">$INFO[Window(Home).Property(RecentEpisode.5.Season)]</property>
			<property name="episode">$INFO[Window(Home).Property(RecentEpisode.5.Episode)]</property>
          </item>
          <item id="6" description="Episodes6">
            <visible>!IsEmpty(Window(Home).Property(RecentEpisode.6.Path))</visible>
            <label>$INFO[Window(Home).Property(RecentEpisode.6.TVshowTitle)] S$INFO[Window(Home).Property(RecentEpisode.6.Season)] E$INFO[Window(Home).Property(RecentEpisode.6.Episode)]</label>
            <property name="year">$INFO[Window(home).Property(RecentEpisode.6.Year)]</property>
            <property name="se">S: [COLOR Yellow]$INFO[Window(Home).Property(RecentEpisode.6.Season)][/COLOR] • E: [COLOR Yellow]$INFO[Window(Home).Property(RecentEpisode.6.Episode)][/COLOR]</property>
			<thumb>$INFO[Window(Home).Property(RecentEpisode.6.Art(tvshow.poster))]</thumb>
			<onclick>RunScript(script.featherence.service,,?mode=24&amp;value=RecentEpisode.6)</onclick>
			<property name="runtime">$INFO[Window(Home).Property(RecentEpisode.6.Runtime)]</property>
			<property name="genre">$INFO[Window(Home).Property(RecentEpisode.6.Genre)]</property>
			<property name="plot">$INFO[Window(Home).Property(RecentEpisode.6.Plot)]</property>
			<property name="rating">$INFO[Window(Home).Property(RecentEpisode.6.Rating)]</property>
			<property name="tvshowtitle">$INFO[Window(Home).Property(RecentEpisode.6.TVshowTitle)]</property>
			<property name="title">$INFO[Window(Home).Property(RecentEpisode.6.Title)]</property>
			<property name="season">$INFO[Window(Home).Property(RecentEpisode.6.Season)]</property>
			<property name="episode">$INFO[Window(Home).Property(RecentEpisode.6.Episode)]</property>
          </item>
          <item id="7" description="Episodes7">
            <visible>!IsEmpty(Window(Home).Property(RecentEpisode.7.Path))</visible>
            <label>$INFO[Window(Home).Property(RecentEpisode.7.TVshowTitle)] S$INFO[Window(Home).Property(RecentEpisode.7.Season)] E$INFO[Window(Home).Property(RecentEpisode.7.Episode)]</label>
            <property name="year">$INFO[Window(home).Property(RecentEpisode.7.Year)]</property>
            <property name="se">S: [COLOR Yellow]$INFO[Window(Home).Property(RecentEpisode.7.Season)][/COLOR] • E: [COLOR Yellow]$INFO[Window(Home).Property(RecentEpisode.7.Episode)][/COLOR]</property>
			<thumb>$INFO[Window(Home).Property(RecentEpisode.7.Art(tvshow.poster))]</thumb>
			<onclick>RunScript(script.featherence.service,,?mode=24&amp;value=RecentEpisode.7)</onclick>
			<property name="runtime">$INFO[Window(Home).Property(RecentEpisode.7.Runtime)]</property>
			<property name="genre">$INFO[Window(Home).Property(RecentEpisode.7.Genre)]</property>
			<property name="plot">$INFO[Window(Home).Property(RecentEpisode.7.Plot)]</property>
			<property name="rating">$INFO[Window(Home).Property(RecentEpisode.7.Rating)]</property>
			<property name="tvshowtitle">$INFO[Window(Home).Property(RecentEpisode.7.TVshowTitle)]</property>
			<property name="title">$INFO[Window(Home).Property(RecentEpisode.7.Title)]</property>
			<property name="season">$INFO[Window(Home).Property(RecentEpisode.7.Season)]</property>
			<property name="episode">$INFO[Window(Home).Property(RecentEpisode.7.Episode)]</property>
          </item>
          <item id="8" description="Episodes8">
            <visible>!IsEmpty(Window(Home).Property(RecentEpisode.8.Path))</visible>
            <label>$INFO[Window(Home).Property(RecentEpisode.8.TVshowTitle)] S$INFO[Window(Home).Property(RecentEpisode.8.Season)] E$INFO[Window(Home).Property(RecentEpisode.8.Episode)]</label>
            <property name="year">$INFO[Window(home).Property(RecentEpisode.8.Year)]</property>
            <property name="se">S: [COLOR Yellow]$INFO[Window(Home).Property(RecentEpisode.8.Season)][/COLOR] • E: [COLOR Yellow]$INFO[Window(Home).Property(RecentEpisode.8.Episode)][/COLOR]</property>
			<thumb>$INFO[Window(Home).Property(RecentEpisode.8.Art(tvshow.poster))]</thumb>
			<onclick>RunScript(script.featherence.service,,?mode=24&amp;value=RecentEpisode.8)</onclick>
			<property name="runtime">$INFO[Window(Home).Property(RecentEpisode.8.Runtime)]</property>
			<property name="genre">$INFO[Window(Home).Property(RecentEpisode.8.Genre)]</property>
			<property name="plot">$INFO[Window(Home).Property(RecentEpisode.8.Plot)]</property>
			<property name="rating">$INFO[Window(Home).Property(RecentEpisode.8.Rating)]</property>
			<property name="tvshowtitle">$INFO[Window(Home).Property(RecentEpisode.8.TVshowTitle)]</property>
			<property name="title">$INFO[Window(Home).Property(RecentEpisode.8.Title)]</property>
			<property name="season">$INFO[Window(Home).Property(RecentEpisode.8.Season)]</property>
			<property name="episode">$INFO[Window(Home).Property(RecentEpisode.8.Episode)]</property>
          </item>
          <item id="9" description="Episodes9">
            <visible>!IsEmpty(Window(Home).Property(RecentEpisode.9.Path))</visible>
            <label>$INFO[Window(Home).Property(RecentEpisode.9.TVshowTitle)] S$INFO[Window(Home).Property(RecentEpisode.9.Season)] E$INFO[Window(Home).Property(RecentEpisode.9.Episode)]</label>
            <property name="year">$INFO[Window(home).Property(RecentEpisode.9.Year)]</property>
            <property name="se">S: [COLOR Yellow]$INFO[Window(Home).Property(RecentEpisode.9.Season)][/COLOR] • E: [COLOR Yellow]$INFO[Window(Home).Property(RecentEpisode.9.Episode)][/COLOR]</property>
			<thumb>$INFO[Window(Home).Property(RecentEpisode.9.Art(tvshow.poster))]</thumb>
			<onclick>RunScript(script.featherence.service,,?mode=24&amp;value=RecentEpisode.9)</onclick>
			<property name="runtime">$INFO[Window(Home).Property(RecentEpisode.9.Runtime)]</property>
			<property name="genre">$INFO[Window(Home).Property(RecentEpisode.9.Genre)]</property>
			<property name="plot">$INFO[Window(Home).Property(RecentEpisode.9.Plot)]</property>
			<property name="rating">$INFO[Window(Home).Property(RecentEpisode.9.Rating)]</property>
			<property name="tvshowtitle">$INFO[Window(Home).Property(RecentEpisode.9.TVshowTitle)]</property>
			<property name="title">$INFO[Window(Home).Property(RecentEpisode.9.Title)]</property>
			<property name="season">$INFO[Window(Home).Property(RecentEpisode.9.Season)]</property>
			<property name="episode">$INFO[Window(Home).Property(RecentEpisode.9.Episode)]</property>
          </item>
          <item id="10" description="Episodes10">
            <visible>!IsEmpty(Window(Home).Property(RecentEpisode.10.Path))</visible>
            <label>$INFO[Window(Home).Property(RecentEpisode.10.TVshowTitle)] S$INFO[Window(Home).Property(RecentEpisode.10.Season)] E$INFO[Window(Home).Property(RecentEpisode.10.Episode)]</label>
            <property name="year">$INFO[Window(home).Property(RecentEpisode.10.Year)]</property>
            <property name="se">S: [COLOR Yellow]$INFO[Window(Home).Property(RecentEpisode.10.Season)][/COLOR] • E: [COLOR Yellow]$INFO[Window(Home).Property(RecentEpisode.10.Episode)][/COLOR]</property>
			<thumb>$INFO[Window(Home).Property(RecentEpisode.10.Art(tvshow.poster))]</thumb>
			<onclick>RunScript(script.featherence.service,,?mode=24&amp;value=RecentEpisode.10)</onclick>
			<property name="runtime">$INFO[Window(Home).Property(RecentEpisode.10.Runtime)]</property>
			<property name="genre">$INFO[Window(Home).Property(RecentEpisode.10.Genre)]</property>
			<property name="plot">$INFO[Window(Home).Property(RecentEpisode.10.Plot)]</property>
			<property name="rating">$INFO[Window(Home).Property(RecentEpisode.10.Rating)]</property>
			<property name="tvshowtitle">$INFO[Window(Home).Property(RecentEpisode.10.TVshowTitle)]</property>
			<property name="title">$INFO[Window(Home).Property(RecentEpisode.10.Title)]</property>
			<property name="season">$INFO[Window(Home).Property(RecentEpisode.10.Season)]</property>
			<property name="episode">$INFO[Window(Home).Property(RecentEpisode.10.Episode)]</property>
          </item>
        </content>
      </control>
    </control>
  </include>
  <include name="TV_WL" description="ייחוד כותרות עליונות-סדרות בתהליך">
    <control type="group">
      <visible>Library.HasContent(TVShows)</visible>
      <control type="panel" id="312" description="פנל מדף סדרות בתהליך">
        <visible>[Library.HasContent(TVShows) | Skin.HasSetting(TVShelf_Watchlist)] + [SubString(Window(home).Property(Button.ID),91) | Control.HasFocus(312)] + !Player.HasVideo</visible>
		<visible>[Container(9000).Row(0) | Container(9000).Row(1)] + !Container(9000).HasPrevious() | ![!Skin.String(MenuDesign) | Skin.String(MenuDesign,1)]</visible>
        <onup>9009</onup>
        <ondown>9000</ondown>
        <onleft>312</onleft>
        <onright>312</onright>
        <include>MoviesShortcutsCommons</include>
        <!--<include>RecommendedEpisodes</include>-->
		<content>
          <item id="1" description="Episodes1">
            <visible>!IsEmpty(Window(Home).Property(RecommendedEpisode.1.Title))</visible>
            <label>$INFO[Window(Home).Property(RecommendedEpisode.1.TVshowTitle)] S$INFO[Window(Home).Property(RecommendedEpisode.1.Season)] E$INFO[Window(Home).Property(RecommendedEpisode.1.Episode)]</label>
            <property name="year">$INFO[Window(home).Property(RecommendedEpisode.1.Year)]</property>
            <property name="se">S: [COLOR Yellow]$INFO[Window(Home).Property(RecommendedEpisode.1.Season)][/COLOR] • E: [COLOR Yellow]$INFO[Window(Home).Property(RecommendedEpisode.1.Episode)][/COLOR]</property>
			<thumb>$INFO[Window(Home).Property(RecommendedEpisode.1.Art(tvshow.poster))]</thumb>
			<onclick>RunScript(script.featherence.service,,?mode=24&amp;value=RecommendedEpisode.1)</onclick>
			<property name="runtime">$INFO[Window(Home).Property(RecommendedEpisode.1.Runtime)]</property>
			<property name="genre">$INFO[Window(Home).Property(RecommendedEpisode.1.Genre)]</property>
			<property name="plot">$INFO[Window(Home).Property(RecommendedEpisode.1.Plot)]</property>
			<property name="rating">$INFO[Window(Home).Property(RecommendedEpisode.1.Rating)]</property>
			<property name="tvshowtitle">$INFO[Window(Home).Property(RecommendedEpisode.1.TVshowTitle)]</property>
			<property name="title">$INFO[Window(Home).Property(RecommendedEpisode.1.Title)]</property>
			<property name="season">$INFO[Window(Home).Property(RecommendedEpisode.1.Season)]</property>
			<property name="episode">$INFO[Window(Home).Property(RecommendedEpisode.1.Episode)]</property>
          </item>
          <item id="2" description="Episodes2">
            <visible>!IsEmpty(Window(Home).Property(RecommendedEpisode.2.Title))</visible>
            <label>$INFO[Window(Home).Property(RecommendedEpisode.2.TVshowTitle)] S$INFO[Window(Home).Property(RecommendedEpisode.2.Season)] E$INFO[Window(Home).Property(RecommendedEpisode.2.Episode)]</label>
            <property name="year">$INFO[Window(home).Property(RecommendedEpisode.2.Year)]</property>
            <property name="se">S: [COLOR Yellow]$INFO[Window(Home).Property(RecommendedEpisode.2.Season)][/COLOR] • E: [COLOR Yellow]$INFO[Window(Home).Property(RecommendedEpisode.2.Episode)][/COLOR]</property>
			<thumb>$INFO[Window(Home).Property(RecommendedEpisode.2.Art(tvshow.poster))]</thumb>
			<onclick>RunScript(script.featherence.service,,?mode=24&amp;value=RecommendedEpisode.2)</onclick>
			<property name="runtime">$INFO[Window(Home).Property(RecommendedEpisode.2.Runtime)]</property>
			<property name="genre">$INFO[Window(Home).Property(RecommendedEpisode.2.Genre)]</property>
			<property name="plot">$INFO[Window(Home).Property(RecommendedEpisode.2.Plot)]</property>
			<property name="rating">$INFO[Window(Home).Property(RecommendedEpisode.2.Rating)]</property>
			<property name="tvshowtitle">$INFO[Window(Home).Property(RecommendedEpisode.2.TVshowTitle)]</property>
			<property name="title">$INFO[Window(Home).Property(RecommendedEpisode.2.Title)]</property>
			<property name="season">$INFO[Window(Home).Property(RecommendedEpisode.2.Season)]</property>
			<property name="episode">$INFO[Window(Home).Property(RecommendedEpisode.2.Episode)]</property>
          </item>
          <item id="3" description="Episodes3">
            <visible>!IsEmpty(Window(Home).Property(RecommendedEpisode.3.Title))</visible>
            <label>$INFO[Window(Home).Property(RecommendedEpisode.3.TVshowTitle)] S$INFO[Window(Home).Property(RecommendedEpisode.3.Season)] E$INFO[Window(Home).Property(RecommendedEpisode.3.Episode)]</label>
            <property name="year">$INFO[Window(home).Property(RecommendedEpisode.3.Year)]</property>
            <property name="se">S: [COLOR Yellow]$INFO[Window(Home).Property(RecommendedEpisode.3.Season)][/COLOR] • E: [COLOR Yellow]$INFO[Window(Home).Property(RecommendedEpisode.3.Episode)][/COLOR]</property>
			<thumb>$INFO[Window(Home).Property(RecommendedEpisode.3.Art(tvshow.poster))]</thumb>
			<onclick>RunScript(script.featherence.service,,?mode=24&amp;value=RecommendedEpisode.3)</onclick>
			<property name="runtime">$INFO[Window(Home).Property(RecommendedEpisode.3.Runtime)]</property>
			<property name="genre">$INFO[Window(Home).Property(RecommendedEpisode.3.Genre)]</property>
			<property name="plot">$INFO[Window(Home).Property(RecommendedEpisode.3.Plot)]</property>
			<property name="rating">$INFO[Window(Home).Property(RecommendedEpisode.3.Rating)]</property>
			<property name="tvshowtitle">$INFO[Window(Home).Property(RecommendedEpisode.3.TVshowTitle)]</property>
			<property name="title">$INFO[Window(Home).Property(RecommendedEpisode.3.Title)]</property>
			<property name="season">$INFO[Window(Home).Property(RecommendedEpisode.3.Season)]</property>
			<property name="episode">$INFO[Window(Home).Property(RecommendedEpisode.3.Episode)]</property>
          </item>
          <item id="4" description="Episodes4">
            <visible>!IsEmpty(Window(Home).Property(RecommendedEpisode.4.Title))</visible>
            <label>$INFO[Window(Home).Property(RecommendedEpisode.4.TVshowTitle)] S$INFO[Window(Home).Property(RecommendedEpisode.4.Season)] E$INFO[Window(Home).Property(RecommendedEpisode.4.Episode)]</label>
            <property name="year">$INFO[Window(home).Property(RecommendedEpisode.4.Year)]</property>
            <property name="se">S: [COLOR Yellow]$INFO[Window(Home).Property(RecommendedEpisode.4.Season)][/COLOR] • E: [COLOR Yellow]$INFO[Window(Home).Property(RecommendedEpisode.4.Episode)][/COLOR]</property>
			<thumb>$INFO[Window(Home).Property(RecommendedEpisode.4.Art(tvshow.poster))]</thumb>
			<onclick>RunScript(script.featherence.service,,?mode=24&amp;value=RecommendedEpisode.4)</onclick>
			<property name="runtime">$INFO[Window(Home).Property(RecommendedEpisode.4.Runtime)]</property>
			<property name="genre">$INFO[Window(Home).Property(RecommendedEpisode.4.Genre)]</property>
			<property name="plot">$INFO[Window(Home).Property(RecommendedEpisode.4.Plot)]</property>
			<property name="rating">$INFO[Window(Home).Property(RecommendedEpisode.4.Rating)]</property>
			<property name="tvshowtitle">$INFO[Window(Home).Property(RecommendedEpisode.4.TVshowTitle)]</property>
			<property name="title">$INFO[Window(Home).Property(RecommendedEpisode.4.Title)]</property>
			<property name="season">$INFO[Window(Home).Property(RecommendedEpisode.4.Season)]</property>
			<property name="episode">$INFO[Window(Home).Property(RecommendedEpisode.4.Episode)]</property>
          </item>
          <item id="5" description="Episodes5">
            <visible>!IsEmpty(Window(Home).Property(RecommendedEpisode.5.Title))</visible>
            <label>$INFO[Window(Home).Property(RecommendedEpisode.5.TVshowTitle)] S$INFO[Window(Home).Property(RecommendedEpisode.5.Season)] E$INFO[Window(Home).Property(RecommendedEpisode.5.Episode)]</label>
            <property name="year">$INFO[Window(home).Property(RecommendedEpisode.5.Year)]</property>
            <property name="se">S: [COLOR Yellow]$INFO[Window(Home).Property(RecommendedEpisode.5.Season)][/COLOR] • E: [COLOR Yellow]$INFO[Window(Home).Property(RecommendedEpisode.5.Episode)][/COLOR]</property>
			<thumb>$INFO[Window(Home).Property(RecommendedEpisode.5.Art(tvshow.poster))]</thumb>
			<onclick>RunScript(script.featherence.service,,?mode=24&amp;value=RecommendedEpisode.5)</onclick>
			<property name="runtime">$INFO[Window(Home).Property(RecommendedEpisode.5.Runtime)]</property>
			<property name="genre">$INFO[Window(Home).Property(RecommendedEpisode.5.Genre)]</property>
			<property name="plot">$INFO[Window(Home).Property(RecommendedEpisode.5.Plot)]</property>
			<property name="rating">$INFO[Window(Home).Property(RecommendedEpisode.5.Rating)]</property>
			<property name="tvshowtitle">$INFO[Window(Home).Property(RecommendedEpisode.5.TVshowTitle)]</property>
			<property name="title">$INFO[Window(Home).Property(RecommendedEpisode.5.Title)]</property>
			<property name="season">$INFO[Window(Home).Property(RecommendedEpisode.5.Season)]</property>
			<property name="episode">$INFO[Window(Home).Property(RecommendedEpisode.5.Episode)]</property>
          </item>
          <item id="6" description="Episodes6">
            <visible>!IsEmpty(Window(Home).Property(RecommendedEpisode.6.Title))</visible>
            <label>$INFO[Window(Home).Property(RecommendedEpisode.6.TVshowTitle)] S$INFO[Window(Home).Property(RecommendedEpisode.6.Season)] E$INFO[Window(Home).Property(RecommendedEpisode.6.Episode)]</label>
            <property name="year">$INFO[Window(home).Property(RecommendedEpisode.6.Year)]</property>
            <property name="se">S: [COLOR Yellow]$INFO[Window(Home).Property(RecommendedEpisode.6.Season)][/COLOR] • E: [COLOR Yellow]$INFO[Window(Home).Property(RecommendedEpisode.6.Episode)][/COLOR]</property>
			<thumb>$INFO[Window(Home).Property(RecommendedEpisode.6.Art(tvshow.poster))]</thumb>
			<onclick>RunScript(script.featherence.service,,?mode=24&amp;value=RecommendedEpisode.6)</onclick>
			<property name="runtime">$INFO[Window(Home).Property(RecommendedEpisode.6.Runtime)]</property>
			<property name="genre">$INFO[Window(Home).Property(RecommendedEpisode.6.Genre)]</property>
			<property name="plot">$INFO[Window(Home).Property(RecommendedEpisode.6.Plot)]</property>
			<property name="rating">$INFO[Window(Home).Property(RecommendedEpisode.6.Rating)]</property>
			<property name="tvshowtitle">$INFO[Window(Home).Property(RecommendedEpisode.6.TVshowTitle)]</property>
			<property name="title">$INFO[Window(Home).Property(RecommendedEpisode.6.Title)]</property>
			<property name="season">$INFO[Window(Home).Property(RecommendedEpisode.6.Season)]</property>
			<property name="episode">$INFO[Window(Home).Property(RecommendedEpisode.6.Episode)]</property>
          </item>
          <item id="7" description="Episodes7">
            <visible>!IsEmpty(Window(Home).Property(RecommendedEpisode.7.Title))</visible>
            <label>$INFO[Window(Home).Property(RecommendedEpisode.7.TVshowTitle)] S$INFO[Window(Home).Property(RecommendedEpisode.7.Season)] E$INFO[Window(Home).Property(RecommendedEpisode.7.Episode)]</label>
            <property name="year">$INFO[Window(home).Property(RecommendedEpisode.7.Year)]</property>
            <property name="se">S: [COLOR Yellow]$INFO[Window(Home).Property(RecommendedEpisode.7.Season)][/COLOR] • E: [COLOR Yellow]$INFO[Window(Home).Property(RecommendedEpisode.7.Episode)][/COLOR]</property>
			<thumb>$INFO[Window(Home).Property(RecommendedEpisode.7.Art(tvshow.poster))]</thumb>
			<onclick>RunScript(script.featherence.service,,?mode=24&amp;value=RecommendedEpisode.7)</onclick>
			<property name="runtime">$INFO[Window(Home).Property(RecommendedEpisode.7.Runtime)]</property>
			<property name="genre">$INFO[Window(Home).Property(RecommendedEpisode.7.Genre)]</property>
			<property name="plot">$INFO[Window(Home).Property(RecommendedEpisode.7.Plot)]</property>
			<property name="rating">$INFO[Window(Home).Property(RecommendedEpisode.7.Rating)]</property>
			<property name="tvshowtitle">$INFO[Window(Home).Property(RecommendedEpisode.7.TVshowTitle)]</property>
			<property name="title">$INFO[Window(Home).Property(RecommendedEpisode.7.Title)]</property>
			<property name="season">$INFO[Window(Home).Property(RecommendedEpisode.7.Season)]</property>
			<property name="episode">$INFO[Window(Home).Property(RecommendedEpisode.7.Episode)]</property>
          </item>
          <item id="8" description="Episodes8">
            <visible>!IsEmpty(Window(Home).Property(RecommendedEpisode.8.Title))</visible>
            <label>$INFO[Window(Home).Property(RecommendedEpisode.8.TVshowTitle)] S$INFO[Window(Home).Property(RecommendedEpisode.8.Season)] E$INFO[Window(Home).Property(RecommendedEpisode.8.Episode)]</label>
            <property name="year">$INFO[Window(home).Property(RecommendedEpisode.8.Year)]</property>
            <property name="se">S: [COLOR Yellow]$INFO[Window(Home).Property(RecommendedEpisode.8.Season)][/COLOR] • E: [COLOR Yellow]$INFO[Window(Home).Property(RecommendedEpisode.8.Episode)][/COLOR]</property>
			<thumb>$INFO[Window(Home).Property(RecommendedEpisode.8.Art(tvshow.poster))]</thumb>
			<onclick>RunScript(script.featherence.service,,?mode=24&amp;value=RecommendedEpisode.8)</onclick>
			<property name="runtime">$INFO[Window(Home).Property(RecommendedEpisode.8.Runtime)]</property>
			<property name="genre">$INFO[Window(Home).Property(RecommendedEpisode.8.Genre)]</property>
			<property name="plot">$INFO[Window(Home).Property(RecommendedEpisode.8.Plot)]</property>
			<property name="rating">$INFO[Window(Home).Property(RecommendedEpisode.8.Rating)]</property>
			<property name="tvshowtitle">$INFO[Window(Home).Property(RecommendedEpisode.8.TVshowTitle)]</property>
			<property name="title">$INFO[Window(Home).Property(RecommendedEpisode.8.Title)]</property>
			<property name="season">$INFO[Window(Home).Property(RecommendedEpisode.8.Season)]</property>
			<property name="episode">$INFO[Window(Home).Property(RecommendedEpisode.8.Episode)]</property>
          </item>
          <item id="9" description="Episodes9">
            <visible>!IsEmpty(Window(Home).Property(RecommendedEpisode.9.Title))</visible>
            <label>$INFO[Window(Home).Property(RecommendedEpisode.9.TVshowTitle)] S$INFO[Window(Home).Property(RecommendedEpisode.9.Season)] E$INFO[Window(Home).Property(RecommendedEpisode.9.Episode)]</label>
            <property name="year">$INFO[Window(home).Property(RecommendedEpisode.9.Year)]</property>
            <property name="se">S: [COLOR Yellow]$INFO[Window(Home).Property(RecommendedEpisode.9.Season)][/COLOR] • E: [COLOR Yellow]$INFO[Window(Home).Property(RecommendedEpisode.9.Episode)][/COLOR]</property>
			<thumb>$INFO[Window(Home).Property(RecommendedEpisode.9.Art(tvshow.poster))]</thumb>
			<onclick>RunScript(script.featherence.service,,?mode=24&amp;value=RecommendedEpisode.9)</onclick>
			<property name="runtime">$INFO[Window(Home).Property(RecommendedEpisode.9.Runtime)]</property>
			<property name="genre">$INFO[Window(Home).Property(RecommendedEpisode.9.Genre)]</property>
			<property name="plot">$INFO[Window(Home).Property(RecommendedEpisode.9.Plot)]</property>
			<property name="rating">$INFO[Window(Home).Property(RecommendedEpisode.9.Rating)]</property>
			<property name="tvshowtitle">$INFO[Window(Home).Property(RecommendedEpisode.9.TVshowTitle)]</property>
			<property name="title">$INFO[Window(Home).Property(RecommendedEpisode.9.Title)]</property>
			<property name="season">$INFO[Window(Home).Property(RecommendedEpisode.9.Season)]</property>
			<property name="episode">$INFO[Window(Home).Property(RecommendedEpisode.9.Episode)]</property>
          </item>
          <item id="10" description="Episodes10">
            <visible>!IsEmpty(Window(Home).Property(RecommendedEpisode.10.Title))</visible>
            <label>$INFO[Window(Home).Property(RecommendedEpisode.10.TVshowTitle)] S$INFO[Window(Home).Property(RecommendedEpisode.10.Season)] E$INFO[Window(Home).Property(RecommendedEpisode.10.Episode)]</label>
            <property name="year">$INFO[Window(home).Property(RecommendedEpisode.10.Year)]</property>
            <property name="se">S: [COLOR Yellow]$INFO[Window(Home).Property(RecommendedEpisode.10.Season)][/COLOR] • E: [COLOR Yellow]$INFO[Window(Home).Property(RecommendedEpisode.10.Episode)][/COLOR]</property>
			<thumb>$INFO[Window(Home).Property(RecommendedEpisode.10.Art(tvshow.poster))]</thumb>
			<onclick>RunScript(script.featherence.service,,?mode=24&amp;value=RecommendedEpisode.10)</onclick>
			<property name="runtime">$INFO[Window(Home).Property(RecommendedEpisode.10.Runtime)]</property>
			<property name="genre">$INFO[Window(Home).Property(RecommendedEpisode.10.Genre)]</property>
			<property name="plot">$INFO[Window(Home).Property(RecommendedEpisode.10.Plot)]</property>
			<property name="rating">$INFO[Window(Home).Property(RecommendedEpisode.10.Rating)]</property>
			<property name="tvshowtitle">$INFO[Window(Home).Property(RecommendedEpisode.10.TVshowTitle)]</property>
			<property name="title">$INFO[Window(Home).Property(RecommendedEpisode.10.Title)]</property>
			<property name="season">$INFO[Window(Home).Property(RecommendedEpisode.10.Season)]</property>
			<property name="episode">$INFO[Window(Home).Property(RecommendedEpisode.10.Episode)]</property>
			<property name="episodename">$INFO[Window(Home).Property(RecommendedEpisode.10.Title)]</property>
          </item>
        </content>
      </control>
    </control>
  </include>
  
  <include name="HomeContents2">
	<content><include>skinshortcuts-mainmenu</include></content>
  </include>
</includes>
