<?xml version="1.0" encoding="UTF-8"?>
<window id="10035">
  <defaultcontrol always="true">100</defaultcontrol>
  <allowoverlay>yes</allowoverlay>
  <controls>
  	<control type="group" description="">
	  <include>Backgrounds3</include>
	  <include>ScrollBar</include>	   
      <control type="group">
		<include>Slide1</include>
	    <include>Slide2</include>
		<include>MenuDesign_TopSettings</include>
		<include>MenuDesign_Settings</include>
		<include>LeftMenu</include>
      </control>
	  <include>TopVideoInformation</include>
	  <include>TopInformation</include>
    </control>
  </controls>
</window>