<?xml version="1.0" encoding="UTF-8"?>
<window>
  <defaultcontrol always="true">9000</defaultcontrol>
  <allowoverlay>yes</allowoverlay>
  <onload condition="Window(home).Property(ReloadSkin)">AlarmClock(Hide,ClearProperty(ReloadSkin,home),00:01,silent)</onload>
  <include>ReloadSkin_Check</include>
  <onload description="SideMenu" condition="!IsEmpty(Window(home).Property(ViewsSettings))">ClearProperty(ViewsSettings,home)</onload>
  <include>onunload_ClearProperty_MainMenu</include>
  <include>onunload_ClearProperty_SubMenu</include>
  <include>Fade6</include>
  <controls>
	<include>Backgrounds1</include>
	<include>Design_TopButtons</include>
	<include>Menu_Home</include>
	<include>Widget_Home</include>
	<include>TopVideoInformation</include>
	<include>TopInformation</include>
  </controls>
</window>