<?xml version="1.0" encoding="UTF-8"?>
<includes>
  <include name="MenuDesign_Widget" description="תפריט וידגט עליון">
    <control type="group">
	  <visible description="חלון בית/הגדרות">Window.IsVisible(Home.xml) | Window.IsVisible(CustomHomeCustomizer.xml)</visible>
	  <visible description="שורה ראשונה בלבד">[Container(9000).Row(0) | Container(50).Row(0)] + [!Container(9000).HasPrevious() | !Container(50).HasPrevious()]</visible>
	</control>
  </include>
  
  <include name="SquareShortcutsCommons" description="מדף 3-5">
    <include>Fade20</include>
    <posx>40</posx>
    <posy>108</posy>
    <width>1920</width>
    <height>500</height>
    <orientation>horizontal</orientation>
    <scrolltime>400</scrolltime>
	<animation condition="Player.HasVideo" effect="zoom" end="40,40" center="950,568" time="700" reversible="false">Conditional</animation>
	<include>4ways2</include>
    <itemlayout height="368" width="368">
	  <control type="group">
		  <animation condition="!Container(313).Scrolling + Skin.HasSetting(background)" effect="fade" start="40" end="40">Conditional</animation>
		  <animation condition="!Container(313).Scrolling + !Skin.HasSetting(background)" effect="fade" start="40" end="40">Conditional</animation>
		  <control type="image" description="מסגרת">
			<posx>50</posx>
			<posy>80</posy>
			<width>270</width>
			<height>270</height>
			<texture border="30">buttons/ButtonEF.png</texture>
			<aspectratio>scale</aspectratio>
		  </control>
		  <control type="image" description="תמונה לא נבחר">
			<posx>50</posx>
			<posy>80</posy>
			<width>270</width>
			<height>270</height>
			<texture fallback="special://home/addons/script.featherence.service/resources/icons/help.png" background="false">$INFO[ListItem.Thumb]</texture>
			<aspectratio>scale</aspectratio>
		  </control>
		  <control type="label" description="שם">
			  <align>center</align>
			  <label>$INFO[ListItem.Label]</label> <!--[CR]$LOCALIZE[12391] $INFO[Container(311).ListItem(0).Property(runtime)]-->
			  <font>size28</font>
			  <height>30</height>
			  <posx>57</posx>
			  <posy>377</posy>
			  <textcolor>white2</textcolor>
			  <scroll>false</scroll>
			  <scrollspeed>1</scrollspeed>
			  <visible>!IsEmpty(ListItem.Label)</visible>
			  <width>265</width>
		  </control>
		  <control type="label">
			<posx>5</posx>
			<posy>170</posy>
			<width>345</width>
			<height>30</height>
			<font>size26</font>
			<textcolor>white2</textcolor>
			<label>$INFO[ListItem.label2]</label>
			<align>center</align>
		  </control>
		</control>
    </itemlayout>
    <focusedlayout height="368" width="368">
      <control type="group">
	    <control type="image" description="מסגרת">
			<posx>50</posx>
			<posy>80</posy>
			<width>270</width>
			<height>270</height>
			<texture border="30">buttons/ButtonEF.png</texture>
			<aspectratio>scale</aspectratio>
		</control>
        <control type="image" description="תמונה נבחר">
          <posx>50</posx>
          <posy>80</posy>
          <width>270</width>
          <height>270</height>
          <texture fallback="special://home/addons/script.featherence.service/resources/icons/help.png" background="false">$INFO[ListItem.Thumb]</texture>
          <aspectratio>scale</aspectratio>
        </control>
		<control type="image" description="סמן בחירה">
          <posx>50</posx>
          <posy>80</posy>
          <width>270</width>
          <height>270</height>
          <texture border="10" colordiffuse="$VAR[SelectedFrameColor]">misc/frames/selector.png</texture>
		  <visible>Skin.HasSetting(SelectionMarker)</visible>
        </control>
		<control type="label" description="שם">
		  <align>center</align>
		  <label>$INFO[ListItem.Label]</label> <!--[CR]$LOCALIZE[12391] $INFO[Container(311).ListItem(0).Property(runtime)]-->
		  <font>size28</font>
		  <height>30</height>
		  <posx>57</posx>
		  <posy>377</posy>
		  <textcolor>white2</textcolor>
		  <scroll>false</scroll>
		  <scrollspeed>1</scrollspeed>
		  <visible>!IsEmpty(ListItem.Label)</visible>
		  <width>265</width>
		</control>
		<control type="label">
          <posx>5</posx>
          <posy>170</posy>
          <width>345</width>
          <height>30</height>
		  <include>LabelC12</include>
          <label>$INFO[ListItem.Label2]</label>
        </control>
      </control>
    </focusedlayout>
  </include>

</includes>
