<?xml version="1.0" encoding="UTF-8"?>
<window id="139">
  <defaultcontrol always="true">5</defaultcontrol>
  <controls>
    <control type="group">  			
      <posx>480</posx>
      <posy>562</posy>  
      <control type="image" description="מסגרת">
        <aspectratio>stretch</aspectratio>
		<height>548</height>
        <width>960</width>
        <texture border="20" colordiffuse="$VAR[MenuColor]">buttons/types/bd.png</texture>
      </control>
    <control type="list" id="5">
      <width>960</width>
      <height>508</height>
      <onleft>close</onleft>
      <onright>close</onright>
      <onup>noop</onup>
      <ondown>noop</ondown>
      <pagecontrol>60</pagecontrol>
      <itemlayout height="54">
        <control type="label" description="eng">
          <align>left</align>
		  <include>LabelC1</include>
          <height>54</height>
          <info>ListItem.Label2</info>	
		  <posx>20</posx>
		  <posy>5</posy>
          <width>960</width>
          <scroll>false</scroll>
        </control>
        <control type="label" description="heb">
          <align>right</align>
		  <include>LabelC1</include>
		  <info>ListItem.Label</info>
          <height>54</height>
		  <posx>940</posx>
		  <posy>5</posy>
		  <scroll>false</scroll>
          <width>960</width>          
        </control>
        </itemlayout>
        <focusedlayout height="54">
        <control type="image">
		  <include>Fade_DialogBackgroundOverlay</include>
          <aspectratio>stretch</aspectratio>
		  <height>70</height>
		  <posx>0</posx>
		  <posy>0</posy>
          <width>960</width>
	      <texture border="40" colordiffuse="$VAR[ButtonFocusColor]">buttons/types/bd.png</texture>
        </control>
        <control type="label" description="eng">
          <align>left</align>
		  <textcolor>yellow</textcolor>
		  <include>LabelC1</include>
          <height>54</height>
          <info>ListItem.Label2</info>
		  <posx>20</posx>
		  <posy>5</posy>		  
          <scroll>false</scroll>
          <width>960</width>		  
        </control>
        <control type="label" description="heb">
          <align>right</align>
		  <textcolor>yellow</textcolor>
		  <include>LabelC1</include>
		  <info>ListItem.Label</info>
          <height>54</height>
		  <posx>940</posx>
		  <posy>5</posy>
		  <scroll>false</scroll>
          <width>960</width>          
        </control>
        </focusedlayout>
      </control>
    </control>
  </controls>
</window>
