<?xml version="1.0" encoding="UTF-8"?>
<includes>

  <include name="Content_Custom1173_100">
    <item id="20" description="כפתורי בית">
		<label>$LOCALIZE[31066]</label>
		<onclick>noop</onclick>
	</item>
	
	<item id="28" description="פאנארט">
		<label>$LOCALIZE[20445]</label>
		<onclick>noop</onclick>
	</item>
	
	<item id="21" description="כפתורי תפריט">
		<label>$LOCALIZE[31061]</label>
		<onclick>noop</onclick>
	</item>
	
	<item id="27" description="מקלדת">
		<label>$LOCALIZE[31065]</label>
		<onclick>noop</onclick>
	</item>
	
	<item id="26" description="עיצוב עליון">
		<label>$LOCALIZE[31064]</label>
		<onclick>noop</onclick>
	</item>
	
	<item id="23" description="צבעים">
		<label>$LOCALIZE[14078]</label>
		<onclick>noop</onclick>
		<visible>false</visible>
	</item>
	
	<item id="24" description="שקיפויות">
		<label>Overlays</label>
		<onclick>noop</onclick>
		<visible>false</visible>
	</item>
	
	<item id="22" description="דיאלוגים">
		<label>$LOCALIZE[31062]</label>
		<onclick>noop</onclick>
	</item>
	
	<item id="25" description="מתקדם">
		<label>10038</label>
		<onclick>noop</onclick>
	</item>
  </include>
  
  <include name="Content_Settings_100">
    <item id="2">
		<label>featherence</label>
		<onclick>noop</onclick>
	</item>
	<item id="1" description="כללי">
		<label>128</label>
		<onclick>noop</onclick>
	</item>
	<item id="3" description="הרחבות">
		<label>24001</label>
		<onclick>noop</onclick>
	</item>
	<item id="4" description="קבצים">
		<label>1214</label>
		<onclick>noop</onclick>
	</item>
  </include>
  
  <include name="Content_Custom1170_100">
    <item id="1" description="כללי">
		<label>128</label>
		<onclick>noop</onclick>
	</item>
	<item id="2" description="וידאו">
		<label>3</label>
		<onclick>noop</onclick>
	</item>
	<item id="3" description="כלים">
		<label>$LOCALIZE[77473]</label>
		<onclick>noop</onclick>
		<visible>System.HasAddon(script.featherence.install)</visible>
	</item>
	<item id="4" description="מתקדם">
		<label>$LOCALIZE[10038]</label>
		<onclick>noop</onclick>
		<visible>false</visible>
	</item>
	<item id="5">
		<label>featherence</label>
		<onclick>noop</onclick>
		<visible>false</visible>
	</item>
  </include>
  
  <include name="Content_Custom1172_100">
      <item id="1" description="כללי">
		<label>128</label>
		<onclick>noop</onclick>
	</item>
	<item id="2" description="וידאו">
		<label>3</label>
		<onclick>noop</onclick>
		<visible>false</visible>
	</item>
	<item id="3">
		<label>כלים</label>
		<onclick>noop</onclick>
		<visible>false</visible>
	</item>
	<item id="4">
		<label>מתקדם</label>
		<onclick>noop</onclick>
		<visible>false</visible>
	</item>
	<item id="5">
		<label>featherence</label>
		<onclick>noop</onclick>
		<visible>false</visible>
	</item>
  </include>
  
  <include name="Content_SkinSettings_100">
	<item id="1" description="כללי">
		<label>128</label>
		<onclick>noop</onclick>
	</item>
	<item id="2" description="פס עליון">
		<label>$LOCALIZE[31842]</label>
		<onclick>noop</onclick>
		<visible>false</visible>
	</item>
	<item id="4" description="Advanced">
		<label>10038</label>
		<onclick>noop</onclick>
	</item>

  </include>
  
  <include name="Content_Custom1173_50">
	  <!--198-224 מסך בית מותאם אישי-->
	  <item id="198" description="פריסת כפתורים">
		<label>$LOCALIZE[31117]</label>
		<label2>$VAR[198label2]</label2>
		<thumb>special://home/addons/script.featherence.service/resources/icons/ofx.png</thumb>
		<property name="rinfo">$LOCALIZE[31116]</property>
		<onclick condition="!Skin.String(MenuDesign)">Skin.SetString(MenuDesign,0)</onclick>
		<onclick condition="Skin.String(MenuDesign,0)">Skin.SetString(MenuDesign,1)</onclick>
		<onclick condition="Skin.String(MenuDesign,1)">Skin.SetString(MenuDesign,2)</onclick>
		<onclick condition="Skin.String(MenuDesign,2)">Skin.SetString(MenuDesign,3)</onclick>
		<onclick condition="Skin.String(MenuDesign,3)">Skin.SetString(MenuDesign,4)</onclick>
		<onclick condition="Skin.String(MenuDesign,4)">Skin.SetString(MenuDesign,)</onclick>
		<include>CustomizerExit</include>
		<visible>Container(100).Hasfocus(20)</visible>
	  </item>
	  
	  <item id="199" description="צורת כפתורים">
		<label>$LOCALIZE[31057]</label>
		<label2>$VAR[199label2]</label2>
		<thumb>special://home/addons/script.featherence.service/resources/icons/cubes.png</thumb>
		<property name="rinfo">$LOCALIZE[31097]</property>
		<onclick condition="!Skin.String(ButtonsDesign)">Skin.SetString(ButtonsDesign,0)</onclick>
		<onclick condition="Skin.String(ButtonsDesign,0)">Skin.SetString(ButtonsDesign,1)</onclick>
		<onclick condition="Skin.String(ButtonsDesign,1)">Skin.SetString(ButtonsDesign,2)</onclick>
		<onclick condition="Skin.String(ButtonsDesign,2)">Skin.SetString(ButtonsDesign,3)</onclick>
		<onclick condition="Skin.String(ButtonsDesign,3)">Skin.SetString(ButtonsDesign,4)</onclick>
		<onclick condition="Skin.String(ButtonsDesign,4)">Skin.SetString(ButtonsDesign,)</onclick>
		<include>CustomizerExit</include>
		<visible>Container(100).Hasfocus(20)</visible>
	  </item>
	  
	  <item id="200" description="סמן בחירה כפתור נבחר">
		<visible></visible> <!--Skin.HasSetting(SelectionMarker)-->
		<label>$LOCALIZE[31414] $LOCALIZE[31415]</label>
		<label2>$VAR[200label2]</label2>
		<thumb>misc/frames/selector.png</thumb>
		<property name="rinfo">$LOCALIZE[31831].</property>
		<onclick>Skin.ToggleSetting(SelectionMarker)</onclick>
		<visible>Container(100).Hasfocus(20)</visible>
	  </item>
	  
	  <item id="201" description="צבע מסגרת בחירה">
		<label>$LOCALIZE[737] $LOCALIZE[31044]</label>
		<label2>$INFO[Skin.String(SelectedFrameColor.name)]</label2>
		<thumb>special://home/addons/script.featherence.service/resources/icons/colorpalette.png</thumb>
		<property name="rinfo">$LOCALIZE[31045]</property>
		<onclick>SetProperty(TEMP,SelectedFrameColor,home)</onclick>
		<onclick>ActivateWindow(1170)</onclick>
		<visible>Container(100).Hasfocus(20)</visible>
	  </item>
	  
	  <item id="202" description="סמן בחירה 2 (כפתור)">
		<label>$LOCALIZE[31414] 2 $LOCALIZE[31415]</label>
		<label2>$VAR[201label2]</label2>
		<thumb>buttons/effects/choosen.png</thumb>
		<property name="rinfo">$LOCALIZE[31832].</property>
		<onclick>Skin.ToggleSetting(SelectionMarker2)</onclick>
		<visible>Container(100).Hasfocus(20)</visible>
	  </item>
	  
	  <item id="203" description="צללית (כפתור)">
		<label>$LOCALIZE[31851] $LOCALIZE[31420]</label>
		<label2>$VAR[203label2]</label2>
		<thumb>buttons/effects/shadow.png</thumb>
		<property name="rinfo">$LOCALIZE[31833]</property>
		<onclick>Skin.ToggleSetting(ShadowButton)</onclick>
		<visible>Container(100).Hasfocus(20)</visible>
	  </item>
	  
	  <item id="204" description="שקופית (כפתור)">
		<label>$LOCALIZE[31850] $LOCALIZE[31420]</label>
		<label2>$VAR[204label2]</label2>
		<thumb>buttons/effects/gardient.png</thumb>
		<property name="rinfo">$LOCALIZE[31834]</property>
		<onclick>Skin.ToggleSetting(OverlayButton)</onclick>
		<visible>Container(100).Hasfocus(20)</visible>
	  </item>
	  
	  <item id="205" description="שפוע Bevel (כפתור)">
		<label>$LOCALIZE[31823] $LOCALIZE[31420]</label>
		<label2>$VAR[205label2]</label2>
		<thumb>buttons/effects/bevel.png</thumb>
		<property name="rinfo"></property>
		<onclick>Skin.ToggleSetting(BevelButton)</onclick>
		<visible>Container(100).Hasfocus(20)</visible>
	  </item>
	  <item id="206" description="מסגרת Stroke (כפתור)">
		<label>$LOCALIZE[31824] $LOCALIZE[31420]</label>
		<label2>$VAR[206label2]</label2>
		<thumb>buttons/effects/stroke.png</thumb>
		<property name="rinfo"></property>
		<onclick>Skin.ToggleSetting(StrokeButton)</onclick>
		<visible>Container(100).Hasfocus(20)</visible>
	  </item>
	  <item id="209" description="אלמנט כפתור לא נבחר">
		<label>$LOCALIZE[31417] $LOCALIZE[31416]</label>
		<label2>$INFO[Skin.String(ElementUButton)]</label2>
		<thumb></thumb>
		<property name="rinfo"></property>
		<onclick condition="!Skin.String(ElementUButton)">Skin.SetString(ElementUButton,1)</onclick>
		<onclick condition="Skin.String(ElementUButton,1)">Skin.SetString(ElementUButton,2)</onclick>
		<onclick condition="Skin.String(ElementUButton,2)">Skin.SetString(ElementUButton,)</onclick>
		<visible>Container(100).Hasfocus(20) + false</visible>
	  </item>
	  <item id="210" description="אלמנט כפתור נבחר">
		<label>$LOCALIZE[31417] $LOCALIZE[31415]</label>
		<label2>$INFO[Skin.String(ElementFButton)]</label2>
		<thumb></thumb>
		<property name="rinfo"></property>
		<onclick condition="!Skin.String(ElementFButton)">Skin.SetString(ElementFButton,1)</onclick>
		<onclick condition="Skin.String(ElementUButton,1)">Skin.SetString(ElementUButton,2)</onclick>
		<onclick condition="Skin.String(ElementUButton,2)">Skin.SetString(ElementUButton,)</onclick>
		<visible>Container(100).Hasfocus(20) + false</visible>
	  </item>
	  
	  <item id="211" description="שקיפות קבועה (כפתורי בית לא נבחר)">
		<label>$LOCALIZE[31041] $LOCALIZE[31039]</label>
		<label2>$VAR[211label2]</label2>
		<thumb>special://home/addons/script.featherence.service/resources/icons/eye.png</thumb>
		<property name="rinfo">$LOCALIZE[31040]</property>
		<onclick>Skin.ToggleSetting(FixedUnFocusButtonsTransperancy)</onclick>
		<visible>Container(100).Hasfocus(20)</visible>
	  </item>
	  
	  <item id="212" description="שקיפות סמל/טקסט לא נבחר">
		<visible></visible>
		<label>$LOCALIZE[31849] ($LOCALIZE[31839])</label>
		<label2>$INFO[Skin.String(IconOverlayButton)]</label2>
		<thumb>special://home/addons/script.featherence.service/resources/icons/eye.png</thumb>
		<property name="rinfo">$LOCALIZE[31844] $LOCALIZE[31839].</property>
		<onclick>RunScript(script.featherence.service,,?mode=200&amp;value=IconOverlayButton)</onclick>
		<visible>Container(100).Hasfocus(20)</visible>
	  </item>
	  
	  <item id="213" description="צבע סמל/טקסט לא נבחר">
		<label>$LOCALIZE[737] $LOCALIZE[31839]</label>
		<label2>$INFO[Skin.String(IconUnFocusColor.name)]</label2>
		<thumb>special://home/addons/script.featherence.service/resources/icons/colorpalette.png</thumb>
		<property name="rinfo">$LOCALIZE[31837][CR]</property>
		<onclick>SetProperty(TEMP,IconUnFocusColor,home)</onclick>
		<onclick>ActivateWindow(1170)</onclick>
		<visible>Container(100).Hasfocus(20)</visible>
	  </item>
	  
	  <item id="214" description="צבע סמל/טקסט נבחר">
		<label>$LOCALIZE[737] $LOCALIZE[31840]</label>
		<label2>$INFO[Skin.String(IconFocusColor.name)]</label2>
		<thumb>special://home/addons/script.featherence.service/resources/icons/colorpalette.png</thumb>
		<property name="rinfo">$LOCALIZE[31837][CR]</property>
		<onclick>SetProperty(TEMP,IconFocusColor,home)</onclick>
		<onclick>ActivateWindow(1170)</onclick>
		<visible>Container(100).Hasfocus(20)</visible>
	  </item>
	  
	  <item id="215" description="חיתוך סמלים לפי צורה">
		<label>$LOCALIZE[31092]</label>
		<label2>$VAR[215label2]</label2>
		<thumb>special://home/addons/script.featherence.service/resources/icons/cubes.png</thumb>
		<property name="rinfo"> $LOCALIZE[31093]</property>
		<onclick>Skin.ToggleSetting(ReshapeIcons)</onclick>
		<visible>Container(100).Hasfocus(20)</visible>
	  </item>
	  
	  <item id="216" description="פעולת כפתור משני">
		<label>$LOCALIZE[31069]</label>
		<label2>$VAR[216label2]</label2>
		<thumb>special://home/addons/script.featherence.service/resources/icons/q3r.png</thumb>
		<property name="rinfo">$LOCALIZE[31070]</property>
		<onclick>Skin.ToggleSetting(SubMenuAction)</onclick>
		<visible>Container(100).Hasfocus(20)</visible>
		<visible>![Skin.String(MenuDesign,0) | Skin.String(MenuDesign,1)]</visible>
	  </item>
	  
	  <item id="217" description="סמלים גדולים">
		<label>$LOCALIZE[538]</label>
		<label2>$VAR[217label2]</label2>
		<thumb>special://home/addons/script.featherence.service/resources/icons/cubes.png</thumb>
		<property name="rinfo"> $LOCALIZE[31093]</property>
		<onclick>Skin.ToggleSetting(BigHomeIcons)</onclick>
		<visible>Container(100).Hasfocus(20)</visible>
	  </item>
	  
	  <item id="218" description="שקיפות (סמן תפריט משני)">
		<label>$LOCALIZE[31849] ($LOCALIZE[31801])</label>
		<label2>$INFO[Skin.String(SubMenuMarkOverlay)]</label2>
		<thumb>special://home/addons/script.featherence.service/resources/icons/eye.png</thumb>
		<property name="rinfo">$LOCALIZE[31844] $LOCALIZE[31801].</property>
		<onclick condition="Skin.String(SubMenuMarkOverlay, )">Skin.SetString(SubMenuMarkOverlay, 100)</onclick>
		<onclick condition="Skin.String(SubMenuMarkOverlay, 100)">Skin.SetString(SubMenuMarkOverlay, 95)</onclick>
		<onclick condition="Skin.String(SubMenuMarkOverlay, 95)">Skin.SetString(SubMenuMarkOverlay, 90)</onclick>
		<onclick condition="Skin.String(SubMenuMarkOverlay, 90)">Skin.SetString(SubMenuMarkOverlay, 85)</onclick>
		<onclick condition="Skin.String(SubMenuMarkOverlay, 85)">Skin.SetString(SubMenuMarkOverlay, 80)</onclick>
		<onclick condition="Skin.String(SubMenuMarkOverlay, 80)">Skin.SetString(SubMenuMarkOverlay, 70)</onclick>
		<onclick condition="Skin.String(SubMenuMarkOverlay, 70)">Skin.SetString(SubMenuMarkOverlay, 60)</onclick>
		<onclick condition="Skin.String(SubMenuMarkOverlay, 60)">Skin.SetString(SubMenuMarkOverlay, 50)</onclick>
		<onclick condition="Skin.String(SubMenuMarkOverlay, 50)">Skin.SetString(SubMenuMarkOverlay, 40)</onclick>
		<onclick condition="Skin.String(SubMenuMarkOverlay, 40)">Skin.SetString(SubMenuMarkOverlay, 30)</onclick>
		<onclick condition="Skin.String(SubMenuMarkOverlay, 30)">Skin.SetString(SubMenuMarkOverlay, 20)</onclick>
		<onclick condition="Skin.String(SubMenuMarkOverlay, 20)">Skin.SetString(SubMenuMarkOverlay, )</onclick>
		<include>CustomizerExit</include>
		<visible>Container(100).Hasfocus(20)</visible>
	  </item>
	  
	  <item id="219" description="צבע סמן תפריט משני">
		<label>$LOCALIZE[737] $LOCALIZE[31801]</label>
		<label2>$INFO[Skin.String(SubMenuMarkColor.name)]</label2>
		<thumb>special://home/addons/script.featherence.service/resources/icons/colorpalette.png</thumb>
		<property name="rinfo">$LOCALIZE[31802]</property>
		<onclick>SetProperty(TEMP,SubMenuMarkColor,home)</onclick>
		<onclick>ActivateWindow(1170)</onclick>
		<visible>Container(100).Hasfocus(20)</visible>
	  </item>
	  
	  
	  <!--220-240 פאנארט-->
	  <item id="220" description="פאנארט-בית פעיל">
		<label>$LOCALIZE[20445]-$LOCALIZE[10000] $LOCALIZE[305]</label>
		<label2>$VAR[220label2]</label2>
		<thumb>special://home/addons/script.featherence.service/resources/icons/image.png</thumb>
		<property name="rinfo">$LOCALIZE[31836]</property>
		<onclick>Skin.ToggleSetting(background)</onclick>
		<visible>Container(100).Hasfocus(28)</visible>
	  </item>
	  
	  <item id="221" description="שקיפות פאנארט">
		<visible>!Skin.HasSetting(background)</visible>
		<label>$LOCALIZE[31098]</label>
		<label2>$INFO[Skin.String(BackgroundOverlay)]</label2>
		<thumb>special://home/addons/script.featherence.service/resources/icons/eye.png</thumb>
		<property name="rinfo"></property>
		<onclick condition="!Skin.String(BackgroundOverlay)">Skin.SetString(BackgroundOverlay, 100)</onclick>
		<onclick condition="Skin.String(BackgroundOverlay, 100)">Skin.SetString(BackgroundOverlay, 95)</onclick>
		<onclick condition="Skin.String(BackgroundOverlay, 95)">Skin.SetString(BackgroundOverlay, 90)</onclick>
		<onclick condition="Skin.String(BackgroundOverlay, 90)">Skin.SetString(BackgroundOverlay, 85)</onclick>
		<onclick condition="Skin.String(BackgroundOverlay, 85)">Skin.SetString(BackgroundOverlay, 80)</onclick>
		<onclick condition="Skin.String(BackgroundOverlay, 80)">Skin.SetString(BackgroundOverlay, 70)</onclick>
		<onclick condition="Skin.String(BackgroundOverlay, 70)">Skin.SetString(BackgroundOverlay, 60)</onclick>
		<onclick condition="Skin.String(BackgroundOverlay, 60)">Skin.SetString(BackgroundOverlay, 50)</onclick>
		<onclick condition="Skin.String(BackgroundOverlay, 50)">Skin.SetString(BackgroundOverlay, 40)</onclick>
		<onclick condition="Skin.String(BackgroundOverlay, 40)">Skin.SetString(BackgroundOverlay, 30)</onclick>
		<onclick condition="Skin.String(BackgroundOverlay, 30)">Skin.SetString(BackgroundOverlay, 20)</onclick>
		<onclick condition="Skin.String(BackgroundOverlay, 20)">Skin.SetString(BackgroundOverlay, )</onclick>
		<include>CustomizerExit</include>
		<visible>Container(100).Hasfocus(28)</visible>
	  </item>
	  
	  <item id="222" description="פאנארט-בית מסך מלא">
	    <visible>!Skin.HasSetting(background)</visible>
		<label>$LOCALIZE[20445]-$LOCALIZE[10000] $LOCALIZE[244]</label>
		<label2>$VAR[222label2]</label2>
		<thumb>special://home/addons/script.featherence.service/resources/icons/fullscreen.png</thumb>
		<property name="rinfo">$LOCALIZE[31835]</property>
		<onclick>Skin.ToggleSetting(HomeFanartHalfScreen)</onclick>
		<visible>Container(100).Hasfocus(28)</visible>
	  </item>
	  
	  <item id="223" description="פאנארט-נקי">
		<label>$LOCALIZE[31035]</label>
		<label2>$VAR[223label2]</label2>
		<thumb>special://home/addons/script.featherence.service/resources/icons/eye.png</thumb>
		<property name="rinfo">$LOCALIZE[31130]</property>
		<onclick>Skin.ToggleSetting(HideTopMainBackground)</onclick>
		<visible>Container(100).Hasfocus(28)</visible>
		<visible>!Skin.HasSetting(background)</visible>
	  </item>
	  
	  
	  <item id="225" description="שקיפות (רקע עליון)">
		<label>$LOCALIZE[31849] $LOCALIZE[20445] $LOCALIZE[33068]</label>
		<label2>$INFO[Skin.String(TopMainBackgroundOverlay)]</label2>
		<thumb>special://home/addons/script.featherence.service/resources/icons/eye.png</thumb>
		<property name="rinfo">$LOCALIZE[31844] $LOCALIZE[20445] $LOCALIZE[33068]</property>
		<onclick condition="!Skin.String(TopMainBackgroundOverlay)">Skin.SetString(TopMainBackgroundOverlay, 100)</onclick>
		<onclick condition="Skin.String(TopMainBackgroundOverlay, 100)">Skin.SetString(TopMainBackgroundOverlay, 95)</onclick>
		<onclick condition="Skin.String(TopMainBackgroundOverlay, 95)">Skin.SetString(TopMainBackgroundOverlay, 90)</onclick>
		<onclick condition="Skin.String(TopMainBackgroundOverlay, 90)">Skin.SetString(TopMainBackgroundOverlay, 85)</onclick>
		<onclick condition="Skin.String(TopMainBackgroundOverlay, 85)">Skin.SetString(TopMainBackgroundOverlay, 80)</onclick>
		<onclick condition="Skin.String(TopMainBackgroundOverlay, 80)">Skin.SetString(TopMainBackgroundOverlay, 70)</onclick>
		<onclick condition="Skin.String(TopMainBackgroundOverlay, 70)">Skin.SetString(TopMainBackgroundOverlay, 60)</onclick>
		<onclick condition="Skin.String(TopMainBackgroundOverlay, 60)">Skin.SetString(TopMainBackgroundOverlay, 50)</onclick>
		<onclick condition="Skin.String(TopMainBackgroundOverlay, 50)">Skin.SetString(TopMainBackgroundOverlay, 40)</onclick>
		<onclick condition="Skin.String(TopMainBackgroundOverlay, 40)">Skin.SetString(TopMainBackgroundOverlay, 30)</onclick>
		<onclick condition="Skin.String(TopMainBackgroundOverlay, 30)">Skin.SetString(TopMainBackgroundOverlay, 20)</onclick>
		<onclick condition="Skin.String(TopMainBackgroundOverlay, 20)">Skin.SetString(TopMainBackgroundOverlay, )</onclick>
		<include>CustomizerExit</include>
		<visible>Container(100).Hasfocus(28)</visible>
		<visible>Skin.HasSetting(HideTopMainBackground)</visible>
	  </item>
	  
	  <item id="226" description="צבע רקע פאנארט">
		<label>$LOCALIZE[737] $LOCALIZE[20445] $LOCALIZE[33068]</label>
		<label2>$INFO[Skin.String(TopBackgroundColor.name)]</label2>
		<thumb>special://home/addons/script.featherence.service/resources/icons/paintbucket.png</thumb>
		<property name="rinfo">$LOCALIZE[31844] $LOCALIZE[31848]</property>
		<onclick>SetProperty(TEMP,TopBackgroundColor,home)</onclick>
		<onclick>ActivateWindow(1170)</onclick>
		<visible>Container(100).Hasfocus(28)</visible>
	  </item>
	  
	  <item id="227" description="טקסטורה רקע פאנארט">
		<label>$LOCALIZE[31841] $LOCALIZE[20445] $LOCALIZE[33068]</label>
		<label2>$VAR[227label2]</label2>
		<thumb></thumb>
		<property name="rinfo"></property>
		<onclick condition="!Skin.String(TopBackgroundTexture)">Skin.SetString(TopBackgroundTexture,1)</onclick>
		<onclick condition="Skin.String(TopBackgroundTexture,1)">Skin.SetString(TopBackgroundTexture,2)</onclick>
		<onclick condition="Skin.String(TopBackgroundTexture,2)">Skin.SetString(TopBackgroundTexture,3)</onclick>
		<onclick condition="Skin.String(TopBackgroundTexture,3)">Skin.SetString(TopBackgroundTexture,4)</onclick>
		<onclick condition="Skin.String(TopBackgroundTexture,4)">Skin.SetString(TopBackgroundTexture,5)</onclick>
		<onclick condition="Skin.String(TopBackgroundTexture,5)">Skin.SetString(TopBackgroundTexture,NONE)</onclick>
		<onclick condition="Skin.String(TopBackgroundTexture,NONE)">Skin.SetString(TopBackgroundTexture,)</onclick>
		<visible>Container(100).Hasfocus(28)</visible>
	  </item>
	  	  	  
	  <item id="229" description="פאנארט-תפריט משני">
		<label>$LOCALIZE[20445]-$LOCALIZE[31800]</label>
		<label2>$VAR[229label2]</label2>
		<thumb>special://home/addons/script.featherence.service/resources/icons/image.png</thumb>
		<property name="rinfo">$LOCALIZE[31091]</property>
		<onclick>Skin.ToggleSetting(SubBackground)</onclick>
		<visible>Container(100).Hasfocus(28)</visible>
	  </item>
	  
	  <item id="233" description="שקיפות רקע ראשי">
		<label>$LOCALIZE[31849] $LOCALIZE[31848]</label>
		<label2>$INFO[Skin.String(MainBackgroundOverlay)]</label2>
		<thumb>special://home/addons/script.featherence.service/resources/icons/eye.png</thumb>
		<property name="rinfo">$LOCALIZE[31844] $LOCALIZE[31848].$LOCALIZE[31131]$LOCALIZE[31132]</property>
		<onclick condition="!Skin.String(MainBackgroundOverlay)">Skin.SetString(MainBackgroundOverlay, 100)</onclick>
		<onclick condition="Skin.String(MainBackgroundOverlay, 100)">Skin.SetString(MainBackgroundOverlay, 95)</onclick>
		<onclick condition="Skin.String(MainBackgroundOverlay, 95)">Skin.SetString(MainBackgroundOverlay, 90)</onclick>
		<onclick condition="Skin.String(MainBackgroundOverlay, 90)">Skin.SetString(MainBackgroundOverlay, 85)</onclick>
		<onclick condition="Skin.String(MainBackgroundOverlay, 85)">Skin.SetString(MainBackgroundOverlay, 80)</onclick>
		<onclick condition="Skin.String(MainBackgroundOverlay, 80)">Skin.SetString(MainBackgroundOverlay, 70)</onclick>
		<onclick condition="Skin.String(MainBackgroundOverlay, 70)">Skin.SetString(MainBackgroundOverlay, 60)</onclick>
		<onclick condition="Skin.String(MainBackgroundOverlay, 60)">Skin.SetString(MainBackgroundOverlay, 50)</onclick>
		<onclick condition="Skin.String(MainBackgroundOverlay, 50)">Skin.SetString(MainBackgroundOverlay, 40)</onclick>
		<onclick condition="Skin.String(MainBackgroundOverlay, 40)">Skin.SetString(MainBackgroundOverlay, 30)</onclick>
		<onclick condition="Skin.String(MainBackgroundOverlay, 30)">Skin.SetString(MainBackgroundOverlay, 20)</onclick>
		<onclick condition="Skin.String(MainBackgroundOverlay, 20)">Skin.SetString(MainBackgroundOverlay, )</onclick>
		<include>CustomizerExit</include>
		<visible>Container(100).Hasfocus(28)</visible>
		<visible>Skin.HasSetting(HideTopMainBackground)</visible>
	  </item>

	  <item id="234" description="צבע רקע ראשי">
		<label>$LOCALIZE[737] $LOCALIZE[31848]</label>
		<label2>$INFO[Skin.String(MainBackgroundColor.name)]</label2>
		<thumb>special://home/addons/script.featherence.service/resources/icons/paintbucket.png</thumb>
		<property name="rinfo">$LOCALIZE[31845] $LOCALIZE[31848].$LOCALIZE[31096]</property>
		<onclick>SetProperty(TEMP,MainBackgroundColor,home)</onclick>
		<onclick>ActivateWindow(1170)</onclick>
		<visible>Container(100).Hasfocus(28)</visible>
	  </item>

	  <item id="235" description="טקסטורה רקע ראשי">
		<label>$LOCALIZE[31841] $LOCALIZE[31848]</label>
		<label2>$VAR[252label2]</label2>
		<thumb>misc/help/MainBackgroundTexture.png</thumb>
		<property name="rinfo">$LOCALIZE[31845] $LOCALIZE[31848].</property>
		<onclick condition="!Skin.String(MainBackgroundTexture)">Skin.SetString(MainBackgroundTexture,1)</onclick>
		<onclick condition="Skin.String(MainBackgroundTexture,1)">Skin.SetString(MainBackgroundTexture,2)</onclick>
		<onclick condition="Skin.String(MainBackgroundTexture,2)">Skin.SetString(MainBackgroundTexture,3)</onclick>
		<onclick condition="Skin.String(MainBackgroundTexture,3)">Skin.SetString(MainBackgroundTexture,4)</onclick>
		<onclick condition="Skin.String(MainBackgroundTexture,4)">Skin.SetString(MainBackgroundTexture,5)</onclick>
		<onclick condition="Skin.String(MainBackgroundTexture,5)">Skin.SetString(MainBackgroundTexture,NONE)</onclick>
		<onclick condition="Skin.String(MainBackgroundTexture,NONE)">Skin.SetString(MainBackgroundTexture,)</onclick>
		<visible>Container(100).Hasfocus(28)</visible>
	  </item>
	  
	  <item id="237" description="פאנארט מרובה">
		<label>$LOCALIZE[31058]</label>
		<label2>$VAR[237label2]</label2>
		<thumb></thumb>
		<property name="rinfo">$LOCALIZE[31059] $VAR[229label2]</property>
		<onclick>Skin.ToggleSetting(MultiFanart)</onclick>
		<visible>Container(100).Hasfocus(28)</visible>
	  </item>
	  
	  <item id="238" description="זמן להצגת כל תמונה">
		<visible>Skin.HasSetting(MultiFanart)</visible>
		
		<label>$LOCALIZE[31074]</label>
		<label2>$INFO[Skin.String(MultiFanart_TimePerImage)]</label2>
		<thumb></thumb>
		<property name="rinfo">$VAR[238label2]</property>
		<onclick condition="!Skin.String(MultiFanart_TimePerImage) | !IntegerGreatherThan(Skin.String(MultiFanart_TimePerImage),4000)">Skin.SetString(MultiFanart_TimePerImage, 5000)</onclick>
		<onclick condition="Skin.String(MultiFanart_TimePerImage, 5000)">Skin.SetString(MultiFanart_TimePerImage, 10000)</onclick>
		<onclick condition="Skin.String(MultiFanart_TimePerImage, 10000)">Skin.SetString(MultiFanart_TimePerImage, 15000)</onclick>
		<onclick condition="Skin.String(MultiFanart_TimePerImage, 15000)">Skin.SetString(MultiFanart_TimePerImage, 20000)</onclick>
		<onclick condition="Skin.String(MultiFanart_TimePerImage, 20000)">Skin.SetString(MultiFanart_TimePerImage, 25000)</onclick>
		<onclick condition="Skin.String(MultiFanart_TimePerImage, 25000)">Skin.SetString(MultiFanart_TimePerImage, 30000)</onclick>
		<onclick condition="Skin.String(MultiFanart_TimePerImage, 30000)">Skin.SetString(MultiFanart_TimePerImage, 35000)</onclick>
		<onclick condition="Skin.String(MultiFanart_TimePerImage, 35000)">Skin.SetString(MultiFanart_TimePerImage, 40000)</onclick>
		<onclick condition="Skin.String(MultiFanart_TimePerImage, 40000)">Skin.SetString(MultiFanart_TimePerImage, 45000)</onclick>
		<onclick condition="Skin.String(MultiFanart_TimePerImage, 45000)">Skin.SetString(MultiFanart_TimePerImage, 50000)</onclick>
		<onclick condition="Skin.String(MultiFanart_TimePerImage, 50000)">Skin.SetString(MultiFanart_TimePerImage, 55000)</onclick>
		<onclick condition="Skin.String(MultiFanart_TimePerImage, 55000)">Skin.SetString(MultiFanart_TimePerImage, 60000)</onclick>
		<onclick condition="Skin.String(MultiFanart_TimePerImage, 60000)">Skin.SetString(MultiFanart_TimePerImage, )</onclick>
		<!--<include>CustomizerExit</include>-->
		<visible>Container(100).Hasfocus(28)</visible>
		<visible>false</visible>
	  </item>
	  
	  <item id="239" description="זמן מעבר בין כל תמונה">
		<visible>Skin.HasSetting(MultiFanart)</visible>
		
		<label>$LOCALIZE[31075]</label>
		<label2>$INFO[Skin.String(MultiFanart_FadeTime)]</label2>
		<thumb></thumb>
		<property name="rinfo">$VAR[239label2]</property>
		<onclick condition="!Skin.String(MultiFanart_FadeTime)">Skin.SetString(MultiFanart_FadeTime, 2000)</onclick>
		<onclick condition="Skin.String(MultiFanart_FadeTime, 10)">Skin.SetString(MultiFanart_FadeTime, 5)</onclick>
		<onclick condition="Skin.String(MultiFanart_FadeTime, 5)">Skin.SetString(MultiFanart_FadeTime, 10)</onclick>
		<onclick condition="Skin.String(MultiFanart_FadeTime, 10)">Skin.SetString(MultiFanart_FadeTime, 15)</onclick>
		<onclick condition="Skin.String(MultiFanart_FadeTime, 15)">Skin.SetString(MultiFanart_FadeTime, 20)</onclick>
		<onclick condition="Skin.String(MultiFanart_FadeTime, 20)">Skin.SetString(MultiFanart_FadeTime, 25)</onclick>
		<onclick condition="Skin.String(MultiFanart_FadeTime, 25)">Skin.SetString(MultiFanart_FadeTime, 30)</onclick>
		<onclick condition="Skin.String(MultiFanart_FadeTime, 30)">Skin.SetString(MultiFanart_FadeTime, 35)</onclick>
		<onclick condition="Skin.String(MultiFanart_FadeTime, 35)">Skin.SetString(MultiFanart_FadeTime, 40)</onclick>
		<onclick condition="Skin.String(MultiFanart_FadeTime, 40)">Skin.SetString(MultiFanart_FadeTime, 45)</onclick>
		<onclick condition="Skin.String(MultiFanart_FadeTime, 45)">Skin.SetString(MultiFanart_FadeTime, 50)</onclick>
		<onclick condition="Skin.String(MultiFanart_FadeTime, 50)">Skin.SetString(MultiFanart_FadeTime, 55)</onclick>
		<onclick condition="Skin.String(MultiFanart_FadeTime, 55)">Skin.SetString(MultiFanart_FadeTime, 60)</onclick>
		<onclick condition="Skin.String(MultiFanart_FadeTime, 60)">Skin.SetString(MultiFanart_FadeTime, )</onclick>
		<!--<include>CustomizerExit</include>-->
		<visible>Container(100).Hasfocus(28)</visible>
		<visible>false</visible>
	  </item>
	  
	  <!--270-289 כפתורי תפריט-->
	  <item id="270" description="רקע תפריט">
		<label>$LOCALIZE[19190] $LOCALIZE[33061]</label>
		<label2>$VAR[270label2]</label2>
		<thumb>special://home/addons/script.featherence.service/resources/icons/bolt.png</thumb>
		<property name="rinfo"></property>
		<onclick>Skin.ToggleSetting(MenuBackground)</onclick>
		<visible>Container(100).Hasfocus(21)</visible>
	  </item>
	  <item id="271" description="שקיפות רקע כפתורי תפריט">
		<visible>!Skin.String(MenuBackground)</visible>
		
		<label>$LOCALIZE[31849] $LOCALIZE[19190] $LOCALIZE[33061]</label>
		<label2>$INFO[Skin.String(MenuBackgroundOverlay)]</label2>
		<thumb>special://home/addons/script.featherence.service/resources/icons/eye.png</thumb>
		<property name="rinfo">$LOCALIZE[31844] $LOCALIZE[31853]</property>
		<onclick condition="!Skin.String(MenuBackgroundOverlay)">Skin.SetString(MenuBackgroundOverlay, 100)</onclick>
		<onclick condition="Skin.String(MenuBackgroundOverlay, 100)">Skin.SetString(MenuBackgroundOverlay, 95)</onclick>
		<onclick condition="Skin.String(MenuBackgroundOverlay, 95)">Skin.SetString(MenuBackgroundOverlay, 90)</onclick>
		<onclick condition="Skin.String(MenuBackgroundOverlay, 90)">Skin.SetString(MenuBackgroundOverlay, 85)</onclick>
		<onclick condition="Skin.String(MenuBackgroundOverlay, 85)">Skin.SetString(MenuBackgroundOverlay, 80)</onclick>
		<onclick condition="Skin.String(MenuBackgroundOverlay, 80)">Skin.SetString(MenuBackgroundOverlay, 70)</onclick>
		<onclick condition="Skin.String(MenuBackgroundOverlay, 70)">Skin.SetString(MenuBackgroundOverlay, 60)</onclick>
		<onclick condition="Skin.String(MenuBackgroundOverlay, 60)">Skin.SetString(MenuBackgroundOverlay, 50)</onclick>
		<onclick condition="Skin.String(MenuBackgroundOverlay, 50)">Skin.SetString(MenuBackgroundOverlay, 40)</onclick>
		<onclick condition="Skin.String(MenuBackgroundOverlay, 40)">Skin.SetString(MenuBackgroundOverlay, 30)</onclick>
		<onclick condition="Skin.String(MenuBackgroundOverlay, 30)">Skin.SetString(MenuBackgroundOverlay, 20)</onclick>
		<onclick condition="Skin.String(MenuBackgroundOverlay, 20)">Skin.SetString(MenuBackgroundOverlay, )</onclick>
		<include>CustomizerExit</include>
		<visible>Container(100).Hasfocus(21)</visible>
	  </item>
	  <item id="272" description="צבע רקע תפריט">
		<label>$LOCALIZE[737] $LOCALIZE[19190] $LOCALIZE[33061]</label>
		<label2>$INFO[Skin.String(MenuColor.name)]</label2>
		<thumb>special://home/addons/script.featherence.service/resources/icons/paintbucket.png</thumb>
		<property name="rinfo">$LOCALIZE[31844] $LOCALIZE[31848]</property>
		<onclick>SetProperty(TEMP,MenuColor,home)</onclick>
		<onclick>ActivateWindow(1170)</onclick>
		<visible>Container(100).Hasfocus(21)</visible>
	  </item>  

	  <item id="280" description="2D כפתורי תפריט">
		<label>$LOCALIZE[31061] 2D</label>
		<label2>$VAR[280label2]</label2>
		<thumb>special://home/addons/script.featherence.service/resources/icons/bolt.png</thumb>
		<property name="rinfo">$LOCALIZE[31118]</property>
		<onclick>Skin.ToggleSetting(2DButton2)</onclick>
		<visible>Container(100).Hasfocus(21)</visible>
	  </item>
	  <item id="283" description="צללית (כפתור)">
		<label>2D $LOCALIZE[31851]</label>
		<label2>$VAR[283label2]</label2>
		<thumb>buttons/effects/shadow.png</thumb>
		<property name="rinfo"></property>
		<onclick>Skin.ToggleSetting(ShadowButton2)</onclick>
		<visible>Container(100).Hasfocus(21) + Skin.HasSetting(2DButton2)</visible>
	  </item>
	  
	  <item id="284" description="שקופית (כפתור)">
		<label>2D $LOCALIZE[31850]</label>
		<label2>$VAR[284label2]</label2>
		<thumb>buttons/effects/gardient.png</thumb>
		<property name="rinfo">$LOCALIZE[31834]</property>
		<onclick>Skin.ToggleSetting(OverlayButton2)</onclick>
		<visible>Container(100).Hasfocus(21) + Skin.HasSetting(2DButton2)</visible>
	  </item>
	  
	  <item id="285" description="שפוע Bevel (כפתור)">
		<label>2D $LOCALIZE[31823]</label>
		<label2>$VAR[285label2]</label2>
		<thumb>buttons/effects/bevel.png</thumb>
		<property name="rinfo"></property>
		<onclick>Skin.ToggleSetting(BevelButton2)</onclick>
		<visible>Container(100).Hasfocus(21) + Skin.HasSetting(2DButton2)</visible>
	  </item>
	  <item id="286" description="מסגרת Stroke (כפתור)">
		<label>2D $LOCALIZE[31824]</label>
		<label2>$VAR[286label2]</label2>
		<thumb>buttons/effects/stroke.png</thumb>
		<property name="rinfo"></property>
		<onclick>Skin.ToggleSetting(StrokeButton2)</onclick>
		<visible>Container(100).Hasfocus(21) + Skin.HasSetting(2DButton2)</visible>
	  </item>
	  
	  <item id="287" description="כפתורי תפריט לא נבחר">
		<label>$LOCALIZE[737] $LOCALIZE[31127]</label>
		<label2>$INFO[Skin.String(ButtonUnFocusColor.name)]</label2>
		<thumb>special://home/addons/script.featherence.service/resources/icons/colorpalette.png</thumb>
		<property name="rinfo">$LOCALIZE[31126][CR]</property>
		<onclick>SetProperty(TEMP,ButtonUnFocusColor,home)</onclick>
		<onclick>ActivateWindow(1170)</onclick>
		<visible>Container(100).Hasfocus(21)</visible>
	  </item>
	  
	  <item id="288" description="כפתורי תפריט נבחר">
		<label>$LOCALIZE[737] $LOCALIZE[31128]</label>
		<label2>$INFO[Skin.String(ButtonFocusColor.name)]</label2>
		<thumb>special://home/addons/script.featherence.service/resources/icons/colorpalette.png</thumb>
		<property name="rinfo">$LOCALIZE[31126][CR]</property>
		<onclick>SetProperty(TEMP,ButtonFocusColor,home)</onclick>
		<onclick>ActivateWindow(1170)</onclick>
		<visible>Container(100).Hasfocus(21)</visible>
	  </item>
	  
	  <item id="289" description="שקיפות (כפתורי תפריט)">
		<label>$LOCALIZE[31849] ($LOCALIZE[31826])</label>
		<label2>$INFO[Skin.String(MenuButtonsOverlay)]</label2>
		<thumb>special://home/addons/script.featherence.service/resources/icons/eye.png</thumb>
		<property name="rinfo">$LOCALIZE[31134]$LOCALIZE[31132]</property>
		<onclick>RunScript(script.featherence.service,,?mode=200&amp;value=MenuButtonsOverlay)</onclick>
		<visible>Container(100).Hasfocus(21)</visible>
	  </item>
	  
	  <!--290-300-->
	  <item id="291" description="שקיפות רקע דיאלוגים">
		<visible>true</visible>
		
		<label>$LOCALIZE[31849] $LOCALIZE[19190] $LOCALIZE[31062]</label>
		<label2>$INFO[Skin.String(DialogBackgroundOverlay)]</label2>
		<thumb>special://home/addons/script.featherence.service/resources/icons/eye.png</thumb>
		<property name="rinfo">$LOCALIZE[31844] $LOCALIZE[10100], $LOCALIZE[10101], $LOCALIZE[12000], $LOCALIZE[12002]..</property>
		<onclick condition="!Skin.String(DialogBackgroundOverlay)">Skin.SetString(DialogBackgroundOverlay, 100)</onclick>
		<onclick condition="Skin.String(DialogBackgroundOverlay, 100)">Skin.SetString(DialogBackgroundOverlay, 95)</onclick>
		<onclick condition="Skin.String(DialogBackgroundOverlay, 95)">Skin.SetString(DialogBackgroundOverlay, 90)</onclick>
		<onclick condition="Skin.String(DialogBackgroundOverlay, 90)">Skin.SetString(DialogBackgroundOverlay, 85)</onclick>
		<onclick condition="Skin.String(DialogBackgroundOverlay, 85)">Skin.SetString(DialogBackgroundOverlay, 80)</onclick>
		<onclick condition="Skin.String(DialogBackgroundOverlay, 80)">Skin.SetString(DialogBackgroundOverlay, 70)</onclick>
		<onclick condition="Skin.String(DialogBackgroundOverlay, 70)">Skin.SetString(DialogBackgroundOverlay, 60)</onclick>
		<onclick condition="Skin.String(DialogBackgroundOverlay, 60)">Skin.SetString(DialogBackgroundOverlay, 50)</onclick>
		<onclick condition="Skin.String(DialogBackgroundOverlay, 50)">Skin.SetString(DialogBackgroundOverlay, 40)</onclick>
		<onclick condition="Skin.String(DialogBackgroundOverlay, 40)">Skin.SetString(DialogBackgroundOverlay, 30)</onclick>
		<onclick condition="Skin.String(DialogBackgroundOverlay, 30)">Skin.SetString(DialogBackgroundOverlay, 20)</onclick>
		<onclick condition="Skin.String(DialogBackgroundOverlay, 20)">Skin.SetString(DialogBackgroundOverlay, )</onclick>
		<include>CustomizerExit</include>
		<onclick condition="!Window.IsVisible(DialogKaiToast.xml)">RunScript(script.featherence.service,,?mode=32&amp;value=2)</onclick>
		<visible>Container(100).Hasfocus(22)</visible>
	  </item>
	  <item id="292" description="צבע רקע דיאלוג">
		<label>$LOCALIZE[737] $LOCALIZE[19190] $LOCALIZE[31062]</label>
		<label2>$INFO[Skin.String(MenuColor.name)]</label2>
		<thumb>special://home/addons/script.featherence.service/resources/icons/paintbucket.png</thumb>
		<property name="rinfo">$LOCALIZE[31844] $LOCALIZE[10100], $LOCALIZE[10101], $LOCALIZE[12000], $LOCALIZE[12002]..</property>
		<onclick condition="!Window.IsVisible(DialogKaiToast.xml)">RunScript(script.featherence.service,,?mode=32&amp;value=2)</onclick>
		<onclick>SetProperty(TEMP,MenuColor,home)</onclick>
		
		<onclick condition="!Window.IsVisible(DialogKaiToast.xml)">RunScript(script.featherence.service,,?mode=32&amp;value=2)</onclick>
		<visible>Container(100).Hasfocus(22)</visible>
	  </item>
	  <item id="297" description="מיקום דיאלוגים">
		<label>$LOCALIZE[31094] $LOCALIZE[31062]</label>
		<label2>$VAR[297label2]</label2>
		<thumb>special://home/addons/script.featherence.service/resources/icons/ruler.png</thumb>
		<property name="rinfo">$LOCALIZE[31095] $LOCALIZE[10100], $LOCALIZE[10101], $LOCALIZE[12000], $LOCALIZE[12002]..</property>
		<onclick condition="!Skin.String(DialogPosition)">Skin.SetString(DialogPosition,1)</onclick>
		<onclick condition="Skin.String(DialogPosition,1)">Skin.SetString(DialogPosition,)</onclick>
		<!--<onclick condition="Skin.String(DialogPosition,2)">Skin.SetString(DialogPosition,3)</onclick>
		<onclick condition="Skin.String(DialogPosition,3)">Skin.SetString(DialogPosition,4)</onclick>
		<onclick condition="Skin.String(DialogPosition,4)">Skin.SetString(DialogPosition,5)</onclick>
		<onclick condition="Skin.String(DialogPosition,5)">Skin.SetString(DialogPosition,)</onclick>-->
		<onclick condition="!Window.IsVisible(DialogKaiToast.xml)">RunScript(script.featherence.service,,?mode=32&amp;value=2)</onclick>
		<visible>Container(100).Hasfocus(22)</visible>
	  </item>
	  
	  <!--320-330-->
	  
	  <item id="321" description="שקיפות פס עליון">
		<label>$LOCALIZE[31849] $LOCALIZE[31842]</label>
		<label2>$INFO[Skin.String(TopInformationOverlay)]</label2>
		<thumb>special://home/addons/script.featherence.service/resources/icons/eye.png</thumb>
		<property name="rinfo">$LOCALIZE[31844] $LOCALIZE[31842] $LOCALIZE[1397] $LOCALIZE[25000] $LOCALIZE[31062].</property>
		<onclick condition="!Skin.String(TopInformationOverlay)">Skin.SetString(TopInformationOverlay, 100)</onclick>
		<onclick condition="Skin.String(TopInformationOverlay, 100)">Skin.SetString(TopInformationOverlay, 95)</onclick>
		<onclick condition="Skin.String(TopInformationOverlay, 95)">Skin.SetString(TopInformationOverlay, 90)</onclick>
		<onclick condition="Skin.String(TopInformationOverlay, 90)">Skin.SetString(TopInformationOverlay, 85)</onclick>
		<onclick condition="Skin.String(TopInformationOverlay, 85)">Skin.SetString(TopInformationOverlay, 80)</onclick>
		<onclick condition="Skin.String(TopInformationOverlay, 80)">Skin.SetString(TopInformationOverlay, 70)</onclick>
		<onclick condition="Skin.String(TopInformationOverlay, 70)">Skin.SetString(TopInformationOverlay, 60)</onclick>
		<onclick condition="Skin.String(TopInformationOverlay, 60)">Skin.SetString(TopInformationOverlay, 50)</onclick>
		<onclick condition="Skin.String(TopInformationOverlay, 50)">Skin.SetString(TopInformationOverlay, 40)</onclick>
		<onclick condition="Skin.String(TopInformationOverlay, 40)">Skin.SetString(TopInformationOverlay, 30)</onclick>
		<onclick condition="Skin.String(TopInformationOverlay, 30)">Skin.SetString(TopInformationOverlay, 20)</onclick>
		<onclick condition="Skin.String(TopInformationOverlay, 20)">Skin.SetString(TopInformationOverlay, )</onclick>
		<include>CustomizerExit</include>
		<visible>Container(100).Hasfocus(26)</visible>
	  </item>
	  <item id="322" description="צבע פס עליון">
		<label>$LOCALIZE[737] $LOCALIZE[31842]</label>
		<label2>$INFO[Skin.String(TopInformationColor.name)]</label2>
		<thumb>special://home/addons/script.featherence.service/resources/icons/colorpalette.png</thumb>
		<property name="rinfo">$LOCALIZE[31843] $LOCALIZE[31842] $LOCALIZE[1397] $LOCALIZE[25000] $LOCALIZE[31062].</property>
		<onclick>SetProperty(TEMP,TopInformationColor,home)</onclick>
		<onclick>ActivateWindow(1170)</onclick>
		<visible>Container(100).Hasfocus(26)</visible>
	  </item>
	  
	  <item id="326" description="שקיפות פרטי וידאו">
		<label>$LOCALIZE[31849] $LOCALIZE[20159]</label>
		<label2>$INFO[Skin.String(TopVideoInformationOverlay)]</label2>
		<thumb>special://home/addons/script.featherence.service/resources/icons/eye.png</thumb>
		<property name="rinfo">$LOCALIZE[31844] $LOCALIZE[20159].$LOCALIZE[31133] [COLOR=green]$LOCALIZE[20159].[/COLOR]</property>
		<onclick condition="!Skin.String(TopVideoInformationOverlay)">Skin.SetString(TopVideoInformationOverlay, 100)</onclick>
		<onclick condition="Skin.String(TopVideoInformationOverlay, 100)">Skin.SetString(TopVideoInformationOverlay, 95)</onclick>
		<onclick condition="Skin.String(TopVideoInformationOverlay, 95)">Skin.SetString(TopVideoInformationOverlay, 90)</onclick>
		<onclick condition="Skin.String(TopVideoInformationOverlay, 90)">Skin.SetString(TopVideoInformationOverlay, 85)</onclick>
		<onclick condition="Skin.String(TopVideoInformationOverlay, 85)">Skin.SetString(TopVideoInformationOverlay, 80)</onclick>
		<onclick condition="Skin.String(TopVideoInformationOverlay, 80)">Skin.SetString(TopVideoInformationOverlay, 70)</onclick>
		<onclick condition="Skin.String(TopVideoInformationOverlay, 70)">Skin.SetString(TopVideoInformationOverlay, 60)</onclick>
		<onclick condition="Skin.String(TopVideoInformationOverlay, 60)">Skin.SetString(TopVideoInformationOverlay, 50)</onclick>
		<onclick condition="Skin.String(TopVideoInformationOverlay, 50)">Skin.SetString(TopVideoInformationOverlay, 40)</onclick>
		<onclick condition="Skin.String(TopVideoInformationOverlay, 40)">Skin.SetString(TopVideoInformationOverlay, 30)</onclick>
		<onclick condition="Skin.String(TopVideoInformationOverlay, 30)">Skin.SetString(TopVideoInformationOverlay, 20)</onclick>
		<onclick condition="Skin.String(TopVideoInformationOverlay, 20)">Skin.SetString(TopVideoInformationOverlay, )</onclick>
		<include>CustomizerExit</include>
		<visible>Container(100).Hasfocus(26)</visible>
	  </item>
	  <item id="327" description="צבע פרטי וידאו">
		<label>$LOCALIZE[737] $LOCALIZE[20159]</label>
		<label2>$INFO[Skin.String(TopVideoInformationColor.name)]</label2>
		<thumb>special://home/addons/script.featherence.service/resources/icons/paintbucket.png</thumb>
		<property name="rinfo">$LOCALIZE[31843] $LOCALIZE[20159].</property>
		<onclick>SetProperty(TEMP,TopVideoInformationColor,home)</onclick>
		<onclick>ActivateWindow(1170)</onclick>
		<visible>Container(100).Hasfocus(26)</visible>
	  </item>
	  
	  <!--מקלדת 340-350-->
	  <item id="341" description="שקיפות רקע מקלדת">
		<label>$LOCALIZE[31849] $LOCALIZE[31122]</label>
		<label2>$INFO[Skin.String(KeyboardBackgroundOverlay)]</label2>
		<thumb>special://home/addons/script.featherence.service/resources/icons/eye.png</thumb>
		<property name="rinfo">$LOCALIZE[31844] $LOCALIZE[31122].</property>
		<onclick condition="Skin.String(KeyboardBackgroundOverlay, )">Skin.SetString(KeyboardBackgroundOverlay, 100)</onclick>
		<onclick condition="Skin.String(KeyboardBackgroundOverlay, 100)">Skin.SetString(KeyboardBackgroundOverlay, 95)</onclick>
		<onclick condition="Skin.String(KeyboardBackgroundOverlay, 95)">Skin.SetString(KeyboardBackgroundOverlay, 90)</onclick>
		<onclick condition="Skin.String(KeyboardBackgroundOverlay, 90)">Skin.SetString(KeyboardBackgroundOverlay, 85)</onclick>
		<onclick condition="Skin.String(KeyboardBackgroundOverlay, 85)">Skin.SetString(KeyboardBackgroundOverlay, 80)</onclick>
		<onclick condition="Skin.String(KeyboardBackgroundOverlay, 80)">Skin.SetString(KeyboardBackgroundOverlay, 70)</onclick>
		<onclick condition="Skin.String(KeyboardBackgroundOverlay, 70)">Skin.SetString(KeyboardBackgroundOverlay, 60)</onclick>
		<onclick condition="Skin.String(KeyboardBackgroundOverlay, 60)">Skin.SetString(KeyboardBackgroundOverlay, 50)</onclick>
		<onclick condition="Skin.String(KeyboardBackgroundOverlay, 50)">Skin.SetString(KeyboardBackgroundOverlay, 40)</onclick>
		<onclick condition="Skin.String(KeyboardBackgroundOverlay, 40)">Skin.SetString(KeyboardBackgroundOverlay, 30)</onclick>
		<onclick condition="Skin.String(KeyboardBackgroundOverlay, 30)">Skin.SetString(KeyboardBackgroundOverlay, 20)</onclick>
		<onclick condition="Skin.String(KeyboardBackgroundOverlay, 20)">Skin.SetString(KeyboardBackgroundOverlay, )</onclick>
		<visible>Container(100).Hasfocus(27)</visible>
	  </item>
	  <item id="342" description="צבע רקע מקלדת">
		<label>$LOCALIZE[737] $LOCALIZE[31122]</label>
		<label2>$INFO[Skin.String(KeyboardBackgroundColor.name)]</label2>
		<thumb>special://home/addons/script.featherence.service/resources/icons/paintbucket.png</thumb>
		<property name="rinfo">$LOCALIZE[31121]</property>
		<onclick>SetProperty(TEMP,KeyboardBackgroundColor,home)</onclick>
		<onclick>RunScript(script.featherence.service,,?mode=30&amp;value=$INFO[Skin.String(KeyboardBackgroundColor.name)]&amp;value2=$LOCALIZE[737] $LOCALIZE[31122]&amp;value3=0&amp;value4=ActivateWindow(1170))</onclick>
		<visible>Container(100).Hasfocus(27)</visible>
	  </item>
	  <item id="344" description="צבע כפתורי מקלדת לא נבחרים">
		<label>$LOCALIZE[737] $LOCALIZE[31124]</label>
		<label2>$INFO[Skin.String(KeyboardUnFocusColor.name)]</label2>
		<thumb>special://home/addons/script.featherence.service/resources/icons/colorpalette.png</thumb>
		<property name="rinfo">$LOCALIZE[31123]</property>
		<onclick>SetProperty(TEMP,KeyboardUnFocusColor,home)</onclick>
		<onclick>RunScript(script.featherence.service,,?mode=30&amp;value=$INFO[Skin.String(KeyboardUמFocusColor.name)]&amp;value2=$LOCALIZE[737] $LOCALIZE[31124]&amp;value3=0&amp;value4=ActivateWindow(1170))</onclick>
		<visible>Container(100).Hasfocus(27)</visible>
	  </item>
	  
	  <item id="345" description="צבע כפתורי מקלדת נבחרים">
		<label>$LOCALIZE[737] $LOCALIZE[31125]</label>
		<label2>$INFO[Skin.String(KeyboardFocusColor.name)]</label2>
		<thumb>special://home/addons/script.featherence.service/resources/icons/colorpalette.png</thumb>
		<property name="rinfo">$LOCALIZE[31123]</property>
		<onclick>SetProperty(TEMP,KeyboardFocusColor,home)</onclick>
		<onclick>RunScript(script.featherence.service,,?mode=30&amp;value=$INFO[Skin.String(KeyboardFocusColor.name)]&amp;value2=$LOCALIZE[737] $LOCALIZE[31125]&amp;value3=0&amp;value4=ActivateWindow(1170))</onclick>
		<visible>Container(100).Hasfocus(27)</visible>
	  </item>
	  
	  <item id="346" description="צבע רקע עריכת טקסט במקלדת">
		<label>$LOCALIZE[737] $LOCALIZE[31120]</label>
		<label2>$INFO[Skin.String(KeyboardEditColor.name)]</label2>
		<thumb>special://home/addons/script.featherence.service/resources/icons/paintbucket.png</thumb>
		<property name="rinfo">$LOCALIZE[31119]</property>
		<onclick>SetProperty(TEMP,KeyboardEditColor,home)</onclick>
		<onclick>RunScript(script.featherence.service,,?mode=30&amp;value=$INFO[Skin.String(KeyboardEditColor.name)]&amp;value2=$LOCALIZE[737] $LOCALIZE[31120]&amp;value3=0&amp;value4=ActivateWindow(1170))</onclick>
		<visible>Container(100).Hasfocus(27)</visible>
	  </item>
	  
	  
	  
	  <item id="392" description="איפוס הגדרות מעטפת">
		<label>$LOCALIZE[31803]</label>
		<label2></label2>
		<thumb>special://home/addons/script.featherence.service/resources/icons/so.png</thumb> <!--misc/help/ResetSetting20Button.png-->
		<property name="rinfo">$LOCALIZE[31804]</property>
		<onclick>RunScript(script.featherence.service,,?mode=40&amp;value=1)</onclick>
		<visible>Container(100).Hasfocus(25)</visible>
	  </item>
	  
	  <item id="390" description="איפוס הגדרות">
		<label>$LOCALIZE[10035] $LOCALIZE[10507]</label>
		<label2></label2>
		<thumb>special://home/addons/script.featherence.service/resources/icons/magicwand.png</thumb> <!--misc/help/ResetSetting20Button.png-->
		<property name="rinfo">$LOCALIZE[31846]</property>
		<onclick>RunScript(script.featherence.service,,?mode=201)</onclick>
		<visible>Container(100).Hasfocus(25)</visible>
	  </item>
	  
	  <item id="391" description="איפוס שמות כפתורים ברירת מחדל">
		<label>$LOCALIZE[31005]</label>
		<label2></label2>
		<thumb>special://home/addons/script.featherence.service/resources/icons/magicwand.png</thumb>
		<property name="rinfo">$LOCALIZE[31006]</property>
		<onclick>RunScript(script.featherence.service,,?mode=215&amp;value=RESET)</onclick>
		<visible>Container(100).Hasfocus(25)</visible>
	  </item>
	  
	  <item id="392" description="שמירה/טעינה">
		<label>$LOCALIZE[31003]</label>
		<label2></label2>
		<thumb>special://home/addons/script.featherence.service/resources/icons/flpp.png</thumb>
		<property name="rinfo">$LOCALIZE[31004]</property>
		<onclick>RunScript(script.featherence.service,,?mode=203)</onclick>
		<visible>Container(100).Hasfocus(25)</visible>
	  </item>
	  
	  <item id="395" description="נתיב ברירת מחדל (סמלים)">
		<label>$VAR[395label] ($LOCALIZE[536])</label>
		<label2>$INFO[Skin.String(CustomIconsPath)]</label2>
		<thumb>special://home/addons/script.featherence.service/resources/icons/foo.png</thumb>
		<property name="rinfo">$LOCALIZE[31036]</property>
		<onclick condition="!Skin.String(CustomIconsPath)">Skin.SetPath(CustomIconsPath)</onclick>
		<onclick condition="Skin.String(CustomIconsPath)">Skin.SetString(CustomIconsPath,)</onclick>
		<visible>Container(100).Hasfocus(25)</visible>
	  </item>
	  <item id="396" description="נתיב ברירת מחדל (רקעים)">
		<label>$VAR[395label] ($LOCALIZE[19190])</label>
		<label2>$INFO[Skin.String(CustomBackgroundsPath)]</label2>
		<thumb>special://home/addons/script.featherence.service/resources/icons/foo.png</thumb>
		<property name="rinfo">$LOCALIZE[31036]</property>
		<onclick condition="!Skin.String(CustomBackgroundsPath)">Skin.SetPath(CustomBackgroundsPath)</onclick>
		<onclick condition="Skin.String(CustomBackgroundsPath)">Skin.SetString(CustomBackgroundsPath,)</onclick>
		<visible>Container(100).Hasfocus(25)</visible>
	  </item>
	  
	  <item id="398" description="אפשר שינוי פעולת כפתורי ברירת מחדל">
		<label>$LOCALIZE[31067]</label>
		<label2>$VAR[398label2]</label2>
		<thumb>special://home/addons/script.featherence.service/resources/icons/q3r.png</thumb>
		<property name="rinfo">$LOCALIZE[31068]</property>
		<onclick>Skin.ToggleSetting(DefaultActionButtons)</onclick>
		<visible>Container(100).Hasfocus(25)</visible>
	  </item>
	  
	  <item id="399" description="Action and Thumbnail">
		<label>$LOCALIZE[31090]</label>
		<label2>$VAR[399label2]</label2>
		<thumb>special://home/addons/script.featherence.service/resources/icons/q3r.png</thumb>
		<property name="rinfo">$LOCALIZE[31089]</property>
		<onclick>Skin.ToggleSetting(Action_Thumbnail)</onclick>
		<visible>Container(100).Hasfocus(25)</visible>
	  </item>
	  
  </include> 

  <include name="Content_Settings_50" description="Settings.xml">
	   <item id="0" description="מראה">
		<label>480</label>
		<label2></label2>
		<thumb>special://home/addons/script.featherence.service/resources/icons/image.png</thumb>
		<property name="rinfo"></property>
		<onclick>activatewindow(AppearanceSettings)</onclick>
		<thumb>special://home/addons/script.featherence.service/resources/icons/image.png</thumb>
		<!--<visible>Skin.HasSetting(Admin) | Skin.HasSetting(Admin2)</visible>-->
		<visible>Container(100).Hasfocus(1)</visible>
	  </item>
	  <item id="3" description="Videos">
		<label>3</label>
		<label2></label2>
		<thumb>special://home/addons/script.featherence.service/resources/icons/videos.png</thumb>
		<property name="rinfo"></property>
		<onclick>activatewindow(VideosSettings)</onclick>
		<thumb>special://home/addons/script.featherence.service/resources/icons/videos.png</thumb>
		<visible>Container(100).Hasfocus(1)</visible>
	  </item>
	  <item id="4" description="Music">
		<label>2</label>
		<label2></label2>
		<thumb>special://home/addons/script.featherence.service/resources/icons/music.png</thumb>
		<property name="rinfo"></property>
		<onclick>activatewindow(MusicSettings)</onclick>
		<thumb>special://home/addons/script.featherence.service/resources/icons/music.png</thumb>
		<!--<visible>Skin.HasSetting(Admin) | Skin.HasSetting(Admin2)</visible>-->
		<visible>Container(100).Hasfocus(1)</visible>
	  </item>
	   <item id="14" description="ערוצי טלוויזיה">
		<label>$LOCALIZE[19023]</label>
		<label2>$VAR[14label2]</label2>
		<thumb>special://home/addons/script.featherence.service/resources/icons/LiveTV.png</thumb>
		<property name="rinfo"></property>
		<onclick>activatewindow(PVRSettings)</onclick>
		<thumb>special://home/addons/script.featherence.service/resources/icons/LiveTV.png</thumb>
		<!--<visible>Skin.HasSetting(Admin) | Skin.HasSetting(Admin2)</visible>-->
		<visible>Container(100).Hasfocus(1)</visible>
	  </item>
	  <item id="5" description="Pictures">
		<label>1</label>
		<label2></label2>
		<thumb>special://home/addons/script.featherence.service/resources/icons/pictures.png</thumb>
		<property name="rinfo"></property>
		<onclick>activatewindow(PicturesSettings)</onclick>
		<thumb>special://home/addons/script.featherence.service/resources/icons/pictures.png</thumb>
		<visible>Container(100).Hasfocus(1)</visible>
	  </item>
	  <item id="6" description="Addons">
		<label>24001</label>
		<label2></label2>
		<thumb></thumb>
		<property name="rinfo"></property>
		<onclick>ActivateWindow(AddonBrowser,root)</onclick>
		<thumb>special://home/addons/script.featherence.service/resources/icons/addons.png</thumb>
		<visible>Skin.HasSetting(Admin) + !Skin.HasSetting(Admin)</visible>
		<visible>Container(100).Hasfocus(1)</visible>
	  </item>
	  <item id="8" description="Weather">
		<label>8</label>
		<label2>$VAR[8label2]</label2>
		<thumb fallback="special://home/addons/script.featherence.service/resources/icons/weather.png">$INFO[Weather.Conditions]</thumb>
		<property name="rinfo">Location: $INFO[Weather.Location][CR]Temperature: $INFO[Weather.Temperature][CR][CR]Addon: $INFO[Weather.plugin]</property>
		<onclick>activatewindow(WeatherSettings)</onclick>
		<!--<visible>Skin.HasSetting(Admin) | Skin.HasSetting(Admin2)</visible>-->
		<visible>Container(100).Hasfocus(1)</visible>
	  </item>
	  <item id="9" description="Services">
		<label>14036</label>
		<label2>$INFO[System.FriendlyName]</label2>
		<thumb>special://home/addons/script.featherence.service/resources/icons/gears.png</thumb>
		<property name="rinfo"></property>
		<onclick>Activatewindow(servicesettings)</onclick>
		<!--<visible>Skin.HasSetting(Admin) | Skin.HasSetting(Admin2)</visible>-->
		<visible>Container(100).Hasfocus(1)</visible>
	  </item>
	  <item id="10" description="System">
		<label>13000</label>
		<label2>$INFO[System.ScreenResolution]</label2>
		<thumb>special://home/addons/script.featherence.service/resources/icons/settings.png</thumb>
		<property name="rinfo"></property>
		<onclick>activatewindow(SystemSettings)</onclick>
		<!--<visible>Skin.HasSetting(Admin) | Skin.HasSetting(Admin2)</visible>-->
		<visible>Container(100).Hasfocus(1)</visible>
	  </item>
	  <item id="11" description="Profiles">
		<label>13200</label>
		<label2></label2>
		<thumb>special://home/addons/script.featherence.service/resources/icons/Key.png</thumb>
		<property name="rinfo"></property>
		<onclick>ActivateWindow(Profiles)</onclick>
		<!--<visible>Skin.HasSetting(Admin) | Skin.HasSetting(Admin2)</visible>-->
		<visible>Container(100).Hasfocus(1)</visible>
	  </item>
	  <item id="12" description="File manager">
		<label>10003</label>
		<label2></label2>
		<thumb>special://home/addons/script.featherence.service/resources/icons/filesmanager.png</thumb>
		<property name="rinfo"></property>
		<onclick>ActivateWindow(filemanager)</onclick>
		<visible>Skin.HasSetting(Admin)</visible>
		<visible>Container(100).Hasfocus(1)</visible>
	  </item>
	  <item id="13" description="Sys Info">
		<label>$LOCALIZE[138]</label>
		<label2>$INFO[System.FreeMemory]</label2>
		<thumb>special://home/addons/script.featherence.service/resources/icons/information.png</thumb>
		<property name="rinfo"></property>
		<onclick>activatewindow(systeminfo)</onclick>
		<visible>Container(100).Hasfocus(1)</visible>
	  </item>
	  <item id="19" description="עיצוב מעטפת">
		<label>$LOCALIZE[31830]</label>
		<label2>$INFO[Skin.String(ID1)]</label2>
		<thumb>special://home/addons/script.featherence.service/resources/icons/star.png</thumb>
		<property name="rinfo">$LOCALIZE[31828]</property>
		<onclick>ActivateWindow(1117)</onclick>
		<visible>Container(100).Hasfocus(2)</visible>
	  </item>
	  <item id="20" description="הגדרות מעטפת">
		<label>$LOCALIZE[20077]</label>
		<label2></label2>
		<thumb>special://home/addons/script.featherence.service/resources/icons/image.png</thumb>
		<property name="rinfo"></property>
		<onclick>activatewindow(SkinSettings)</onclick>
		<visible>Container(100).Hasfocus(2)</visible>
	  </item>
	  <item id="21" description="רשת">
		<label>$LOCALIZE[13279]</label>
		<label2>$INFO[System.InternetState]</label2>
		<thumb>special://home/addons/script.featherence.service/resources/icons/net.png</thumb>
		<property name="rinfo">$LOCALIZE[31847] $LOCALIZE[221].[CR][CR]Your IP: $INFO[Network.IPAddress]</property>
		<onclick>RunScript(script.featherence.service,,?mode=41)</onclick>
		<visible>Container(100).Hasfocus(2)</visible>
		<visible>System.Platform.Linux | System.Platform.Linux.RaspberryPi</visible>
		<visible>System.HasAddon(service.openelec.settings)</visible>
	  </item>
	  <item id="22" description="הגדרת שלט טלוויזיה">
		<label>$ADDON[script.featherence.service 32066]</label>
		<label2>$INFO[Window(home).Property(Remote_Name)]</label2>
		<thumb>special://home/addons/script.featherence.service/resources/icons/remoteb.png</thumb>
		<property name="rinfo">$LOCALIZE[78897][CR]$LOCALIZE[78898]</property>
		<onclick>RunScript(script.featherence.service,,?mode=27)</onclick>
		<visible>Container(100).Hasfocus(2)</visible>
		<visible>System.Platform.Linux + !System.Platform.Android + !System.Platform.Linux.RaspberryPi + System.HasAddon(service.openelec.settings) + System.HasAddon(script.featherence.service)</visible>
	  </item>
	  <item id="24" description="מזג אוויר">
		<label>8</label>
		<label2>$VAR[8label2]</label2>
		<thumb fallback="special://home/addons/script.featherence.service/resources/icons/weather.png">$INFO[Weather.Conditions]</thumb>
		<property name="rinfo">Location: $INFO[Weather.Location][CR]Temperature: $INFO[Weather.Temperature][CR][CR]Addon: $INFO[Weather.plugin]</property>
		<onclick>ActivateWindow(MyWeather)</onclick>
		<visible>Container(100).Hasfocus(2)</visible>
	  </item>
	  <item id="25" description="Featherence Facebook Group">
		<label>Featherence Facebook Group</label>
		<label2></label2>
		<thumb>special://home/addons/script.featherence.service/resources/icons/internet.png</thumb>
		<property name="rinfo"></property>
		<onclick>RunScript(script.featherence.service,,?mode=512&amp;value=1)</onclick>
		<visible>Container(100).Hasfocus(2)</visible>
	  </item>
	  <item id="26" description="Post on Facebook!">
		<label>Post on Facebook!</label>
		<label2></label2>
		<thumb>special://home/addons/script.featherence.service/resources/icons/facebook.png</thumb>
		<property name="rinfo">$ADDON[script.featherence.service 32048] $ADDON[script.featherence.service 32049]</property>
		<onclick>RunScript(script.featherence.service,,?mode=7)</onclick>
		<visible>Container(100).Hasfocus(2)</visible>
	  </item>
	  <item id="27" description="">
		<label>Featherence YouTube Channel</label>
		<label2></label2>
		<thumb>special://home/addons/script.featherence.service/resources/icons/youtube.png</thumb>
		<property name="rinfo"></property>
		<onclick>RunScript(script.featherence.service,,?mode=32&amp;value=3)</onclick>
		<visible>Container(100).Hasfocus(2)</visible>
	  </item>
	  <item id="39" description="">
		<label>Featherence Service</label>
		<label2>$INFO[System.AddonVersion(script.featherence.service)]</label2>
		<thumb></thumb>
		<property name="rinfo"></property>
		<onclick>Addon.OpenSettings(script.featherence.service)</onclick>
		<visible>Container(100).Hasfocus(2)</visible>
	  </item>
	  <item id="31" description="הרחבות וידאו">
		<label>1037</label>
		<label2></label2>
		<thumb>special://home/addons/script.featherence.service/resources/icons/videos.png</thumb>
		<property name="rinfo"></property>
		<onclick>ActivateWindow(Videos,Addons)</onclick>
		<visible>Container(100).Hasfocus(3)</visible>
	  </item>
	  <item id="32" description="הרחבות מוזיקה">
		<label>1038</label>
		<label2></label2>
		<thumb>special://home/addons/script.featherence.service/resources/icons/music.png</thumb>
		<property name="rinfo"></property>
		<onclick>ActivateWindow(Music,addons://sources/audio/)</onclick>
		<visible>Container(100).Hasfocus(3)</visible>
	  </item>
	  <item id="33" description="תוכנות">
		<label>350</label>
		<label2></label2>
		<thumb>special://home/addons/script.featherence.service/resources/icons/puzzle.png</thumb>
		<property name="rinfo"></property>
		<onclick>ActivateWindow(10001,&quot;addons://sources/executable/&quot;,return)</onclick>
		<visible>Container(100).Hasfocus(3)</visible>
	  </item>
	  <item id="34" description="מנהל הרחבות">
		<label>$LOCALIZE[31807]</label>
		<label2></label2>
		<thumb>special://home/addons/script.featherence.service/resources/icons/megaphone.png</thumb>
		<property name="rinfo"></property>
		<onclick>ActivateWindow(AddonBrowser,root)</onclick>
		<visible>Container(100).Hasfocus(3)</visible>
	  </item>
	  <item id="35" description="חשבונות משתמש">
		<label>$LOCALIZE[76487]</label>
		<label2></label2>
		<thumb></thumb>
		<property name="rinfo"></property>
		<onclick>ActivateWindow(1172)</onclick>
		<thumb>special://home/addons/script.featherence.service/resources/icons/featherence.png</thumb>
		<visible>Container(100).Hasfocus(3)</visible>
		<visible>Skin.HasSetting(Admin) + Skin.HasSetting(Admin3)</visible>
	  </item>
	  <item id="41" description="ספריה">
		<label>$LOCALIZE[14022]</label>
		<label2></label2>
		<thumb>special://home/addons/script.featherence.service/resources/icons/bank.png</thumb>
		<property name="rinfo"></property>
		<onclick>ActivateWindow(video,"special://userdata/library/",return)</onclick>
		<visible>Container(100).Hasfocus(4)</visible>
	  </item>
	  <item id="42" description="תמונות">
		<label>1038</label>
		<label2></label2>
		<thumb>special://home/addons/script.featherence.service/resources/icons/pictures.png</thumb>
		<property name="rinfo"></property>
		<onclick>ActivateWindow(pictures)</onclick>
		<visible>Container(100).Hasfocus(4)</visible>
	  </item>
	  <item id="43" description="וידאו">
		<label>3</label>
		<label2></label2>
		<thumb>special://home/addons/script.featherence.service/resources/icons/videos.png</thumb>
		<property name="rinfo"></property>
		<onclick>ActivateWindow(Videos,files)</onclick>
		<visible>Container(100).Hasfocus(4)</visible>
	  </item>
	  <item id="44" description="מוזיקה">
		<label>2</label>
		<label2></label2>
		<thumb>special://home/addons/script.featherence.service/resources/icons/music.png</thumb>
		<property name="rinfo"></property>
		<onclick>ActivateWindow(MusicFiles,root)</onclick>
		<visible>Container(100).Hasfocus(4)</visible>
	  </item>
	  <item id="45" description="מנהל קבצים">
		<label>7</label>
		<label2></label2>
		<thumb>special://home/addons/script.featherence.service/resources/icons/filesmanager.png</thumb>
		<property name="rinfo"></property>
		<onclick>ActivateWindow(3)</onclick>
		<visible>Container(100).Hasfocus(4)</visible>
	  </item>
  </include>
  <include name="Content_SkinSettings_50">
	  <!--1-29=1-->
	  <item id="2" description="שם משתמש">
		<label>$LOCALIZE[1014]</label>
		<label2>$INFO[Skin.String(User_Name)]</label2>
		<thumb></thumb>
		<property name="rinfo"></property>
		<onclick>RunScript(script.featherence.service,,?mode=30&amp;value=$INFO[Skin.String(User_Name)]&amp;value2=$LOCALIZE[1014]&amp;value3=&amp;value4=&amp;value5=User_Name)</onclick>
		<visible>Container(100).Hasfocus(1)</visible>
	  </item>
	  <item id="3" description="הצג טיפים במצב המתנה">
		<label>$LOCALIZE[31038]</label>
		<label2>$VAR[3label2]</label2>
		<thumb>special://home/addons/script.featherence.service/resources/icons/information.png</thumb>
		<property name="rinfo">$LOCALIZE[31060]</property>
		<onclick>Skin.ToggleSetting(tips)</onclick>
		<visible>Container(100).Hasfocus(1)</visible>
	  </item>
	  <item id="4" description="סמלים בפס עליון">
		<label>$LOCALIZE[536] $LOCALIZE[31842]</label>
		<label2>$VAR[4label2]</label2>
		<thumb>special://home/addons/script.featherence.service/resources/icons/avg.png</thumb>
		<property name="rinfo"></property>
		<onclick>RunScript(script.featherence.service,,?mode=29&amp;value=Enable-[]-|Disable-[0]-|Weather-[1]-|Internet-[2]-|Internet+Weather-[12]-&amp;value2=0.TopInformationIcons|0.TopInformationIcons_name&amp;value3=&amp;value4=1)</onclick>
		<visible>Container(100).Hasfocus(1)</visible>
	  </item>
	  <item id="12" description="מילות שיר ברירת מחדל">
		<label>$LOCALIZE[24013] $LOCALIZE[409]</label>
		<label2>$INFO[Skin.String(LyricPath)]</label2>
		<thumb></thumb>
		<property name="rinfo">$LOCALIZE[31000]</property>
		<onclick>Skin.SetAddon(LyricPath,xbmc.python.lyrics)</onclick>
		<visible>Container(100).Hasfocus(1)</visible>
	  </item>
	  <item id="13" description="שיטת דירוג">
		<label>31001</label>
		<label2>$VAR[13label2]</label2>
		<thumb>$VAR[13linfo]</thumb>
		<property name="rinfo">31002</property>
		<onclick>Skin.ToggleSetting(Rating)</onclick>
		<visible>Container(100).Hasfocus(1)</visible>
	  </item>
	  <item id="14" description="כיוון טקסט עלילת סרט/סדרה">
		<label>$LOCALIZE[31864]</label>
		<label2>$VAR[14alabel2]</label2>
		<thumb>special://home/addons/script.featherence.service/resources/icons/align.png</thumb>
		<property name="rinfo">$LOCALIZE[31863]</property>
		<onclick description="AUTO" condition="!Skin.String(PlotAlign)">Skin.SetString(PlotAlign,1)</onclick>
		<onclick description="RTL" condition="Skin.String(PlotAlign,1)">Skin.SetString(PlotAlign,2)</onclick>
		<onclick description="LTR" condition="Skin.String(PlotAlign,2)">Skin.SetString(PlotAlign,3)</onclick>
		<onclick description="JUSTIFY" condition="Skin.String(PlotAlign,3)">Skin.SetString(PlotAlign,4)</onclick>
		<onclick description="CENTER" condition="Skin.String(PlotAlign,4)">Skin.SetString(PlotAlign,)</onclick>
		<visible>Container(100).Hasfocus(1)</visible>
	  </item>
	  <item id="15" description="סגנונות עם תמונות">
		<label>$LOCALIZE[135] $LOCALIZE[1411] $LOCALIZE[1]</label>
		<label2>$VAR[15label2]</label2>
		<thumb>misc/help/genre.png</thumb>
		<property name="rinfo">$LOCALIZE[31852]</property>
		<onclick>Skin.ToggleSetting(Genre)</onclick>
		<visible>Container(100).Hasfocus(1)</visible>
	  </item>
	  <item id="18" description="מוזיקה בהפעלה">
		<label>$LOCALIZE[2] $LOCALIZE[19107] $LOCALIZE[31856]</label>
		<label2>$VAR[18label2]</label2>
		<thumb>icons/music.png</thumb>
		<property name="rinfo">$LOCALIZE[31817]</property>
		<onclick>Skin.ToggleSetting(StartUpMusic)</onclick>
		<visible>Container(100).Hasfocus(1)</visible>
	  </item>
	  <item id="19" description="+מוזיקה בהפעלה">
		<label>$LOCALIZE[2] $LOCALIZE[19107] $LOCALIZE[31856]+</label>
		<label2>$VAR[19label2]</label2>
		<thumb>icons/music.png</thumb>
		<property name="rinfo">$LOCALIZE[31816]</property>
		<onclick>RunScript(script.featherence.service,,?mode=22&amp;value=$LOCALIZE[2] $LOCALIZE[19107] $LOCALIZE[31856]+&amp;value2=Choose File for single audio or Path for multi audios&amp;value3=File&amp;value4=Path&amp;value5=StartUpMusic&amp;value6=music)</onclick>
		<visible>Container(100).Hasfocus(1) + !Skin.HasSeting(StartUpMusic)</visible>
	  </item>
	  <item id="20" description="וידאו בהפעלה">
		<label>$LOCALIZE[10025] $LOCALIZE[19107] $LOCALIZE[31856]</label>
		<label2>$VAR[20label2]</label2>
		<thumb>special://home/addons/script.featherence.service/resources/icons/videos.png</thumb>
		<property name="rinfo">$LOCALIZE[31422]</property>
		<onclick condition="Skin.String(StartUpVideo)">Skin.SetString(StartUpVideo,)</onclick>
		<onclick condition="!Skin.String(StartUpVideo)">Skin.SetFile(StartUpVideo,,special://userdata/library/videos/)</onclick>
		<onclick>Skin.SetString(StartUpVideo)</onclick>
		<visible>Container(100).Hasfocus(1)</visible>
	  </item>
	  <item id="21" description="וידאו בהפעלה - מסך מלא">
		<label>$LOCALIZE[10025] $LOCALIZE[19107] $LOCALIZE[31856] - $LOCALIZE[244]</label>
		<label2>$VAR[21label2]</label2>
		<thumb>special://home/addons/script.featherence.service/resources/icons/fullscreen.png</thumb>
		<property name="rinfo">$LOCALIZE[31423]</property>
		<onclick>Skin.ToggleSetting(StartUpVideoFullScreen)</onclick>
		<visible>Container(100).Hasfocus(1) + Skin.String(StartUpVideo)</visible>
	  </item>
	  <item id="22" description="הפעל תצוגת זמן">
		<label>$LOCALIZE[31857]</label>
		<label2>$VAR[22label2]</label2>
		<thumb>special://home/addons/script.featherence.service/resources/icons/clock.png</thumb>
		<property name="rinfo">$LOCALIZE[31857]</property>
		<onclick>Skin.ToggleSetting(ShowClock)</onclick>
		<visible>Container(100).Hasfocus(1)</visible>
	  </item>
	  <item id="23" description="שנה תצוגת שעון">
		<label>$LOCALIZE[31855]</label>
		<label2>$VAR[23label2]</label2>
		<thumb>special://home/addons/script.featherence.service/resources/icons/clock.png</thumb>
		<property name="rinfo">$LOCALIZE[31854]</property>
		<onclick description="ברירת מחדל" condition="!Skin.String(ShowClock)">Skin.SetString(ShowClock,0)</onclick>
		<onclick description="תאריך ושעה" condition="Skin.String(ShowClock,0)">Skin.SetString(ShowClock,1)</onclick>
		<onclick description="שעה" condition="Skin.String(ShowClock,1)">Skin.SetString(ShowClock,2)</onclick>
		<onclick description="תאריך" condition="Skin.String(ShowClock,2)">Skin.SetString(ShowClock,)</onclick>
		<visible>Container(100).Hasfocus(1) + !Skin.HasSetting(ShowClock)</visible>
	  </item>
	  <item id="36" description="מוזיקה בצפייה במצגת ושומר מסך">
		<label>$LOCALIZE[10005] $LOCALIZE[19107] $LOCALIZE[13317] $LOCALIZE[1397] $LOCALIZE[360]</label>
		<label2>$VAR[36label2]</label2>
		<thumb>special://home/addons/script.featherence.service/resources/icons/music.png</thumb>
		<property name="rinfo">$INFO[Skin.String(screensavermusic)]</property>
		<onclick>RunScript(script.featherence.service,,?mode=22&amp;value=$LOCALIZE[10005] $LOCALIZE[19107] $LOCALIZE[13317] $LOCALIZE[1397] $LOCALIZE[360]&amp;value2=Choose File for single audio or Path for multi audios&amp;value3=File&amp;value4=Path&amp;value5=screensavermusic&amp;value6=music)</onclick>
		<visible>Container(100).Hasfocus(1)</visible>
		<visible></visible>
	  </item>
	  <item id="52" description="נגן קדימונים במסך מלא">
		<label>$LOCALIZE[208] $LOCALIZE[31812] $LOCALIZE[1405]-$LOCALIZE[244]</label>
		<label2>$VAR[52label2]</label2>
		<thumb>special://home/addons/script.featherence.service/resources/icons/trailers.png</thumb>
		<property name="rinfo">$LOCALIZE[31818]</property>
		<onclick>Skin.ToggleSetting(trailer2)</onclick>
		<visible>Container(100).Hasfocus(1)</visible>
	  </item>
	  <item id="80" description="איפוס הגדרות מעטפת">
		<label>$LOCALIZE[31803]</label>
		<label2></label2>
		<thumb>special://home/addons/script.featherence.service/resources/icons/so.png</thumb>
		<property name="rinfo">$LOCALIZE[31804]</property>
		<onclick>RunScript(script.featherence.service,,?mode=40&amp;value=1)</onclick>
		<visible>Container(100).Hasfocus(4)</visible>
	  </item>
	  <item id="81" description="הצג פרטי ניפוי שגיאות">
		<label>$LOCALIZE[654]</label>
		<label2></label2>
		<thumb>special://home/addons/script.featherence.service/resources/icons/fix.png</thumb>
		<property name="rinfo">$LOCALIZE[36392]</property>
		<onclick>ToggleDebug</onclick>
		<visible>Container(100).Hasfocus(4)</visible>
		<visible></visible>
	  </item>
  </include>
</includes>
