<?xml version="1.0" encoding="UTF-8"?>
<includes>
  <variable name="id90">
    <value condition="!Skin.String(id90)">&quot;90&quot;</value>
	<value condition="Skin.String(id90)">$INFO[Skin.String(id90)]</value>
  </variable>
  <variable name="id91">
    <value condition="!Skin.String(id91)">&quot;91&quot;</value>
	<value condition="Skin.String(id91)">$INFO[Skin.String(id91)]</value>
  </variable>
  <variable name="id92">
    <value condition="!Skin.String(id92)">&quot;92&quot;</value>
	<value condition="Skin.String(id92)">$INFO[Skin.String(id92)]</value>
  </variable>
  <variable name="id93">
    <value condition="!Skin.String(id93)">&quot;93&quot;</value>
	<value condition="Skin.String(id93)">$INFO[Skin.String(id93)]</value>
  </variable>
  <variable name="id94">
    <value condition="!Skin.String(id94)">&quot;94&quot;</value>
	<value condition="Skin.String(id94)">$INFO[Skin.String(id94)]</value>
  </variable>
  <variable name="id95">
    <value condition="!Skin.String(id95)">&quot;95&quot;</value>
	<value condition="Skin.String(id95)">$INFO[Skin.String(id95)]</value>
  </variable>
  <variable name="id96">
    <value condition="!Skin.String(id96)">&quot;96&quot;</value>
	<value condition="Skin.String(id96)">$INFO[Skin.String(id96)]</value>
  </variable>
  <variable name="id97">
    <value condition="!Skin.String(id97)">&quot;97&quot;</value>
	<value condition="Skin.String(id97)">$INFO[Skin.String(id97)]</value>
  </variable>
  <variable name="id98">
    <value condition="!Skin.String(id98)">&quot;98&quot;</value>
	<value condition="Skin.String(id98)">$INFO[Skin.String(id98)]</value>
  </variable>
  <variable name="id99">
    <value condition="!Skin.String(id99)">&quot;99&quot;</value>
	<value condition="Skin.String(id99)">$INFO[Skin.String(id99)]</value>
  </variable>
  <variable name="id100">
    <value condition="!Skin.String(id100)">&quot;100&quot;</value>
	<value condition="Skin.String(id100)">$INFO[Skin.String(id100)]</value>
  </variable>
  <variable name="id101">
    <value condition="!Skin.String(id101)">&quot;101&quot;</value>
	<value condition="Skin.String(id101)">$INFO[Skin.String(id101)]</value>
  </variable>
  <variable name="id102">
    <value condition="!Skin.String(id102)">&quot;102&quot;</value>
	<value condition="Skin.String(id102)">$INFO[Skin.String(id102)]</value>
  </variable>
  <variable name="id103">
    <value condition="!Skin.String(id103)">&quot;103&quot;</value>
	<value condition="Skin.String(id103)">$INFO[Skin.String(id103)]</value>
  </variable>
  <variable name="id104">
    <value condition="!Skin.String(id104)">&quot;104&quot;</value>
	<value condition="Skin.String(id104)">$INFO[Skin.String(id104)]</value>
  </variable>
  <variable name="id105">
    <value condition="!Skin.String(id105)">&quot;105&quot;</value>
	<value condition="Skin.String(id105)">$INFO[Skin.String(id105)]</value>
  </variable>
  <variable name="id106">
    <value condition="!Skin.String(id106)">&quot;106&quot;</value>
	<value condition="Skin.String(id106)">$INFO[Skin.String(id106)]</value>
  </variable>
  <variable name="id107">
    <value condition="!Skin.String(id107)">&quot;107&quot;</value>
	<value condition="Skin.String(id107)">$INFO[Skin.String(id107)]</value>
  </variable>
  <variable name="id108">
    <value condition="!Skin.String(id108)">&quot;108&quot;</value>
	<value condition="Skin.String(id108)">$INFO[Skin.String(id108)]</value>
  </variable>
  <variable name="id109">
    <value condition="!Skin.String(id109)">&quot;109&quot;</value>
	<value condition="Skin.String(id109)">$INFO[Skin.String(id109)]</value>
  </variable>
  <variable name="id110">
    <value condition="!Skin.String(id110)">&quot;110&quot;</value>
	<value condition="Skin.String(id110)">$INFO[Skin.String(id110)]</value>
  </variable>
  <variable name="id111">
    <value condition="!Skin.String(id111)">&quot;111&quot;</value>
	<value condition="Skin.String(id111)">$INFO[Skin.String(id111)]</value>
  </variable>
  <variable name="id112">
    <value condition="!Skin.String(id112)">&quot;112&quot;</value>
	<value condition="Skin.String(id112)">$INFO[Skin.String(id112)]</value>
  </variable>
  <variable name="id113">
    <value condition="!Skin.String(id113)">&quot;113&quot;</value>
	<value condition="Skin.String(id113)">$INFO[Skin.String(id113)]</value>
  </variable>
  <variable name="id114">
    <value condition="!Skin.String(id114)">&quot;114&quot;</value>
	<value condition="Skin.String(id114)">$INFO[Skin.String(id114)]</value>
  </variable>
  <variable name="id115">
    <value condition="!Skin.String(id115)">&quot;115&quot;</value>
	<value condition="Skin.String(id115)">$INFO[Skin.String(id115)]</value>
  </variable>
  <variable name="id116">
    <value condition="!Skin.String(id116)">&quot;116&quot;</value>
	<value condition="Skin.String(id116)">$INFO[Skin.String(id116)]</value>
  </variable>
  <variable name="id117">
    <value condition="!Skin.String(id117)">&quot;117&quot;</value>
	<value condition="Skin.String(id117)">$INFO[Skin.String(id117)]</value>
  </variable>
  <variable name="id118">
    <value condition="!Skin.String(id118)">&quot;118&quot;</value>
	<value condition="Skin.String(id118)">$INFO[Skin.String(id118)]</value>
  </variable>
  <variable name="id119">
    <value condition="!Skin.String(id119)">&quot;119&quot;</value>
	<value condition="Skin.String(id119)">$INFO[Skin.String(id119)]</value>
  </variable>
  
  <variable name="label18">
    <value condition="!Skin.String(label18) | Skin.String(label18,...)">$LOCALIZE[5]</value>
	<value condition="Skin.String(label18)">$INFO[Skin.String(label18)]</value>
  </variable>
  <variable name="label19">
    <value condition="!Skin.String(label19) | Skin.String(label19,...)">$LOCALIZE[13005]</value>
	<value condition="Skin.String(label19)">$INFO[Skin.String(label19)]</value>
  </variable>
  
  <variable name="background18">
    <value condition="!Skin.String(background18)">special://skin/backgrounds/background18.jpg</value>
	<value condition="Skin.String(background18)">$INFO[Skin.String(background18)]</value>
  </variable>
  <variable name="background19">
    <value condition="!Skin.String(background19)">special://skin/backgrounds/background19.jpg</value>
	<value condition="Skin.String(background19)">$INFO[Skin.String(background19)]</value>
  </variable>
  <variable name="background90">
    <value condition="!Skin.String(background90)">special://skin/backgrounds/background90.jpg</value>
	<value condition="Skin.String(background90)">$INFO[Skin.String(background90)]</value>
  </variable>
  <variable name="background91">
    <value condition="!Skin.String(background91)">special://skin/backgrounds/background91.jpg</value>
	<value condition="Skin.String(background91)">$INFO[Skin.String(background91)]</value>
  </variable>
  <variable name="background92">
    <value condition="!Skin.String(background92)">special://skin/backgrounds/background92.jpg</value>
	<value condition="Skin.String(background92)">$INFO[Skin.String(background92)]</value>
  </variable>
  <variable name="background93">
    <value condition="!Skin.String(background93)">special://skin/backgrounds/background93.jpg</value>
	<value condition="Skin.String(background93)">$INFO[Skin.String(background93)]</value>
  </variable>
  <variable name="background94">
    <value condition="!Skin.String(background94)">special://skin/backgrounds/background94.jpg</value>
	<value condition="Skin.String(background94)">$INFO[Skin.String(background94)]</value>
  </variable>
  <variable name="background95">
    <value condition="!Skin.String(background95)">special://skin/backgrounds/background95.jpg</value>
	<value condition="Skin.String(background95)">$INFO[Skin.String(background95)]</value>
  </variable>
  <variable name="background96">
    <value condition="Window.IsVisible(MyPics.xml) + !IsEmpty(ListItem.Thumb)">$INFO[ListItem.Thumb]</value>
	<value condition="!Skin.String(background96)">special://skin/backgrounds/background96.jpg</value>
	<value condition="Skin.String(background96)">$INFO[Skin.String(background96)]</value>
  </variable>
  <variable name="background97">
    <value condition="!Skin.HasSetting(wbackground97)">special://skin/backgrounds/weather/$INFO[Weather.FanartCode]/fanart.jpg</value>
	<value condition="!Skin.String(background97)">special://skin/backgrounds/background97.jpg</value>
	<value condition="Skin.String(background97)">$INFO[Skin.String(background97)]</value>
  </variable>
  <variable name="background98">
	<value condition="!Skin.String(background98)">special://skin/backgrounds/background98.jpg</value>
	<value condition="Skin.String(background98)">$INFO[Skin.String(background98)]</value>
  </variable>
  <variable name="background99">
    <value condition="!Skin.String(background99)">special://skin/backgrounds/background99.jpg</value>
	<value condition="Skin.String(background99)">$INFO[Skin.String(background99)]</value>
  </variable>
  <variable name="background100">
    <value condition="!Skin.String(background100)">special://skin/backgrounds/background100.jpg</value>
	<value condition="Skin.String(background100)">$INFO[Skin.String(background100)]</value>
  </variable>
  <variable name="background101">
    <value condition="!Skin.String(background101)">special://skin/backgrounds/background101.jpg</value>
	<value condition="Skin.String(background101)">$INFO[Skin.String(background101)]</value>
  </variable>
  
  <variable name="8label2">
	<value condition="IsEmpty(Weather.plugin)">$LOCALIZE[106] $LOCALIZE[305]</value>
	<value condition="!IsEmpty(Weather.plugin)">$LOCALIZE[305]</value>
  </variable>
  
  <variable name="13label2">
	<value condition="Skin.HasSetting(Rating)">$LOCALIZE[106]</value>
	<value condition="!Skin.HasSetting(Rating)">$LOCALIZE[107]</value>
  </variable>
  <variable name="13linfo">
	<value condition="Skin.HasSetting(Rating)">misc/help/rating1.png</value>
	<value condition="!Skin.HasSetting(Rating)">misc/help/rating2.png</value>
  </variable>
  
  <variable name="14alabel2">
	<value condition="!Skin.String(PlotAlign)">AUTO</value>
	<value condition="Skin.String(PlotAlign,1)">RTL</value>
	<value condition="Skin.String(PlotAlign,2)">LTR</value>
	<value condition="Skin.String(PlotAlign,3)">JUSTIFY</value>
	<value condition="Skin.String(PlotAlign,4)">CENTER</value>
  </variable>
  
  <variable name="3label2">
	<value condition="!Skin.HasSetting(tips)">$LOCALIZE[107]</value>
	<value condition="Skin.HasSetting(tips)">$LOCALIZE[106]</value>
  </variable>
  
  <variable name="14label2">
	<value condition="!System.GetBool(pvrmanager.enabled)">$LOCALIZE[106] $LOCALIZE[305]</value>
	<value condition="System.GetBool(pvrmanager.enabled)">$LOCALIZE[305]</value>
  </variable>
  
  <variable name="15label2">
	<value condition="Skin.HasSetting(Genre)">$LOCALIZE[106]</value>
	<value condition="!Skin.HasSetting(Genre)">$LOCALIZE[107]</value>
  </variable>
  
  <variable name="18label2">
	<value condition="Skin.HasSetting(StartUpMusic)">$LOCALIZE[106]</value>
	<value condition="!Skin.HasSetting(StartUpMusic)">$LOCALIZE[107]</value>
  </variable>
  
  <variable name="19label2">
	<value condition="!Skin.String(StartUpMusic)">$LOCALIZE[106]</value>
	<value condition="Skin.String(StartUpMusic)">$LOCALIZE[107]</value>
  </variable>
  
  <variable name="20label2">
	<value condition="!Skin.String(StartUpVideo)">$LOCALIZE[106]</value>
	<value condition="Skin.String(StartUpVideo)">$LOCALIZE[107]</value>
  </variable>
  
  
  <variable name="21label2">
	<value condition="Skin.HasSetting(StartUpVideoFullScreen)">$LOCALIZE[106]</value>
	<value condition="!Skin.HasSetting(StartUpVideoFullScreen)">$LOCALIZE[107]</value>
  </variable>
  
  <variable name="22label2">
	<value condition="Skin.HasSetting(ShowClock)">$LOCALIZE[106]</value>
	<value condition="!Skin.HasSetting(ShowClock)">$LOCALIZE[107]</value>
  </variable>
  
  <variable name="23label2">
	<value description="ברירת מחדל" condition="!Skin.String(ShowClock)">$LOCALIZE[13278]</value>
	<value description="תאריך ושעה" condition="Skin.String(ShowClock,0)">$LOCALIZE[14063]</value>
	<value description="שעה" condition="Skin.String(ShowClock,1)">$LOCALIZE[12392]</value>
	<value description="תאריך" condition="Skin.String(ShowClock,2)">$LOCALIZE[552]</value>
  </variable>

  <variable name="25label2">
	<value condition="!Skin.HasSetting(AutoView)">$LOCALIZE[106]</value>
	<value condition="Skin.HasSetting(AutoView)">$LOCALIZE[107]</value>
  </variable>
  <variable name="36label2">
	<value condition="!Skin.String(screensavermusic)">$LOCALIZE[106]</value>
	<value condition="Skin.String(screensavermusic)">$LOCALIZE[107]</value>
  </variable>
  <variable name="40label2">
	<value condition="!Skin.HasSetting(AutoPlaySD)">$LOCALIZE[106]</value>
	<value condition="Skin.HasSetting(AutoPlaySD)">$LOCALIZE[107]</value>
  </variable>
  <variable name="52label2">
	<value condition="!Skin.HasSetting(trailer2)">$LOCALIZE[106]</value>
	<value condition="Skin.HasSetting(trailer2)">$LOCALIZE[107]</value>
  </variable>
  <variable name="55label2">
	<value condition="Skin.HasSetting(LibraryData_AutoUpdate)">$LOCALIZE[106]</value>
	<value condition="!Skin.HasSetting(LibraryData_AutoUpdate)">$LOCALIZE[107]</value>
  </variable>
  <variable name="56label2">
	<value condition="StringCompare(Skin.String(LibraryData_RemoteDate),Skin.String(LibraryData_LocalDate))">$LOCALIZE[107]</value>
	<value condition="!StringCompare(Skin.String(LibraryData_RemoteDate),Skin.String(LibraryData_LocalDate))">$LOCALIZE[106]</value>
  </variable>
  <variable name="67label2">
	<value condition="Skin.HasSetting(Widget)">$LOCALIZE[106]</value>
	<value condition="!Skin.HasSetting(Widget)">$LOCALIZE[107]</value>
  </variable>
  
  <variable name="200label2">
    <value condition="!Skin.HasSetting(SelectionMarker)">$LOCALIZE[106]</value>
	<value condition="Skin.HasSetting(SelectionMarker)">$LOCALIZE[107]</value>
  </variable>
  
  <variable name="201label2">
    <value condition="!Skin.HasSetting(SelectionMarker2)">$LOCALIZE[106]</value>
	<value condition="Skin.HasSetting(SelectionMarker2)">$LOCALIZE[107]</value>
  </variable>
  
  <variable name="203label2">
    <value condition="!Skin.HasSetting(ShadowButton)">$LOCALIZE[106]</value>
	<value condition="Skin.HasSetting(ShadowButton)">$LOCALIZE[107]</value>
  </variable>
  
  <variable name="204label2">
    <value condition="Skin.HasSetting(OverlayButton)">$LOCALIZE[106]</value>
	<value condition="!Skin.HasSetting(OverlayButton)">$LOCALIZE[107]</value>
  </variable>
  <variable name="205label2">
    <value condition="Skin.HasSetting(BevelButton)">$LOCALIZE[106]</value>
	<value condition="!Skin.HasSetting(BevelButton)">$LOCALIZE[107]</value>
  </variable>
  <variable name="206label2">
    <value condition="!Skin.HasSetting(StrokeButton)">$LOCALIZE[106]</value>
	<value condition="Skin.HasSetting(StrokeButton)">$LOCALIZE[107]</value>
  </variable>
  
  <variable name="215label2">
    <value condition="!Skin.String(MenuDesign)" description="ברירת מחדל">DEFAULT</value>
    <value condition="Skin.String(MenuDesign,0)" description="פנל">$LOCALIZE[31031]</value>
	<value condition="Skin.String(MenuDesign,1)" description="פנל 2">$LOCALIZE[31031] 2</value>
	<value condition="Skin.String(MenuDesign,2)" description="מאוזן">$LOCALIZE[31032]</value>
	<value condition="Skin.String(MenuDesign,3)" description="מאוזן 2">$LOCALIZE[31032] 2</value>
	<value condition="Skin.String(MenuDesign,4)" description="מאונך">$LOCALIZE[31033]</value>
  </variable>
  
  <variable name="220label2">
    <value condition="!Skin.HasSetting(background)">$LOCALIZE[107]</value>
	<value condition="Skin.HasSetting(background)">$LOCALIZE[106]</value>
  </variable>
  
  <variable name="222label2">
    <value condition="Skin.HasSetting(HomeFanartHalfScreen)">$LOCALIZE[106]</value>
	<value condition="!Skin.HasSetting(HomeFanartHalfScreen)">$LOCALIZE[107]</value>
  </variable>
  
  <variable name="223label2">
    <value condition="!Skin.HasSetting(HideTopMainBackground)" description="">$LOCALIZE[107]</value>
	<value condition="Skin.HasSetting(HideTopMainBackground)" description="">$LOCALIZE[106]</value>
  </variable>
  
  <variable name="237label2">
    <value condition="Skin.String(TopBackgroundTexture,NONE)">$LOCALIZE[106]</value>
	<value condition="Skin.String(TopBackgroundTexture)">$LOCALIZE[107] $INFO[Skin.String(TopBackgroundTexture)]</value>
  </variable>
  
  <variable name="241label2">
    <value condition="!Skin.HasSetting(FixedUnFocusButtonsTransperancy)">$LOCALIZE[106]</value>
	<value condition="Skin.HasSetting(FixedUnFocusButtonsTransperancy)">$LOCALIZE[107]</value>
  </variable>
  
  <variable name="252label2">
	<value condition="Skin.String(MainBackgroundTexture,NONE)">$LOCALIZE[106]</value>
	<value condition="Skin.String(MainBackgroundTexture)">$LOCALIZE[107] $INFO[Skin.String(MainBackgroundTexture)]</value>
  </variable>
  
  
  <variable name="395label">
    <value condition="StringCompare(System.Language,Hebrew)">$LOCALIZE[573] $LOCALIZE[13278]</value>
	<value condition="!StringCompare(System.Language,Hebrew)">$LOCALIZE[13278] $LOCALIZE[573]</value>
  </variable>
  <variable name="label709">
    <value condition="StringCompare(System.Language,Hebrew)">$LOCALIZE[19190] $LOCALIZE[590]</value>
	<value condition="!StringCompare(System.Language,Hebrew)">$LOCALIZE[590] $LOCALIZE[19190]</value>
  </variable>
  
  <variable name="290label2" description="">
    <value condition="!Skin.String(MenuDesign_Bottom)">DEFAULT</value>
	<value condition="Skin.String(MenuDesign_Bottom,1)">Center</value>
	<!--<value condition="Skin.String(DialogKaiToastPos,2)">SE</value>
	<value condition="Skin.String(DialogKaiToastPos,3)">N</value>
	<value condition="Skin.String(DialogKaiToastPos,4)">NW</value>
	<value condition="Skin.String(DialogKaiToastPos,5)">NE</value>-->
  </variable>
  
  <variable name="ReloadSkin_check">
    <value>TEST</value>
	<value condition="Skin.String(MainBackgroundTexture">MainBackgroundTexture</value>
	<value condition="Skin.String(TopBackgroundTexture)">TopBackgroundTexture</value>
	<value condition="Skin.String(background)">background</value>
	
  </variable>
  
</includes>
