<?xml version="1.0" encoding="UTF-8"?>
<includes>

  <include name="Content_Custom1173_100">
   <item id="20" description="בית">
		<label>$LOCALIZE[76202]</label>
		<onclick>noop</onclick>
	</item>
	
	<item id="21" description="גלובלי">
		<label>$LOCALIZE[74839]</label>
		<onclick>noop</onclick>
		<visible>false</visible>
	</item>
	
	<item id="22" description="מיקום">
		<label>$LOCALIZE[74446]</label>
		<onclick>noop</onclick>
	</item>
	
	<item id="23" description="צבעים">
		<label>$LOCALIZE[14078]</label>
		<onclick>noop</onclick>
	</item>
	
	<item id="24" description="שקיפויות">
		<label>$LOCALIZE[74477]</label>
		<onclick>noop</onclick>
	</item>
	
	<item id="25" description="מתקדם">
		<label>10038</label>
		<onclick>noop</onclick>
	</item>
  </include>
  
  <include name="Content_Settings_100">
    <item id="2">
		<label>featherence</label>
		<onclick>noop</onclick>
	</item>
	<item id="1" description="כללי">
		<label>128</label>
		<onclick>noop</onclick>
	</item>
	<item id="3" description="הרחבות">
		<label>24001</label>
		<onclick>noop</onclick>
	</item>
	<item id="4" description="קבצים">
		<label>1214</label>
		<onclick>noop</onclick>
	</item>
  </include>
  
  <include name="Content_Custom1170_100">
    <item id="1" description="כללי">
		<label>128</label>
		<onclick>noop</onclick>
	</item>
	<item id="2" description="וידאו">
		<label>3</label>
		<onclick>noop</onclick>
	</item>
	<item id="3" description="כלים">
		<label>$LOCALIZE[77473]</label>
		<onclick>noop</onclick>
		<visible>System.HasAddon(script.featherence.install)</visible>
	</item>
	<item id="4" description="מתקדם">
		<label>$LOCALIZE[10038]</label>
		<onclick>noop</onclick>
		<visible>false</visible>
	</item>
	<item id="5">
		<label>featherence</label>
		<onclick>noop</onclick>
		<visible>false</visible>
	</item>
  </include>
  
  <include name="Content_Custom1172_100">
      <item id="1" description="כללי">
		<label>128</label>
		<onclick>noop</onclick>
	</item>
	<item id="2" description="וידאו">
		<label>3</label>
		<onclick>noop</onclick>
		<visible>false</visible>
	</item>
	<item id="3">
		<label>כלים</label>
		<onclick>noop</onclick>
		<visible>false</visible>
	</item>
	<item id="4">
		<label>מתקדם</label>
		<onclick>noop</onclick>
		<visible>false</visible>
	</item>
	<item id="5">
		<label>featherence</label>
		<onclick>noop</onclick>
		<visible>false</visible>
	</item>
  </include>
  
  <include name="Content_SkinSettings_100">
	<item id="1" description="כללי">
		<label>128</label>
		<onclick>noop</onclick>
	</item>
	<item id="2">
		<label>משתמש</label>
		<onclick>noop</onclick>
		<visible>false</visible>
	</item>
	<item id="3">
		<label>ביצועים</label>
		<onclick>noop</onclick>
		<visible>false</visible>
	</item>
	<item id="4">
		<label>מתקדם</label>
		<onclick>noop</onclick>
	</item>

  </include>
  
  <include name="Content_Custom1173_50">
	  <!--200-224 מסך בית מותאם אישי-->
	  <item id="200" description="סמן בחירה (כפתור)">
		<visible></visible> <!--Skin.HasSetting(SelectionMarker)-->
		<label>$LOCALIZE[78021] ($ADDON[script.featherence.service 80])</label>
		<label2>$VAR[200label2]</label2>
		<thumb>frames/selector.png</thumb>
		<property name="rinfo">$LOCALIZE[76200].</property>
		<onclick>Skin.ToggleSetting(SelectionMarker)</onclick>
		<visible>Container(100).Hasfocus(20)</visible>
	  </item>
	  
	  <item id="201" description="סמן בחירה 2 (כפתור)">
		<label>$LOCALIZE[78021] 2 ($ADDON[script.featherence.service 80])</label>
		<label2>$VAR[201label2]</label2>
		<thumb>buttons/effects/choosen2.png</thumb>
		<property name="rinfo">$LOCALIZE[76201].</property>
		<onclick>Skin.ToggleSetting(SelectionMarker2)</onclick>
		<visible>Container(100).Hasfocus(20)</visible>
	  </item>
	  
	  <item id="203" description="צללית (כפתור)">
		<label>$LOCALIZE[78218] ($ADDON[script.featherence.service 80])</label>
		<label2>$VAR[203label2]</label2>
		<thumb>buttons/effect/menuiconshadow.png</thumb>
		<property name="rinfo">$LOCALIZE[76203]</property>
		<onclick>Skin.ToggleSetting(ShadowButton)</onclick>
		<visible>Container(100).Hasfocus(20)</visible>
	  </item>
	  
	  <item id="204" description="שקופית (כפתור)">
		<label>$LOCALIZE[78217] ($ADDON[script.featherence.service 80])</label>
		<label2>$VAR[204label2]</label2>
		<thumb>buttons/effects/effect_gardient.png</thumb>
		<property name="rinfo">$LOCALIZE[76204]</property>
		<onclick>Skin.ToggleSetting(OverlayButton)</onclick>
		<visible>Container(100).Hasfocus(20)</visible>
	  </item>
	  
	  <item id="205" description="שפוע Bevel (כפתור)">
		<label>$LOCALIZE[74607] ($ADDON[script.featherence.service 80])</label>
		<label2>$VAR[205label2]</label2>
		<thumb>buttons/effects/bevel.png</thumb>
		<property name="rinfo"></property>
		<onclick>Skin.ToggleSetting(BevelButton)</onclick>
		<visible>Container(100).Hasfocus(20)</visible>
	  </item>
	  <item id="206" description="מסגרת Stroke (כפתור)">
		<label>$LOCALIZE[74608] ($ADDON[script.featherence.service 80])</label>
		<label2>$VAR[206label2]</label2>
		<thumb>buttons/effects/stroke.png</thumb>
		<property name="rinfo"></property>
		<onclick>Skin.ToggleSetting(StrokeButton)</onclick>
		<visible>Container(100).Hasfocus(20)</visible>
	  </item>
	  <item id="209" description="אלמנט (כפתור לא נבחר)">
		<label>$LOCALIZE[74609] ($LOCALIZE[74611])</label>
		<label2>$INFO[Skin.String(ElementUButton)]</label2>
		<thumb></thumb>
		<property name="rinfo"></property>
		<onclick condition="!Skin.String(ElementUButton)">Skin.SetString(ElementUButton,1)</onclick>
		<onclick condition="Skin.String(ElementUButton,1)">Skin.SetString(ElementUButton,2)</onclick>
		<onclick condition="Skin.String(ElementUButton,2)">Skin.SetString(ElementUButton,)</onclick>
		<visible>Container(100).Hasfocus(20) + false</visible>
	  </item>
	  <item id="210" description="אלמנט (כפתור נבחר)">
		<label>$LOCALIZE[74609] ($LOCALIZE[74610])</label>
		<label2>$INFO[Skin.String(ElementFButton)]</label2>
		<thumb></thumb>
		<property name="rinfo"></property>
		<onclick condition="!Skin.String(ElementFButton)">Skin.SetString(ElementFButton,1)</onclick>
		<onclick condition="Skin.String(ElementUButton,1)">Skin.SetString(ElementUButton,2)</onclick>
		<onclick condition="Skin.String(ElementUButton,2)">Skin.SetString(ElementUButton,)</onclick>
		<visible>Container(100).Hasfocus(20) + false</visible>
	  </item>
	  
	  
	  
	  <item id="215" description="עיצוב תפריט">
		<label>$LOCALIZE[78014]</label>
		<label2>$VAR[215label2]</label2>
		<thumb>special://home/addons/script.featherence.service/resources/icons/cubes.png</thumb>
		<property name="rinfo">$LOCALIZE[76206]</property>
		<onclick condition="!Skin.String(MenuDesign)">Skin.SetString(MenuDesign,0)</onclick>
		<onclick condition="Skin.String(MenuDesign,0)">Skin.SetString(MenuDesign,1)</onclick>
		<onclick condition="Skin.String(MenuDesign,1)">Skin.SetString(MenuDesign,2)</onclick>
		<onclick condition="Skin.String(MenuDesign,2)">Skin.SetString(MenuDesign,3)</onclick>
		<onclick condition="Skin.String(MenuDesign,3)">Skin.SetString(MenuDesign,4)</onclick>
		<onclick condition="Skin.String(MenuDesign,4)">Skin.SetString(MenuDesign,)</onclick>
		<onclick>Close</onclick>
		<onclick>Close</onclick>
		<onclick>ActivateWindow(1117)</onclick>
		<onclick>ActivateWindow(1173)</onclick>
		<visible>Container(100).Hasfocus(20)</visible>
	  </item>
	  
	  <item id="220" description="פאנארט-בית פעיל">
		<label>$LOCALIZE[20445]-$LOCALIZE[10000] $LOCALIZE[305]</label>
		<label2>$VAR[220label2]</label2>
		<thumb>special://home/addons/script.featherence.service/resources/icons/image.png</thumb>
		<property name="rinfo">$LOCALIZE[76207]</property>
		<onclick>Skin.ToggleSetting(background)</onclick>
		<visible>Container(100).Hasfocus(20)</visible>
	  </item>
	  
	  <item id="221" description="שקיפות פאנארט-בית">
		<visible>!Skin.HasSetting(background)</visible>
		
		<label>$LOCALIZE[78215] ($LOCALIZE[20445]-$LOCALIZE[10000])</label>
		<label2>$INFO[Skin.String(BackgroundOverlay)]</label2>
		<thumb>special://home/addons/script.featherence.service/resources/icons/image.png</thumb>
		<property name="rinfo"></property>
		<onclick condition="!Skin.String(BackgroundOverlay)">Skin.SetString(BackgroundOverlay, 100)</onclick>
		<onclick condition="Skin.String(BackgroundOverlay, 100)">Skin.SetString(BackgroundOverlay, 95)</onclick>
		<onclick condition="Skin.String(BackgroundOverlay, 95)">Skin.SetString(BackgroundOverlay, 90)</onclick>
		<onclick condition="Skin.String(BackgroundOverlay, 90)">Skin.SetString(BackgroundOverlay, 85)</onclick>
		<onclick condition="Skin.String(BackgroundOverlay, 85)">Skin.SetString(BackgroundOverlay, 80)</onclick>
		<onclick condition="Skin.String(BackgroundOverlay, 80)">Skin.SetString(BackgroundOverlay, 70)</onclick>
		<onclick condition="Skin.String(BackgroundOverlay, 70)">Skin.SetString(BackgroundOverlay, 60)</onclick>
		<onclick condition="Skin.String(BackgroundOverlay, 60)">Skin.SetString(BackgroundOverlay, 50)</onclick>
		<onclick condition="Skin.String(BackgroundOverlay, 50)">Skin.SetString(BackgroundOverlay, 40)</onclick>
		<onclick condition="Skin.String(BackgroundOverlay, 40)">Skin.SetString(BackgroundOverlay, 30)</onclick>
		<onclick condition="Skin.String(BackgroundOverlay, 30)">Skin.SetString(BackgroundOverlay, 20)</onclick>
		<onclick condition="Skin.String(BackgroundOverlay, 20)">Skin.SetString(BackgroundOverlay, )</onclick>
		<onclick>Close</onclick>
		<onclick>Close</onclick>
		<onclick>ActivateWindow(1117)</onclick>
		<onclick>ActivateWindow(1173)</onclick>
		<visible>Container(100).Hasfocus(20)</visible>
	  </item>
	  
	  <item id="222" description="פאנארט-בית מסך מלא">
	    <visible>!Skin.HasSetting(background)</visible>
		<label>$LOCALIZE[20445]-$LOCALIZE[10000] $LOCALIZE[244]</label>
		<label2>$VAR[222label2]</label2>
		<thumb>special://home/addons/script.featherence.service/resources/icons/fullscreen.png</thumb>
		<property name="rinfo">$LOCALIZE[76205]</property>
		<onclick>Skin.ToggleSetting(HomeFanartHalfScreen)</onclick>
		<visible>Container(100).Hasfocus(20)</visible>
	  </item>
	  
	  <item id="223" description="פאנארט-נקי">
		<label>$LOCALIZE[31035]</label>
		<label2>$VAR[223label2]</label2>
		<thumb></thumb>
		<property name="rinfo">$LOCALIZE[31130]</property>
		<onclick>Skin.ToggleSetting(HideTopMainBackground)</onclick>
		<visible>Container(100).Hasfocus(20)</visible>
		<visible>!Skin.HasSetting(background)</visible>
	  </item>
	  
	  <!--225-249 שקיפויות-->
	  <item id="225" description="שקיפות (רקע עליון)">
		
		<label>$LOCALIZE[78215] ($LOCALIZE[78017])</label>
		<label2>$INFO[Skin.String(TopMainBackgroundOverlay)]</label2>
		<thumb>misc/help/TopMainBackgroundOverlay.png</thumb>
		<property name="rinfo">$LOCALIZE[78024] $LOCALIZE[78017].$LOCALIZE[31131]</property>
		<onclick condition="!Skin.String(TopMainBackgroundOverlay)">Skin.SetString(TopMainBackgroundOverlay, 100)</onclick>
		<onclick condition="Skin.String(TopMainBackgroundOverlay, 100)">Skin.SetString(TopMainBackgroundOverlay, 95)</onclick>
		<onclick condition="Skin.String(TopMainBackgroundOverlay, 95)">Skin.SetString(TopMainBackgroundOverlay, 90)</onclick>
		<onclick condition="Skin.String(TopMainBackgroundOverlay, 90)">Skin.SetString(TopMainBackgroundOverlay, 85)</onclick>
		<onclick condition="Skin.String(TopMainBackgroundOverlay, 85)">Skin.SetString(TopMainBackgroundOverlay, 80)</onclick>
		<onclick condition="Skin.String(TopMainBackgroundOverlay, 80)">Skin.SetString(TopMainBackgroundOverlay, 70)</onclick>
		<onclick condition="Skin.String(TopMainBackgroundOverlay, 70)">Skin.SetString(TopMainBackgroundOverlay, 60)</onclick>
		<onclick condition="Skin.String(TopMainBackgroundOverlay, 60)">Skin.SetString(TopMainBackgroundOverlay, 50)</onclick>
		<onclick condition="Skin.String(TopMainBackgroundOverlay, 50)">Skin.SetString(TopMainBackgroundOverlay, 40)</onclick>
		<onclick condition="Skin.String(TopMainBackgroundOverlay, 40)">Skin.SetString(TopMainBackgroundOverlay, 30)</onclick>
		<onclick condition="Skin.String(TopMainBackgroundOverlay, 30)">Skin.SetString(TopMainBackgroundOverlay, 20)</onclick>
		<onclick condition="Skin.String(TopMainBackgroundOverlay, 20)">Skin.SetString(TopMainBackgroundOverlay, )</onclick>
		<onclick>Close</onclick>
		<onclick>Close</onclick>
		<onclick>ActivateWindow(1117)</onclick>
		<onclick>ActivateWindow(1173)</onclick>
		<visible>Container(100).Hasfocus(24)</visible>
	  </item>
	  
	  <item id="226" description="שקיפות (רקע תחתון)">
		<label>$LOCALIZE[78215] ($LOCALIZE[78214])</label>
		<label2>$INFO[Skin.String(MainBackgroundOverlay)]</label2>
		<thumb>misc/help/MainBackgroundOverlay.png</thumb>
		<property name="rinfo">$LOCALIZE[78024] $LOCALIZE[78214].$LOCALIZE[31131]$LOCALIZE[31132]</property>
		<onclick condition="!Skin.String(MainBackgroundOverlay)">Skin.SetString(MainBackgroundOverlay, 100)</onclick>
		<onclick condition="Skin.String(MainBackgroundOverlay, 100)">Skin.SetString(MainBackgroundOverlay, 95)</onclick>
		<onclick condition="Skin.String(MainBackgroundOverlay, 95)">Skin.SetString(MainBackgroundOverlay, 90)</onclick>
		<onclick condition="Skin.String(MainBackgroundOverlay, 90)">Skin.SetString(MainBackgroundOverlay, 85)</onclick>
		<onclick condition="Skin.String(MainBackgroundOverlay, 85)">Skin.SetString(MainBackgroundOverlay, 80)</onclick>
		<onclick condition="Skin.String(MainBackgroundOverlay, 80)">Skin.SetString(MainBackgroundOverlay, 70)</onclick>
		<onclick condition="Skin.String(MainBackgroundOverlay, 70)">Skin.SetString(MainBackgroundOverlay, 60)</onclick>
		<onclick condition="Skin.String(MainBackgroundOverlay, 60)">Skin.SetString(MainBackgroundOverlay, 50)</onclick>
		<onclick condition="Skin.String(MainBackgroundOverlay, 50)">Skin.SetString(MainBackgroundOverlay, 40)</onclick>
		<onclick condition="Skin.String(MainBackgroundOverlay, 40)">Skin.SetString(MainBackgroundOverlay, 30)</onclick>
		<onclick condition="Skin.String(MainBackgroundOverlay, 30)">Skin.SetString(MainBackgroundOverlay, 20)</onclick>
		<onclick condition="Skin.String(MainBackgroundOverlay, 20)">Skin.SetString(MainBackgroundOverlay, )</onclick>
		<onclick>Close</onclick>
		<onclick>Close</onclick>
		<onclick>ActivateWindow(1117)</onclick>
		<onclick>ActivateWindow(1173)</onclick>
		<visible>Container(100).Hasfocus(24)</visible>
	  </item>
	  
	  <item id="227" description="שקיפות (פס עליון)">
		<label>$LOCALIZE[78215] ($LOCALIZE[78019])</label>
		<label2>$INFO[Skin.String(TopInformationOverlay)]</label2>
		<thumb>misc/help/TopInformationOverlay.png</thumb>
		<property name="rinfo">$LOCALIZE[78024] $LOCALIZE[78019].</property>
		<onclick condition="!Skin.String(TopInformationOverlay)">Skin.SetString(TopInformationOverlay, 100)</onclick>
		<onclick condition="Skin.String(TopInformationOverlay, 100)">Skin.SetString(TopInformationOverlay, 95)</onclick>
		<onclick condition="Skin.String(TopInformationOverlay, 95)">Skin.SetString(TopInformationOverlay, 90)</onclick>
		<onclick condition="Skin.String(TopInformationOverlay, 90)">Skin.SetString(TopInformationOverlay, 85)</onclick>
		<onclick condition="Skin.String(TopInformationOverlay, 85)">Skin.SetString(TopInformationOverlay, 80)</onclick>
		<onclick condition="Skin.String(TopInformationOverlay, 80)">Skin.SetString(TopInformationOverlay, 70)</onclick>
		<onclick condition="Skin.String(TopInformationOverlay, 70)">Skin.SetString(TopInformationOverlay, 60)</onclick>
		<onclick condition="Skin.String(TopInformationOverlay, 60)">Skin.SetString(TopInformationOverlay, 50)</onclick>
		<onclick condition="Skin.String(TopInformationOverlay, 50)">Skin.SetString(TopInformationOverlay, 40)</onclick>
		<onclick condition="Skin.String(TopInformationOverlay, 40)">Skin.SetString(TopInformationOverlay, 30)</onclick>
		<onclick condition="Skin.String(TopInformationOverlay, 30)">Skin.SetString(TopInformationOverlay, 20)</onclick>
		<onclick condition="Skin.String(TopInformationOverlay, 20)">Skin.SetString(TopInformationOverlay, )</onclick>
		<onclick>Close</onclick>
		<onclick>Close</onclick>
		<onclick>ActivateWindow(1117)</onclick>
		<onclick>ActivateWindow(1173)</onclick>
		<visible>Container(100).Hasfocus(24)</visible>
	  </item>
	  
	  <item id="228" description="שקיפות (פרטי וידאו)">
		<label>$LOCALIZE[78215] ($LOCALIZE[20159])</label>
		<label2>$INFO[Skin.String(TopVideoInformationOverlay)]</label2>
		<thumb>misc/help/TopVideoInformationOverlay.png</thumb>
		<property name="rinfo">$LOCALIZE[78024] $LOCALIZE[20159].$LOCALIZE[31133] [COLOR=green]$LOCALIZE[20159].[/COLOR]</property>
		<onclick condition="!Skin.String(TopVideoInformationOverlay)">Skin.SetString(TopVideoInformationOverlay, 100)</onclick>
		<onclick condition="Skin.String(TopVideoInformationOverlay, 100)">Skin.SetString(TopVideoInformationOverlay, 95)</onclick>
		<onclick condition="Skin.String(TopVideoInformationOverlay, 95)">Skin.SetString(TopVideoInformationOverlay, 90)</onclick>
		<onclick condition="Skin.String(TopVideoInformationOverlay, 90)">Skin.SetString(TopVideoInformationOverlay, 85)</onclick>
		<onclick condition="Skin.String(TopVideoInformationOverlay, 85)">Skin.SetString(TopVideoInformationOverlay, 80)</onclick>
		<onclick condition="Skin.String(TopVideoInformationOverlay, 80)">Skin.SetString(TopVideoInformationOverlay, 70)</onclick>
		<onclick condition="Skin.String(TopVideoInformationOverlay, 70)">Skin.SetString(TopVideoInformationOverlay, 60)</onclick>
		<onclick condition="Skin.String(TopVideoInformationOverlay, 60)">Skin.SetString(TopVideoInformationOverlay, 50)</onclick>
		<onclick condition="Skin.String(TopVideoInformationOverlay, 50)">Skin.SetString(TopVideoInformationOverlay, 40)</onclick>
		<onclick condition="Skin.String(TopVideoInformationOverlay, 40)">Skin.SetString(TopVideoInformationOverlay, 30)</onclick>
		<onclick condition="Skin.String(TopVideoInformationOverlay, 30)">Skin.SetString(TopVideoInformationOverlay, 20)</onclick>
		<onclick condition="Skin.String(TopVideoInformationOverlay, 20)">Skin.SetString(TopVideoInformationOverlay, )</onclick>
		<onclick>Close</onclick>
		<onclick>Close</onclick>
		<onclick>ActivateWindow(1117)</onclick>
		<onclick>ActivateWindow(1173)</onclick>
		<visible>Container(100).Hasfocus(24)</visible>
	  </item>
	  
	  <item id="230" description="שקיפות (כפתורי תפריט)">
		<label>$LOCALIZE[78215] ($LOCALIZE[74829])</label>
		<label2>$INFO[Skin.String(MenuButtonsOverlay)]</label2>
		<thumb></thumb>
		<property name="rinfo">$LOCALIZE[31134]$LOCALIZE[31132]</property>
		<onclick condition="!Player.HasVideo">RunScript(script.featherence.service,,?mode=200&amp;value=MenuButtonsOverlay)</onclick>
		<onclick condition="Player.HasVideo">Notification($LOCALIZE[257],$LOCALIZE[70100],2000)</onclick>
		<visible>Container(100).Hasfocus(24)</visible>
	  </item>
	  
	  <item id="231" description="שקיפות פאנארט-כללי">
		<label>$LOCALIZE[78215] ($LOCALIZE[20445]-$LOCALIZE[16000])</label>
		<label2>$INFO[Skin.String(Background2Overlay)]</label2>
		<thumb></thumb>
		<property name="rinfo"></property>
		<onclick condition="!Skin.String(Background2Overlay)">Skin.SetString(Background2Overlay, 100)</onclick>
		<onclick condition="Skin.String(Background2Overlay, 100)">Skin.SetString(Background2Overlay, 95)</onclick>
		<onclick condition="Skin.String(Background2Overlay, 95)">Skin.SetString(Background2Overlay, 90)</onclick>
		<onclick condition="Skin.String(Background2Overlay, 90)">Skin.SetString(Background2Overlay, 85)</onclick>
		<onclick condition="Skin.String(Background2Overlay, 85)">Skin.SetString(Background2Overlay, 80)</onclick>
		<onclick condition="Skin.String(Background2Overlay, 80)">Skin.SetString(Background2Overlay, 70)</onclick>
		<onclick condition="Skin.String(Background2Overlay, 70)">Skin.SetString(Background2Overlay, 60)</onclick>
		<onclick condition="Skin.String(Background2Overlay, 60)">Skin.SetString(Background2Overlay, 50)</onclick>
		<onclick condition="Skin.String(Background2Overlay, 50)">Skin.SetString(Background2Overlay, 40)</onclick>
		<onclick condition="Skin.String(Background2Overlay, 40)">Skin.SetString(Background2Overlay, 30)</onclick>
		<onclick condition="Skin.String(Background2Overlay, 30)">Skin.SetString(Background2Overlay, 20)</onclick>
		<onclick condition="Skin.String(Background2Overlay, 20)">Skin.SetString(Background2Overlay, )</onclick>
		<!--<onclick>Close</onclick>
		<onclick>Close</onclick>
		<onclick>ActivateWindow(1117)</onclick>
		<onclick>ActivateWindow(1173)</onclick>-->
		<visible>Container(100).Hasfocus(24)</visible>
	  </item>
	  
	  <item id="232" description="שקיפות (תפריט שמאל)">
		<visible>!Skin.String(LeftMenuOverlay) | Skin.String(LeftMenuOverlay,70)</visible>
		
		<label>$LOCALIZE[78215] ($LOCALIZE[78928])</label>
		<label2>$INFO[Skin.String(LeftMenuOverlay)]</label2>
		<thumb>misc/help/LeftMenuOverlay.png</thumb>
		<property name="rinfo">$LOCALIZE[78024] $LOCALIZE[78928]</property>
		<onclick condition="!Skin.String(LeftMenuOverlay)">Skin.SetString(LeftMenuOverlay, 100)</onclick>
		<onclick condition="Skin.String(LeftMenuOverlay, 100)">Skin.SetString(LeftMenuOverlay, 95)</onclick>
		<onclick condition="Skin.String(LeftMenuOverlay, 95)">Skin.SetString(LeftMenuOverlay, 90)</onclick>
		<onclick condition="Skin.String(LeftMenuOverlay, 90)">Skin.SetString(LeftMenuOverlay, 85)</onclick>
		<onclick condition="Skin.String(LeftMenuOverlay, 85)">Skin.SetString(LeftMenuOverlay, 80)</onclick>
		<onclick condition="Skin.String(LeftMenuOverlay, 80)">Skin.SetString(LeftMenuOverlay, 70)</onclick>
		<onclick condition="Skin.String(LeftMenuOverlay, 70)">Skin.SetString(LeftMenuOverlay, 60)</onclick>
		<onclick condition="Skin.String(LeftMenuOverlay, 60)">Skin.SetString(LeftMenuOverlay, 50)</onclick>
		<onclick condition="Skin.String(LeftMenuOverlay, 50)">Skin.SetString(LeftMenuOverlay, 40)</onclick>
		<onclick condition="Skin.String(LeftMenuOverlay, 40)">Skin.SetString(LeftMenuOverlay, 30)</onclick>
		<onclick condition="Skin.String(LeftMenuOverlay, 30)">Skin.SetString(LeftMenuOverlay, 20)</onclick>
		<onclick condition="Skin.String(LeftMenuOverlay, 20)">Skin.SetString(LeftMenuOverlay, )</onclick>
		<visible>Container(100).Hasfocus(24)</visible>
	  </item>
	  
	  <item id="233" description="שקיפות (תפריט תחתון)">
		<label>$LOCALIZE[78215] ($LOCALIZE[74435])</label>
		<label2>$INFO[Skin.String(BottomMenuOverlay)]</label2>
		<thumb>misc/help/BottomMenuOverlay.png</thumb>
		<property name="rinfo">$LOCALIZE[78024] $LOCALIZE[74435].</property>
		<onclick condition="!Skin.String(BottomMenuOverlay)">Skin.SetString(BottomMenuOverlay, 100)</onclick>
		<onclick condition="Skin.String(BottomMenuOverlay, 100)">Skin.SetString(BottomMenuOverlay, 95)</onclick>
		<onclick condition="Skin.String(BottomMenuOverlay, 95)">Skin.SetString(BottomMenuOverlay, 90)</onclick>
		<onclick condition="Skin.String(BottomMenuOverlay, 90)">Skin.SetString(BottomMenuOverlay, 85)</onclick>
		<onclick condition="Skin.String(BottomMenuOverlay, 85)">Skin.SetString(BottomMenuOverlay, 80)</onclick>
		<onclick condition="Skin.String(BottomMenuOverlay, 80)">Skin.SetString(BottomMenuOverlay, 70)</onclick>
		<onclick condition="Skin.String(BottomMenuOverlay, 70)">Skin.SetString(BottomMenuOverlay, 60)</onclick>
		<onclick condition="Skin.String(BottomMenuOverlay, 60)">Skin.SetString(BottomMenuOverlay, 50)</onclick>
		<onclick condition="Skin.String(BottomMenuOverlay, 50)">Skin.SetString(BottomMenuOverlay, 40)</onclick>
		<onclick condition="Skin.String(BottomMenuOverlay, 40)">Skin.SetString(BottomMenuOverlay, 30)</onclick>
		<onclick condition="Skin.String(BottomMenuOverlay, 30)">Skin.SetString(BottomMenuOverlay, 20)</onclick>
		<onclick condition="Skin.String(BottomMenuOverlay, 20)">Skin.SetString(BottomMenuOverlay, 100)</onclick>
		<onclick condition="Skin.String(BottomMenuOverlay, 20)">Skin.SetString(BottomMenuOverlay, )</onclick>
		<visible>Container(100).Hasfocus(24)</visible>
	  </item>
	  
	  <item id="234" description="שקיפות (תפריט אמצע)">
		<label>$LOCALIZE[78215] ($LOCALIZE[31034])</label>
		<label2>$INFO[Skin.String(CenterMenuOverlay)]</label2>
		<thumb>misc/help/CenterMenuOverlay.png</thumb>
		<property name="rinfo">$LOCALIZE[78024] $LOCALIZE[31034][CR]$LOCALIZE[74437].</property>
		<onclick condition="Skin.String(CenterMenuOverlay, )">Skin.SetString(CenterMenuOverlay, 100)</onclick>
		<onclick condition="Skin.String(CenterMenuOverlay, 100)">Skin.SetString(CenterMenuOverlay, 95)</onclick>
		<onclick condition="Skin.String(CenterMenuOverlay, 95)">Skin.SetString(CenterMenuOverlay, 90)</onclick>
		<onclick condition="Skin.String(CenterMenuOverlay, 90)">Skin.SetString(CenterMenuOverlay, 85)</onclick>
		<onclick condition="Skin.String(CenterMenuOverlay, 85)">Skin.SetString(CenterMenuOverlay, 80)</onclick>
		<onclick condition="Skin.String(CenterMenuOverlay, 80)">Skin.SetString(CenterMenuOverlay, 70)</onclick>
		<onclick condition="Skin.String(CenterMenuOverlay, 70)">Skin.SetString(CenterMenuOverlay, 60)</onclick>
		<onclick condition="Skin.String(CenterMenuOverlay, 60)">Skin.SetString(CenterMenuOverlay, 50)</onclick>
		<onclick condition="Skin.String(CenterMenuOverlay, 50)">Skin.SetString(CenterMenuOverlay, 40)</onclick>
		<onclick condition="Skin.String(CenterMenuOverlay, 40)">Skin.SetString(CenterMenuOverlay, 30)</onclick>
		<onclick condition="Skin.String(CenterMenuOverlay, 30)">Skin.SetString(CenterMenuOverlay, 20)</onclick>
		<onclick condition="Skin.String(CenterMenuOverlay, 20)">Skin.SetString(CenterMenuOverlay, )</onclick>
		<visible>Container(100).Hasfocus(24)</visible>
	  </item>
	  
	  <item id="240" description="שקיפות (סמל לא נבחר)">
		<visible></visible>
		<label>$LOCALIZE[78215] ($LOCALIZE[78015])</label>
		<label2>$INFO[Skin.String(IconOverlayButton)]</label2>
		<thumb></thumb>
		<property name="rinfo">$LOCALIZE[78024] $LOCALIZE[78216].</property>
		<onclick>RunScript(script.featherence.service,,?mode=200&amp;value=IconOverlayButton)</onclick>
		<visible>Container(100).Hasfocus(24)</visible>
	  </item>
	  
	  <item id="241" description="שקיפות קבועה (כפתורי בית לא נבחר)">
		<label>$LOCALIZE[31041] ($LOCALIZE[31039])</label>
		<label2>$VAR[241label2]</label2>
		<thumb></thumb>
		<property name="rinfo">$LOCALIZE[31040]</property>
		<onclick>Skin.ToggleSetting(FixedUnFocusButtonsTransperancy)</onclick>
		<visible>Container(100).Hasfocus(24)</visible>
	  </item>
	  <!--250-274 צבעים-->
	  <item id="250" description="בחירת צבע (רקע עליון)">
		<label>$LOCALIZE[78020] ($LOCALIZE[78017])</label>
		<label2>$INFO[Skin.String(TopBackgroundColor.name)]</label2>
		<thumb>misc/help/TopInformationColor.png</thumb>
		<property name="rinfo">$LOCALIZE[78024] $LOCALIZE[78214]</property>
		<onclick>SetProperty(TEMP,TopBackgroundColor,home)</onclick>
		<onclick>ActivateWindow(1170)</onclick>
		<visible>Container(100).Hasfocus(23)</visible>
	  </item>
	  
	  <item id="251" description="טקסטורה (רקע עליון)">
		<label>$LOCALIZE[78018] ($LOCALIZE[78017])</label>
		<label2>$VAR[237label2]</label2>
		<thumb></thumb>
		<property name="rinfo"></property>
		<onclick condition="!Skin.String(TopBackgroundTexture)">Skin.SetString(TopBackgroundTexture,1)</onclick>
		<onclick condition="Skin.String(TopBackgroundTexture,1)">Skin.SetString(TopBackgroundTexture,2)</onclick>
		<onclick condition="Skin.String(TopBackgroundTexture,2)">Skin.SetString(TopBackgroundTexture,3)</onclick>
		<onclick condition="Skin.String(TopBackgroundTexture,3)">Skin.SetString(TopBackgroundTexture,4)</onclick>
		<onclick condition="Skin.String(TopBackgroundTexture,4)">Skin.SetString(TopBackgroundTexture,5)</onclick>
		<onclick condition="Skin.String(TopBackgroundTexture,5)">Skin.SetString(TopBackgroundTexture,NONE)</onclick>
		<onclick condition="Skin.String(TopBackgroundTexture,NONE)">Skin.SetString(TopBackgroundTexture,)</onclick>
		<visible>Container(100).Hasfocus(23)</visible>
	  </item>
	  
	  <item id="252" description="צבע (רקע תחתון)">
		<label>$LOCALIZE[78020] ($LOCALIZE[78214])</label>
		<label2>$INFO[Skin.String(MainBackgroundColor.name)]</label2>
		<thumb>misc/help/MainBackgroundTexture.png</thumb>
		<property name="rinfo">$LOCALIZE[78025] $LOCALIZE[78214]</property>
		<onclick>SetProperty(TEMP,MainBackgroundColor,home)</onclick>
		<onclick>ActivateWindow(1170)</onclick>
		<visible>Container(100).Hasfocus(23)</visible>
	  </item>

	  <item id="253" description="טקסטורה (רקע תחתון)">
		<label>$LOCALIZE[78018] ($LOCALIZE[78214])</label>
		<label2>$VAR[252label2]</label2>
		<thumb>misc/help/MainBackgroundTexture.png</thumb>
		<property name="rinfo">$LOCALIZE[78025] $LOCALIZE[78214].</property>
		<onclick condition="!Skin.String(MainBackgroundTexture)">Skin.SetString(MainBackgroundTexture,1)</onclick>
		<onclick condition="Skin.String(MainBackgroundTexture,1)">Skin.SetString(MainBackgroundTexture,2)</onclick>
		<onclick condition="Skin.String(MainBackgroundTexture,2)">Skin.SetString(MainBackgroundTexture,3)</onclick>
		<onclick condition="Skin.String(MainBackgroundTexture,3)">Skin.SetString(MainBackgroundTexture,4)</onclick>
		<onclick condition="Skin.String(MainBackgroundTexture,4)">Skin.SetString(MainBackgroundTexture,5)</onclick>
		<onclick condition="Skin.String(MainBackgroundTexture,5)">Skin.SetString(MainBackgroundTexture,NONE)</onclick>
		<onclick condition="Skin.String(MainBackgroundTexture,NONE)">Skin.SetString(MainBackgroundTexture,)</onclick>
		<visible>Container(100).Hasfocus(23)</visible>
	  </item>
	  
	  <item id="254" description="בחירת צבע (פס עליון)">
		<label>$LOCALIZE[78020] ($LOCALIZE[78019])</label>
		<label2>$INFO[Skin.String(TopInformationColor.name)]</label2>
		<thumb>misc/help/TopInformationColor.png</thumb>
		<property name="rinfo">$LOCALIZE[78023] $LOCALIZE[78019].</property>
		<onclick>SetProperty(TEMP,TopInformationColor,home)</onclick>
		<onclick>ActivateWindow(1170)</onclick>
		<visible>Container(100).Hasfocus(23)</visible>
	  </item>
	  
	  <item id="255" description="בחירת צבע (פרטי וידאו)">
		<label>$LOCALIZE[78020] ($LOCALIZE[20159])</label>
		<label2>$INFO[Skin.String(TopVideoInformationColor.name)]</label2>
		<thumb>misc/help/TopVideoInformationColor.png</thumb>
		<property name="rinfo">$LOCALIZE[78023] $LOCALIZE[20159].</property>
		<onclick>SetProperty(TEMP,TopVideoInformationColor,home)</onclick>
		<onclick>ActivateWindow(1170)</onclick>
		<visible>Container(100).Hasfocus(23)</visible>
	  </item>
	  
	  <item id="256" description="בחירת צבע (מקלדת)">
		<label>$LOCALIZE[78020] ($LOCALIZE[310])</label>
		<label2>$INFO[Skin.String(KeyboardMainColor.name)]</label2>
		<thumb></thumb>
		<property name="rinfo">$LOCALIZE[74535]</property>
		<onclick>SetProperty(TEMP,KeyboardMainColor,home)</onclick>
		<onclick>ActivateWindow(1170)</onclick>
		<visible>Container(100).Hasfocus(23)</visible>
	  </item>
	  
	  <item id="257" description="בחירת צבע (מסגרת בחירה)">
		<label>$LOCALIZE[78020] ($LOCALIZE[31044])</label>
		<label2>$INFO[Skin.String(SelectedFrameColor.name)]</label2>
		<thumb></thumb>
		<property name="rinfo">$LOCALIZE[31045]</property>
		<onclick>SetProperty(TEMP,SelectedFrameColor,home)</onclick>
		<onclick>ActivateWindow(1170)</onclick>
		<visible>Container(100).Hasfocus(23)</visible>
	  </item>
	  
	  <item id="260" description="בחירת צבע (סמל/טקסט לא נבחר)">
		<label>$LOCALIZE[78020] ($LOCALIZE[78015])</label>
		<label2>$INFO[Skin.String(IconUnFocusColor.name)]</label2>
		<thumb></thumb>
		<property name="rinfo">$LOCALIZE[76208][CR]</property>
		<onclick>SetProperty(TEMP,IconUnFocusColor,home)</onclick>
		<onclick>ActivateWindow(1170)</onclick>
		<visible>Container(100).Hasfocus(23)</visible>
	  </item>
	  
	  <item id="261" description="בחירת צבע (סמל/טקסט נבחר)">
		<label>$LOCALIZE[78020] ($LOCALIZE[78016])</label>
		<label2>$INFO[Skin.String(IconFocusColor.name)]</label2>
		<thumb></thumb>
		<property name="rinfo">$LOCALIZE[76208][CR]</property>
		<onclick>SetProperty(TEMP,IconFocusColor,home)</onclick>
		<onclick>ActivateWindow(1170)</onclick>
		<visible>Container(100).Hasfocus(23)</visible>
	  </item>
	  
	  <item id="262" description="בחירת צבע (סמן תפריט משני)">
		<label>$LOCALIZE[78020] ($LOCALIZE[79593])</label>
		<label2>$INFO[Skin.String(SubMenuMarkColor.name)]</label2>
		<thumb></thumb>
		<property name="rinfo">$LOCALIZE[79599]</property>
		<onclick>SetProperty(TEMP,SubMenuMarkColor,home)</onclick>
		<onclick>ActivateWindow(1170)</onclick>
		<visible>Container(100).Hasfocus(23)</visible>
	  </item>
	  <!--290-300-->
	  <item id="290" description="מיקום (חלון הודעות)">
		<label>$LOCALIZE[74446] ($LOCALIZE[74447])</label>
		<label2>$VAR[290label2]</label2>
		<thumb></thumb>
		<property name="rinfo"></property>
		<onclick condition="!Skin.String(DialogKaiToastPos)">Skin.SetString(DialogKaiToastPos,1)</onclick>
		<onclick condition="Skin.String(DialogKaiToastPos,1)">Skin.SetString(DialogKaiToastPos,2)</onclick>
		<onclick condition="Skin.String(DialogKaiToastPos,2)">Skin.SetString(DialogKaiToastPos,3)</onclick>
		<onclick condition="Skin.String(DialogKaiToastPos,3)">Skin.SetString(DialogKaiToastPos,4)</onclick>
		<onclick condition="Skin.String(DialogKaiToastPos,4)">Skin.SetString(DialogKaiToastPos,5)</onclick>
		<onclick condition="Skin.String(DialogKaiToastPos,5)">Skin.SetString(DialogKaiToastPos,)</onclick>
		<onclick condition="!Window.IsVisible(DialogKaiToast.xml)">Notification(Test, ($INFO[Skin.String(DialogKaiToastPos)]),1000)</onclick>
		<visible>Container(100).Hasfocus(22) + false</visible>
	  </item>
	  
	  <item id="291" description="Reposition Dialog Yes/No, OK, Busy, Progress...">
		<label>Reposition Dialog Yes/No, OK, Busy, Progress...</label>
		<label2>$VAR[290label2]</label2>
		<thumb></thumb>
		<property name="rinfo"></property>
		<onclick condition="!Skin.String(MenuDesign_Bottom)">Skin.SetString(MenuDesign_Bottom,1)</onclick>
		<onclick condition="Skin.String(MenuDesign_Bottom,1)">Skin.SetString(MenuDesign_Bottom,)</onclick>
		<!--<onclick condition="Skin.String(MenuDesign_Bottom,2)">Skin.SetString(MenuDesign_Bottom,3)</onclick>
		<onclick condition="Skin.String(MenuDesign_Bottom,3)">Skin.SetString(MenuDesign_Bottom,4)</onclick>
		<onclick condition="Skin.String(MenuDesign_Bottom,4)">Skin.SetString(MenuDesign_Bottom,5)</onclick>
		<onclick condition="Skin.String(MenuDesign_Bottom,5)">Skin.SetString(MenuDesign_Bottom,)</onclick>-->
		<onclick condition="!Window.IsVisible(DialogKaiToast.xml)">RunScript(script.featherence.service,,?mode=32&amp;value=2)</onclick>
		<visible>Container(100).Hasfocus(22)</visible>
	  </item>
	  
	  <item id="392" description="איפוס הגדרות מעטפת">
		<label>$LOCALIZE[79517]</label>
		<label2></label2>
		<thumb>special://home/addons/script.featherence.service/resources/icons/so.png</thumb> <!--misc/help/ResetSetting20Button.png-->
		<property name="rinfo">$LOCALIZE[79499]</property>
		<onclick>RunScript(script.featherence.service,,?mode=40&amp;value=1)</onclick>
		<visible>Container(100).Hasfocus(25)</visible>
	  </item>
	  
	  <item id="390" description="איפוס הגדרות">
		<label>$LOCALIZE[10035] $LOCALIZE[10507]</label>
		<label2></label2>
		<thumb>special://home/addons/script.featherence.service/resources/icons/magicwand.png</thumb> <!--misc/help/ResetSetting20Button.png-->
		<property name="rinfo">$LOCALIZE[78026]</property>
		<onclick>RunScript(script.featherence.service,,?mode=201)</onclick>
		<visible>Container(100).Hasfocus(25)</visible>
	  </item>
	  
	  <item id="391" description="איפוס שמות כפתורים ברירת מחדל">
		<label>$LOCALIZE[31005]</label>
		<label2></label2>
		<thumb>special://home/addons/script.featherence.service/resources/icons/magicwand.png</thumb>
		<property name="rinfo">$LOCALIZE[31006]</property>
		<onclick>RunScript(script.featherence.service,,?mode=215&amp;value=RESET)</onclick>
		<visible>Container(100).Hasfocus(25)</visible>
	  </item>
	  
	  <item id="392" description="שמירה וטעינת הגדרות עיצוב">
		<label>$LOCALIZE[31003]</label>
		<label2></label2>
		<thumb>special://home/addons/script.featherence.service/resources/icons/flpp.png</thumb>
		<property name="rinfo">$LOCALIZE[31004]</property>
		<onclick>RunScript(script.featherence.service,,?mode=203)</onclick>
		<visible>Container(100).Hasfocus(25)</visible>
	  </item>
	  
	  <item id="395" description="נתיב ברירת מחדל (סמלים)">
		<label>$VAR[395label] ($LOCALIZE[536])</label>
		<label2>$INFO[Skin.String(CustomIconsPath)]</label2>
		<thumb>special://home/addons/script.featherence.service/resources/icons/foo.png</thumb>
		<property name="rinfo">$LOCALIZE[31036]</property>
		<onclick condition="!Skin.String(CustomIconsPath)">Skin.SetPath(CustomIconsPath)</onclick>
		<onclick condition="Skin.String(CustomIconsPath)">Skin.SetString(CustomIconsPath,)</onclick>
		<visible>Container(100).Hasfocus(25)</visible>
	  </item>
	  <item id="396" description="נתיב ברירת מחדל (רקעים)">
		<label>$VAR[395label] ($LOCALIZE[19190])</label>
		<label2>$INFO[Skin.String(CustomBackgroundsPath)]</label2>
		<thumb>special://home/addons/script.featherence.service/resources/icons/foo.png</thumb>
		<property name="rinfo">$LOCALIZE[31036]</property>
		<onclick condition="!Skin.String(CustomBackgroundsPath)">Skin.SetPath(CustomBackgroundsPath)</onclick>
		<onclick condition="Skin.String(CustomBackgroundsPath)">Skin.SetString(CustomBackgroundsPath,)</onclick>
		<visible>Container(100).Hasfocus(25)</visible>
	  </item>
	  
  </include> 

  <include name="Content_Settings_50" description="Settings.xml">
	   <item id="0" description="מראה">
		<label>480</label>
		<label2></label2>
		<thumb>special://home/addons/script.featherence.service/resources/icons/image.png</thumb>
		<property name="rinfo"></property>
		<onclick>activatewindow(AppearanceSettings)</onclick>
		<thumb>special://home/addons/script.featherence.service/resources/icons/image.png</thumb>
		<!--<visible>Skin.HasSetting(Admin) | Skin.HasSetting(Admin2)</visible>-->
		<visible>Container(100).Hasfocus(1)</visible>
	  </item>
	  <item id="3" description="Videos">
		<label>3</label>
		<label2></label2>
		<thumb>special://home/addons/script.featherence.service/resources/icons/videos.png</thumb>
		<property name="rinfo"></property>
		<onclick>activatewindow(VideosSettings)</onclick>
		<thumb>special://home/addons/script.featherence.service/resources/icons/videos.png</thumb>
		<visible>Container(100).Hasfocus(1)</visible>
	  </item>
	  <item id="4" description="Music">
		<label>2</label>
		<label2></label2>
		<thumb>special://home/addons/script.featherence.service/resources/icons/music.png</thumb>
		<property name="rinfo"></property>
		<onclick>activatewindow(MusicSettings)</onclick>
		<thumb>special://home/addons/script.featherence.service/resources/icons/music.png</thumb>
		<!--<visible>Skin.HasSetting(Admin) | Skin.HasSetting(Admin2)</visible>-->
		<visible>Container(100).Hasfocus(1)</visible>
	  </item>
	   <item id="14" description="LiveTV">
		<label>$LOCALIZE[79028]</label>
		<label2>$VAR[14label2]</label2>
		<thumb>special://home/addons/script.featherence.service/resources/icons/LiveTV.png</thumb>
		<property name="rinfo"></property>
		<onclick>activatewindow(PVRSettings)</onclick>
		<thumb>special://home/addons/script.featherence.service/resources/icons/LiveTV.png</thumb>
		<!--<visible>Skin.HasSetting(Admin) | Skin.HasSetting(Admin2)</visible>-->
		<visible>Container(100).Hasfocus(1)</visible>
	  </item>
	  <item id="5" description="Pictures">
		<label>1</label>
		<label2></label2>
		<thumb>special://home/addons/script.featherence.service/resources/icons/pictures.png</thumb>
		<property name="rinfo"></property>
		<onclick>activatewindow(PicturesSettings)</onclick>
		<thumb>special://home/addons/script.featherence.service/resources/icons/pictures.png</thumb>
		<visible>Container(100).Hasfocus(1)</visible>
	  </item>
	  <item id="6" description="Addons">
		<label>24001</label>
		<label2></label2>
		<thumb></thumb>
		<property name="rinfo"></property>
		<onclick>ActivateWindow(AddonBrowser,root)</onclick>
		<thumb>special://home/addons/script.featherence.service/resources/icons/addons.png</thumb>
		<visible>Skin.HasSetting(Admin) + !Skin.HasSetting(Admin)</visible>
		<visible>Container(100).Hasfocus(1)</visible>
	  </item>
	  <item id="8" description="Weather">
		<label>8</label>
		<label2>$VAR[8label2]</label2>
		<thumb fallback="special://home/addons/script.featherence.service/resources/icons/weather.png">$INFO[Weather.Conditions]</thumb>
		<property name="rinfo">Location: $INFO[Weather.Location][CR]Temperature: $INFO[Weather.Temperature][CR][CR]Addon: $INFO[Weather.plugin]</property>
		<onclick>activatewindow(WeatherSettings)</onclick>
		<!--<visible>Skin.HasSetting(Admin) | Skin.HasSetting(Admin2)</visible>-->
		<visible>Container(100).Hasfocus(1)</visible>
	  </item>
	  <item id="9" description="Services">
		<label>14036</label>
		<label2>$INFO[System.FriendlyName]</label2>
		<thumb>special://home/addons/script.featherence.service/resources/icons/gears.png</thumb>
		<property name="rinfo"></property>
		<onclick>Activatewindow(servicesettings)</onclick>
		<!--<visible>Skin.HasSetting(Admin) | Skin.HasSetting(Admin2)</visible>-->
		<visible>Container(100).Hasfocus(1)</visible>
	  </item>
	  <item id="10" description="System">
		<label>13000</label>
		<label2>$INFO[System.ScreenResolution]</label2>
		<thumb>special://home/addons/script.featherence.service/resources/icons/settings.png</thumb>
		<property name="rinfo"></property>
		<onclick>activatewindow(SystemSettings)</onclick>
		<!--<visible>Skin.HasSetting(Admin) | Skin.HasSetting(Admin2)</visible>-->
		<visible>Container(100).Hasfocus(1)</visible>
	  </item>
	  <item id="11" description="Profiles">
		<label>13200</label>
		<label2></label2>
		<thumb>special://home/addons/script.featherence.service/resources/icons/Key.png</thumb>
		<property name="rinfo"></property>
		<onclick>ActivateWindow(Profiles)</onclick>
		<!--<visible>Skin.HasSetting(Admin) | Skin.HasSetting(Admin2)</visible>-->
		<visible>Container(100).Hasfocus(1)</visible>
	  </item>
	  <item id="12" description="File manager">
		<label>10003</label>
		<label2></label2>
		<thumb>special://home/addons/script.featherence.service/resources/icons/filesmanager.png</thumb>
		<property name="rinfo"></property>
		<onclick>ActivateWindow(filemanager)</onclick>
		<visible>Skin.HasSetting(Admin)</visible>
		<visible>Container(100).Hasfocus(1)</visible>
	  </item>
	  <item id="13" description="Sys Info">
		<label>$LOCALIZE[138]</label>
		<label2>$INFO[System.FreeMemory]</label2>
		<thumb>special://home/addons/script.featherence.service/resources/icons/information.png</thumb>
		<property name="rinfo"></property>
		<onclick>activatewindow(systeminfo)</onclick>
		<visible>Container(100).Hasfocus(1)</visible>
	  </item>
	  <item id="19" description="עיצוב מעטפת">
		<label>$LOCALIZE[76196]</label>
		<label2>$INFO[Skin.String(ID1)]</label2>
		<thumb>special://home/addons/script.featherence.service/resources/icons/star.png</thumb>
		<property name="rinfo">$LOCALIZE[74842] $LOCALIZE[74841] [B]CTRL+SHIFT+L[/B]</property>
		<onclick>ActivateWindow(1117)</onclick>
		<visible>Container(100).Hasfocus(2)</visible>
	  </item>
	  <item id="20" description="הגדרות מעטפת">
		<label>$LOCALIZE[20077]</label>
		<label2></label2>
		<thumb>special://home/addons/script.featherence.service/resources/icons/image.png</thumb>
		<property name="rinfo"></property>
		<onclick>activatewindow(SkinSettings)</onclick>
		<visible>Container(100).Hasfocus(2)</visible>
	  </item>
	  <item id="21" description="רשת">
		<label>$LOCALIZE[13279]</label>
		<label2>$INFO[System.InternetState]</label2>
		<thumb>special://home/addons/script.featherence.service/resources/icons/net.png</thumb>
		<property name="rinfo">$LOCALIZE[78027] $LOCALIZE[221].[CR][CR]Your IP: $INFO[Network.IPAddress]</property>
		<onclick>RunScript(script.featherence.service,,?mode=41)</onclick>
		<visible>Container(100).Hasfocus(2)</visible>
		<visible></visible>
	  </item>
	  <item id="22" description="הגדרת שלט טלוויזיה">
		<label>$LOCALIZE[79221]</label>
		<label2>$INFO[Window(home).Property(Remote_Name)]</label2>
		<thumb>special://home/addons/script.featherence.service/resources/icons/remoteb.png</thumb>
		<property name="rinfo">$LOCALIZE[78897][CR]$LOCALIZE[78898]</property>
		<onclick condition="System.HasAddon(script.featherence.remote)">RunScript(script.featherence.remote)</onclick>
		<onclick condition="!System.HasAddon(script.featherence.remote)">ActivateWindow(10025,plugin://script.featherence.remote)</onclick>
		<onclick condition="!System.HasAddon(script.featherence.remote)">AlarmClock(back,Action(Previous),00:01,silent)</onclick>
		<visible>Container(100).Hasfocus(2)</visible>
		<visible>System.Platform.Linux + !System.Platform.Android + !System.Platform.Linux.RaspberryPi + System.HasAddon(service.openelec.settings)</visible>
	  </item>
	  <item id="24" description="מזג אוויר">
		<label>8</label>
		<label2>$VAR[8label2]</label2>
		<thumb fallback="special://home/addons/script.featherence.service/resources/icons/weather.png">$INFO[Weather.Conditions]</thumb>
		<property name="rinfo">Location: $INFO[Weather.Location][CR]Temperature: $INFO[Weather.Temperature][CR][CR]Addon: $INFO[Weather.plugin]</property>
		<onclick>ActivateWindow(MyWeather)</onclick>
		<visible>Container(100).Hasfocus(2)</visible>
	  </item>
	  <item id="25" description="אינטרנט">
		<label>443</label>
		<label2></label2>
		<thumb>special://home/addons/script.featherence.service/resources/icons/internet.png</thumb>
		<property name="rinfo"></property>
		<onclick>RunScript(script.featherence.service,,?mode=512&value=0)</onclick>
		<visible>Container(100).Hasfocus(2)</visible>
	  </item>
	  <item id="26" description="">
		<label>Featherence YouTube Channel</label>
		<label2></label2>
		<thumb>special://home/addons/script.featherence.service/resources/icons/youtube.png</thumb>
		<property name="rinfo"></property>
		<onclick>RunScript(script.featherence.service,,?mode=30)</onclick>
		<visible>Container(100).Hasfocus(2)</visible>
	  </item>
	  <item id="39" description="">
		<label>Featherence Service</label>
		<label2>$INFO[System.AddonVersion(script.featherence.service)]</label2>
		<thumb></thumb>
		<property name="rinfo"></property>
		<onclick>Addon.OpenSettings(script.featherence.service)</onclick>
		<visible>Container(100).Hasfocus(2)</visible>
	  </item>
	  <item id="31" description="הרחבות וידאו">
		<label>1037</label>
		<label2></label2>
		<thumb>special://home/addons/script.featherence.service/resources/icons/videos.png</thumb>
		<property name="rinfo"></property>
		<onclick>ActivateWindow(Videos,Addons)</onclick>
		<visible>Container(100).Hasfocus(3)</visible>
	  </item>
	  <item id="32" description="הרחבות מוזיקה">
		<label>1038</label>
		<label2></label2>
		<thumb>special://home/addons/script.featherence.service/resources/icons/music.png</thumb>
		<property name="rinfo"></property>
		<onclick>ActivateWindow(Music,Addons)</onclick>
		<visible>Container(100).Hasfocus(3)</visible>
	  </item>
	  <item id="33" description="תוכנות">
		<label>350</label>
		<label2></label2>
		<thumb>special://home/addons/script.featherence.service/resources/icons/puzzle.png</thumb>
		<property name="rinfo"></property>
		<onclick>ActivateWindow(10001,&quot;addons://sources/executable/&quot;,return)</onclick>
		<visible>Container(100).Hasfocus(3)</visible>
	  </item>
	  <item id="34" description="מנהל הרחבות">
		<label>$LOCALIZE[79040]</label>
		<label2></label2>
		<thumb>special://home/addons/script.featherence.service/resources/icons/megaphone.png</thumb>
		<property name="rinfo"></property>
		<onclick>ActivateWindow(AddonBrowser,root)</onclick>
		<visible>Container(100).Hasfocus(3)</visible>
	  </item>
	  <item id="35" description="חשבונות משתמש">
		<label>$LOCALIZE[76487]</label>
		<label2></label2>
		<thumb></thumb>
		<property name="rinfo"></property>
		<onclick>ActivateWindow(1172)</onclick>
		<thumb>special://home/addons/script.featherence.service/resources/icons/featherence.png</thumb>
		<visible>Container(100).Hasfocus(3)</visible>
		<visible>Skin.HasSetting(Admin) + Skin.HasSetting(Admin3)</visible>
	  </item>
	  <item id="41" description="ספריה">
		<label>$LOCALIZE[14022]</label>
		<label2></label2>
		<thumb>special://home/addons/script.featherence.service/resources/icons/bank.png</thumb>
		<property name="rinfo"></property>
		<onclick>ActivateWindow(video,"special://userdata/library/",return)</onclick>
		<visible>Container(100).Hasfocus(4)</visible>
	  </item>
	  <item id="42" description="תמונות">
		<label>1038</label>
		<label2></label2>
		<thumb>special://home/addons/script.featherence.service/resources/icons/pictures.png</thumb>
		<property name="rinfo"></property>
		<onclick>ActivateWindow(pictures)</onclick>
		<visible>Container(100).Hasfocus(4)</visible>
	  </item>
	  <item id="43" description="וידאו">
		<label>3</label>
		<label2></label2>
		<thumb>special://home/addons/script.featherence.service/resources/icons/videos.png</thumb>
		<property name="rinfo"></property>
		<onclick>ActivateWindow(Videos,files)</onclick>
		<visible>Container(100).Hasfocus(4)</visible>
	  </item>
	  <item id="44" description="מוזיקה">
		<label>2</label>
		<label2></label2>
		<thumb>special://home/addons/script.featherence.service/resources/icons/music.png</thumb>
		<property name="rinfo"></property>
		<onclick>ActivateWindow(MusicFiles,root)</onclick>
		<visible>Container(100).Hasfocus(4)</visible>
	  </item>
	  <item id="45" description="מנהל קבצים">
		<label>7</label>
		<label2></label2>
		<thumb>special://home/addons/script.featherence.service/resources/icons/filesmanager.png</thumb>
		<property name="rinfo"></property>
		<onclick>ActivateWindow(3)</onclick>
		<visible>Container(100).Hasfocus(4)</visible>
	  </item>
  </include>
  <include name="Content_SkinSettings_50">
	  <!--1-29=1-->
	  <item id="2" description="שם משתמש">
		<label>$LOCALIZE[1014]</label>
		<label2>$INFO[Skin.String(User_Name)]</label2>
		<thumb></thumb>
		<property name="rinfo"></property>
		<onclick>RunScript(script.featherence.service,,?mode=14)</onclick>
		<visible>Container(100).Hasfocus(1)</visible>
	  </item>
	  <item id="3" description="הצג טיפים במצב המתנה">
		<label>$LOCALIZE[31038]</label>
		<label2>$VAR[3label2]</label2>
		<thumb></thumb>
		<property name="rinfo">Show randomize tips on Dialog Busy window.</property>
		<onclick>Skin.ToggleSetting(tips)</onclick>
		<visible>Container(100).Hasfocus(1)</visible>
	  </item>
	  <item id="12" description="מילות שיר ברירת מחדל">
		<label>$LOCALIZE[24013] $LOCALIZE[409]</label>
		<label2>$INFO[Skin.String(LyricPath)]</label2>
		<thumb></thumb>
		<property name="rinfo">$LOCALIZE[31000]</property>
		<onclick>Skin.SetAddon(LyricPath,xbmc.python.lyrics)</onclick>
		<visible>Container(100).Hasfocus(1)</visible>
	  </item>
	  <item id="13" description="שיטת דירוג">
		<label>31001</label>
		<label2>$VAR[13label2]</label2>
		<thumb>$VAR[13linfo]</thumb>
		<property name="rinfo">31002</property>
		<onclick>Skin.ToggleSetting(Rating)</onclick>
		<visible>Container(100).Hasfocus(1)</visible>
	  </item>
	  <item id="14" description="כיוון טקסט עלילת סרט/סדרה">
		<label>$LOCALIZE[78968]</label>
		<label2>$VAR[14alabel2]</label2>
		<thumb>special://home/addons/script.featherence.service/resources/icons/align.png</thumb>
		<property name="rinfo">$LOCALIZE[78967]</property>
		<onclick description="AUTO" condition="!Skin.String(PlotAlign)">Skin.SetString(PlotAlign,1)</onclick>
		<onclick description="RTL" condition="Skin.String(PlotAlign,1)">Skin.SetString(PlotAlign,2)</onclick>
		<onclick description="LTR" condition="Skin.String(PlotAlign,2)">Skin.SetString(PlotAlign,3)</onclick>
		<onclick description="JUSTIFY" condition="Skin.String(PlotAlign,3)">Skin.SetString(PlotAlign,4)</onclick>
		<onclick description="CENTER" condition="Skin.String(PlotAlign,4)">Skin.SetString(PlotAlign,)</onclick>
		<visible>Container(100).Hasfocus(1)</visible>
	  </item>
	  <item id="15" description="סגנונות עם תמונות">
		<label>$LOCALIZE[135] $LOCALIZE[1411] $LOCALIZE[1]</label>
		<label2>$VAR[15label2]</label2>
		<thumb>misc/help/genre.png</thumb>
		<property name="rinfo">$LOCALIZE[78278]$LOCALIZE[79101]</property>
		<onclick>Skin.ToggleSetting(Genre)</onclick>
		<visible>Container(100).Hasfocus(1)</visible>
	  </item>
	  <item id="18" description="מוזיקה בהפעלה">
		<label>$LOCALIZE[2] $LOCALIZE[19107] $LOCALIZE[78935]</label>
		<label2>$VAR[18label2]</label2>
		<thumb>icons/music.png</thumb>
		<property name="rinfo">$LOCALIZE[74440]</property>
		<onclick>Skin.ToggleSetting(StartUpMusic)</onclick>
		<visible>Container(100).Hasfocus(1)</visible>
	  </item>
	  <item id="19" description="+מוזיקה בהפעלה">
		<label>$LOCALIZE[2] $LOCALIZE[19107] $LOCALIZE[78935]+</label>
		<label2>$VAR[19label2]</label2>
		<thumb>icons/music.png</thumb>
		<property name="rinfo">$LOCALIZE[74439]</property>
		<onclick condition="Skin.String(StartUpMusic)">Skin.SetString(StartUpMusic,)</onclick>
		<onclick condition="!Skin.String(StartUpMusic)">Skin.SetFile(StartUpMusic,,special://userdata/library/music/)</onclick>
		<visible>Container(100).Hasfocus(1) + !Skin.HasSeting(StartUpMusic)</visible>
	  </item>
	  <item id="20" description="וידאו בהפעלה">
		<label>$LOCALIZE[10025] $LOCALIZE[19107] $LOCALIZE[78935]</label>
		<label2>$VAR[20label2]</label2>
		<thumb>special://home/addons/script.featherence.service/resources/icons/videos.png</thumb>
		<property name="rinfo">$ADDON[script.featherence.service 82]</property>
		<onclick condition="Skin.String(StartUpVideo)">Skin.SetString(StartUpVideo,)</onclick>
		<onclick condition="!Skin.String(StartUpVideo)">Skin.SetFile(StartUpVideo,,special://userdata/library/videos/)</onclick>
		<onclick>Skin.SetString(StartUpVideo)</onclick>
		<visible>Container(100).Hasfocus(1)</visible>
	  </item>
	  <item id="21" description="וידאו בהפעלה - מסך מלא">
		<label>$LOCALIZE[10025] $LOCALIZE[19107] $LOCALIZE[78935] - $LOCALIZE[244]</label>
		<label2>$VAR[21label2]</label2>
		<thumb>special://home/addons/script.featherence.service/resources/icons/fullscreen.png</thumb>
		<property name="rinfo">$ADDON[script.featherence.service 83]</property>
		<onclick>Skin.ToggleSetting(StartUpVideoFullScreen)</onclick>
		<visible>Container(100).Hasfocus(1) + Skin.String(StartUpVideo)</visible>
	  </item>
	  <item id="22" description="הפעל תצוגת זמן">
		<label>$LOCALIZE[78938]</label>
		<label2>$VAR[22label2]</label2>
		<thumb>special://home/addons/script.featherence.service/resources/icons/clock.png</thumb>
		<property name="rinfo">$LOCALIZE[78938]</property>
		<onclick>Skin.ToggleSetting(ShowClock)</onclick>
		<visible>Container(100).Hasfocus(1)</visible>
	  </item>
	  <item id="23" description="שנה תצוגת שעון">
		<label>$LOCALIZE[78934]</label>
		<label2>$VAR[23label2]</label2>
		<thumb>special://home/addons/script.featherence.service/resources/icons/clock.png</thumb>
		<property name="rinfo">$LOCALIZE[78933]</property>
		<onclick description="ברירת מחדל" condition="!Skin.String(ShowClock)">Skin.SetString(ShowClock,0)</onclick>
		<onclick description="תאריך ושעה" condition="Skin.String(ShowClock,0)">Skin.SetString(ShowClock,1)</onclick>
		<onclick description="שעה" condition="Skin.String(ShowClock,1)">Skin.SetString(ShowClock,2)</onclick>
		<onclick description="תאריך" condition="Skin.String(ShowClock,2)">Skin.SetString(ShowClock,)</onclick>
		<visible>Container(100).Hasfocus(1) + !Skin.HasSetting(ShowClock)</visible>
	  </item>
	  <item id="36" description="מוזיקה בצפייה במצגת ושומר מסך">
		<label>$LOCALIZE[10005] $LOCALIZE[19107] $LOCALIZE[13317] $LOCALIZE[1397] $LOCALIZE[360]</label>
		<label2>$VAR[36label2]</label2>
		<thumb>special://home/addons/script.featherence.service/resources/icons/music.png</thumb>
		<property name="rinfo"></property>
		<onclick>RunScript(script.featherence.service,,?mode=22)</onclick>
		<visible>Container(100).Hasfocus(1)</visible>
		<visible></visible>
	  </item>
	  <item id="52" description="נגן קדימונים במסך מלא">
		<label>$LOCALIZE[208] $LOCALIZE[72100] $LOCALIZE[1405]-$LOCALIZE[244]</label>
		<label2>$VAR[52label2]</label2>
		<thumb>special://home/addons/script.featherence.service/resources/icons/trailers.png</thumb>
		<property name="rinfo">$LOCALIZE[74442]</property>
		<onclick>Skin.ToggleSetting(trailer2)</onclick>
		<visible>Container(100).Hasfocus(1)</visible>
	  </item>
	  <item id="80" description="איפוס הגדרות מעטפת">
		<label>$LOCALIZE[79517]</label>
		<label2></label2>
		<thumb>special://home/addons/script.featherence.service/resources/icons/so.png</thumb>
		<property name="rinfo">$LOCALIZE[79499]</property>
		<onclick>RunScript(script.featherence.service,,?mode=40&amp;value=1)</onclick>
		<visible>Container(100).Hasfocus(4)</visible>
	  </item>
	  <item id="81" description="הצג פרטי ניפוי שגיאות">
		<label>$LOCALIZE[654]</label>
		<label2></label2>
		<thumb>special://home/addons/script.featherence.service/resources/icons/fix.png</thumb>
		<property name="rinfo">$LOCALIZE[36392]</property>
		<onclick>ToggleDebug</onclick>
		<visible>Container(100).Hasfocus(4)</visible>
		<visible></visible>
	  </item>
  </include>
</includes>
