<?xml version="1.0" encoding="UTF-8"?>
<window>
  <defaultcontrol always="true">2</defaultcontrol>
  <allowoverlay>no</allowoverlay>
  <onload condition="!Skin.String(StartUpVideo)">AlarmClock(startup,ReplaceWindow(0),00:01,silent)</onload>
  <onload condition="Skin.String(StartUpVideo)">ReplaceWindow(0)</onload>
  <onunload condition="Skin.String(StartUpVideo) + !Skin.HasSetting(StartUpVideoFullScreen)">PlayMedia($INFO[Skin.String(StartUpVideo)])</onunload>
  <onunload condition="Skin.String(StartUpVideo) + Skin.HasSetting(StartUpVideoFullScreen)">PlayMedia($INFO[Skin.String(StartUpVideo)],1)</onunload>
  <onunload condition="!Skin.HasSetting(StartUpMusic) + !Skin.String(StartUpMusic) + !Skin.String(StartUpVideo)">PlayMedia(special://skin/sounds/featherence.mp3)</onunload>
  <onunload condition="!Skin.HasSetting(StartUpMusic) + Skin.String(StartUpMusic) + !Skin.String(StartUpVideo)">PlayMedia($INFO[Skin.String(StartUpMusic)])</onunload>
  <onunload condition="!Skin.HasSetting(StartUpMusic) + !Skin.String(StartUpMusic) + Skin.String(StartUpVideo)">AlarmClock(StartUpMusic,PlayMedia(special://skin/sounds/featherence.mp3),00:20,silent)</onunload>
  <onunload condition="!Skin.HasSetting(StartUpMusic) + Skin.String(StartUpMusic) + Skin.String(StartUpVideo)">AlarmClock(StartUpMusic,PlayMedia($INFO[Skin.String(StartUpMusic)]),00:20,silent)</onunload>
  <include>Fade6</include>
  <controls>
	<control type="label">
	  <include>LabelC11</include>
	  <!--<posx>960</posx>
	  <posy>540</posy>-->
	  <height>1080</height>
	  <width>1920</width>
	  <label>$LOCALIZE[20186]</label>
	  <visible>!Skin.String(User_Name)</visible>
	</control>
	
	<control type="label">
	  <include>LabelC11</include>
	  <!--<posx>960</posx>
	  <posy>540</posy>-->
	  <height>1080</height>
	  <width>1920</width>
	  <label>$ADDON[script.featherence.service 81] $INFO[Skin.String(User_Name)]</label>
	  <visible>Skin.String(User_Name)</visible>
	</control>
  </controls>
</window>
