<?xml version="1.0" encoding="UTF-8"?>
<includes>
  <include name="MenuDesign_Bottom" description="חלון תחתון">
    <control type="group">  			
      <posx>640</posx>
      <posy>700</posy>
	  <animation condition="Skin.String(MenuDesign_Bottom,1)" effect="slide" start="0,0" end="0,-350">Conditional</animation>
      <control type="image" description="מסגרת">
		<include>Fade_BottomMenuOverlay</include>
		<include>Border_Common</include>
		<animation condition="true" effect="fade" start="100" end="90" time="0">Conditional</animation>
		<height>410</height>
        <width>640</width>
        <texture border="40" colordiffuse="$VAR[MenuColor]">buttons/ButtonE0.png</texture>
      </control>
	  <control type="image" description="מסגרת">
		<visible>Control.IsVisible(1500)</visible>
		<include>Border_Common</include>
		<animation condition="true" effect="fade" start="100" end="90" time="0">Conditional</animation>
		<height>250</height>
		<posx>20</posx>
		<posy>80</posy>
        <width>600</width>
        <texture border="40" colordiffuse="$VAR[MenuColor]">buttons/ButtonE0.png</texture>
      </control>
	  <control type="grouplist">
	    <height>370</height>
		<itemgap>20</itemgap>
		<orientation>vertical</orientation>
        <posx>20</posx>
        <posy>20</posy>		
		<width>600</width>
		  <include condition="Window.IsVisible(DialogYesNo.xml)">BottomMenuDialogYesNo</include>
		  <include condition="Window.IsVisible(DialogOK.xml)">BottomMenuDialogOk</include>
		  <include condition="Window.IsVisible(DialogBusy.xml)">BottomMenuDialogBusy</include>
		  
		  
		  <include condition="Window.IsVisible(DialogProgress.xml)">BottomMenuDialogProgress</include>
	  </control>
	</control>
  </include>       
  
  <include name="BottomMenuDialogBusy">
	  <control type="label" id="9" description="כותרת">
	    <visible>!Window.IsVisible(DialogProgress.xml) + !Window.IsVisible(DialogYesNo.xml) + !Window.IsVisible(DialogOK.xml)</visible>
		<textcolor>yellow</textcolor>
	    <aligny>top</aligny>
	    <include>LabelC1</include>
	    <height>60</height>
	    <width>600</width>
		<label>$LOCALIZE[20186]</label> <!--[CR][COLOR red]$INFO[Skin.String(DialogSelectSources)]-->
		<wrapmultiline>true</wrapmultiline>
	  </control>
	  <control type="textbox" id="1500" description="טיפים">
	    <animation condition="true" effect="slide" start="0,0" end="10,0">Conditional</animation>
	    <visible>!Window.IsVisible(DialogProgress.xml) + !Window.IsVisible(DialogYesNo.xml) + !Window.IsVisible(DialogOK.xml)</visible>
		<visible>!IsEmpty(Window(home).Property(tips) + System.IdleTime(2) + !Skin.HasSetting(tips)</visible>
		<textcolor>grey2</textcolor>
	    <include>LabelC2</include>
	    <height>200</height>
		<posx>0</posx>
	    <width>580</width>
		<label>$VAR[tips]</label>
	  </control>

	  <control type="progress" id="10" description="Progressbar">
	    <visible>!Window.IsVisible(DialogProgress.xml) + !Window.IsVisible(DialogYesNo.xml) + !Window.IsVisible(DialogOK.xml)</visible>
		<height>20</height>
		<texturebg border="5,0,5,0">progress/ProgressBG.png</texturebg>
		<midtexture border="0,1,0,1">progress/ProgressM.png</midtexture>
		<righttexture border="1,1,5,1">progress/ProgressR.png</righttexture>
		<lefttexture border="5,1,1,1">progress/ProgressL.png</lefttexture>
	  </control>
  </include>

  <include name="BottomMenuDialogYesNo">
      <control type="label" id="1" description="כותרת">
		<textcolor>yellow</textcolor>
		<aligny>top</aligny>
		<include>LabelC1</include>
		<wrapmultiline>true</wrapmultiline>
		<height>60</height>
		<width>600</width>
	  </control>
	  <control type="textbox" id="9" description="תוכן">
		<include>LabelC2</include>
		<height>90</height>
		<posx>10</posx>
	    <width>580</width>
	  </control>
	  <control type="button" id="10" description="No">
		<width>600</width>
		<texturenofocus border="40" colordiffuse="$VAR[MenuColor]">buttons/ButtonE0.png</texturenofocus>
		<onleft>noop</onleft>
		<onright>noop</onright>
		<onup>noop</onup>
		<ondown>11</ondown>
		<!--<onfocus condition="SubString(Control.GetLabel(1),)">Action(close)</onfocus>-->
	  </control>
	  <control type="button" id="11" description="Yes">
		<width>600</width>
		<texturenofocus border="40" colordiffuse="$VAR[MenuColor]">buttons/ButtonE0.png</texturenofocus>
		<onleft>noop</onleft>
		<onright>noop</onright>
		<onup>10</onup>
		<ondown>noop</ondown>			
	  </control>
  </include>
  
  <include name="BottomMenuDialogOk" description="חלון שגיאה">
	  <visible>!Window.IsVisible(DialogYesNo.xml)</visible>
	  <control type="label" id="1" description="כותרת">
		<textcolor>yellow</textcolor>
		<aligny>top</aligny>
		<include>LabelC1</include>
		<wrapmultiline>true</wrapmultiline>
		<height>60</height>
		<width>600</width>
	  </control>
	  <control type="textbox" id="9" description="Hidden">
		<visible>false</visible>
	  </control>
	  <control type="textbox" description="תוכן">
		<include>LabelC2</include>
		<height>160</height>
		<posx>10</posx>
	    <width>580</width>
		<label>$INFO[Control.GetLabel(9)]</label>
	  </control>
	  <control type="button" id="10" description="אישור">
		<label>222</label>
		<onfocus description="לא מופעלת הרחבת טלוויזיה חיה" condition="Window.IsVisible(Startup.xml) + SubString(Control.GetLabel(1),$LOCALIZE[19240])">Dialog.Close(okdialog)</onfocus>
		<texturenofocus border="20" colordiffuse="$VAR[MenuColor]">buttons/ButtonE0.png</texturenofocus>
		<width>600</width>
	  </control>
  </include>       
    
  <include name="BottomMenuDialogProgress">
    <control type="label" id="1" description="כותרת">
	  <textcolor>yellow</textcolor>
	  <aligny>top</aligny>
	  <include>LabelC1</include>
	  <height>60</height>
	  <width>600</width>
	  <wrapmultiline>true</wrapmultiline>
	</control>
    <control type="textbox" id="9" description="כותרת משנית - פותח זרימה">
	  <posy>-10</posy>
	  <include>LabelC2</include>
	  <height>110</height>
	  <width>600</width>
	</control>
	<control type="button" id="10" description="Cancel">
	  <width>600</width>
	  <texturenofocus border="20" colordiffuse="$VAR[MenuColor]">buttons/ButtonE0.png</texturenofocus>
	  <label>222</label>
	</control>
	<control type="label" description="כותרת">
	  <textcolor>grey</textcolor>
	  <include>LabelC1</include>
	  <height>15</height>
	  <label>$INFO[System.Progressbar]</label>
	  <width>600</width>
	</control>
	<control type="progress" description="Progressbar">
	  <posy>-10</posy>
	  <height>20</height>
	  <texturebg border="5,0,5,0">progress/ProgressBG.png</texturebg>
	  <midtexture border="0,1,0,1">progress/ProgressM.png</midtexture>
	  <righttexture border="1,1,5,1">progress/ProgressR.png</righttexture>
	  <lefttexture border="5,1,1,1">progress/ProgressL.png</lefttexture>
	  <info>System.Progressbar</info>
	</control>
  </include>
  
  <include name="onload_tips">
	  <onload condition="IsEmpty(Window(home).Property(tips)) | StringCompare(Window(home).Property(tips),)">SetProperty(tips,1,home)</onload>
	  <onload condition="StringCompare(Window(home).Property(tips),1)">SetProperty(tips,2,home)</onload>
	  <onload condition="StringCompare(Window(home).Property(tips),2)">SetProperty(tips,3,home)</onload>
	  <onload condition="StringCompare(Window(home).Property(tips),3)">SetProperty(tips,4,home)</onload>
	  <onload condition="StringCompare(Window(home).Property(tips),4)">SetProperty(tips,5,home)</onload>
	  <onload condition="StringCompare(Window(home).Property(tips),5)">SetProperty(tips,6,home)</onload>
	  <onload condition="StringCompare(Window(home).Property(tips),6)">SetProperty(tips,7,home)</onload>
	  <onload condition="StringCompare(Window(home).Property(tips),7)">SetProperty(tips,8,home)</onload>
	  <onload condition="StringCompare(Window(home).Property(tips),8)">SetProperty(tips,9,home)</onload>
	  <onload condition="StringCompare(Window(home).Property(tips),9)">SetProperty(tips,10,home)</onload>
	  <onload condition="StringCompare(Window(home).Property(tips),10)">SetProperty(tips,11,home)</onload>
	  <onload condition="StringCompare(Window(home).Property(tips),11)">SetProperty(tips,12,home)</onload>
	  <onload condition="StringCompare(Window(home).Property(tips),12)">SetProperty(tips,13,home)</onload>
	  <onload condition="StringCompare(Window(home).Property(tips),13)">SetProperty(tips,14,home)</onload>
	  <onload condition="StringCompare(Window(home).Property(tips),14)">SetProperty(tips,15,home)</onload>
	  <onload condition="StringCompare(Window(home).Property(tips),15)">SetProperty(tips,16,home)</onload>
	  <onload condition="StringCompare(Window(home).Property(tips),16)">SetProperty(tips,17,home)</onload>
	  <onload condition="StringCompare(Window(home).Property(tips),17)">SetProperty(tips,18,home)</onload>
	  <onload condition="StringCompare(Window(home).Property(tips),18)">SetProperty(tips,19,home)</onload>
	  <onload condition="StringCompare(Window(home).Property(tips),19)">SetProperty(tips,20,home)</onload>
	  <onload condition="StringCompare(Window(home).Property(tips),20)">SetProperty(tips,21,home)</onload>
	  <onload condition="StringCompare(Window(home).Property(tips),21)">SetProperty(tips,22,home)</onload>
	  <onload condition="StringCompare(Window(home).Property(tips),22)">SetProperty(tips,23,home)</onload>
	  <onload condition="StringCompare(Window(home).Property(tips),23)">SetProperty(tips,24,home)</onload>
	  <onload condition="StringCompare(Window(home).Property(tips),24)">SetProperty(tips,25,home)</onload>
	  <onload condition="StringCompare(Window(home).Property(tips),25)">SetProperty(tips,26,home)</onload>
	  <onload condition="StringCompare(Window(home).Property(tips),26)">SetProperty(tips,27,home)</onload>
	  <onload condition="StringCompare(Window(home).Property(tips),27)">SetProperty(tips,28,home)</onload>
	  <onload condition="StringCompare(Window(home).Property(tips),28)">SetProperty(tips,29,home)</onload>
	  <onload condition="StringCompare(Window(home).Property(tips),29)">SetProperty(tips,30,home)</onload>
	  <onload condition="StringCompare(Window(home).Property(tips),30)">ClearProperty(tips,home)</onload>
  </include>
</includes>
