<?xml version="1.0" encoding="UTF-8" standalone="yes"?>
<addon id="emulator.retroarch_win64" name="Featherence Emu Console - Windows x64" version="1.0.1" provider-name="finalmakerr">
  <requires>
	<import addon="xbmc.python" version="2.24.0"/>
  </requires>
  <extension point="xbmc.python.script"
             library="default.py">
        <provides>executable</provides>
  </extension>
  <extension point="xbmc.addon.metadata">
	<platform>windx</platform>
    <summary>Multi-emulator frontend based on libretro</summary>
    <description lang="en">_</description>
	<description lang="he">_</description>
    <disclaimer></disclaimer>
	<email>finalmakerr@gmail.com</email>
	<forum>http://forum.kodi.tv/showthread.php?tid=304634</forum>
	<source>https://github.com/finalmakerr/featherence/tree/master/master/emulator.retroarch_win64</source>
	<website>www.featherence.com</website>
  </extension>
</addon>