<?xml version="1.0" encoding="UTF-8" standalone="yes"?>
<addon id="script.featherence.service" name="Featherence Service" version="0.1.10" provider-name="finalmakerr">
  <requires>
    <import addon="xbmc.addon" version="12.0.0"/>
	<import addon="xbmc.json" version="6.0.0"/>
	<import addon="xbmc.python" version="2.1.0"/> <!--2.1.0-->
	<import addon="script.module.simplejson" version="3.3.0"/>
  </requires>
  <extension point="xbmc.python.script" library="default.py"/>
  <extension point="xbmc.service" library="service.py" start="startup"/>
  <extension point="xbmc.addon.metadata">
    <language>he</language>
	<platform>all</platform>
    <summary lang="en">Developer ToolKit</summary>
	<summary lang="he">כלים למפתחים</summary>
    <description lang="en">_</description>
	<description lang="he">_</description>
    <disclaimer>Dear developers: Feel free to use this addon to fit your needs.</disclaimer>
	<email>featherence@groups.facebook.com</email>
	<forum></forum>
	<source>https://github.com/finalmakerr/featherence/tree/master/master/script.featherence.service</source>
	<website>https://www.facebook.com/groups/featherence/</website>
  </extension>
</addon>
