<?xml version="1.0" encoding="UTF-8"?>
<keymap>
  <global>
    <joystick name="Logitech Logitech Cordless RumblePad 2">
      <altname>Logitech Cordless RumblePad 2</altname>
      <altname>Logitech RumblePad 2 USB</altname>
      <button id="1">FullScreen</button>
      <button id="2">Select</button>
      <button id="3">Back</button>
      <button id="7">FullScreen</button>
      <button id="8">ContextMenu</button>
      <button id="10">ActivateWindow(Home)</button>
      <button id="11">ActivateWindow(shutdownmenu)</button>
      <button id="12">Screenshot</button>

      <hat    id="1" position="left">Left</hat>
      <hat    id="1" position="right">Right</hat>
      <hat    id="1" position="up">Up</hat>
      <hat    id="1" position="down">Down</hat>

      <axis limit="+1" id="4">VolumeDown</axis>
      <axis limit="-1" id="4">VolumeUp</axis>
      <axis limit="+1" id="3">AnalogSeekForward</axis>
      <axis limit="-1" id="3">AnalogSeekBack</axis>
      <axis limit="-1" id="2">ScrollUp</axis>
      <axis limit="+1" id="2">ScrollDown</axis>
    </joystick>
  </global>

  <Home>
    <joystick name="Logitech Logitech Cordless RumblePad 2">
      <altname>Logitech Cordless RumblePad 2</altname>
      <altname>Logitech RumblePad 2 USB</altname>
      <button id="3">ActivateWindow(Favourites)</button>
    </joystick>
  </Home>

  <MyMusicFiles>
    <joystick name="Logitech Logitech Cordless RumblePad 2">
      <altname>Logitech Cordless RumblePad 2</altname>
      <altname>Logitech RumblePad 2 USB</altname>
      <button id="4">Queue</button>
    </joystick>
  </MyMusicFiles>

  <MyMusicLibrary>
    <joystick name="Logitech Logitech Cordless RumblePad 2">
      <altname>Logitech Cordless RumblePad 2</altname>
      <altname>Logitech RumblePad 2 USB</altname>
      <button id="4">Queue</button>
    </joystick>
  </MyMusicLibrary>

  <FullscreenVideo>
    <joystick name="Logitech Logitech Cordless RumblePad 2">
      <altname>Logitech Cordless RumblePad 2</altname>
      <altname>Logitech RumblePad 2 USB</altname>
      <button id="2">Pause</button>
      <button id="3">Stop</button>
      <button id="4">AspectRatio</button>
      <button id="5">Rewind</button>
      <button id="6">FastForward</button>
      <button id="10">OSD</button>

      <hat    id="1" position="left">StepBack</hat>
      <hat    id="1" position="right">StepForward</hat>
      <hat    id="1" position="up">ChapterOrBigStepForward</hat>
      <hat    id="1" position="down">ChapterOrBigStepBack</hat>
    </joystick>
  </FullscreenVideo>

  <FullscreenLiveTV>
    <joystick name="Logitech Logitech Cordless RumblePad 2">
      <altname>Logitech Cordless RumblePad 2</altname>
      <altname>Logitech RumblePad 2 USB</altname>
      <hat    id="1" position="left">StepBack</hat>
      <hat    id="1" position="right">StepForward</hat>
      <hat    id="1" position="up">ChannelUp</hat>
      <hat    id="1" position="down">ChannelDown</hat>
    </joystick>
  </FullscreenLiveTV>

  <FullscreenRadio>
    <joystick name="Logitech Logitech Cordless RumblePad 2">
      <altname>Logitech Cordless RumblePad 2</altname>
      <altname>Logitech RumblePad 2 USB</altname>
      <hat    id="1" position="left">StepBack</hat>
      <hat    id="1" position="right">StepForward</hat>
      <hat    id="1" position="up">ChannelUp</hat>
      <hat    id="1" position="down">ChannelDown</hat>
    </joystick>
  </FullscreenRadio>

  <Visualisation>
    <joystick name="Logitech Logitech Cordless RumblePad 2">
      <altname>Logitech Cordless RumblePad 2</altname>
      <altname>Logitech RumblePad 2 USB</altname>
      <button id="2">Pause</button>
      <button id="3">Stop</button>
      <button id="4">ActivateWindow(VisualisationPresetList)</button>
      <button id="5">Rewind</button>
      <button id="6">FastForward</button>
      <button id="10">OSD</button>

      <hat    id="1" position="left">StepBack</hat>
      <hat    id="1" position="right">StepForward</hat>
      <hat    id="1" position="up">SkipNext</hat>
      <hat    id="1" position="down">SkipPrevious</hat>
    </joystick>
  </Visualisation>

  <SlideShow>
    <joystick name="Logitech Logitech Cordless RumblePad 2">
      <altname>Logitech Cordless RumblePad 2</altname>
      <altname>Logitech RumblePad 2 USB</altname>
      <button id="1">ZoomNormal</button>
      <button id="2">Pause</button>
      <button id="3">Stop</button>
      <button id="4">Rotate</button>

      <hat    id="1" position="left">PreviousPicture</hat>
      <hat    id="1" position="right">NextPicture</hat>
      <hat    id="1" position="up">ZoomIn</hat>
      <hat    id="1" position="down">ZoomOut</hat>
    </joystick>
  </SlideShow>

  <ScreenCalibration>
    <joystick name="Logitech Logitech Cordless RumblePad 2">
      <altname>Logitech Cordless RumblePad 2</altname>
      <altname>Logitech RumblePad 2 USB</altname>
      <button id="2">NextCalibration</button>
    </joystick>
  </ScreenCalibration>

  <MyVideoLibrary>
    <joystick name="Logitech Logitech Cordless RumblePad 2">
      <altname>Logitech Cordless RumblePad 2</altname>
      <altname>Logitech RumblePad 2 USB</altname>
      <button id="4">Queue</button>
      <button id="5">Info</button>
    </joystick>
  </MyVideoLibrary>

  <MyVideoFiles>
    <joystick name="Logitech Logitech Cordless RumblePad 2">
      <altname>Logitech Cordless RumblePad 2</altname>
      <altname>Logitech RumblePad 2 USB</altname>
      <button id="4">Queue</button>
      <button id="5">Info</button>
    </joystick>
  </MyVideoFiles>

  <VirtualKeyboard>
    <joystick name="Logitech Logitech Cordless RumblePad 2">
      <altname>Logitech Cordless RumblePad 2</altname>
      <altname>Logitech RumblePad 2 USB</altname>
      <button id="1">Symbols</button>
      <button id="3">BackSpace</button>
      <button id="4">Shift</button>
      <button id="5">CursorLeft</button>
      <button id="6">CursorRight</button>
      <button id="9">Back</button>
      <button id="10">Enter</button>
    </joystick>
  </VirtualKeyboard>

</keymap>