<?xml version="1.0" encoding="UTF-8"?>
<window id="1117">
  <defaultcontrol always="false">9000</defaultcontrol>
  <onload condition="Window(home).Property(ReloadSkin)">AlarmClock(Hide,ClearProperty(ReloadSkin,home),00:02,silent)</onload>
  <onload condition="IsEmpty(Window(home).Property(PassProtect)) + Skin.String(PassProtect) + Skin.HasSetting(PassProtect)">RunScript(script.featherence.service,,?mode=6&amp;value=PassProtect)</onload>
  <include>ReloadSkin_Check</include>
  <onunload condition="true">RunScript(script.featherence.service,,?mode=215&amp;value=_)</onunload>
  <include>onunload_ClearProperty_MainMenu</include>
  <include>onunload_ClearProperty_SubMenu</include>
  <include>Fade_WindowsOpenClose</include>
  <controls>
    <control type="group">
	  <animation condition="Window.IsVisible(CustomHomeCustomizer2.xml) + [!Container(9000).Row(0) + !Container(9000).Row(1) | !Container(9000).HasPrevious()]" effect="fade" start="100" end="0" time="220">Conditional</animation>
      <include>Backgrounds1</include>
      <include>Design_TopButtons</include>
	  <include>Menu_Home</include>
	  <include>Widget_Home</include>
	  <include>TopInformation</include>
	  <include>TopVideoInformation</include>
	  <include>WindowsBusy</include>
	</control>
  </controls>
</window>
