<?xml version="1.0" encoding="UTF-8"?>
<window description="(10140) הגדרות הרחבה">
  <defaultcontrol always="true">9</defaultcontrol>
  <allowoverlay>no</allowoverlay>
  <controls>
    <include>BlackBackground</include>
    <control type="group" description="תפריט שמאל (9)">
	  <include>Slide6</include>
      <height>530</height>
	  <posx>-435</posx>
	  <posy>275</posy>
	  <width>480</width>	  	  
      <control type="image" description="רקע">
        <texture border="20" colordiffuse="$VAR[MenuColor]">buttons/ButtonE0.png</texture>
      </control>
      <control type="grouplist" id="9" description="תפריט שמאל">
        <itemgap>0</itemgap>
        <onleft>noop</onleft>
        <onright>2</onright>
        <onup>noop</onup>
        <ondown>noop</ondown>
        <orientation>Vertical</orientation>
      </control>
	  <control type="button" id="13" description="כפתור שמאל (9)">
	    <include condition="StringCompare(System.Language,Hebrew)">ButtonR1</include>
		<include condition="!StringCompare(System.Language,Hebrew)">ButtonL1</include>
      </control>
	</control>
    <control type="group" description="תפריט ימין (8999)">
      <height>530</height>	  
	  <posx>1475</posx>
	  <posy>275</posy>	  
	  <width>480</width>	  	  
      <control type="image" description="רקע">
        <texture border="20" colordiffuse="$VAR[MenuColor]">buttons/ButtonE0.png</texture>
      </control>
      <control type="grouplist" id="8999" description="קבוצה תפריט ימין">
        <itemgap>0</itemgap>
        <onleft>2</onleft>
        <onright>noop</onright>
        <onup>noop</onup>
        <ondown>9001</ondown>
        <orientation>Vertical</orientation>
	    <control type="button" id="10" description="OK">
          <label>186</label>
		  <font>size42B</font>
		  <height>180</height>
        </control>
        <control type="button" id="11" description="Cancel">
          <label>222</label>
		  <font>size42B</font>
		  <height>180</height>
        </control>
        <control type="button" id="12" description="Default">
          <label>409</label>
		  <font>size42B</font>
		  <height>170</height>
        </control>
      </control>
	</control>
    <control type="group" description="קבוצה תפריט ראשי (2)">
      <height>830</height>	  
	  <posx>500</posx>
      <posy>125</posy>  
	  <width>880</width>	  	  
      <control type="image" description="רקע">
		<height>870</height>
		<posx>-20</posx>
		<posy>-20</posy>
        <texture border="20" colordiffuse="$VAR[MenuColor]">buttons/ButtonE0.png</texture>
		<width>920</width>
      </control>
      <control type="grouplist" id="2" description="תפריט ראשי (2)">
        <itemgap>0</itemgap>
        <!--<onup>2</onup>-->
		<onup>9</onup>
		<ondown>8999</ondown>
        <!--<ondown>2</ondown>-->
        <onleft>9</onleft>
        <onright>8999</onright>
        <pagecontrol>60</pagecontrol>
      </control>
      <control type="button" id="3" description="Button template עיצוב כפתורים (2)">
	    <font>size30</font>
		<width>880</width>
		<textoffsetx>20</textoffsetx>
		<textwidth>680</textwidth>
		<include>ButtonL1</include>
		<!--<include condition="StringCompare(System.Language,Hebrew)">AddonSettings_he</include>
		<include condition="StringCompare(System.Language,Hebrew)">ButtonR1</include>
	    <include condition="!StringCompare(System.Language,Hebrew)">ButtonL1</include>-->
      </control>
      <control type="label" id="7" description="תאור כללי">
		<height>40</height>
		<posx>0</posx>
		<scroll>true</scroll>
		<shadowcolor>black</shadowcolor>
		<textcolor>Grey2</textcolor>
		<width>880</width>
		<include>LabelL2</include>
		<!--<include condition="StringCompare(System.Language,Hebrew)">LabelR2</include>
	    <include condition="!StringCompare(System.Language,Hebrew)">LabelL2</include>-->
      </control>
	</control>
    <control type="radiobutton" id="4" description="Radiobutton template עיצוב">
	  <font>size30</font>
	  <include>ButtonL1</include>
	  <!--<include condition="StringCompare(System.Language,Hebrew)">ButtonR1</include>
	  <include condition="!StringCompare(System.Language,Hebrew)">ButtonL1</include>-->
      <radioposx>0</radioposx>
    </control>
    <control type="spincontrolex" id="5" description="חץ למעלה/למטה">
	  <texturenofocus border="20" colordiffuse="$VAR[MenuColor]">buttons/ButtonE0.png</texturenofocus>
	  <font>size30</font>
	  <!--<include condition="StringCompare(System.Language,Hebrew)">AddonSettings_he</include>
	  <textoffsetx>60</textoffsetx>-->
	  <include>ButtonL1</include>
      <!--<include condition="StringCompare(System.Language,Hebrew)">ButtonR1</include>
	  <include condition="!StringCompare(System.Language,Hebrew)">ButtonL1</include>-->
      <reverse>yes</reverse>
    </control>
    <control type="image" id="6" description="Default separator image">
      <texture>-</texture>
	  <height>1</height>
    </control>
    <control type="sliderex" id="8" description="featherence ימינה/שמאלה">
	  <width>100</width>
	  <font>size30</font>
	  <include>ButtonL1</include>
	  <!--<include condition="StringCompare(System.Language,Hebrew)">ButtonR1</include>
	  <include condition="!StringCompare(System.Language,Hebrew)">ButtonL1</include>-->
    </control>
    <include>TopInformation</include>
  </controls>
</window>