<?xml version="1.0" encoding="UTF-8"?>
<window description="פרטי וידאו (12003)">
  <defaultcontrol always="true">22</defaultcontrol>
  <onunload condition="!String.IsEmpty(Window(home).Property(TEMP))">ClearProperty(TEMP,home)</onunload>
  <controls>
	<control type="group">
		<include>BlackBackground</include>
		<control type="image" description="פאנארט">
		  <include>Fade2</include>
		  <aspectratio align="center">stretch</aspectratio>
		  <height>1080</height>
		  <!--<texture background="false">$VAR[fanart]</texture>-->
		  <texture background="false">$INFO[ListItem.Art(fanart)]</texture>
		  <visible>Window.IsActive(DialogVideoInfo.xml) + [!String.IsEmpty(ListItem.Art(fanart)) | !String.IsEmpty(Fanart.Image) | !String.IsEmpty(ListItem.Art(season.fanart))]</visible>
		  <width>1920</width>
		</control>
		<include>TopVideoInformation</include>
		<include>TopInformation</include>
		<control type="group" description=" כפתורים וטקסט (אמצע)">
		  <posx>670</posx>
		  <posy>355</posy>
		  <visible>true</visible>
		  <control type="image">
			<aspectratio>stretch</aspectratio>
			<posx>-5</posx>
			<posy>60</posy>
			<width>560</width>
			<height>170</height>
			<texture border="40" diffuse="buttons/types/bd.png">$VAR[banner]</texture>
		  </control>
		  <control type="image" description="תמונה מחרוזת חיפוש">
			<include>Fade_TopVideoInformationOverlay</include>
			<animation condition="String.IsEmpty(Control.GetLabel(1190))" effect="fade" start="100" end="70" time="220">Conditional</animation>
			<posx>-5</posx>
			<posy>60</posy>
			<width>560</width>
			<height>170</height>
			<aspectratio>stretch</aspectratio>
			<texture border="20" colordiffuse="$VAR[TopVideoInformationColor]">buttons/types/bd.png</texture>
		  </control>
		  <control type="label" id="1190" description="שדה טקסט">
			<include>LabelC12</include>
			<label>$VAR[DialogVideoInfoText]</label>
			<height>50</height>
			<posx>15</posx>
			<posy>175</posy>
			<scroll>false</scroll>
			<shadowcolor>ff000000</shadowcolor>
			<textcolor>white2</textcolor>
			<width>550</width>
		  </control>
		  <include>ArrowsLeftRight</include>
		  <control type="grouplist" id="22" description="כפתורים ראשי">
			<posx>22</posx>
			<posy>60</posy>
			<width>520</width>
			<ondown condition="[Control.HasFocus(7141) | Control.HasFocus(15) | Control.HasFocus(52)] + !String.IsEmpty(ListItem.Director)">52</ondown>
			<ondown condition="String.Contains(ListItem.Path,plugin://) + ![[Control.HasFocus(7141) | Control.HasFocus(15) | Control.HasFocus(52)] + !String.IsEmpty(ListItem.Director)]">51</ondown>
			<ondown condition="!String.Contains(ListItem.Path,plugin://) + ![[Control.HasFocus(7141) | Control.HasFocus(15) | Control.HasFocus(52)] + !String.IsEmpty(ListItem.Director)]">50</ondown>
			<onup>27</onup>
			<itemgap>-5</itemgap>
			<aligny>bottom</aligny>
			<align>center</align>
			<orientation>horizontal</orientation>
			<control type="button" id="8" description="TVShows Browse">
			  <height>130</height>
			  <width>130</width>
			  <texturefocus colordiffuse="$VAR[IconFocusColor]">special://home/addons/script.featherence.service/resources/icons/eye.png</texturefocus>
			  <texturenofocus colordiffuse="ffa9a9a9">special://home/addons/script.featherence.service/resources/icons/eye.png</texturenofocus>
			  <texturefocus>osd/buttons/OSDVideoFO.png</texturefocus>
			  <texturenofocus>osd/buttons/OSDVideoNF.png</texturenofocus>
			  <visible>[Skin.HasSetting(Admin) | !String.Contains(Container.FolderPath,plugin://)] + Container.Content(tvshows)</visible>
			</control>
			<control type="button" id="80" description="Play Movies">
			  <height>130</height>
			  <width>130</width>
			  <texturefocus colordiffuse="$VAR[IconFocusColor]">special://home/addons/script.featherence.service/resources/icons/play.png</texturefocus>
			  <texturenofocus colordiffuse="ffa9a9a9">special://home/addons/script.featherence.service/resources/icons/play.png</texturenofocus>
			  <texturefocus>osd/buttons/OSDPlayFO.png</texturefocus>
			  <texturenofocus>osd/buttons/OSDPlayNF.png</texturenofocus>
			  <visible>Container.Content(movies) | Container.Content(episodes)</visible>
			  <onclick condition="String.IsEmpty(ListItem.VideoResolution)">PlayMedia($INFO[ListItem.FileNameAndPath],1)</onclick>
			  <onclick condition="!String.IsEmpty(ListItem.VideoResolution)">PlayMedia($INFO[ListItem.FileNameAndPath])</onclick>
			  <!--<altclick>ActivateWindow(Videos,videodb://tvshows/titles/$INFO[ListItem.TVShowTitle]/)</altclick>
			  <altclick>Dialog.Close(movieinformation)</altclick>-->
			</control>
			<!--<control type="button" id="11" description="Trailer">
			  <height>130</height>
			  <width>130</width>
			  <texturefocus>osd/buttons/OSDTrailerFO.png</texturefocus>
			  <texturenofocus>osd/buttons/OSDTrailerNF.png</texturenofocus>
			  <visible>!String.IsEmpty(ListItem.Trailer)</visible>
			</control>-->
			<control type="button" id="7120" description="קדימון">
				<height>130</height>
				<width>130</width>
				<texturefocus colordiffuse="$VAR[IconFocusColor]">special://home/addons/script.featherence.service/resources/icons/trailers.png</texturefocus>
				<texturenofocus colordiffuse="ffa9a9a9">special://home/addons/script.featherence.service/resources/icons/trailers.png</texturenofocus>
				<enable>!String.IsEmpty(ListItem.Trailer)</enable>
				<onclick condition="!Skin.HasSetting(trailer2)">PlayMedia($ESCINFO[ListItem.Trailer],1)</onclick>
				<onclick condition="Skin.HasSetting(trailer2)">PlayMedia($ESCINFO[ListItem.Trailer])</onclick>
				<onclick>Close</onclick>
				<visible>Container.Content(Movies) + !String.Contains(ListItem.Path,videodb://1/7) + !String.Contains(ListItem.path,videodb://movies/sets/) + !String.IsEmpty(ListItem.Trailer)</visible>
			</control>
			<control type="button" id="7140" description="חיפוש קדימון">
				<height>130</height>
				<width>130</width>
				<texturefocus colordiffuse="$VAR[IconFocusColor]">special://home/addons/script.featherence.service/resources/icons/trailers.png</texturefocus>
				<texturenofocus colordiffuse="ffa9a9a9">special://home/addons/script.featherence.service/resources/icons/trailers.png</texturenofocus>
				<!--<onclick>ActivateWindow(videos,plugin://plugin.video.youtube/?path=/root/search&amp;feed=search&amp;search=$INFO[ListItem.Label] $INFO[ListItem.Year] Movie Trailer,return)</onclick>-->
				<onclick>ActivateWindow(videos,plugin://plugin.video.youtube/kodion/search/query/?q=$INFO[ListItem.Label] $INFO[ListItem.Year] Movie Trailer]&quot;)</onclick>
				<onclick>Dialog.Close(movieinformation)</onclick>
				<visible>Container.Content(Movies) + !String.Contains(ListItem.Path,videodb://1/7) + !String.Contains(ListItem.path,videodb://movies/sets/) + String.IsEmpty(ListItem.Trailer) + !String.Contains(Container.FolderPath,plugin://)</visible>
			</control>
			<control type="button" id="6" description="Refresh">
			  <height>130</height>
			  <width>130</width>
			  <texturefocus colordiffuse="$VAR[IconFocusColor]">special://home/addons/script.featherence.service/resources/icons/refresh.png</texturefocus>
			  <texturenofocus colordiffuse="ffa9a9a9">special://home/addons/script.featherence.service/resources/icons/refresh.png</texturenofocus>
			  <texturefocus>osd/buttons/OSDRefreshFO.png</texturefocus>
			  <texturenofocus>osd/buttons/OSDRefreshNF.png</texturenofocus>
			  <visible>!String.Contains(Container.FolderPath,plugin://)</visible>
			</control>
			<control type="button" id="26" description="עוד...">
			  <height>133</height>
			  <width>133</width>
			  <label>$INFO[Container(1000).ListItem(0).label]</label>
			  <onclick condition="[!Container.Content(movies) + !Container.Content(tvshows) + String.IsEmpty(ListItem.TVShowTitle)] | Container.Content(movies)">RunScript(script.featherence.service,,?mode=70&amp;value=0)</onclick>
			  <onclick condition="[!Container.Content(movies) + !Container.Content(tvshows) + !String.IsEmpty(ListItem.TVShowTitle)] | Container.Content(tvshows)">RunScript(script.featherence.service,,?mode=70&amp;value=1)</onclick>
			  <texturefocus colordiffuse="$VAR[IconFocusColor]">special://home/addons/script.featherence.service/resources/icons/information.png</texturefocus>
			  <texturenofocus colordiffuse="ffa9a9a9">special://home/addons/script.featherence.service/resources/icons/information.png</texturenofocus>
			  <visible>Container.Content(movies) | Container.Content(tvshows) | !String.IsEmpty(ListItem.TVShowTitle)</visible>
			</control>
			<control type="button" id="10" description="Get Art">
			  <height>130</height>
			  <width>130</width>
			  <texturefocus colordiffuse="$VAR[IconFocusColor]">special://home/addons/script.featherence.service/resources/icons/download.png</texturefocus>
			  <texturenofocus colordiffuse="ffa9a9a9">special://home/addons/script.featherence.service/resources/icons/download.png</texturenofocus>
			  <visible>!String.Contains(Container.FolderPath,plugin://)</visible>
			</control>
			<control type="button" id="12" description="Show all movies by the director of the selected movie">
			  <visible>false</visible>
			</control>
			<control type="button" id="7141" description="מידע במאי">
			  <height>130</height>
			  <width>130</width>
			  <onclick>SetProperty(TEMP,&amp;director=$INFO[ListItem.Director],home)</onclick>
			  <onclick>SendClick(13)</onclick>
			  <texturefocus colordiffuse="$VAR[IconFocusColor]">special://home/addons/script.featherence.service/resources/icons/director.png</texturefocus>
			  <texturenofocus colordiffuse="ffa9a9a9">special://home/addons/script.featherence.service/resources/icons/director.png</texturenofocus>
			  <visible>!String.IsEmpty(ListItem.Director) + !String.Contains(Container.FolderPath,plugin://)</visible>
			</control>
			<control type="button" id="14" description="דרג">
			  <height>130</height>
			  <width>130</width>
			  <onclick condition="!String.IsEmpty(ListItem.Rating)">RunScript(script.featherence.service,,?mode=70&amp;value=10)</onclick>
			  <texturefocus colordiffuse="$VAR[IconFocusColor]">special://home/addons/script.featherence.service/resources/icons/star.png</texturefocus>
			  <texturenofocus colordiffuse="ffa9a9a9"          >special://home/addons/script.featherence.service/resources/icons/star.png</texturenofocus>
			  <visible>!String.IsEmpty(ListItem.Rating)</visible>
			</control>
			<control type="button" id="15" description="סרטים נוספים של כותב זה">
			  <height>130</height>
			  <width>130</width>
			  <onclick>RunScript(script.featherence.service,,?mode=70&amp;value=5)</onclick>
			  <texturefocus colordiffuse="$VAR[IconFocusColor]">special://home/addons/script.featherence.service/resources/icons/book.png</texturefocus>
			  <texturenofocus colordiffuse="ffa9a9a9">special://home/addons/script.featherence.service/resources/icons/book.png</texturenofocus>
			  <visible>!String.IsEmpty(ListItem.Writer)</visible>
			  <visible>Skin.HasSetting(Admin) + String.IsEqual(Network.MacAddress,0C:8B:FD:9D:2F:CE)</visible>
			</control>
			<control type="button" id="20" description="TEST">
			  <height>130</height>
			  <width>130</width>
			  <onclick>RunScript(script.featherence.service,,?mode=70&amp;value=20)</onclick>
			  <texturefocus colordiffuse="$VAR[IconFocusColor]">special://home/addons/script.featherence.service/resources/icons/help.png</texturefocus>
			  <texturenofocus colordiffuse="ffa9a9a9">special://home/addons/script.featherence.service/resources/icons/help.png</texturenofocus>
			  <visible>Skin.HasSetting(Admin) + String.IsEqual(Network.MacAddress,0C:8B:FD:9D:2F:CE)</visible>
			</control>
			
			<control type="button" id="27" description="חזור">
			  <height>130</height>
			  <width>130</width>
			  <onclick>close</onclick>
			  <texturefocus colordiffuse="$VAR[IconFocusColor]">special://home/addons/script.featherence.service/resources/icons/exit.png</texturefocus>
			  <texturenofocus colordiffuse="ffa9a9a9">special://home/addons/script.featherence.service/resources/icons/exit.png</texturenofocus>
			</control>
		  </control>
		</control>
		<control type="group">
		  <include>ArrowsLeftRight</include>
		  <visible>Control.HasFocus(50) | Control.HasFocus(51)</visible>
		</control>
		<control type="list" id="50" description="שחקנים">
		  <visible>!String.Contains(ListItem.Path,plugin://)</visible>
		  <animation condition="[Control.HasFocus(7141) | Control.HasFocus(15) | Control.HasFocus(52)] + !String.IsEmpty(ListItem.Director)" effect="slide" start="0,0" end="1840,0" time="220" reversible="true">Conditional</animation>
		  <animation condition="Container(50).IsUpdating" effect="fade" start="100" end="40" time="0">Conditional</animation>
		  <animation condition="!Container(50).IsUpdating + [String.IsEmpty(Control.GetLabel(1190)) | !Container(50).HasFocus]" effect="fade" start="70" end="100" time="220">Conditional</animation>
		  <posx>60</posx>
		  <posy>600</posy>
		  <width>1840</width>
		  <height>475</height>
		  <onleft>noop</onleft>
		  <onright>noop</onright>
		  <onup>22</onup>
		  <ondown>noop</ondown>
		  <viewtype label="actor list">list</viewtype>
		  <focusposition>2</focusposition>
		  <movement>-</movement>
		  <orientation>horizontal</orientation>
		  <scrolltime>220</scrolltime>
		  <include>ActorsLayout</include>
		  
		  
		</control>
	
	      <!-- extendedinfo cast list -->
		<control type="list" id="51" description="שחקנים2">
			<visible>String.Contains(ListItem.Path,plugin://)</visible>
			<animation condition="[Control.HasFocus(7141) | Control.HasFocus(15) | Control.HasFocus(52)] + !String.IsEmpty(ListItem.Director)" effect="slide" start="0,0" end="1840,0" time="220" reversible="true">Conditional</animation>
			<animation condition="Container(51).IsUpdating" effect="fade" start="100" end="40" time="0">Conditional</animation>
		    <animation condition="!Container(51).IsUpdating + [String.IsEmpty(Control.GetLabel(1190)) | !Container(51).HasFocus]" effect="fade" start="70" end="100" time="220">Conditional</animation>
		    <animation effect="fade" start="0" end="100" delay="1200" time="420">WindowOpen</animation>
		    <posx>60</posx>
		    <posy>600</posy>
		    <width>1840</width>
		    <height>475</height>
		    <onleft>noop</onleft>
		    <onright>noop</onright>
		    <onup>22</onup>
		    <ondown>noop</ondown>
		    <viewtype label="actor list">list</viewtype>
		    <focusposition>2</focusposition>
		    <movement>-</movement>
		    <orientation>horizontal</orientation>
		    <scrolltime>220</scrolltime>
			<!-- itemlayout movies -->
			<include>ActorsLayout</include>
			<content>plugin://script.skin.helper.service/?action=getcast&amp;title=$INFO[ListItem.Title]&amp;downloadthumbs=true</content>
		</control>
	
		<control type="panel" id="52" description="במאי/כותבים">
			<animation condition="[Control.HasFocus(7141) | Control.HasFocus(15) | Control.HasFocus(52)] + !String.IsEmpty(ListItem.Director)" effect="slide" start="0,0" end="2000,0" time="220" reversible="true">Conditional</animation>
			<animation condition="Container(52).IsUpdating" effect="fade" start="100" end="40" time="0">Conditional</animation>
		    <animation condition="!Container(52).IsUpdating + [String.IsEmpty(Control.GetLabel(1190)) | !Container(52).HasFocus]" effect="fade" start="70" end="100" time="220">Conditional</animation>
		    <animation effect="fade" start="0" end="100" delay="1200" time="420">WindowOpen</animation>
		    <posx>-1940</posx>
		    <posy>600</posy>
		    <width>1840</width>
		    <height>475</height>
		    <onleft>noop</onleft>
		    <onright>noop</onright>
		    <onup>22</onup>
		    <ondown>noop</ondown>
		    <viewtype label="actor list">list</viewtype>
		    <focusposition>2</focusposition>
		    <movement>-</movement>
		    <orientation>horizontal</orientation>
		    <scrolltime>220</scrolltime>
			
			<include>ActorsLayout</include>
			<content>
			  <item id="0">
			    <onclick>SetProperty(TEMP,&amp;director=$INFO[ListItem.Director],home)</onclick>
			    <onclick>SendClick(13)</onclick>
				<thumb>http://localhost:52307/getthumb&amp;title=$INFO[Listitem.Director]</thumb>
				<label>$INFO[ListItem.Director]</label>
				<onfocus>ClearProperty(TEMP,home)</onfocus>
			  </item>
			  <item id="1">
			    <!--<onclick>SetProperty(TEMP,&amp;director=$INFO[ListItem.Director],home)</onclick>-->
			    <onclick>RunScript(script.featherence.service,,?mode=70&amp;value=5)</onclick>
				<thumb>$VAR[writerthumb]</thumb>
				<label>$INFO[ListItem.Writer]</label>
				<onfocus>ClearProperty(TEMP,home)</onfocus>
			  </item>
			
			</content>
		</control>
		
	</control>
  </controls>
</window>
