<?xml version="1.0" encoding="UTF-8"?>
<window>
  <defaultcontrol always="true">2</defaultcontrol>
  <controls>
    <!--<include>BlackBackground</include>-->
	<include>Backgrounds3</include>
    <control type="group" description="תפריט שמאל (9)">
	  <include>Slide6</include>
      <height>530</height>
	  <posx>-435</posx>
	  <posy>275</posy>
	  <width>480</width>	  	  
	  <include content="MenuBackground">
		<param name="border" value="40" />
		<param name="color" value="$VAR[MenuColor]" />
		<param name="height" value="" />
		<param name="posx" value="" />
		<param name="posy" value="" />
		<param name="width" value="485" />
		<param name="condition" value="!Skin.HasSetting(MenuBackground)"/>
		
		<param name="type0" value="true" description="MenuBackground"/>
		<param name="type1" value="false" description="DialogBackground"/>
      </include>
      <control type="grouplist" id="9" description="תפריט שמאל">
        <itemgap>0</itemgap>
        <onleft>noop</onleft>
        <onright>2</onright>
        <onup>noop</onup>
        <ondown>noop</ondown>
        <orientation>Vertical</orientation>
      </control>
	  <control type="button" id="13" description="כפתור שמאל (9)">
	    <include condition="String.IsEqual(System.Language,Hebrew)">ButtonR1</include>
		<include condition="!String.IsEqual(System.Language,Hebrew)">ButtonL1</include>
      </control>
	</control>
    <control type="group" description="תפריט ימין (8999)">
      <height>530</height>	  
	  <posx>1475</posx>
	  <posy>275</posy>	  
	  <width>480</width>
	
	  <include content="MenuBackground">
		<param name="border" value="40" />
		<param name="color" value="$VAR[MenuColor]" />
		<param name="height" value="" />
		<param name="posx" value="" />
		<param name="posy" value="" />
		<param name="width" value="485" />
		<param name="condition" value="!Skin.HasSetting(MenuBackground)"/>
		
		<param name="type0" value="true" description="MenuBackground"/>
		<param name="type1" value="false" description="DialogBackground"/>
      </include>
      <control type="grouplist" id="8999" description="קבוצה תפריט ימין">
        <itemgap>0</itemgap>
        <onleft>2</onleft>
        <onright>noop</onright>
        <onup>noop</onup>
        <ondown>9001</ondown>
        <orientation>Vertical</orientation>
	    <control type="button" id="10" description="OK">
          <align>center</align>
		  <label>186</label>
		  <font>size42B</font>
		  <height>180</height>
		  <width>480</width>
		  <include>ButtonL2</include>
        </control>
        <control type="button" id="11" description="Cancel">
          <align>center</align>
		  <label>222</label>
		  <font>size42B</font>
		  <height>180</height>
		  <width>480</width>
		  <include>ButtonL2</include>
        </control>
        <control type="button" id="12" description="Default">
          <align>center</align>
		  <label>409</label>
		  <font>size42B</font>
		  <height>170</height>
		  <width>480</width>
		  <include>ButtonL2</include>
        </control>
		<control type="radiobutton" id="120" description="Scroll">
          <align>center</align>
		  <label>Description Scroll</label>
		  <selected>Skin.HasSetting(AddonSettingsScroll)</selected>
		  <onclick>Skin.ToggleSetting(AddonSettingsScroll)</onclick>
		  <onclick condition="Skin.HasSetting(AddonSettingsScroll)">Notification(Exit and Enter again, for scroll to take effect,2000)</onclick>
		  <radioposx>40</radioposx>
		  <radiowidth>40</radiowidth>
		  <radioheight>40</radioheight>
		  <font>size28</font>
		  <height>80</height>
		  <width>480</width>
		  <include>ButtonL2</include>
        </control>
      </control>
	
	  <include content="Arrows_UpDown">
		<param name="posx" value="225"/>
		<param name="posy" value="-40"/>
		<param name="posx2" value="225"/>
		<param name="posy2" value="530"/>
		 
		<param name="container" value="8999"/>
		<param name="position" value="2"/>
		<param name="condition" value="true"/>
	  </include>
	</control>
    <control type="group" description="קבוצה תפריט ראשי (2)">
      <height>830</height>	  
	  <posx>500</posx>
      <posy>125</posy>  
	  <width>880</width>
	  <include content="MenuBackground">
		<param name="border" value="40" />
		<param name="color" value="$VAR[MenuColor]" />
		<param name="height" value="" />
		<param name="posx" value="" />
		<param name="posy" value="" />
		<param name="width" value="885" />
		<param name="condition" value="true"/>
		
		<param name="type0" value="false" description="MenuBackground"/>
		<param name="type1" value="true" description="DialogBackground"/>
      </include>
      <control type="grouplist" id="2" description="תפריט ראשי (2)">
        <itemgap>0</itemgap>
        <!--<onup>2</onup>-->
		<onup>9</onup>
		<ondown>8999</ondown>
        <!--<ondown>2</ondown>-->
        <onleft>9</onleft>
        <onright>8999</onright>
        <pagecontrol>60</pagecontrol>
      </control>
      <control type="button" id="3" description="Button template עיצוב כפתורים (2)">
	    <font>size30</font>
		<width>880</width>
		<textoffsetx>20</textoffsetx>
		<textwidth>680</textwidth>
		<include>ButtonL2</include>
		<!--<include condition="String.IsEqual(System.Language,Hebrew)">AddonSettings_he</include>
		<include condition="String.IsEqual(System.Language,Hebrew)">ButtonR1</include>
	    <include condition="!String.IsEqual(System.Language,Hebrew)">ButtonL1</include>-->
      </control>
      <control type="label" id="7" description="תאור כללי">
		<!--<aligny>center</aligny>-->
		<height>30</height>
		<textoffsetx>20</textoffsetx>
		<textoffsety>0</textoffsety>
		<include condition="Skin.HasSetting(AddonSettingsScroll)">AddonSettingsScroll</include>
		<scroll>false</scroll>
		<shadowcolor>black</shadowcolor>
		<textcolor>grey</textcolor>
		<width>800</width>
		<include>LabelL2</include>
		<wrapmultiline>false</wrapmultiline>
      </control>
	</control>
    <control type="radiobutton" id="4" description="Radiobutton template עיצוב">
	  <font>size30</font>
	  <include>ButtonL2</include>
	  <!--<include condition="String.IsEqual(System.Language,Hebrew)">ButtonR1</include>
	  <include condition="!String.IsEqual(System.Language,Hebrew)">ButtonL1</include>-->
      <radioposx>0</radioposx>
    </control>
    <control type="spincontrolex" id="5" description="חץ למעלה/למטה">
	  
	  <font>size30</font>
	  <!--<include condition="String.IsEqual(System.Language,Hebrew)">AddonSettings_he</include>
	  <textoffsetx>60</textoffsetx>-->
	  <include>ButtonL2</include>
      <!--<include condition="String.IsEqual(System.Language,Hebrew)">ButtonR1</include>
	  <include condition="!String.IsEqual(System.Language,Hebrew)">ButtonL1</include>-->
      <reverse>yes</reverse>
    </control>
    <control type="image" id="6" description="Default separator image">
      <texture>-</texture>
	  <height>1</height>
    </control>
    <control type="sliderex" id="8" description="featherence ימינה/שמאלה">
	  <width>100</width>
	  <font>size30</font>
	  <include>ButtonL2</include>
	  <!--<include condition="String.IsEqual(System.Language,Hebrew)">ButtonR1</include>
	  <include condition="!String.IsEqual(System.Language,Hebrew)">ButtonL1</include>-->
    </control>
    <include>TopInformation</include>
  </controls>
</window>