<?xml version="1.0" encoding="UTF-8"?>
<includes>
  
  <include name="SetProperty_Widget" description="">
    <control type="button">
	  <onfocus description="WidgetButton.ID_BASE" condition="!Skin.HasSetting(Touch_Support) + !Window.IsVisible(CustomHomeCustomizer2.xml)">SetProperty(WidgetButton.ID_,$INFO[Container(315).ListItemNoWrap(0).Property(id)],home)</onfocus>
	  <onfocus description="WidgetButton.Name-Home" condition="!Skin.HasSetting(Touch_Support) + !Window.IsVisible(CustomHomeCustomizer2.xml)">SetProperty(WidgetButton.Name,$INFO[System.CurrentControl],home)</onfocus>
	  <!--<onfocus description="Button.ID_BASE-CustomHome" condition="Window.IsVisible(CustomHomeCustomizer.xml) + !Window.IsVisible(CustomHomeCustomizer2.xml)">SetProperty(Button.ID_,$INFO[Container(50).ListItemNoWrap(0).Property(id)],home)</onfocus>-->
	  <!--<onfocus description="Button.ID-Home" condition="!Window.IsVisible(CustomHomeCustomizer2.xml)">SetProperty(Button.ID,$INFO[Container(9000).ListItem(0).Label2],home)</onfocus>
	  <onfocus description="Button.Name-Home" condition="!Window.IsVisible(CustomHomeCustomizer2.xml)">SetProperty(Button.Name,$INFO[System.CurrentControl],home)</onfocus>-->
	  
	  <onfocus description="WidgetButton.ID_BASE-CustomHome2" condition="!Skin.HasSetting(Touch_Support) + Window.IsVisible(CustomHomeCustomizer2.xml)">SetProperty(TEMP2,$INFO[Container(315).ListItemNoWrap(0).Property(id)],home)</onfocus>
	  <onfocus description="WidgetButton.ID-CustomHome2" condition="!Skin.HasSetting(Touch_Support) + Window.IsVisible(CustomHomeCustomizer2.xml)">SetProperty(TEMP,$INFO[Container(315).ListItem(0).Label2],home)</onfocus>
	  
	  <visible>false</visible>
	</control>
  </include>
  
  <include name="editButton_Widget">
	  <onclick description="WidgetButton.ID_BASE" condition="Skin.HasSetting(Touch_Support) + !Window.IsVisible(CustomHomeCustomizer2.xml)">SetProperty(WidgetButton.ID_,$INFO[Container(315).ListItemNoWrap(0).Property(id)],home)</onclick>
	  <onclick description="WidgetButton.Name-Home" condition="Skin.HasSetting(Touch_Support) + !Window.IsVisible(CustomHomeCustomizer2.xml)">SetProperty(WidgetButton.Name,$INFO[System.CurrentControl],home)</onclick>
	  <onclick description="WidgetButton.ID_BASE-CustomHome2" condition="Skin.HasSetting(Touch_Support) + Window.IsVisible(CustomHomeCustomizer2.xml)">SetProperty(TEMP2,$INFO[Container(315).ListItemNoWrap(0).Property(id)],home)</onclick>
	  <onclick description="WidgetButton.ID-CustomHome2" condition="Skin.HasSetting(Touch_Support) + Window.IsVisible(CustomHomeCustomizer2.xml)">SetProperty(TEMP,$INFO[Container(315).ListItem(0).Label2],home)</onclick>
	  <onclick description="editButton-Touch" condition="Skin.HasSetting(Touch_Support) + Window.IsVisible(CustomHomeCustomizer.xml) + !Window.IsVisible(CustomHomeCustomizer2.xml)">RunScript(script.featherence.service,,?mode=32&amp;value=9&amp;value2=1175)</onclick>
	  <onclick description="editButton" condition="!Skin.HasSetting(Touch_Support) + Window.IsVisible(CustomHomeCustomizer.xml) + !Window.IsVisible(CustomHomeCustomizer2.xml)">ActivateWindow(1175)</onclick>
  </include>
  
  <include name="Widget_Home">
    <control type="group" description="">
		<visible>Container(9000).Row(0) + !Container(9000).Row(1) + !Container(9000).HasPrevious() | ![Skin.String(MenuDesign,0) | Skin.String(MenuDesign,1) | Skin.String(MenuDesign,7)]</visible>
		<visible>Window.IsVisible(CustomHomeCustomizer.xml) | Window.IsVisible(CustomHomeCustomizer2.xml) | String.IsEmpty(Container(9000).ListItem(0).Property(pwd)) | [!String.IsEmpty(Container(9000).ListItem(0).Property(pwd)) + !String.IsEmpty(Window(home).Property(PassProtect))]</visible>
		<visible>!Window.IsVisible(Custom1173.xml) | Window.IsVisible(Custom1170.xml) + [String.IsEqual(Window(home).Property(TEMP),WidgetUnFocusFontColor) | String.IsEqual(Window(home).Property(TEMP),WidgetFocusFontColor)]</visible>
		<!--<visible>!Skin.HasSetting(widget) | ![String.IsEqual(Window(home).Property(Button.ID),90) | String.IsEqual(Window(home).Property(Button.ID),91)]</visible>-->
		<control type="group" description="סמן חץ ימינה">
			<visible>[Control.HasFocus(311) + Container(311).HasNext] | [Control.HasFocus(312) + Container(312).HasNext] | [Control.HasFocus(315) + Container(315).HasNext]</visible>
			<posx>60r</posx>
			<posy>275</posy>
			<control type="image" description="לא נבחר5">
			  <width>40</width>
			  <height>40</height>
			  <texture border="0">images/ArrowNF.png</texture>
			  <visible>[Control.HasFocus(311) + !Container(311).Position(4)] | [Control.HasFocus(312) + !Container(312).Position(4)] | [Control.HasFocus(315) + !Container(315).Position(4)]</visible>
			  <visible>!Skin.String(WidgetDesign)</visible>
			</control>
			<control type="image" description="נבחר5">
			  <width>40</width>
			  <height>40</height>
			  <texture border="0">images/ArrowFO.png</texture>
			  <visible>[Control.HasFocus(311) + Container(311).Position(4)] | [Control.HasFocus(312) + Container(312).Position(4)] | [Control.HasFocus(315) + Container(315).Position(4)]</visible>
			  <visible>!Skin.String(WidgetDesign)</visible>
			</control>
			
			<control type="image" description="לא נבחר7">
			  <width>40</width>
			  <height>40</height>
			  <texture border="0">images/ArrowNF.png</texture>
			  <visible>[Control.HasFocus(311) + !Container(311).Position(6)] | [Control.HasFocus(312) + !Container(312).Position(6)] | [Control.HasFocus(315) + !Container(315).Position(6)]</visible>
			  <visible>Skin.String(WidgetDesign,0)</visible>
			</control>
			<control type="image" description="נבחר7">
			  <width>40</width>
			  <height>40</height>
			  <texture border="0">images/ArrowFO.png</texture>
			  <visible>[Control.HasFocus(311) + Container(311).Position(6)] | [Control.HasFocus(312) + Container(312).Position(6)] | [Control.HasFocus(315) + Container(315).Position(6)]</visible>
			  <visible>Skin.String(WidgetDesign,0)</visible>
			</control>
			
			<control type="image" description="לא נבחר9">
			  <width>40</width>
			  <height>40</height>
			  <texture border="0">images/ArrowNF.png</texture>
			  <visible>[Control.HasFocus(311) + !Container(311).Position(8)] | [Control.HasFocus(312) + !Container(312).Position(8)] | [Control.HasFocus(315) + !Container(315).Position(8)]</visible>
			  <visible>Skin.String(WidgetDesign,1)</visible>
			</control>
			<control type="image" description="נבחר9">
			  <width>40</width>
			  <height>40</height>
			  <texture border="0">images/ArrowFO.png</texture>
			  <visible>[Control.HasFocus(311) + Container(311).Position(8)] | [Control.HasFocus(312) + Container(312).Position(8)] | [Control.HasFocus(315) + Container(315).Position(8)]</visible>
			  <visible>Skin.String(WidgetDesign,1)</visible>
			</control>
		</control>
		
		<control type="group" description="סמן חץ שמאלה">
			<visible>[Control.HasFocus(311) + Container(311).HasPrevious] | [Control.HasFocus(312) + Container(312).HasPrevious] | [Control.HasFocus(315) + Container(315).HasPrevious]</visible>
			<posx>20l</posx>
			<posy>275</posy>
			<control type="image" description="לא נבחר5">
			  <width>40</width>
			  <height>40</height>
			  <texture border="0">images/Arrow2NF.png</texture>
			  <visible>[Control.HasFocus(311) + !Container(311).Position(0)] | [Control.HasFocus(312) + !Container(312).Position(0)] | [Control.HasFocus(315) + !Container(315).Position(0)]</visible>
			</control>
			<control type="image" description="נבחר5">
			  <width>40</width>
			  <height>40</height>
			  <texture border="0">images/Arrow2FO.png</texture>
			  <visible>[Control.HasFocus(311) + Container(311).Position(0)] | [Control.HasFocus(312) + Container(312).Position(0)] | [Control.HasFocus(315) + Container(315).Position(0)]</visible>
			</control>
		</control>
		
		<control type="group" id="700" description="Shelf items שורה עליונה בכחול">
		  <animation condition="[Skin.String(MenuDesign,4)] + [!Control.HasFocus(311) + !Control.HasFocus(312) + !Control.HasFocus(315) + Control.HasFocus(9000)] + String.IsEqual(System.Language,Hebrew)" effect="slide" start="0,0" end="-300,0">Conditional</animation>
		  <animation condition="[Skin.String(MenuDesign,4)] + [!Control.HasFocus(311) + !Control.HasFocus(312) + !Control.HasFocus(315) + Control.HasFocus(9000)] + !String.IsEqual(System.Language,Hebrew)" effect="slide" start="0,0" end="300,0">Conditional</animation>
		  <include description="פנל מדף סרטים שנוספו לאחרונה" condition="!Skin.HasSetting(MoviesShelfWL)">Movies_RA</include>
		  <include condition="Skin.HasSetting(MoviesShelfWL)">Movies_WL</include> 
		  <include description="פנל מדף פרקים שנוספו לאחרונה" condition="!Skin.HasSetting(TVShelf_Watchlist)">TV_RAIR</include> 
		  <include condition="Skin.HasSetting(TVShelf_Watchlist)">TV_WL</include>
		  <include>MenuDesign_Widget</include>
		  <onright condition="Control.IsVisible(9009) + !String.IsEqual(System.Language,Hebrew) + Skin.String(MenuDesign,4)">9009</onright>
		  <onleft condition="Control.IsVisible(9009) + String.IsEqual(System.Language,Hebrew) + Skin.String(MenuDesign,4)">9009</onleft>
		  <onup condition="Control.IsVisible(9009)">9009</onup>
		  <onup condition="Control.IsVisible(7011)">7017</onup>
		  <onup condition="Player.HasAudio + !Control.IsVisible(9009)">ActivateWindow(12901)</onup>
		  <ondown>9000</ondown>
		</control>
	</control>
  </include>
  
  <include name="MenuDesign_Widget" description="תפריט וידגט עליון">
    <control type="panel" id="315">
		<visible>!Control.IsVisible(311) + !Control.IsVisible(312)</visible>
		<onright>315</onright>
		<onleft>315</onleft>
		<onup>9009</onup>
		<ondown condition="!Window.IsVisible(CustomHomeCustomizer2.xml)">9000</ondown>
		<include condition="!Skin.String(WidgetDesign)">MoviesShortcutsCommons</include>
		<include condition="Skin.String(WidgetDesign,0)">MoviesShortcutsCommons0</include>
		<include condition="Skin.String(WidgetDesign,1)">MoviesShortcutsCommons1</include>
		<content>
		  <include condition="true">WidgetContent_17</include>
		  <include condition="true">WidgetContent_18</include>
		  <include condition="true">WidgetContent_19</include>
		  <include condition="true">WidgetContent_90</include>
		  <include condition="true">WidgetContent_91</include>
		  <include condition="true">WidgetContent_92</include>
		  <include condition="true">WidgetContent_93</include>
		  <include condition="true">WidgetContent_94</include>
		  <include condition="true">WidgetContent_95</include>
		  <include condition="true">WidgetContent_96</include>
		  <include condition="true">WidgetContent_97</include>
		  <include condition="true">WidgetContent_98</include>
		  <include condition="true">WidgetContent_99</include>
		  <include condition="true">WidgetContent_100</include>
		  <include condition="true">WidgetContent_101</include>
		  <include condition="true">WidgetContent_102</include>
		  <include condition="true">WidgetContent_103</include>
		  <include condition="true">WidgetContent_104</include>
		  <include condition="true">WidgetContent_105</include>
		  <include condition="true">WidgetContent_106</include>
		  <include condition="true">WidgetContent_107</include>
		  <include condition="true">WidgetContent_108</include>
		  <include condition="true">WidgetContent_109</include>
		  <include condition="true">WidgetContent_110</include>
		  <include condition="true">WidgetContent_111</include>
		  <include condition="true">WidgetContent_112</include>
		  <include condition="true">WidgetContent_113</include>
		  <include condition="true">WidgetContent_114</include>
		  <include condition="true">WidgetContent_115</include>
		  <include condition="true">WidgetContent_116</include>
		  <include condition="true">WidgetContent_117</include>
		  <include condition="true">WidgetContent_118</include>
		  <include condition="true">WidgetContent_119</include>
		</content>
	</control>
	
	<control type="grouplist" description="קדימונים 5">
	  <include>Fade10</include>
	  <visible>!Skin.HasSetting(EnableTrailerButton2) + !Skin.String(WidgetDesign) + Control.IsVisible(311)</visible>
	  <posx>275</posx>
	  <posy>155</posy>
	  <width>1900</width>
	  <height>985</height>
	  <orientation>horizontal</orientation>
	  <itemgap>300</itemgap>
	  <include>Trailer_311_5</include>
	</control>
	
	<control type="grouplist" description="קדימונים 7">
	  <include>Fade10</include>
	  <visible>!Skin.HasSetting(EnableTrailerButton2) + Skin.String(WidgetDesign,0) + Control.IsVisible(311)</visible>
	  <posx>218</posx>
	  <posy>155</posy>
	  <width>1900</width>
	  <height>985</height>
	  <orientation>horizontal</orientation>
	  <itemgap>190</itemgap>
	  <include>Trailer_311_7</include>
	</control>
	
	<control type="grouplist" description="קדימונים 9">
	  <include>Fade10</include>
	  <visible>!Skin.HasSetting(EnableTrailerButton2) + Skin.String(WidgetDesign,1) + Control.IsVisible(311)</visible>
	  <posx>188</posx>
	  <posy>155</posy>
	  <width>1900</width>
	  <height>985</height>
	  <orientation>horizontal</orientation>
	  <itemgap>132</itemgap>
	  <include>Trailer_311_9</include>
	</control>
	
  </include>
  
  <include name="Trailer_311_5">
    <control type="button" description="קדימון סרט 0">
	  <animation condition="String.IsEmpty(Container(311).ListItemPosition(0).Property(Trailer)) | String.IsEqual(Container(311).ListItemPosition(0).Overlay,OverlayWatched.png)" effect="fade" start="100" end="0" reversible="true">Conditional</animation>
	  <include>Trailer_311_5_</include>
    </control>
	<control type="button" description="קדימון סרט 1">
	  <animation condition="String.IsEmpty(Container(311).ListItemPosition(1).Property(Trailer))  | String.IsEqual(Container(311).ListItemPosition(1).Overlay,OverlayWatched.png)" effect="fade" start="100" end="0">Conditional</animation>
	  <include>Trailer_311_5_</include>
    </control>
	<control type="button" description="קדימון סרט 2">
	  <animation condition="String.IsEmpty(Container(311).ListItemPosition(2).Property(Trailer)) | String.IsEqual(Container(311).ListItemPosition(2).Overlay,OverlayWatched.png)" effect="fade" start="100" end="0">Conditional</animation>
	  <include>Trailer_311_5_</include>
    </control>
	<control type="button" description="קדימון סרט 3">
	  <animation condition="String.IsEmpty(Container(311).ListItemPosition(3).Property(Trailer)) | String.IsEqual(Container(311).ListItemPosition(3).Overlay,OverlayWatched.png)" effect="fade" start="100" end="0">Conditional</animation>
	  <include>Trailer_311_5_</include>
    </control>
	<control type="button" description="קדימון סרט 4">
	  <animation condition="String.IsEmpty(Container(311).ListItemPosition(4).Property(Trailer)) | String.IsEqual(Container(311).ListItemPosition(4).Overlay,OverlayWatched.png)" effect="fade" start="100" end="0">Conditional</animation>
	  <include>Trailer_311_5_</include>
    </control>
  </include>
  
  <include name="Trailer_311_7">
    <control type="button" description="קדימון סרט 0">
	  <animation condition="String.IsEmpty(Container(311).ListItemPosition(0).Property(Trailer)) | String.IsEqual(Container(311).ListItemPosition(0).Overlay,OverlayWatched.png)" effect="fade" start="100" end="0" reversible="true">Conditional</animation>
	  <include>Trailer_311_7_</include>
    </control>
	<control type="button" description="קדימון סרט 1">
	  <animation condition="String.IsEmpty(Container(311).ListItemPosition(1).Property(Trailer))  | String.IsEqual(Container(311).ListItemPosition(1).Overlay,OverlayWatched.png)" effect="fade" start="100" end="0">Conditional</animation>
	  <include>Trailer_311_7_</include>
    </control>
	<control type="button" description="קדימון סרט 2">
	  <animation condition="String.IsEmpty(Container(311).ListItemPosition(2).Property(Trailer)) | String.IsEqual(Container(311).ListItemPosition(2).Overlay,OverlayWatched.png)" effect="fade" start="100" end="0">Conditional</animation>
	  <include>Trailer_311_7_</include>
    </control>
	<control type="button" description="קדימון סרט 3">
	  <animation condition="String.IsEmpty(Container(311).ListItemPosition(3).Property(Trailer)) | String.IsEqual(Container(311).ListItemPosition(3).Overlay,OverlayWatched.png)" effect="fade" start="100" end="0">Conditional</animation>
	  <include>Trailer_311_7_</include>
    </control>
	<control type="button" description="קדימון סרט 4">
	  <animation condition="String.IsEmpty(Container(311).ListItemPosition(4).Property(Trailer)) | String.IsEqual(Container(311).ListItemPosition(4).Overlay,OverlayWatched.png)" effect="fade" start="100" end="0">Conditional</animation>
	  <include>Trailer_311_7_</include>
    </control>
	<control type="button" description="קדימון סרט 5">
	  <animation condition="String.IsEmpty(Container(311).ListItemPosition(5).Property(Trailer)) | String.IsEqual(Container(311).ListItemPosition(5).Overlay,OverlayWatched.png)" effect="fade" start="100" end="0">Conditional</animation>
	  <include>Trailer_311_7_</include>
    </control>
	<control type="button" description="קדימון סרט 6">
	  <animation condition="String.IsEmpty(Container(311).ListItemPosition(6).Property(Trailer)) | String.IsEqual(Container(311).ListItemPosition(6).Overlay,OverlayWatched.png)" effect="fade" start="100" end="0">Conditional</animation>
	  <include>Trailer_311_7_</include>
    </control>
  </include>
  
  <include name="Trailer_311_9">
    <control type="button" description="קדימון סרט 0">
	  <animation condition="String.IsEmpty(Container(311).ListItemPosition(0).Property(Trailer)) | String.IsEqual(Container(311).ListItemPosition(0).Overlay,OverlayWatched.png)" effect="fade" start="100" end="0" reversible="true">Conditional</animation>
	  <include>Trailer_311_9_</include>
    </control>
	<control type="button" description="קדימון סרט 1">
	  <animation condition="String.IsEmpty(Container(311).ListItemPosition(1).Property(Trailer))  | String.IsEqual(Container(311).ListItemPosition(1).Overlay,OverlayWatched.png)" effect="fade" start="100" end="0">Conditional</animation>
	  <include>Trailer_311_9_</include>
    </control>
	<control type="button" description="קדימון סרט 2">
	  <animation condition="String.IsEmpty(Container(311).ListItemPosition(2).Property(Trailer)) | String.IsEqual(Container(311).ListItemPosition(2).Overlay,OverlayWatched.png)" effect="fade" start="100" end="0">Conditional</animation>
	  <include>Trailer_311_9_</include>
    </control>
	<control type="button" description="קדימון סרט 3">
	  <animation condition="String.IsEmpty(Container(311).ListItemPosition(3).Property(Trailer)) | String.IsEqual(Container(311).ListItemPosition(3).Overlay,OverlayWatched.png)" effect="fade" start="100" end="0">Conditional</animation>
	  <include>Trailer_311_9_</include>
    </control>
	<control type="button" description="קדימון סרט 4">
	  <animation condition="String.IsEmpty(Container(311).ListItemPosition(4).Property(Trailer)) | String.IsEqual(Container(311).ListItemPosition(4).Overlay,OverlayWatched.png)" effect="fade" start="100" end="0">Conditional</animation>
	  <include>Trailer_311_9_</include>
    </control>
	<control type="button" description="קדימון סרט 5">
	  <animation condition="String.IsEmpty(Container(311).ListItemPosition(5).Property(Trailer)) | String.IsEqual(Container(311).ListItemPosition(5).Overlay,OverlayWatched.png)" effect="fade" start="100" end="0">Conditional</animation>
	  <include>Trailer_311_9_</include>
    </control>
	<control type="button" description="קדימון סרט 6">
	  <animation condition="String.IsEmpty(Container(311).ListItemPosition(6).Property(Trailer)) | String.IsEqual(Container(311).ListItemPosition(6).Overlay,OverlayWatched.png)" effect="fade" start="100" end="0">Conditional</animation>
	  <include>Trailer_311_9_</include>
    </control>
	<control type="button" description="קדימון סרט 7">
	  <animation condition="String.IsEmpty(Container(311).ListItemPosition(7).Property(Trailer)) | String.IsEqual(Container(311).ListItemPosition(7).Overlay,OverlayWatched.png)" effect="fade" start="100" end="0">Conditional</animation>
	  <include>Trailer_311_9_</include>
    </control>
	<control type="button" description="קדימון סרט 8">
	  <animation condition="String.IsEmpty(Container(311).ListItemPosition(8).Property(Trailer)) | String.IsEqual(Container(311).ListItemPosition(8).Overlay,OverlayWatched.png)" effect="fade" start="100" end="0">Conditional</animation>
	  <include>Trailer_311_9_</include>
    </control>
  </include>

  <include name="Trailer_311_5_">
    <animation condition="Container(311).Scrolling | Container(311).OnScrollNext | Container(311).OnScrollPrevious" effect="fade" start="100" end="0" time="0" reversible="false">Conditional</animation>
	<animation condition="!Container(311).Scrolling + !Container(311).OnScrollNext + !Container(311).OnScrollPrevious" effect="fade" start="0" end="100" delay="220" time="1000" reversible="false">Conditional</animation>
	<height>70</height>
	<posx>430</posx>
	<posy>430</posy>
	<width>70</width>
	<texturefocus>osd/buttons/OSDTrailerFO.png</texturefocus>
	<texturenofocus>osd/buttons/OSDTrailerNF.png</texturenofocus>
	<include>Trailers_311_Onclick</include>
  </include>
  
  <include name="Trailer_311_7_">
    <animation condition="Container(311).Scrolling | Container(311).OnScrollNext | Container(311).OnScrollPrevious" effect="fade" start="100" end="0" time="0" reversible="false">Conditional</animation>
	<animation condition="!Container(311).Scrolling + !Container(311).OnScrollNext + !Container(311).OnScrollPrevious" effect="fade" start="0" end="100" delay="220" time="1000" reversible="false">Conditional</animation>
	<height>70</height>
	<posx>0</posx>
	<posy>430</posy>
	<width>70</width>
	<texturefocus>osd/buttons/OSDTrailerFO.png</texturefocus>
	<texturenofocus>osd/buttons/OSDTrailerNF.png</texturenofocus>
	<include>Trailers_311_Onclick</include>
  </include>
  
  <include name="Trailer_311_9_">
    <animation condition="Container(311).Scrolling | Container(311).OnScrollNext | Container(311).OnScrollPrevious" effect="fade" start="100" end="0" time="0" reversible="false">Conditional</animation>
	<animation condition="!Container(311).Scrolling + !Container(311).OnScrollNext + !Container(311).OnScrollPrevious" effect="fade" start="0" end="100" delay="220" time="1000" reversible="false">Conditional</animation>
	<height>70</height>
	<posx>0</posx>
	<posy>430</posy>
	<width>70</width>
	<texturefocus>osd/buttons/OSDTrailerFO.png</texturefocus>
	<texturenofocus>osd/buttons/OSDTrailerNF.png</texturenofocus>
	<include>Trailers_311_Onclick</include>
  </include>
  
  <include name="Trailers_311_Onclick">
    <onclick condition="Container(311).HasFocus(1)">RunScript(script.featherence.service,,?mode=24&amp;value=RecentMovie.1&amp;value2=trailers)</onclick>
	<onclick condition="Container(311).HasFocus(2)">RunScript(script.featherence.service,,?mode=24&amp;value=RecentMovie.2&amp;value2=trailers)</onclick>
	<onclick condition="Container(311).HasFocus(3)">RunScript(script.featherence.service,,?mode=24&amp;value=RecentMovie.3&amp;value2=trailers)</onclick>
	<onclick condition="Container(311).HasFocus(4)">RunScript(script.featherence.service,,?mode=24&amp;value=RecentMovie.4&amp;value2=trailers)</onclick>
	<onclick condition="Container(311).HasFocus(5)">RunScript(script.featherence.service,,?mode=24&amp;value=RecentMovie.5&amp;value2=trailers)</onclick>
	<onclick condition="Container(311).HasFocus(6)">RunScript(script.featherence.service,,?mode=24&amp;value=RecentMovie.6&amp;value2=trailers)</onclick>
	<onclick condition="Container(311).HasFocus(7)">RunScript(script.featherence.service,,?mode=24&amp;value=RecentMovie.7&amp;value2=trailers)</onclick>
	<onclick condition="Container(311).HasFocus(8)">RunScript(script.featherence.service,,?mode=24&amp;value=RecentMovie.8&amp;value2=trailers)</onclick>
	<onclick condition="Container(311).HasFocus(9)">RunScript(script.featherence.service,,?mode=24&amp;value=RecentMovie.9&amp;value2=trailers)</onclick>
	<onclick condition="Container(311).HasFocus(10)">RunScript(script.featherence.service,,?mode=24&amp;value=RecentMovie.10&amp;value2=trailers)</onclick>
  </include>
  
  <include name="MoviesShortcutsCommons" description="מדף סרטים/סדרות5">
	<posx>40</posx>
    <posy>90</posy>
    <width>1920</width>
    <height>500</height>
    <orientation>horizontal</orientation>
    <itemlayout height="350" width="368">
      <control type="group">
		  <include>Fade10</include>
		  <control type="image" description="תמונה לא נבחר">
		    <posx>50</posx>
		    <posy>60</posy>
		    <width>270</width>
		    <height>330</height>
		    <include condition="!Skin.String(ButtonsDesign) + Skin.HasSetting(ButtonsDesignWidget)">ButtonsDesign_thumb</include>
		    <include condition="Skin.String(ButtonsDesign,0) + Skin.HasSetting(ButtonsDesignWidget)">ButtonsDesign0_thumb</include>
		    <include condition="Skin.String(ButtonsDesign,1) + Skin.HasSetting(ButtonsDesignWidget)">ButtonsDesign1_thumb</include>
		    <include condition="Skin.String(ButtonsDesign,2) + Skin.HasSetting(ButtonsDesignWidget)">ButtonsDesign2_thumb</include>
		    <include condition="Skin.String(ButtonsDesign,3) + Skin.HasSetting(ButtonsDesignWidget)">ButtonsDesign3_thumb</include>
		    <include condition="Skin.String(ButtonsDesign,4) + Skin.HasSetting(ButtonsDesignWidget)">ButtonsDesign4_thumb</include>
		    <texture>$INFO[ListItem.Thumb]</texture>
		  </control>
		  <control type="image" description="צללית">
		    <posx>50</posx>
            <posy>60</posy>
            <width>270</width>
            <height>330</height>
		    <include condition="!Skin.String(ButtonsDesign) + Skin.HasSetting(ButtonsDesignWidget)">ButtonsDesign_shadow</include>
		    <include condition="Skin.String(ButtonsDesign,0) + Skin.HasSetting(ButtonsDesignWidget)">ButtonsDesign0_shadow</include>
		    <include condition="Skin.String(ButtonsDesign,1) + Skin.HasSetting(ButtonsDesignWidget)">ButtonsDesign1_shadow</include>
		    <include condition="Skin.String(ButtonsDesign,2) + Skin.HasSetting(ButtonsDesignWidget)">ButtonsDesign2_shadow</include>
		    <include condition="Skin.String(ButtonsDesign,3) + Skin.HasSetting(ButtonsDesignWidget)">ButtonsDesign3_shadow</include>
		    <include condition="Skin.String(ButtonsDesign,4) + Skin.HasSetting(ButtonsDesignWidget)">ButtonsDesign4_shadow</include>
            <texture>buttons/effects/shadow0.png</texture>
		    <visible>Skin.HasSetting(ShadowButton) + Skin.HasSetting(ButtonsDesignWidget)</visible>
          </control>
		  <control type="image" description="שקופית">
            <posx>50</posx>
            <posy>60</posy>
            <width>270</width>
            <height>330</height>
		    <include condition="!Skin.String(ButtonsDesign) + Skin.HasSetting(ButtonsDesignWidget)">ButtonsDesign_gardient</include>
		    <include condition="Skin.String(ButtonsDesign,0) + Skin.HasSetting(ButtonsDesignWidget)">ButtonsDesign0_gardient</include>
		    <include condition="Skin.String(ButtonsDesign,1) + Skin.HasSetting(ButtonsDesignWidget)">ButtonsDesign1_gardient</include>
		    <include condition="Skin.String(ButtonsDesign,2) + Skin.HasSetting(ButtonsDesignWidget)">ButtonsDesign2_gardient</include>
		    <include condition="Skin.String(ButtonsDesign,3) + Skin.HasSetting(ButtonsDesignWidget)">ButtonsDesign3_gardient</include>
		    <include condition="Skin.String(ButtonsDesign,4) + Skin.HasSetting(ButtonsDesignWidget)">ButtonsDesign4_gardient</include>
            <texture>buttons/effects/gardient0.png</texture>
		    <visible>!Skin.HasSetting(OverlayButton) + Skin.HasSetting(ButtonsDesignWidget) | String.IsEmpty(ListItem.Thumb)</visible>
          </control>
		  <control type="image" description="שפוע Bevel">
            <posx>50</posx>
            <posy>60</posy>
            <width>270</width>
            <height>330</height>
		    <include condition="!Skin.String(ButtonsDesign) + Skin.HasSetting(ButtonsDesignWidget)">ButtonsDesign_bevel</include>
		    <include condition="Skin.String(ButtonsDesign,0) + Skin.HasSetting(ButtonsDesignWidget)">ButtonsDesign0_bevel</include>
		    <include condition="Skin.String(ButtonsDesign,1) + Skin.HasSetting(ButtonsDesignWidget)">ButtonsDesign1_bevel</include>
		    <include condition="Skin.String(ButtonsDesign,2) + Skin.HasSetting(ButtonsDesignWidget)">ButtonsDesign2_bevel</include>
		    <include condition="Skin.String(ButtonsDesign,3) + Skin.HasSetting(ButtonsDesignWidget)">ButtonsDesign3_bevel</include>
		    <include condition="Skin.String(ButtonsDesign,4) + Skin.HasSetting(ButtonsDesignWidget)">ButtonsDesign4_bevel</include>
            <texture border="-10" diffuse="buttons/ButtonA0.png">buttons/effects/bevel0.png</texture>
		    <visible>!Skin.HasSetting(BevelButton) + Skin.HasSetting(ButtonsDesignWidget)</visible>
          </control>
		  <control type="image" description="מסגרת (Stroke)">
		    <posx>50</posx>
            <posy>60</posy>
            <width>270</width>
            <height>330</height>
		    <include condition="!Skin.String(ButtonsDesign) + Skin.HasSetting(ButtonsDesignWidget)">ButtonsDesign_stroke</include>
		    <include condition="Skin.String(ButtonsDesign,0) + Skin.HasSetting(ButtonsDesignWidget)">ButtonsDesign0_stroke</include>
		    <include condition="Skin.String(ButtonsDesign,1) + Skin.HasSetting(ButtonsDesignWidget)">ButtonsDesign1_stroke</include>
		    <include condition="Skin.String(ButtonsDesign,2) + Skin.HasSetting(ButtonsDesignWidget)">ButtonsDesign2_stroke</include>
		    <include condition="Skin.String(ButtonsDesign,3) + Skin.HasSetting(ButtonsDesignWidget)">ButtonsDesign3_stroke</include>
		    <include condition="Skin.String(ButtonsDesign,4) + Skin.HasSetting(ButtonsDesignWidget)">ButtonsDesign4_stroke</include>
		    <texture diffuse="buttons/ButtonA0.png">buttons/effects/stroke0.png</texture>
		    <visible>Skin.HasSetting(StrokeButton) + Skin.HasSetting(ButtonsDesignWidget)</visible>
		  </control>
		  <control type="image" description="OFF">
		    <aspectratio>keep</aspectratio>
		    <height>200</height>
		    <posx>25</posx>
		    <posy>120</posy>
		    <texture>misc/help/off.png</texture>
		    <visible>String.IsEmpty(ListItem.Property(off)) | Window.IsVisible(Custom1173.xml) + String.IsEmpty(Container(315).ListItem(0).Property(off))</visible>
			<visible>Control.IsVisible(315) | Window.IsVisible(Custom1175.xml)</visible>
			<visible>![String.IsEqual(Window(home).Property(Button.ID),90) + !Skin.String(widget311) | String.IsEqual(Window(home).Property(Button.ID),Skin.String(widget311))]</visible>
			<visible>![String.IsEqual(Window(home).Property(Button.ID),91) + !Skin.String(widget312) | String.IsEqual(Window(home).Property(Button.ID),Skin.String(widget312))]</visible>
			<visible>Window.IsVisible(CustomHomeCustomizer.xml)</visible>
		    <width>332</width>
          </control>
		  <control type="image" description="דירוג">
		    <animation condition="true" effect="rotate" end="-90" center="350,140" time="0">Conditional</animation>
		    <aspectratio align="center">keep</aspectratio>
		    <height>140</height>
		    <posx>240</posx>   <!--למעלה/למטה-->
		    <posy>390</posy>   <!--שמאלה/ימינה-->
		    <texture>$VAR[TopVideoInformation3]</texture>
		    <visible>!String.IsEmpty(Control.GetLabel(1103))</visible>
		    <visible>false</visible>
		    <width>170</width>
		  </control>
		  <control type="label" description="שנה">
		    <align>center</align>
		    <label>$INFO[ListItem.Property(year)]</label>   <!--[CR]$LOCALIZE[12391] $INFO[Container(311).ListItem(0).Property(runtime)]-->
		    <font>size28</font>
		    <height>30</height>
		    <posx>57</posx>
		    <posy>-2</posy>
		    <textcolor>$VAR[WidgetUnFocusFontColor]</textcolor>
		    <visible>!String.IsEmpty(ListItem.Property(year))</visible>
		    <visible>false</visible>
		    <width>265</width>
		  </control>
		  <control type="group" description="עונה ופרק">
			<animation condition="Skin.HasSetting(ButtonsDesignWidget)" effect="fade" start="60" end="60" time="0">Conditional</animation>
		    <animation condition="!Skin.HasSetting(ButtonsDesignWidget)" effect="fade" start="90" end="90" time="0">Conditional</animation>
			<posx>50</posx>
			<posy>360</posy>
			<control type="image" description="שחור">
			  <height>30</height>
			  <posx>0</posx>
			  <width>270</width>
			  <include condition="!Skin.String(ButtonsDesign) + Skin.HasSetting(ButtonsDesignWidget)">ButtonsDesign_black</include>
		      <include condition="Skin.String(ButtonsDesign,0) + Skin.HasSetting(ButtonsDesignWidget)">ButtonsDesign0_black</include>
		      <include condition="Skin.String(ButtonsDesign,1) + Skin.HasSetting(ButtonsDesignWidget)">ButtonsDesign1_black</include>
		      <include condition="Skin.String(ButtonsDesign,2) + Skin.HasSetting(ButtonsDesignWidget)">ButtonsDesign2_black</include>
		      <include condition="Skin.String(ButtonsDesign,3) + Skin.HasSetting(ButtonsDesignWidget)">ButtonsDesign3_black</include>
		      <include condition="Skin.String(ButtonsDesign,4) + Skin.HasSetting(ButtonsDesignWidget)">ButtonsDesign4_black</include>
			  <texture colordiffuse="ff000000" border="0">buttons/ButtonA0.png</texture>
			  <visible>!Skin.HasSetting(WidgetLabelBackground) + !String.IsEmpty(ListItem.Label)</visible>
			</control>
			<control type="label" description="עונה ופרק">
			  <align>center</align>
			  <label>$INFO[ListItem.Property(se)]</label> <!--[CR]$LOCALIZE[12391] $INFO[Container(311).ListItem(0).Property(runtime)]-->
			  <font>size28</font>
			  <posx>0</posx>
			  <height>30</height>
			  <width>270</width>
			  <textcolor>$VAR[WidgetUnFocusFontColor]</textcolor>
			  <visible>!String.IsEmpty(ListItem.Property(se)) + Control.IsVisible(312)</visible>
			</control>
			<control type="label" description="כותרת">
			  <align>center</align>
			  <label>$VAR[WidgetLabel]</label>
			  <font>size18</font>
			  <height>30</height>
			  <posx>0</posx>
			  <textcolor>$VAR[WidgetUnFocusFontColor]</textcolor>
			  <shadowcolor>black</shadowcolor>
			  <scroll>false</scroll>
			  <width>270</width>
			  <visible>![!String.IsEmpty(ListItem.Property(se)) + Control.IsVisible(312)]</visible>
			  <visible>!Skin.HasSetting(BiggerWidgetLabels)</visible>
			</control>
			<control type="label" description="כותרת מוגדלת">
			  <align>center</align>
			  <label>$VAR[WidgetLabel]</label>
			  <font>size28</font>
			  <height>30</height>
			  <posx>8</posx>
			  <textcolor>$VAR[WidgetUnFocusFontColor]</textcolor>
			  <shadowcolor>black</shadowcolor>
			  <scroll>false</scroll>
			  <width>254</width>
			  <visible>![!String.IsEmpty(ListItem.Property(se)) + Control.IsVisible(312)]</visible>
			  <visible>Skin.HasSetting(BiggerWidgetLabels)</visible>
			</control>
		</control>
      </control>
    </itemlayout>
    <focusedlayout height="350" width="368">
	  <include>SetProperty_Widget</include>
	  <control type="group">
	      <animation condition="Control.HasFocus(312) + !Container(312).OnPrevious + !Container(312).OnNext | Control.HasFocus(311) + !Container(311).OnPrevious + !Container(311).OnNext" effect="fade" start="100" end="70" delay="5000" time="3000" reversible="false">Conditional</animation>
		  <control type="image" description="רקע פאנארט">
			<animation condition="Window.IsVisible(Home.xml) + [!Container(9000).Row(0) + !Container(9000).Row(1) | Container(9000).HasPrevious()]" effect="slide" start="0,0" end="0,551" time="220">Conditional</animation>
			<animation condition="Window.IsVisible(CustomHomeCustomizer.xml) + [!Container(50).Row(0) + !Container(50).Row(1) | Container(50).HasPrevious()]" effect="slide" start="0,0" end="0,551" time="220">Conditional</animation>
			<visible>!Skin.HasSetting(background) + [Control.HasFocus(311) | Control.HasFocus(312)]</visible>
			<include>Fade_BackgroundOverlay</include>
			<animation effect="fade" time="1000">WindowOpen</animation>
			<texture>$INFO[ListItem.Property(fanart)]</texture>
			<height>1080</height>
			<width>1920</width>
			<visible>false</visible>
		  </control>
		  <control type="image" description="תמונה נבחר">
			<posx>50</posx>
			<posy>60</posy>
			<width>270</width>
			<height>330</height>
			<include condition="!Skin.String(ButtonsDesign) + Skin.HasSetting(ButtonsDesignWidget)">ButtonsDesign_thumb2</include>
		    <include condition="Skin.String(ButtonsDesign,0) + Skin.HasSetting(ButtonsDesignWidget)">ButtonsDesign0_thumb2</include>
		    <include condition="Skin.String(ButtonsDesign,1) + Skin.HasSetting(ButtonsDesignWidget)">ButtonsDesign1_thumb2</include>
		    <include condition="Skin.String(ButtonsDesign,2) + Skin.HasSetting(ButtonsDesignWidget)">ButtonsDesign2_thumb2</include>
		    <include condition="Skin.String(ButtonsDesign,3) + Skin.HasSetting(ButtonsDesignWidget)">ButtonsDesign3_thumb2</include>
		    <include condition="Skin.String(ButtonsDesign,4) + Skin.HasSetting(ButtonsDesignWidget)">ButtonsDesign4_thumb2</include>
		    <texture>$INFO[ListItem.Thumb]</texture>
		  </control>
		  <control type="image" description="צללית">
		    <posx>50</posx>
            <posy>60</posy>
            <width>270</width>
            <height>330</height>
		    <include condition="!Skin.String(ButtonsDesign) + Skin.HasSetting(ButtonsDesignWidget)">ButtonsDesign_shadow</include>
		    <include condition="Skin.String(ButtonsDesign,0) + Skin.HasSetting(ButtonsDesignWidget)">ButtonsDesign0_shadow</include>
		    <include condition="Skin.String(ButtonsDesign,1) + Skin.HasSetting(ButtonsDesignWidget)">ButtonsDesign1_shadow</include>
		    <include condition="Skin.String(ButtonsDesign,2) + Skin.HasSetting(ButtonsDesignWidget)">ButtonsDesign2_shadow</include>
		    <include condition="Skin.String(ButtonsDesign,3) + Skin.HasSetting(ButtonsDesignWidget)">ButtonsDesign3_shadow</include>
		    <include condition="Skin.String(ButtonsDesign,4) + Skin.HasSetting(ButtonsDesignWidget)">ButtonsDesign4_shadow</include>
            <texture diffuse="buttons/ButtonA0.png">buttons/effects/shadow0.png</texture>
		    <visible>Skin.HasSetting(ShadowButton) + Skin.HasSetting(ButtonsDesignWidget)</visible>
          </control>
		  <control type="image" description="שקופית">
            <posx>50</posx>
            <posy>60</posy>
            <width>270</width>
            <height>330</height>
		    <include condition="!Skin.String(ButtonsDesign) + Skin.HasSetting(ButtonsDesignWidget)">ButtonsDesign_gardient</include>
		    <include condition="Skin.String(ButtonsDesign,0) + Skin.HasSetting(ButtonsDesignWidget)">ButtonsDesign0_gardient</include>
		    <include condition="Skin.String(ButtonsDesign,1) + Skin.HasSetting(ButtonsDesignWidget)">ButtonsDesign1_gardient</include>
		    <include condition="Skin.String(ButtonsDesign,2) + Skin.HasSetting(ButtonsDesignWidget)">ButtonsDesign2_gardient</include>
		    <include condition="Skin.String(ButtonsDesign,3) + Skin.HasSetting(ButtonsDesignWidget)">ButtonsDesign3_gardient</include>
		    <include condition="Skin.String(ButtonsDesign,4) + Skin.HasSetting(ButtonsDesignWidget)">ButtonsDesign4_gardient</include>
            <texture diffuse="buttons/ButtonA0.png">buttons/effects/gardient0.png</texture>
		    <visible>!Skin.HasSetting(OverlayButton) + Skin.HasSetting(ButtonsDesignWidget) | String.IsEmpty(ListItem.Thumb)</visible>
          </control>
		  <control type="image" description="שפוע Bevel">
            <posx>50</posx>
            <posy>60</posy>
            <width>270</width>
            <height>330</height>
		    <include condition="!Skin.String(ButtonsDesign) + Skin.HasSetting(ButtonsDesignWidget)">ButtonsDesign_bevel</include>
		    <include condition="Skin.String(ButtonsDesign,0) + Skin.HasSetting(ButtonsDesignWidget)">ButtonsDesign0_bevel</include>
		    <include condition="Skin.String(ButtonsDesign,1) + Skin.HasSetting(ButtonsDesignWidget)">ButtonsDesign1_bevel</include>
		    <include condition="Skin.String(ButtonsDesign,2) + Skin.HasSetting(ButtonsDesignWidget)">ButtonsDesign2_bevel</include>
		    <include condition="Skin.String(ButtonsDesign,3) + Skin.HasSetting(ButtonsDesignWidget)">ButtonsDesign3_bevel</include>
		    <include condition="Skin.String(ButtonsDesign,4) + Skin.HasSetting(ButtonsDesignWidget)">ButtonsDesign4_bevel</include>
            <texture diffuse="buttons/ButtonA0.png">buttons/effects/bevel0.png</texture>
		    <visible>!Skin.HasSetting(BevelButton) + Skin.HasSetting(ButtonsDesignWidget)</visible>
          </control>
		  <control type="image" description="מסגרת (Stroke)">
		    <posx>50</posx>
            <posy>60</posy>
            <width>270</width>
            <height>330</height>
		    <include condition="!Skin.String(ButtonsDesign) + Skin.HasSetting(ButtonsDesignWidget)">ButtonsDesign_stroke</include>
		    <include condition="Skin.String(ButtonsDesign,0) + Skin.HasSetting(ButtonsDesignWidget)">ButtonsDesign0_stroke</include>
		    <include condition="Skin.String(ButtonsDesign,1) + Skin.HasSetting(ButtonsDesignWidget)">ButtonsDesign1_stroke</include>
		    <include condition="Skin.String(ButtonsDesign,2) + Skin.HasSetting(ButtonsDesignWidget)">ButtonsDesign2_stroke</include>
		    <include condition="Skin.String(ButtonsDesign,3) + Skin.HasSetting(ButtonsDesignWidget)">ButtonsDesign3_stroke</include>
		    <include condition="Skin.String(ButtonsDesign,4) + Skin.HasSetting(ButtonsDesignWidget)">ButtonsDesign4_stroke</include>
		    <texture diffuse="buttons/ButtonA0.png">buttons/effects/stroke0.png</texture>
		    <visible>Skin.HasSetting(StrokeButton) + Skin.HasSetting(ButtonsDesignWidget)</visible>
		  </control>
		  <control type="image" description="OFF">
			  <aspectratio>keep</aspectratio>
			  <height>200</height>
			  <posx>25</posx>
			  <posy>120</posy>
			  <texture>misc/help/off.png</texture>
			  <visible>String.IsEmpty(ListItem.Property(off)) | Window.IsVisible(Custom1173.xml) + String.IsEmpty(Container(315).ListItem(0).Property(off))</visible>
			  <visible>Control.IsVisible(315) | Window.IsVisible(Custom1175.xml)</visible>
			  <visible>![String.IsEqual(Window(home).Property(Button.ID),90) + !Skin.String(widget311) | String.IsEqual(Window(home).Property(Button.ID),Skin.String(widget311))]</visible>
			  <visible>![String.IsEqual(Window(home).Property(Button.ID),91) + !Skin.String(widget312) | String.IsEqual(Window(home).Property(Button.ID),Skin.String(widget312))]</visible>
			  <visible>Window.IsVisible(CustomHomeCustomizer.xml)</visible>
			  <width>332</width>
          </control>
		  <control type="group" description="קבוצה כותרות">
			<!--<include>Fade3</include>-->
			<control type="image" description="קדימון">
			  <height>70</height>		
			  <posx>285</posx>
			  <posy>0</posy>
			  <texture>osd/buttons/OSDTrailerNF.png</texture>
			  <visible>!String.IsEmpty(ListItem.Property(trailer)) + !Skin.HasSetting(trailers)</visible>
			  <width>70</width>
			  <visible>false</visible>
			</control>
			<control type="image" description="קדימון">
			  <height>70</height>		
			  <posx>285</posx>
			  <posy>0</posy>
			  <texture>osd/buttons/OSDTrailerFO.png</texture>
			  <visible>!String.IsEmpty(ListItem.Property(trailer)) + Skin.HasSetting(trailers)</visible>
			  <width>70</width>
			</control>
			<control type="image" description="דירוג">
			  <animation condition="true" effect="rotate" end="-90" center="350,140" time="0">Conditional</animation>
			  <aspectratio align="center">keep</aspectratio>
			  <height>140</height>
			  <posx>240</posx> <!--למעלה/למטה-->
			  <posy>390</posy> <!--שמאלה/ימינה-->
			  <texture>$VAR[TopVideoInformation3]</texture>
			  <visible>!String.IsEmpty(Listitem.Property(rating)) + Integer.IsGreater(Listitem.Property(rating),0) + Integer.IsLess(Listitem.Property(rating),9.9)</visible>
			  <visible>false</visible>
			  <width>170</width>
			</control>
			<control type="group" description="עונה ופרק">
				<animation condition="Skin.HasSetting(ButtonsDesignWidget)" effect="fade" start="60" end="60" time="0">Conditional</animation>
		        <animation condition="!Skin.HasSetting(ButtonsDesignWidget)" effect="fade" start="90" end="90" time="0">Conditional</animation>
				<posx>50</posx>
				<posy>360</posy>
				<control type="image" description="שחור">
				  <height>30</height>
				  <posx>0</posx>
				  <width>270</width>
				  <include condition="!Skin.String(ButtonsDesign) + Skin.HasSetting(ButtonsDesignWidget)">ButtonsDesign_black</include>
				  <include condition="Skin.String(ButtonsDesign,0) + Skin.HasSetting(ButtonsDesignWidget)">ButtonsDesign0_black</include>
				  <include condition="Skin.String(ButtonsDesign,1) + Skin.HasSetting(ButtonsDesignWidget)">ButtonsDesign1_black</include>
				  <include condition="Skin.String(ButtonsDesign,2) + Skin.HasSetting(ButtonsDesignWidget)">ButtonsDesign2_black</include>
				  <include condition="Skin.String(ButtonsDesign,3) + Skin.HasSetting(ButtonsDesignWidget)">ButtonsDesign3_black</include>
				  <include condition="Skin.String(ButtonsDesign,4) + Skin.HasSetting(ButtonsDesignWidget)">ButtonsDesign4_black</include>
				  <texture colordiffuse="ff000000" border="0">buttons/ButtonA0.png</texture>
				  <visible>!Skin.HasSetting(WidgetLabelBackground) + !String.IsEmpty(ListItem.Label)</visible>
				</control>
				<control type="label" description="עונה ופרק">
				  <align>center</align>
				  <label>$INFO[ListItem.Property(se)]</label> <!--[CR]$LOCALIZE[12391] $INFO[Container(311).ListItem(0).Property(runtime)]-->
				  <font>size28</font>
				  <height>30</height>
				  <posx>0</posx>
				  <width>270</width>
				  <textcolor>$VAR[WidgetFocusFontColor]</textcolor>
				  <visible>!String.IsEmpty(ListItem.Property(se)) + Control.IsVisible(312)</visible>
				</control>
				<control type="label" description="כותרת">
				  <align>center</align>
				  <label>$VAR[WidgetLabel]</label>
				  <font>size18</font>
				  <height>30</height>
				  <posx>0</posx>
				  <textcolor>$VAR[WidgetFocusFontColor]</textcolor>
				  <shadowcolor>black</shadowcolor>
				  <scroll>false</scroll>
				  <width>270</width>
				  <visible>![!String.IsEmpty(ListItem.Property(se)) + Control.IsVisible(312)]</visible>
				  <visible>!Skin.HasSetting(BiggerWidgetLabels)</visible>
				</control>
				<control type="label" description="כותרת מוגדלת">
				  <align>center</align>
				  <label>$VAR[WidgetLabel]</label>
				  <font>size28</font>
				  <height>30</height>
				  <posx>0</posx>
				  <textcolor>$VAR[WidgetFocusFontColor]</textcolor>
				  <shadowcolor>black</shadowcolor>
				  <scroll>false</scroll>
				  <width>270</width>
				  <visible>![!String.IsEmpty(ListItem.Property(se)) + Control.IsVisible(312)]</visible>
				  <visible>Skin.HasSetting(BiggerWidgetLabels)</visible>
				</control>
			</control>
		  </control>
		  <control type="image" description="סמן בחירה">
			<posx>50</posx>
			<posy>60</posy>
			<width>270</width>
			<height>330</height>
			<texture border="10" colordiffuse="$VAR[SelectedFrameColor]">misc/frames/selector.png</texture>
		    <visible>Skin.HasSetting(SelectionMarker) | [Window.IsVisible(CustomHomeCustomizer.xml) + [Window.IsVisible(Custom1175.xml) | String.IsEmpty(ListItem.Label)]]</visible>
		    <visible>!String.IsEmpty(Window(home).Property(WidgetButton.ID_)) | Control.IsVisible(311) | Control.IsVisible(312)</visible>
		  </control>
	  </control>
	</focusedlayout>
  </include>
  
  <include name="MoviesShortcutsCommons0" description="מדף סרטים/סדרות7">
	<posx>40</posx>
    <posy>90</posy>
    <width>1830</width>
    <height>500</height>
    <orientation>horizontal</orientation>
    <itemlayout height="350" width="260">
      <control type="group">
		  <include>Fade10</include>
		  <control type="image" description="תמונה לא נבחר">
		    <posx>10</posx>
		    <posy>60</posy>
		    <width>250</width>
		    <height>330</height>
		    <include condition="!Skin.String(ButtonsDesign) + Skin.HasSetting(ButtonsDesignWidget)">ButtonsDesign_thumb</include>
		    <include condition="Skin.String(ButtonsDesign,0) + Skin.HasSetting(ButtonsDesignWidget)">ButtonsDesign0_thumb</include>
		    <include condition="Skin.String(ButtonsDesign,1) + Skin.HasSetting(ButtonsDesignWidget)">ButtonsDesign1_thumb</include>
		    <include condition="Skin.String(ButtonsDesign,2) + Skin.HasSetting(ButtonsDesignWidget)">ButtonsDesign2_thumb</include>
		    <include condition="Skin.String(ButtonsDesign,3) + Skin.HasSetting(ButtonsDesignWidget)">ButtonsDesign3_thumb</include>
		    <include condition="Skin.String(ButtonsDesign,4) + Skin.HasSetting(ButtonsDesignWidget)">ButtonsDesign4_thumb</include>
		    <texture>$INFO[ListItem.Thumb]</texture>
		  </control>
		  <control type="image" description="צללית">
		    <posx>10</posx>
            <posy>60</posy>
            <width>250</width>
            <height>330</height>
		    <include condition="!Skin.String(ButtonsDesign) + Skin.HasSetting(ButtonsDesignWidget)">ButtonsDesign_shadow</include>
		    <include condition="Skin.String(ButtonsDesign,0) + Skin.HasSetting(ButtonsDesignWidget)">ButtonsDesign0_shadow</include>
		    <include condition="Skin.String(ButtonsDesign,1) + Skin.HasSetting(ButtonsDesignWidget)">ButtonsDesign1_shadow</include>
		    <include condition="Skin.String(ButtonsDesign,2) + Skin.HasSetting(ButtonsDesignWidget)">ButtonsDesign2_shadow</include>
		    <include condition="Skin.String(ButtonsDesign,3) + Skin.HasSetting(ButtonsDesignWidget)">ButtonsDesign3_shadow</include>
		    <include condition="Skin.String(ButtonsDesign,4) + Skin.HasSetting(ButtonsDesignWidget)">ButtonsDesign4_shadow</include>
            <texture>buttons/effects/shadow0.png</texture>
		    <visible>Skin.HasSetting(ShadowButton) + Skin.HasSetting(ButtonsDesignWidget)</visible>
          </control>
		  <control type="image" description="שקופית">
            <posx>10</posx>
            <posy>60</posy>
            <width>250</width>
            <height>330</height>
		    <include condition="!Skin.String(ButtonsDesign) + Skin.HasSetting(ButtonsDesignWidget)">ButtonsDesign_gardient</include>
		    <include condition="Skin.String(ButtonsDesign,0) + Skin.HasSetting(ButtonsDesignWidget)">ButtonsDesign0_gardient</include>
		    <include condition="Skin.String(ButtonsDesign,1) + Skin.HasSetting(ButtonsDesignWidget)">ButtonsDesign1_gardient</include>
		    <include condition="Skin.String(ButtonsDesign,2) + Skin.HasSetting(ButtonsDesignWidget)">ButtonsDesign2_gardient</include>
		    <include condition="Skin.String(ButtonsDesign,3) + Skin.HasSetting(ButtonsDesignWidget)">ButtonsDesign3_gardient</include>
		    <include condition="Skin.String(ButtonsDesign,4) + Skin.HasSetting(ButtonsDesignWidget)">ButtonsDesign4_gardient</include>
            <texture>buttons/effects/gardient0.png</texture>
		    <visible>!Skin.HasSetting(OverlayButton) + Skin.HasSetting(ButtonsDesignWidget) | String.IsEmpty(ListItem.Thumb)</visible>
          </control>
		  <control type="image" description="שפוע Bevel">
            <posx>10</posx>
            <posy>60</posy>
            <width>250</width>
            <height>330</height>
		    <include condition="!Skin.String(ButtonsDesign) + Skin.HasSetting(ButtonsDesignWidget)">ButtonsDesign_bevel</include>
		    <include condition="Skin.String(ButtonsDesign,0) + Skin.HasSetting(ButtonsDesignWidget)">ButtonsDesign0_bevel</include>
		    <include condition="Skin.String(ButtonsDesign,1) + Skin.HasSetting(ButtonsDesignWidget)">ButtonsDesign1_bevel</include>
		    <include condition="Skin.String(ButtonsDesign,2) + Skin.HasSetting(ButtonsDesignWidget)">ButtonsDesign2_bevel</include>
		    <include condition="Skin.String(ButtonsDesign,3) + Skin.HasSetting(ButtonsDesignWidget)">ButtonsDesign3_bevel</include>
		    <include condition="Skin.String(ButtonsDesign,4) + Skin.HasSetting(ButtonsDesignWidget)">ButtonsDesign4_bevel</include>
            <texture border="-10" diffuse="buttons/ButtonA0.png">buttons/effects/bevel0.png</texture>
		    <visible>!Skin.HasSetting(BevelButton) + Skin.HasSetting(ButtonsDesignWidget)</visible>
          </control>
		  <control type="image" description="מסגרת (Stroke)">
		    <posx>10</posx>
            <posy>60</posy>
            <width>250</width>
            <height>330</height>
		    <include condition="!Skin.String(ButtonsDesign) + Skin.HasSetting(ButtonsDesignWidget)">ButtonsDesign_stroke</include>
		    <include condition="Skin.String(ButtonsDesign,0) + Skin.HasSetting(ButtonsDesignWidget)">ButtonsDesign0_stroke</include>
		    <include condition="Skin.String(ButtonsDesign,1) + Skin.HasSetting(ButtonsDesignWidget)">ButtonsDesign1_stroke</include>
		    <include condition="Skin.String(ButtonsDesign,2) + Skin.HasSetting(ButtonsDesignWidget)">ButtonsDesign2_stroke</include>
		    <include condition="Skin.String(ButtonsDesign,3) + Skin.HasSetting(ButtonsDesignWidget)">ButtonsDesign3_stroke</include>
		    <include condition="Skin.String(ButtonsDesign,4) + Skin.HasSetting(ButtonsDesignWidget)">ButtonsDesign4_stroke</include>
		    <texture diffuse="buttons/ButtonA0.png">buttons/effects/stroke0.png</texture>
		    <visible>Skin.HasSetting(StrokeButton) + Skin.HasSetting(ButtonsDesignWidget)</visible>
		  </control>
		  <control type="image" description="OFF">
		    <aspectratio>keep</aspectratio>
		    <height>200</height>
		    <posx>15</posx>
		    <posy>120</posy>
		    <texture>misc/help/off.png</texture>
		    <visible>String.IsEmpty(ListItem.Property(off)) | Window.IsVisible(Custom1173.xml) + String.IsEmpty(Container(315).ListItem(0).Property(off))</visible>
			<visible>Control.IsVisible(315) | Window.IsVisible(Custom1175.xml)</visible>
			<visible>![String.IsEqual(Window(home).Property(Button.ID),90) + !Skin.String(widget311) | String.IsEqual(Window(home).Property(Button.ID),Skin.String(widget311))]</visible>
			<visible>![String.IsEqual(Window(home).Property(Button.ID),91) + !Skin.String(widget312) | String.IsEqual(Window(home).Property(Button.ID),Skin.String(widget312))]</visible>
			<visible>![String.IsEqual(Window(home).Property(Button.ID),90) + !Skin.String(widget311) | String.IsEqual(Window(home).Property(Button.ID),Skin.String(widget311))]</visible>
			<visible>Window.IsVisible(CustomHomeCustomizer.xml)</visible>
		    <width>250</width>
          </control>
		  <control type="image" description="דירוג">
		    <animation condition="true" effect="rotate" end="-90" center="350,140" time="0">Conditional</animation>
		    <aspectratio align="center">keep</aspectratio>
		    <height>140</height>
		    <posx>240</posx>   <!--למעלה/למטה-->
		    <posy>390</posy>   <!--שמאלה/ימינה-->
		    <texture>$VAR[TopVideoInformation3]</texture>
		    <visible>!String.IsEmpty(Control.GetLabel(1103))</visible>
		    <visible>false</visible>
		    <width>170</width>
		  </control>
		  <control type="label" description="שנה">
		    <align>center</align>
		    <label>$INFO[ListItem.Property(year)]</label>   <!--[CR]$LOCALIZE[12391] $INFO[Container(311).ListItem(0).Property(runtime)]-->
		    <font>size28</font>
		    <height>30</height>
		    <posx>57</posx>
		    <posy>-2</posy>
		    <textcolor>white2</textcolor>
		    <visible>!String.IsEmpty(ListItem.Property(year))</visible>
		    <visible>false</visible>
		    <width>265</width>
		  </control>
		  <control type="group" description="עונה ופרק">
			<animation condition="Skin.HasSetting(ButtonsDesignWidget)" effect="fade" start="60" end="60" time="0">Conditional</animation>
		    <animation condition="!Skin.HasSetting(ButtonsDesignWidget)" effect="fade" start="90" end="90" time="0">Conditional</animation>
			<posx>10</posx>
			<posy>360</posy>
			<control type="image" description="שחור">
			  <height>30</height>
			  <posx>0</posx>
			  <width>250</width>
			  <include condition="!Skin.String(ButtonsDesign) + Skin.HasSetting(ButtonsDesignWidget)">ButtonsDesign_black</include>
		      <include condition="Skin.String(ButtonsDesign,0) + Skin.HasSetting(ButtonsDesignWidget)">ButtonsDesign0_black</include>
		      <include condition="Skin.String(ButtonsDesign,1) + Skin.HasSetting(ButtonsDesignWidget)">ButtonsDesign1_black</include>
		      <include condition="Skin.String(ButtonsDesign,2) + Skin.HasSetting(ButtonsDesignWidget)">ButtonsDesign2_black</include>
		      <include condition="Skin.String(ButtonsDesign,3) + Skin.HasSetting(ButtonsDesignWidget)">ButtonsDesign3_black</include>
		      <include condition="Skin.String(ButtonsDesign,4) + Skin.HasSetting(ButtonsDesignWidget)">ButtonsDesign4_black</include>
			  <texture colordiffuse="ff000000" border="0">buttons/ButtonA0.png</texture>
			  <visible>!Skin.HasSetting(WidgetLabelBackground) + !String.IsEmpty(ListItem.Label)</visible>
			</control>
			<control type="label" description="עונה ופרק">
			  <align>center</align>
			  <label>$INFO[ListItem.Property(se)]</label> <!--[CR]$LOCALIZE[12391] $INFO[Container(311).ListItem(0).Property(runtime)]-->
			  <font>size28</font>
			  <height>30</height>
			  <posx>0</posx>
			  <width>250</width>
			  <textcolor>$VAR[WidgetUnFocusFontColor]</textcolor>
			  <visible>!String.IsEmpty(ListItem.Property(se)) + Control.IsVisible(312)</visible>
			</control>
			<control type="label" description="כותרת">
			  <align>center</align>
			  <label>$VAR[WidgetLabel]</label>
			  <font>size18</font>
			  <height>30</height>
			  <posx>0</posx>
			  <textcolor>$VAR[WidgetUnFocusFontColor]</textcolor>
			  <shadowcolor>black</shadowcolor>
			  <scroll>false</scroll>
			  <width>250</width>
			  <visible>![!String.IsEmpty(ListItem.Property(se)) + Control.IsVisible(312)]</visible>
			  <visible>!Skin.HasSetting(BiggerWidgetLabels)</visible>
			</control>
			<control type="label" description="כותרת מוגדלת">
			  <align>center</align>
			  <label>$VAR[WidgetLabel]</label>
			  <font>size28</font>
			  <height>30</height>
			  <posx>0</posx>
			  <textcolor>$VAR[WidgetUnFocusFontColor]</textcolor>
			  <shadowcolor>black</shadowcolor>
			  <scroll>false</scroll>
			  <width>250</width>
			  <visible>![!String.IsEmpty(ListItem.Property(se)) + Control.IsVisible(312)]</visible>
			  <visible>Skin.HasSetting(BiggerWidgetLabels)</visible>
			</control>
		</control>
      </control>
    </itemlayout>
    <focusedlayout height="350" width="260">
	  <include>SetProperty_Widget</include>
	  <control type="group">
	      <animation condition="Control.HasFocus(312) + !Container(312).OnPrevious + !Container(312).OnNext | Control.HasFocus(311) + !Container(311).OnPrevious + !Container(311).OnNext" effect="fade" start="100" end="70" delay="5000" time="3000" reversible="false">Conditional</animation>
		  <control type="image" description="רקע פאנארט">
			<animation condition="Window.IsVisible(Home.xml) + [!Container(9000).Row(0) + !Container(9000).Row(1) | Container(9000).HasPrevious()]" effect="slide" start="0,0" end="0,551" time="220">Conditional</animation>
			<animation condition="Window.IsVisible(CustomHomeCustomizer.xml) + [!Container(50).Row(0) + !Container(50).Row(1) | Container(50).HasPrevious()]" effect="slide" start="0,0" end="0,551" time="220">Conditional</animation>
			<visible>!Skin.HasSetting(background) + [Control.HasFocus(311) | Control.HasFocus(312)]</visible>
			<include>Fade_BackgroundOverlay</include>
			<animation effect="fade" time="1000">WindowOpen</animation>
			<texture>$INFO[ListItem.Property(fanart)]</texture>
			<height>1080</height>
			<width>1920</width>
			<visible>false</visible>
		  </control>
		  <control type="image" description="תמונה נבחר">
			<posx>10</posx>
			<posy>60</posy>
			<width>250</width>
			<height>330</height>
			<include condition="!Skin.String(ButtonsDesign) + Skin.HasSetting(ButtonsDesignWidget)">ButtonsDesign_thumb2</include>
		    <include condition="Skin.String(ButtonsDesign,0) + Skin.HasSetting(ButtonsDesignWidget)">ButtonsDesign0_thumb2</include>
		    <include condition="Skin.String(ButtonsDesign,1) + Skin.HasSetting(ButtonsDesignWidget)">ButtonsDesign1_thumb2</include>
		    <include condition="Skin.String(ButtonsDesign,2) + Skin.HasSetting(ButtonsDesignWidget)">ButtonsDesign2_thumb2</include>
		    <include condition="Skin.String(ButtonsDesign,3) + Skin.HasSetting(ButtonsDesignWidget)">ButtonsDesign3_thumb2</include>
		    <include condition="Skin.String(ButtonsDesign,4) + Skin.HasSetting(ButtonsDesignWidget)">ButtonsDesign4_thumb2</include>
		    <texture>$INFO[ListItem.Thumb]</texture>
		  </control>
		  <control type="image" description="צללית">
		    <posx>10</posx>
            <posy>60</posy>
            <width>250</width>
            <height>330</height>
		    <include condition="!Skin.String(ButtonsDesign) + Skin.HasSetting(ButtonsDesignWidget)">ButtonsDesign_shadow</include>
		    <include condition="Skin.String(ButtonsDesign,0) + Skin.HasSetting(ButtonsDesignWidget)">ButtonsDesign0_shadow</include>
		    <include condition="Skin.String(ButtonsDesign,1) + Skin.HasSetting(ButtonsDesignWidget)">ButtonsDesign1_shadow</include>
		    <include condition="Skin.String(ButtonsDesign,2) + Skin.HasSetting(ButtonsDesignWidget)">ButtonsDesign2_shadow</include>
		    <include condition="Skin.String(ButtonsDesign,3) + Skin.HasSetting(ButtonsDesignWidget)">ButtonsDesign3_shadow</include>
		    <include condition="Skin.String(ButtonsDesign,4) + Skin.HasSetting(ButtonsDesignWidget)">ButtonsDesign4_shadow</include>
            <texture diffuse="buttons/ButtonA0.png">buttons/effects/shadow0.png</texture>
		    <visible>Skin.HasSetting(ShadowButton) + Skin.HasSetting(ButtonsDesignWidget)</visible>
          </control>
		  <control type="image" description="שקופית">
            <posx>10</posx>
            <posy>60</posy>
            <width>250</width>
            <height>330</height>
		    <include condition="!Skin.String(ButtonsDesign) + Skin.HasSetting(ButtonsDesignWidget)">ButtonsDesign_gardient</include>
		    <include condition="Skin.String(ButtonsDesign,0) + Skin.HasSetting(ButtonsDesignWidget)">ButtonsDesign0_gardient</include>
		    <include condition="Skin.String(ButtonsDesign,1) + Skin.HasSetting(ButtonsDesignWidget)">ButtonsDesign1_gardient</include>
		    <include condition="Skin.String(ButtonsDesign,2) + Skin.HasSetting(ButtonsDesignWidget)">ButtonsDesign2_gardient</include>
		    <include condition="Skin.String(ButtonsDesign,3) + Skin.HasSetting(ButtonsDesignWidget)">ButtonsDesign3_gardient</include>
		    <include condition="Skin.String(ButtonsDesign,4) + Skin.HasSetting(ButtonsDesignWidget)">ButtonsDesign4_gardient</include>
            <texture diffuse="buttons/ButtonA0.png">buttons/effects/gardient0.png</texture>
		    <visible>!Skin.HasSetting(OverlayButton) + Skin.HasSetting(ButtonsDesignWidget) | String.IsEmpty(ListItem.Thumb)</visible>
          </control>
		  <control type="image" description="שפוע Bevel">
            <posx>10</posx>
            <posy>60</posy>
            <width>250</width>
            <height>330</height>
		    <include condition="!Skin.String(ButtonsDesign) + Skin.HasSetting(ButtonsDesignWidget)">ButtonsDesign_bevel</include>
		    <include condition="Skin.String(ButtonsDesign,0) + Skin.HasSetting(ButtonsDesignWidget)">ButtonsDesign0_bevel</include>
		    <include condition="Skin.String(ButtonsDesign,1) + Skin.HasSetting(ButtonsDesignWidget)">ButtonsDesign1_bevel</include>
		    <include condition="Skin.String(ButtonsDesign,2) + Skin.HasSetting(ButtonsDesignWidget)">ButtonsDesign2_bevel</include>
		    <include condition="Skin.String(ButtonsDesign,3) + Skin.HasSetting(ButtonsDesignWidget)">ButtonsDesign3_bevel</include>
		    <include condition="Skin.String(ButtonsDesign,4) + Skin.HasSetting(ButtonsDesignWidget)">ButtonsDesign4_bevel</include>
            <texture diffuse="buttons/ButtonA0.png">buttons/effects/bevel0.png</texture>
		    <visible>!Skin.HasSetting(BevelButton) + Skin.HasSetting(ButtonsDesignWidget)</visible>
          </control>
		  <control type="image" description="מסגרת (Stroke)">
		    <posx>10</posx>
            <posy>60</posy>
            <width>250</width>
            <height>330</height>
		    <include condition="!Skin.String(ButtonsDesign) + Skin.HasSetting(ButtonsDesignWidget)">ButtonsDesign_stroke</include>
		    <include condition="Skin.String(ButtonsDesign,0) + Skin.HasSetting(ButtonsDesignWidget)">ButtonsDesign0_stroke</include>
		    <include condition="Skin.String(ButtonsDesign,1) + Skin.HasSetting(ButtonsDesignWidget)">ButtonsDesign1_stroke</include>
		    <include condition="Skin.String(ButtonsDesign,2) + Skin.HasSetting(ButtonsDesignWidget)">ButtonsDesign2_stroke</include>
		    <include condition="Skin.String(ButtonsDesign,3) + Skin.HasSetting(ButtonsDesignWidget)">ButtonsDesign3_stroke</include>
		    <include condition="Skin.String(ButtonsDesign,4) + Skin.HasSetting(ButtonsDesignWidget)">ButtonsDesign4_stroke</include>
		    <texture diffuse="buttons/ButtonA0.png">buttons/effects/stroke0.png</texture>
		    <visible>Skin.HasSetting(StrokeButton) + Skin.HasSetting(ButtonsDesignWidget)</visible>
		  </control>
		  <control type="image" description="OFF">
			  <aspectratio>keep</aspectratio>
			  <height>200</height>
			  <posx>15</posx>
			  <posy>120</posy>
			  <texture>misc/help/off.png</texture>
			  <visible>String.IsEmpty(ListItem.Property(off)) | Window.IsVisible(Custom1173.xml) + String.IsEmpty(Container(315).ListItem(0).Property(off))</visible>
			  <visible>Control.IsVisible(315) | Window.IsVisible(Custom1175.xml)</visible>
			  <visible>![String.IsEqual(Window(home).Property(Button.ID),90) + !Skin.String(widget311) | String.IsEqual(Window(home).Property(Button.ID),Skin.String(widget311))]</visible>
			  <visible>![String.IsEqual(Window(home).Property(Button.ID),91) + !Skin.String(widget312) | String.IsEqual(Window(home).Property(Button.ID),Skin.String(widget312))]</visible>
			  <visible>Window.IsVisible(CustomHomeCustomizer.xml)</visible>
			  <width>250</width>
          </control>
		  <control type="group" description="קבוצה כותרות">
			<!--<include>Fade3</include>-->
			<control type="image" description="קדימון">
			  <height>70</height>		
			  <posx>285</posx>
			  <posy>0</posy>
			  <texture>osd/buttons/OSDTrailerNF.png</texture>
			  <visible>!String.IsEmpty(ListItem.Property(trailer)) + !Skin.HasSetting(trailers)</visible>
			  <width>70</width>
			  <visible>false</visible>
			</control>
			<control type="image" description="קדימון">
			  <height>70</height>		
			  <posx>285</posx>
			  <posy>0</posy>
			  <texture>osd/buttons/OSDTrailerFO.png</texture>
			  <visible>!String.IsEmpty(ListItem.Property(trailer)) + Skin.HasSetting(trailers)</visible>
			  <width>70</width>
			</control>
			<control type="image" description="דירוג">
			  <animation condition="true" effect="rotate" end="-90" center="350,140" time="0">Conditional</animation>
			  <aspectratio align="center">keep</aspectratio>
			  <height>140</height>
			  <posx>240</posx> <!--למעלה/למטה-->
			  <posy>390</posy> <!--שמאלה/ימינה-->
			  <texture>$VAR[TopVideoInformation3]</texture>
			  <visible>!String.IsEmpty(Listitem.Property(rating)) + Integer.IsGreater(Listitem.Property(rating),0) + Integer.IsLess(Listitem.Property(rating),9.9)</visible>
			  <visible>false</visible>
			  <width>170</width>
			</control>
			<control type="group" description="עונה ופרק">
				<animation condition="Skin.HasSetting(ButtonsDesignWidget)" effect="fade" start="60" end="60" time="0">Conditional</animation>
		        <animation condition="!Skin.HasSetting(ButtonsDesignWidget)" effect="fade" start="90" end="90" time="0">Conditional</animation>
				<posx>10</posx>
				<posy>360</posy>
				<control type="image" description="שחור">
				  <height>30</height>
				  <posx>0</posx>
				  <width>250</width>
				  <include condition="!Skin.String(ButtonsDesign) + Skin.HasSetting(ButtonsDesignWidget)">ButtonsDesign_black</include>
				  <include condition="Skin.String(ButtonsDesign,0) + Skin.HasSetting(ButtonsDesignWidget)">ButtonsDesign0_black</include>
				  <include condition="Skin.String(ButtonsDesign,1) + Skin.HasSetting(ButtonsDesignWidget)">ButtonsDesign1_black</include>
				  <include condition="Skin.String(ButtonsDesign,2) + Skin.HasSetting(ButtonsDesignWidget)">ButtonsDesign2_black</include>
				  <include condition="Skin.String(ButtonsDesign,3) + Skin.HasSetting(ButtonsDesignWidget)">ButtonsDesign3_black</include>
				  <include condition="Skin.String(ButtonsDesign,4) + Skin.HasSetting(ButtonsDesignWidget)">ButtonsDesign4_black</include>
				  <texture colordiffuse="ff000000" border="0">buttons/ButtonA0.png</texture>
				  <visible>!Skin.HasSetting(WidgetLabelBackground) + !String.IsEmpty(ListItem.Label)</visible>
				</control>
				<control type="label" description="עונה ופרק">
				  <align>center</align>
				  <label>$INFO[ListItem.Property(se)]</label> <!--[CR]$LOCALIZE[12391] $INFO[Container(311).ListItem(0).Property(runtime)]-->
				  <font>size28</font>
				  <textcolor>$VAR[WidgetFocusFontColor]</textcolor>
				  <height>30</height>
				  <posx>0</posx>
				  <width>250</width>
				  <textcolor>white2</textcolor>
				  <visible>!String.IsEmpty(ListItem.Property(se)) + Control.IsVisible(312)</visible>
				</control>
				<control type="label" description="כותרת">
				  <align>center</align>
				  <label>$VAR[WidgetLabel]</label>
				  <font>size18</font>
				  <height>30</height>
				  <posx>0</posx>
				  <textcolor>$VAR[WidgetFocusFontColor]</textcolor>
				  <shadowcolor>black</shadowcolor>
				  <scroll>false</scroll>
				  <width>250</width>
				  <visible>![!String.IsEmpty(ListItem.Property(se)) + Control.IsVisible(312)]</visible>
				  <visible>!Skin.HasSetting(BiggerWidgetLabels)</visible>
				</control>
				<control type="label" description="כותרת מוגדלת">
				  <align>center</align>
				  <label>$VAR[WidgetLabel]</label>
				  <font>size28</font>
				  <height>30</height>
				  <posx>0</posx>
				  <textcolor>$VAR[WidgetFocusFontColor]</textcolor>
				  <shadowcolor>black</shadowcolor>
				  <scroll>false</scroll>
				  <width>250</width>
				  <visible>![!String.IsEmpty(ListItem.Property(se)) + Control.IsVisible(312)]</visible>
				  <visible>Skin.HasSetting(BiggerWidgetLabels)</visible>
				</control>
			</control>
		  </control>
		  <control type="image" description="סמן בחירה">
			<posx>10</posx>
			<posy>60</posy>
			<width>250</width>
			<height>330</height>
			<texture border="10" colordiffuse="$VAR[SelectedFrameColor]">misc/frames/selector.png</texture>
		    <visible>Skin.HasSetting(SelectionMarker) | [Window.IsVisible(CustomHomeCustomizer.xml) + [Window.IsVisible(Custom1175.xml) | String.IsEmpty(ListItem.Label)]]</visible>
		    <visible>!String.IsEmpty(Window(home).Property(WidgetButton.ID_)) | Control.IsVisible(311) | Control.IsVisible(312)</visible>
		  </control>
	  </control>
	</focusedlayout>
  </include>
  
  <include name="MoviesShortcutsCommons1" description="מדף סרטים/סדרות9">
	<posx>40</posx>
    <posy>90</posy>
    <width>1838</width>
    <height>500</height>
    <orientation>horizontal</orientation>
    <itemlayout height="350" width="202">
      <control type="group">
		  <include>Fade10</include>
		  <control type="image" description="תמונה לא נבחר">
		    <posx>10</posx>
		    <posy>60</posy>
		    <width>220</width>
		    <height>330</height>
		    <include condition="!Skin.String(ButtonsDesign) + Skin.HasSetting(ButtonsDesignWidget)">ButtonsDesign_thumb</include>
		    <include condition="Skin.String(ButtonsDesign,0) + Skin.HasSetting(ButtonsDesignWidget)">ButtonsDesign0_thumb</include>
		    <include condition="Skin.String(ButtonsDesign,1) + Skin.HasSetting(ButtonsDesignWidget)">ButtonsDesign1_thumb</include>
		    <include condition="Skin.String(ButtonsDesign,2) + Skin.HasSetting(ButtonsDesignWidget)">ButtonsDesign2_thumb</include>
		    <include condition="Skin.String(ButtonsDesign,3) + Skin.HasSetting(ButtonsDesignWidget)">ButtonsDesign3_thumb</include>
		    <include condition="Skin.String(ButtonsDesign,4) + Skin.HasSetting(ButtonsDesignWidget)">ButtonsDesign4_thumb</include>
		    <texture>$INFO[ListItem.Thumb]</texture>
		  </control>
		  <control type="image" description="צללית">
		    <posx>10</posx>
            <posy>60</posy>
            <width>220</width>
            <height>330</height>
		    <include condition="!Skin.String(ButtonsDesign) + Skin.HasSetting(ButtonsDesignWidget)">ButtonsDesign_shadow</include>
		    <include condition="Skin.String(ButtonsDesign,0) + Skin.HasSetting(ButtonsDesignWidget)">ButtonsDesign0_shadow</include>
		    <include condition="Skin.String(ButtonsDesign,1) + Skin.HasSetting(ButtonsDesignWidget)">ButtonsDesign1_shadow</include>
		    <include condition="Skin.String(ButtonsDesign,2) + Skin.HasSetting(ButtonsDesignWidget)">ButtonsDesign2_shadow</include>
		    <include condition="Skin.String(ButtonsDesign,3) + Skin.HasSetting(ButtonsDesignWidget)">ButtonsDesign3_shadow</include>
		    <include condition="Skin.String(ButtonsDesign,4) + Skin.HasSetting(ButtonsDesignWidget)">ButtonsDesign4_shadow</include>
            <texture>buttons/effects/shadow0.png</texture>
		    <visible>Skin.HasSetting(ShadowButton) + Skin.HasSetting(ButtonsDesignWidget)</visible>
          </control>
		  <control type="image" description="שקופית">
            <posx>10</posx>
            <posy>60</posy>
            <width>220</width>
            <height>330</height>
		    <include condition="!Skin.String(ButtonsDesign) + Skin.HasSetting(ButtonsDesignWidget)">ButtonsDesign_gardient</include>
		    <include condition="Skin.String(ButtonsDesign,0) + Skin.HasSetting(ButtonsDesignWidget)">ButtonsDesign0_gardient</include>
		    <include condition="Skin.String(ButtonsDesign,1) + Skin.HasSetting(ButtonsDesignWidget)">ButtonsDesign1_gardient</include>
		    <include condition="Skin.String(ButtonsDesign,2) + Skin.HasSetting(ButtonsDesignWidget)">ButtonsDesign2_gardient</include>
		    <include condition="Skin.String(ButtonsDesign,3) + Skin.HasSetting(ButtonsDesignWidget)">ButtonsDesign3_gardient</include>
		    <include condition="Skin.String(ButtonsDesign,4) + Skin.HasSetting(ButtonsDesignWidget)">ButtonsDesign4_gardient</include>
            <texture>buttons/effects/gardient0.png</texture>
		    <visible>!Skin.HasSetting(OverlayButton) + Skin.HasSetting(ButtonsDesignWidget) | String.IsEmpty(ListItem.Thumb)</visible>
          </control>
		  <control type="image" description="שפוע Bevel">
            <posx>10</posx>
            <posy>60</posy>
            <width>220</width>
            <height>330</height>
		    <include condition="!Skin.String(ButtonsDesign) + Skin.HasSetting(ButtonsDesignWidget)">ButtonsDesign_bevel</include>
		    <include condition="Skin.String(ButtonsDesign,0) + Skin.HasSetting(ButtonsDesignWidget)">ButtonsDesign0_bevel</include>
		    <include condition="Skin.String(ButtonsDesign,1) + Skin.HasSetting(ButtonsDesignWidget)">ButtonsDesign1_bevel</include>
		    <include condition="Skin.String(ButtonsDesign,2) + Skin.HasSetting(ButtonsDesignWidget)">ButtonsDesign2_bevel</include>
		    <include condition="Skin.String(ButtonsDesign,3) + Skin.HasSetting(ButtonsDesignWidget)">ButtonsDesign3_bevel</include>
		    <include condition="Skin.String(ButtonsDesign,4) + Skin.HasSetting(ButtonsDesignWidget)">ButtonsDesign4_bevel</include>
            <texture border="-10" diffuse="buttons/ButtonA0.png">buttons/effects/bevel0.png</texture>
		    <visible>!Skin.HasSetting(BevelButton) + Skin.HasSetting(ButtonsDesignWidget)</visible>
          </control>
		  <control type="image" description="מסגרת (Stroke)">
		    <posx>10</posx>
            <posy>60</posy>
            <width>220</width>
            <height>330</height>
		    <include condition="!Skin.String(ButtonsDesign) + Skin.HasSetting(ButtonsDesignWidget)">ButtonsDesign_stroke</include>
		    <include condition="Skin.String(ButtonsDesign,0) + Skin.HasSetting(ButtonsDesignWidget)">ButtonsDesign0_stroke</include>
		    <include condition="Skin.String(ButtonsDesign,1) + Skin.HasSetting(ButtonsDesignWidget)">ButtonsDesign1_stroke</include>
		    <include condition="Skin.String(ButtonsDesign,2) + Skin.HasSetting(ButtonsDesignWidget)">ButtonsDesign2_stroke</include>
		    <include condition="Skin.String(ButtonsDesign,3) + Skin.HasSetting(ButtonsDesignWidget)">ButtonsDesign3_stroke</include>
		    <include condition="Skin.String(ButtonsDesign,4) + Skin.HasSetting(ButtonsDesignWidget)">ButtonsDesign4_stroke</include>
		    <texture diffuse="buttons/ButtonA0.png">buttons/effects/stroke0.png</texture>
		    <visible>Skin.HasSetting(StrokeButton) + Skin.HasSetting(ButtonsDesignWidget)</visible>
		  </control>
		  <control type="image" description="OFF">
		    <aspectratio>keep</aspectratio>
		    <height>200</height>
		    <posx>5</posx>
		    <posy>120</posy>
		    <texture>misc/help/off.png</texture>
		    <visible>String.IsEmpty(ListItem.Property(off)) | Window.IsVisible(Custom1173.xml) + String.IsEmpty(Container(315).ListItem(0).Property(off))</visible>
			<visible>Control.IsVisible(315) | Window.IsVisible(Custom1175.xml)</visible>
			<visible>![String.IsEqual(Window(home).Property(Button.ID),90) + !Skin.String(widget311) | String.IsEqual(Window(home).Property(Button.ID),Skin.String(widget311))]</visible>
			<visible>![String.IsEqual(Window(home).Property(Button.ID),91) + !Skin.String(widget312) | String.IsEqual(Window(home).Property(Button.ID),Skin.String(widget312))]</visible>
			<visible>Window.IsVisible(CustomHomeCustomizer.xml)</visible>
		    <width>250</width>
          </control>
		  <control type="image" description="דירוג">
		    <animation condition="true" effect="rotate" end="-90" center="350,140" time="0">Conditional</animation>
		    <aspectratio align="center">keep</aspectratio>
		    <height>140</height>
		    <posx>240</posx>   <!--למעלה/למטה-->
		    <posy>390</posy>   <!--שמאלה/ימינה-->
		    <texture>$VAR[TopVideoInformation3]</texture>
		    <visible>!String.IsEmpty(Control.GetLabel(1103))</visible>
		    <visible>false</visible>
		    <width>170</width>
		  </control>
		  <control type="label" description="שנה">
		    <align>center</align>
		    <label>$INFO[ListItem.Property(year)]</label>   <!--[CR]$LOCALIZE[12391] $INFO[Container(311).ListItem(0).Property(runtime)]-->
		    <font>size28</font>
		    <height>30</height>
		    <posx>57</posx>
		    <posy>-2</posy>
		    <textcolor>$VAR[WidgetUnFocusFontColor]</textcolor>
		    <visible>!String.IsEmpty(ListItem.Property(year))</visible>
		    <visible>false</visible>
		    <width>265</width>
		  </control>
		  <control type="group" description="עונה ופרק">
			<animation condition="Skin.HasSetting(ButtonsDesignWidget)" effect="fade" start="60" end="60" time="0">Conditional</animation>
		    <animation condition="!Skin.HasSetting(ButtonsDesignWidget)" effect="fade" start="90" end="90" time="0">Conditional</animation>
			<posx>10</posx>
			<posy>360</posy>
			<control type="image" description="שחור">
			  <height>30</height>
			  <posx>0</posx>
			  <width>220</width>
			  <include condition="!Skin.String(ButtonsDesign) + Skin.HasSetting(ButtonsDesignWidget)">ButtonsDesign_black</include>
		      <include condition="Skin.String(ButtonsDesign,0) + Skin.HasSetting(ButtonsDesignWidget)">ButtonsDesign0_black</include>
		      <include condition="Skin.String(ButtonsDesign,1) + Skin.HasSetting(ButtonsDesignWidget)">ButtonsDesign1_black</include>
		      <include condition="Skin.String(ButtonsDesign,2) + Skin.HasSetting(ButtonsDesignWidget)">ButtonsDesign2_black</include>
		      <include condition="Skin.String(ButtonsDesign,3) + Skin.HasSetting(ButtonsDesignWidget)">ButtonsDesign3_black</include>
		      <include condition="Skin.String(ButtonsDesign,4) + Skin.HasSetting(ButtonsDesignWidget)">ButtonsDesign4_black</include>
			  <texture colordiffuse="ff000000" border="0">buttons/ButtonA0.png</texture>
			  <visible>!Skin.HasSetting(WidgetLabelBackground) + !String.IsEmpty(ListItem.Label)</visible>
			</control>
			<control type="label" description="עונה ופרק">
			  <align>center</align>
			  <label>$INFO[ListItem.Property(se)]</label>
			  <font>size28</font>
			  <height>30</height>
			  <posx>0</posx>
			  <width>220</width>
			  <textcolor>$VAR[WidgetUnFocusFontColor]</textcolor>
			  <visible>!String.IsEmpty(ListItem.Property(se)) + Control.IsVisible(312)</visible>
			</control>
			<control type="label" description="כותרת">
			  <align>center</align>
			  <label>$VAR[WidgetLabel]</label>
			  <font>size18</font>
			  <height>30</height>
			  <posx>0</posx>
			  <textcolor>$VAR[WidgetUnFocusFontColor]</textcolor>
			  <shadowcolor>black</shadowcolor>
			  <scroll>false</scroll>
			  <width>220</width>
			  <visible>![!String.IsEmpty(ListItem.Property(se)) + Control.IsVisible(312)]</visible>
			  <visible>!Skin.HasSetting(BiggerWidgetLabels)</visible>
			</control>
			<control type="label" description="כותרת מוגדלת">
			  <align>center</align>
			  <label>$VAR[WidgetLabel]</label>
			  <font>size28</font>
			  <height>30</height>
			  <posx>0</posx>
			  <textcolor>$VAR[WidgetUnFocusFontColor]</textcolor>
			  <shadowcolor>black</shadowcolor>
			  <scroll>false</scroll>
			  <width>220</width>
			  <visible>![!String.IsEmpty(ListItem.Property(se)) + Control.IsVisible(312)]</visible>
			  <visible>Skin.HasSetting(BiggerWidgetLabels)</visible>
			</control>
		</control>
      </control>
    </itemlayout>
    <focusedlayout height="350" width="240">
	  <include>SetProperty_Widget</include>
	  <control type="group">
	      <animation condition="Control.HasFocus(312) + !Container(312).OnPrevious + !Container(312).OnNext | Control.HasFocus(311) + !Container(311).OnPrevious + !Container(311).OnNext" effect="fade" start="100" end="70" delay="5000" time="3000" reversible="false">Conditional</animation>
		  <control type="image" description="רקע פאנארט">
			<animation condition="Window.IsVisible(Home.xml) + [!Container(9000).Row(0) + !Container(9000).Row(1) | Container(9000).HasPrevious()]" effect="slide" start="0,0" end="0,551" time="220">Conditional</animation>
			<animation condition="Window.IsVisible(CustomHomeCustomizer.xml) + [!Container(50).Row(0) + !Container(50).Row(1) | Container(50).HasPrevious()]" effect="slide" start="0,0" end="0,551" time="220">Conditional</animation>
			<visible>!Skin.HasSetting(background) + [Control.HasFocus(311) | Control.HasFocus(312)]</visible>
			<include>Fade_BackgroundOverlay</include>
			<animation effect="fade" time="1000">WindowOpen</animation>
			<texture>$INFO[ListItem.Property(fanart)]</texture>
			<height>1080</height>
			<width>1920</width>
			<visible>false</visible>
		  </control>
		  <control type="image" description="תמונה נבחר">
			<posx>10</posx>
			<posy>60</posy>
			<width>220</width>
			<height>330</height>
			<include condition="!Skin.String(ButtonsDesign) + Skin.HasSetting(ButtonsDesignWidget)">ButtonsDesign_thumb2</include>
		    <include condition="Skin.String(ButtonsDesign,0) + Skin.HasSetting(ButtonsDesignWidget)">ButtonsDesign0_thumb2</include>
		    <include condition="Skin.String(ButtonsDesign,1) + Skin.HasSetting(ButtonsDesignWidget)">ButtonsDesign1_thumb2</include>
		    <include condition="Skin.String(ButtonsDesign,2) + Skin.HasSetting(ButtonsDesignWidget)">ButtonsDesign2_thumb2</include>
		    <include condition="Skin.String(ButtonsDesign,3) + Skin.HasSetting(ButtonsDesignWidget)">ButtonsDesign3_thumb2</include>
		    <include condition="Skin.String(ButtonsDesign,4) + Skin.HasSetting(ButtonsDesignWidget)">ButtonsDesign4_thumb2</include>
		    <texture>$INFO[ListItem.Thumb]</texture>
		  </control>
		  <control type="image" description="צללית">
		    <posx>10</posx>
            <posy>60</posy>
            <width>220</width>
            <height>330</height>
		    <include condition="!Skin.String(ButtonsDesign) + Skin.HasSetting(ButtonsDesignWidget)">ButtonsDesign_shadow</include>
		    <include condition="Skin.String(ButtonsDesign,0) + Skin.HasSetting(ButtonsDesignWidget)">ButtonsDesign0_shadow</include>
		    <include condition="Skin.String(ButtonsDesign,1) + Skin.HasSetting(ButtonsDesignWidget)">ButtonsDesign1_shadow</include>
		    <include condition="Skin.String(ButtonsDesign,2) + Skin.HasSetting(ButtonsDesignWidget)">ButtonsDesign2_shadow</include>
		    <include condition="Skin.String(ButtonsDesign,3) + Skin.HasSetting(ButtonsDesignWidget)">ButtonsDesign3_shadow</include>
		    <include condition="Skin.String(ButtonsDesign,4) + Skin.HasSetting(ButtonsDesignWidget)">ButtonsDesign4_shadow</include>
            <texture diffuse="buttons/ButtonA0.png">buttons/effects/shadow0.png</texture>
		    <visible>Skin.HasSetting(ShadowButton) + Skin.HasSetting(ButtonsDesignWidget)</visible>
          </control>
		  <control type="image" description="שקופית">
            <posx>10</posx>
            <posy>60</posy>
            <width>220</width>
            <height>330</height>
		    <include condition="!Skin.String(ButtonsDesign) + Skin.HasSetting(ButtonsDesignWidget)">ButtonsDesign_gardient</include>
		    <include condition="Skin.String(ButtonsDesign,0) + Skin.HasSetting(ButtonsDesignWidget)">ButtonsDesign0_gardient</include>
		    <include condition="Skin.String(ButtonsDesign,1) + Skin.HasSetting(ButtonsDesignWidget)">ButtonsDesign1_gardient</include>
		    <include condition="Skin.String(ButtonsDesign,2) + Skin.HasSetting(ButtonsDesignWidget)">ButtonsDesign2_gardient</include>
		    <include condition="Skin.String(ButtonsDesign,3) + Skin.HasSetting(ButtonsDesignWidget)">ButtonsDesign3_gardient</include>
		    <include condition="Skin.String(ButtonsDesign,4) + Skin.HasSetting(ButtonsDesignWidget)">ButtonsDesign4_gardient</include>
            <texture diffuse="buttons/ButtonA0.png">buttons/effects/gardient0.png</texture>
		    <visible>!Skin.HasSetting(OverlayButton) + Skin.HasSetting(ButtonsDesignWidget) | String.IsEmpty(ListItem.Thumb)</visible>
          </control>
		  <control type="image" description="שפוע Bevel">
            <posx>10</posx>
            <posy>60</posy>
            <width>220</width>
            <height>330</height>
		    <include condition="!Skin.String(ButtonsDesign) + Skin.HasSetting(ButtonsDesignWidget)">ButtonsDesign_bevel</include>
		    <include condition="Skin.String(ButtonsDesign,0) + Skin.HasSetting(ButtonsDesignWidget)">ButtonsDesign0_bevel</include>
		    <include condition="Skin.String(ButtonsDesign,1) + Skin.HasSetting(ButtonsDesignWidget)">ButtonsDesign1_bevel</include>
		    <include condition="Skin.String(ButtonsDesign,2) + Skin.HasSetting(ButtonsDesignWidget)">ButtonsDesign2_bevel</include>
		    <include condition="Skin.String(ButtonsDesign,3) + Skin.HasSetting(ButtonsDesignWidget)">ButtonsDesign3_bevel</include>
		    <include condition="Skin.String(ButtonsDesign,4) + Skin.HasSetting(ButtonsDesignWidget)">ButtonsDesign4_bevel</include>
            <texture diffuse="buttons/ButtonA0.png">buttons/effects/bevel0.png</texture>
		    <visible>!Skin.HasSetting(BevelButton) + Skin.HasSetting(ButtonsDesignWidget)</visible>
          </control>
		  <control type="image" description="מסגרת (Stroke)">
		    <posx>10</posx>
            <posy>60</posy>
            <width>220</width>
            <height>330</height>
		    <include condition="!Skin.String(ButtonsDesign) + Skin.HasSetting(ButtonsDesignWidget)">ButtonsDesign_stroke</include>
		    <include condition="Skin.String(ButtonsDesign,0) + Skin.HasSetting(ButtonsDesignWidget)">ButtonsDesign0_stroke</include>
		    <include condition="Skin.String(ButtonsDesign,1) + Skin.HasSetting(ButtonsDesignWidget)">ButtonsDesign1_stroke</include>
		    <include condition="Skin.String(ButtonsDesign,2) + Skin.HasSetting(ButtonsDesignWidget)">ButtonsDesign2_stroke</include>
		    <include condition="Skin.String(ButtonsDesign,3) + Skin.HasSetting(ButtonsDesignWidget)">ButtonsDesign3_stroke</include>
		    <include condition="Skin.String(ButtonsDesign,4) + Skin.HasSetting(ButtonsDesignWidget)">ButtonsDesign4_stroke</include>
		    <texture diffuse="buttons/ButtonA0.png">buttons/effects/stroke0.png</texture>
		    <visible>Skin.HasSetting(StrokeButton) + Skin.HasSetting(ButtonsDesignWidget)</visible>
		  </control>
		  <control type="image" description="OFF">
			  <aspectratio>keep</aspectratio>
			  <height>200</height>
			  <posx>5</posx>
			  <posy>120</posy>
			  <texture>misc/help/off.png</texture>
			  <visible>String.IsEmpty(ListItem.Property(off)) | Window.IsVisible(Custom1173.xml) + String.IsEmpty(Container(315).ListItem(0).Property(off))</visible>
			  <visible>Control.IsVisible(315) | Window.IsVisible(Custom1175.xml)</visible>
			  <visible>![String.IsEqual(Window(home).Property(Button.ID),90) + !Skin.String(widget311) | String.IsEqual(Window(home).Property(Button.ID),Skin.String(widget311))]</visible>
			  <visible>![String.IsEqual(Window(home).Property(Button.ID),91) + !Skin.String(widget312) | String.IsEqual(Window(home).Property(Button.ID),Skin.String(widget312))]</visible>
			  <visible>Window.IsVisible(CustomHomeCustomizer.xml)</visible>
			  <width>250</width>
          </control>
		  <control type="group" description="קבוצה כותרות">
			<!--<include>Fade3</include>-->
			<control type="image" description="קדימון">
			  <height>70</height>		
			  <posx>285</posx>
			  <posy>0</posy>
			  <texture>osd/buttons/OSDTrailerNF.png</texture>
			  <visible>!String.IsEmpty(ListItem.Property(trailer)) + !Skin.HasSetting(trailers)</visible>
			  <width>70</width>
			  <visible>false</visible>
			</control>
			<control type="image" description="קדימון">
			  <height>70</height>		
			  <posx>285</posx>
			  <posy>0</posy>
			  <texture>osd/buttons/OSDTrailerFO.png</texture>
			  <visible>!String.IsEmpty(ListItem.Property(trailer)) + Skin.HasSetting(trailers)</visible>
			  <width>70</width>
			</control>
			<control type="image" description="דירוג">
			  <animation condition="true" effect="rotate" end="-90" center="350,140" time="0">Conditional</animation>
			  <aspectratio align="center">keep</aspectratio>
			  <height>140</height>
			  <posx>240</posx> <!--למעלה/למטה-->
			  <posy>390</posy> <!--שמאלה/ימינה-->
			  <texture>$VAR[TopVideoInformation3]</texture>
			  <visible>!String.IsEmpty(Listitem.Property(rating)) + Integer.IsGreater(Listitem.Property(rating),0) + Integer.IsLess(Listitem.Property(rating),9.9)</visible>
			  <visible>false</visible>
			  <width>170</width>
			</control>
			<control type="group" description="עונה ופרק">
				<animation condition="Skin.HasSetting(ButtonsDesignWidget)" effect="fade" start="60" end="60" time="0">Conditional</animation>
		        <animation condition="!Skin.HasSetting(ButtonsDesignWidget)" effect="fade" start="90" end="90" time="0">Conditional</animation>
				<posx>10</posx>
				<posy>360</posy>
				<control type="image" description="שחור">
				  <height>30</height>
				  <posx>0</posx>
				  <width>220</width>
				  <include condition="!Skin.String(ButtonsDesign) + Skin.HasSetting(ButtonsDesignWidget)">ButtonsDesign_black</include>
				  <include condition="Skin.String(ButtonsDesign,0) + Skin.HasSetting(ButtonsDesignWidget)">ButtonsDesign0_black</include>
				  <include condition="Skin.String(ButtonsDesign,1) + Skin.HasSetting(ButtonsDesignWidget)">ButtonsDesign1_black</include>
				  <include condition="Skin.String(ButtonsDesign,2) + Skin.HasSetting(ButtonsDesignWidget)">ButtonsDesign2_black</include>
				  <include condition="Skin.String(ButtonsDesign,3) + Skin.HasSetting(ButtonsDesignWidget)">ButtonsDesign3_black</include>
				  <include condition="Skin.String(ButtonsDesign,4) + Skin.HasSetting(ButtonsDesignWidget)">ButtonsDesign4_black</include>
				  <texture colordiffuse="ff000000" border="0">buttons/ButtonA0.png</texture>
				  <visible>!Skin.HasSetting(WidgetLabelBackground) + !String.IsEmpty(ListItem.Label)</visible>
				</control>
				<control type="label" description="עונה ופרק">
				  <align>center</align>
				  <label>$INFO[ListItem.Property(se)]</label> <!--[CR]$LOCALIZE[12391] $INFO[Container(311).ListItem(0).Property(runtime)]-->
				  <font>size28</font>
				  <height>30</height>
				  <posx>0</posx>
				  <width>220</width>
				  <textcolor>$VAR[WidgetFocusFontColor]</textcolor>
				  <visible>!String.IsEmpty(ListItem.Property(se)) + Control.IsVisible(312)</visible>
				</control>
				<control type="label" description="כותרת">
				  <align>center</align>
				  <label>$VAR[WidgetLabel]</label>
				  <font>size18</font>
				  <height>30</height>
				  <posx>0</posx>
				  <textcolor>$VAR[WidgetFocusFontColor]</textcolor>
				  <shadowcolor>black</shadowcolor>
				  <scroll>false</scroll>
				  <width>220</width>
				  <visible>![!String.IsEmpty(ListItem.Property(se)) + Control.IsVisible(312)]</visible>
				  <visible>!Skin.HasSetting(BiggerWidgetLabels)</visible>
				</control>
				<control type="label" description="כותרת מוגדלת">
				  <align>center</align>
				  <label>$VAR[WidgetLabel]</label>
				  <font>size28</font>
				  <height>30</height>
				  <posx>0</posx>
				  <textcolor>$VAR[WidgetFocusFontColor]</textcolor>
				  <shadowcolor>black</shadowcolor>
				  <scroll>false</scroll>
				  <width>220</width>
				  <visible>![!String.IsEmpty(ListItem.Property(se)) + Control.IsVisible(312)]</visible>
				  <visible>Skin.HasSetting(BiggerWidgetLabels)</visible>
				</control>
			</control>
		  </control>
		  <control type="image" description="סמן בחירה">
			<posx>10</posx>
			<posy>60</posy>
			<width>220</width>
			<height>330</height>
			<texture border="10" colordiffuse="$VAR[SelectedFrameColor]">misc/frames/selector.png</texture>
		    <visible>Skin.HasSetting(SelectionMarker) | [Window.IsVisible(CustomHomeCustomizer.xml) + [Window.IsVisible(Custom1175.xml) | String.IsEmpty(ListItem.Label)]]</visible>
		    <visible>!String.IsEmpty(Window(home).Property(WidgetButton.ID_)) | Control.IsVisible(311) | Control.IsVisible(312)</visible>
		  </control>
	  </control>
	</focusedlayout>
  </include>
  
  <variable name="WidgetLabel">
    <value condition="!String.IsEmpty(ListItem.Property(title)) + Control.IsVisible(311)">$INFO[ListItem.Property(title)]</value>
    <value condition="!String.IsEmpty(ListItem.Label)">$INFO[ListItem.Label]</value>
	
  </variable>
  
</includes>
