<?xml version="1.0" encoding="UTF-8" standalone="yes"?>
<addon id="plugin.video.featherence.be_creative" name="Featherence Be Creative" version="0.0.4" provider-name="finalmakerr">
  <requires>
    <import addon="xbmc.python" version="2.24.0" />
	<import addon="script.featherence.service" version="0.3.46"/>
  </requires>
  <extension point="xbmc.python.pluginsource" library="default.py">
    <provides>video</provides>
  </extension>
  <extension point="xbmc.addon.metadata">
	<platform>all</platform>
    <summary lang="en">Easily create new addon</summary>
	<summary lang="he">צור הרחבה חדשה בקלי קלות</summary>
    <description lang="en">For support ask in Featherence's facebook.
	Also don't forget to check the addon.xml file for the source of information.
    </description>
	<description lang="he">לתמיכה שאל בקבוצת הפייסבוק.
	Also don't forget to check the addon.xml file for the source of information.
	</description>
    <disclaimer lang="en">The author does not host or distribute any of the content displayed by this addon. The author does not have any affiliation with the content provider.</disclaimer>
	<forum></forum>
	<email>featherence@groups.facebook.com</email>
	<source>https://github.com/finalmakerr/featherence/tree/master/master/plugin.video.featherence.be_creative</source>
	<website>https://www.facebook.com/groups/featherence/</website>
  </extension>
</addon>
