<?xml version="1.0" encoding="UTF-8"?>
<window type="dialog" description="חלון מידע כותרת עליונה (10142)">
  <include>Fade6</include>
  <visible>[Player.Paused + VideoPlayer.IsFullscreen] | Window.IsVisible(DialogPVRChannelsOSD.xml) | [Player.IsInternetStream] + [!StringCompare(System.InternetState,$LOCALIZE[15207]) + !IsEmpty(System.InternetState)]</visible>
  <zorder>2</zorder>
  <controls>
    <include>TopVideoInformation</include>
    <!--<include>TopInformation</include>-->
  </controls>
</window>