<?xml version="1.0" encoding="UTF-8"?>
<window description="(28)">
  <defaultcontrol always="true">50</defaultcontrol>
  <allowoverlay>no</allowoverlay>
  <controls>
    <include>Backgrounds3</include>
	<include>ScrollBar</include>
    <include>ViewDesign_50</include>
	<include>ViewDesign_51</include>
	<include>ViewDesign_54</include>
	<include>ViewDesign_57</include>
	<include>ViewDesign_58</include>
	<include>MenuDesign_Left</include>
	<include>TopVideoInformation</include>
	<include>TopInformation</include>
  </controls>
</window>