<?xml version="1.0" encoding="UTF-8"?>
<window>
  <defaultcontrol always="true">5</defaultcontrol>
  <controls>
    <include condition="Window.IsVisible(10152)">BottomCenterDialogMediaFilter</include>
    <include condition="Window.IsVisible(10123) | Window.IsVisible(10124)">LeftMenuVideoOSDSettings</include>
    <!--<include description="DialogAudioDSPSettings" condition="Window.IsVisible(10124)"></include>-->
    <include condition="Window.IsVisible(10132)">BottomCenterDialogContentSettings</include>
    <include condition="Window.IsVisible(10130)">BottomCenterDialogProfileSettings</include>
    <include condition="Window.IsVisible(10131)">BottomCenterDialogLockSettings</include>
    <include condition="Window.IsVisible(10602)">DialogPVRTimerSettings</include>
    <include condition="Window.IsVisible(10150)">BottomCenterDialogPeripheralSettings</include>
    <!--<include description="DialogNetworkSetup" condition="Window.IsVisible(10128)"></include>-->
	
	<include>TopInformation</include>
	<include>TouchSupport</include>
  </controls>
</window>