<?xml version="1.0" encoding="UTF-8"?>
<includes>
  <include name="SideMenuCommon">
    <!--<onfocus>SetProperty(SideMenuUp,True,home)</onfocus>
	<onunfocus>AlarmClock(SideMenuUp,ClearProperty(SideMenuUp,home),00:01,silent)</onunfocus>-->
    <textoffsetx>45</textoffsetx>
	<font>size28</font>
	<include condition="String.IsEqual(System.Language,Hebrew)">SideMenuCommon2</include>
	<radioposx>15</radioposx>
	<spinposx>190</spinposx>
	<textwidth>380</textwidth>
  </include>
  <include name="SideMenuCommon2">
	<radioposx>435</radioposx>
	<spinposx>0</spinposx>
  </include>
  <include name="MenuDesign_Left">
    <control type="label" id="90000">
	  <visible>true</visible>
	</control>
    <control type="group" description="Side menu 9000 group">
      <visible allowhiddenfocus="true">ControlGroup(9000).HasFocus() | ControlGroup(9001).HasFocus() | ControlGroup(9002).HasFocus() | !String.IsEmpty(Window(home).Property(SideMenuUp))</visible>
	  <include condition="String.IsEqual(System.Language,Hebrew)">Slide5</include>
	  <include condition="!String.IsEqual(System.Language,Hebrew)">Slide7</include>
	  
	  <include condition="String.IsEqual(System.Language,Hebrew)">Control_Pos48</include>
      <height>525</height>
	  <posx>1880</posx>
	  <posy>340</posy>	  
	  <width>480</width>
      <include name="MenuBackground">
			<param name="id" value="" />
			<param name="border" value="40" />
			<param name="color" value="$VAR[MenuColor]" />
			<param name="height" value="570" />
			<param name="posx" value="0" />
			<param name="posy" value="-20" />
			<param name="width" value="483" />
			
			<param name="condition" value="!Skin.HasSetting(MenuBackground)"/>
			<param name="type0" value="true" description="MenuBackground"/>
			<param name="type1" value="false" description="DialogBackground"/>
	  </include>
	  <include>ArrowsUpDown2</include>
      <control type="grouplist" id="9000">
		<visible allowhiddenfocus="true">[ControlGroup(9000).HasFocus() | !String.IsEmpty(Window(home).Property(SideMenuUp))] + !ControlGroup(9001).HasFocus() + !ControlGroup(9002).HasFocus() + !String.Contains(Window(home).Property(ViewsSettings),900)</visible>
		<visible>!Control.IsVisible(9003)</visible>
		<include>4ways3</include>
		<!--<include condition="Window.IsVisible(Home.xml)">LeftMenuHome</include>-->
		<include condition="Window.IsVisible(MyVideoNav.xml)">LeftMenuMyVideoNav</include>
		<include condition="Window.IsVisible(MyVideoPlaylist)">LeftMenuMyVideoPlaylist</include>
		<include condition="Window.IsVisible(MyPics.xml)">LeftMenuMyPics</include>
		<include condition="Window.IsVisible(MyWeather.xml)">LeftMenuMyWeather</include>
		<include condition="Window.IsVisible(Settings.xml) | Window.IsVisible(SettingsCategory.xml)">LeftMenuSettings</include>
		<include condition="Window.IsVisible(MyMusicNav.xml)">LeftMenuMyMusicNav</include>
		<include condition="Window.IsVisible(AddonBrowser.xml)">LeftMenuAddonBrowser</include>
		<include condition="Window.IsVisible(MyPrograms.xml)">LeftMenuMyPrograms</include>
		<include condition="Window.IsVisible(MyPVRChannels.xml) | Window.IsVisible(MyPVRGuide.xml)">LeftMenuMyPVR</include>
	  </control>
      
	  <control type="grouplist" id="9001">
		<visible allowhiddenfocus="false">[[ControlGroup(9001).HasFocus() | [!String.IsEmpty(Window(home).Property(SideMenuUp)) + String.IsEqual(Window(home).Property(ViewsSettings),9001)]] | String.IsEqual(Window(home).Property(ViewsSettings),9001)] + !Control.IsVisible(9000)</visible>
		<visible>!Control.IsVisible(9003)</visible>
		<include>4ways3</include>
		
		<control type="radiobutton" id="90" description="Toggle Main/View LeftMenu">
		  <include>SideMenuCommon</include>
		  <include condition="String.IsEqual(System.Language,Hebrew)">ButtonR1</include>
		  <include condition="!String.IsEqual(System.Language,Hebrew)">ButtonL1</include>
		  <font>size28</font>
		  <label>14018</label>
		  <selected>ControlGroup(9001).HasFocus() | String.IsEqual(Window(home).Property(ViewsSettings),9001)</selected>
		  <onclick>ClearProperty(ViewsSettings,home)</onclick>
		  <onclick>SetFocus(9000)</onclick>
		</control>
		
		<control type="radiobutton" id="100" description="ShowDVDCases">
          <include>SideMenuCommon</include>
		  <include condition="String.IsEqual(System.Language,Hebrew)">ButtonR1</include>
		  <include condition="!String.IsEqual(System.Language,Hebrew)">ButtonL1</include>
		  <font>size28</font>
		  <label>$LOCALIZE[31829]</label>
		  <selected>[String.IsEqual(Container.Viewmode,$LOCALIZE[31013]) | String.IsEqual(Container.Viewmode,$LOCALIZE[31016])] + !Skin.HasSetting(ShowDVDCases) | [[String.IsEqual(Container.Viewmode,$LOCALIZE[31011]) | String.IsEqual(Container.Viewmode,$LOCALIZE[31015]) | String.IsEqual(Container.Viewmode,$LOCALIZE[31014])] + Skin.HasSetting(ShowDVDCases2)]</selected>
		  <onclick condition="String.IsEqual(Container.Viewmode,$LOCALIZE[31013]) | String.IsEqual(Container.Viewmode,$LOCALIZE[31016])">Skin.ToggleSetting(ShowDVDCases)</onclick>
		  <onclick condition="String.IsEqual(Container.Viewmode,$LOCALIZE[31011]) | String.IsEqual(Container.Viewmode,$LOCALIZE[31015]) | String.IsEqual(Container.Viewmode,$LOCALIZE[31014])">Skin.ToggleSetting(ShowDVDCases2)</onclick>
		  <visible>String.IsEqual(Container.Viewmode,$LOCALIZE[31011]) | String.IsEqual(Container.Viewmode,$LOCALIZE[31013]) | String.IsEqual(Container.Viewmode,$LOCALIZE[31014]) | String.IsEqual(Container.Viewmode,$LOCALIZE[31015]) | String.IsEqual(Container.Viewmode,$LOCALIZE[31016])</visible>
        </control>
		<control type="radiobutton" id="101" description="ShowDVDdisc">
          <include>SideMenuCommon</include>
		  <include condition="String.IsEqual(System.Language,Hebrew)">ButtonR1</include>
		  <include condition="!String.IsEqual(System.Language,Hebrew)">ButtonL1</include>
		  <font>size28</font>
		  <label>$LOCALIZE[31042]</label>
		  <selected>!Skin.HasSetting(ShowDVDdisc)</selected>
		  <onclick>Skin.ToggleSetting(ShowDVDdisc)</onclick>
        </control>
		<control type="radiobutton" id="102" description="ShowTopVideoInformation">
          <include>SideMenuCommon</include>
		  <include condition="String.IsEqual(System.Language,Hebrew)">ButtonR1</include>
		  <include condition="!String.IsEqual(System.Language,Hebrew)">ButtonL1</include>
		  <font>size28</font>
		  <label>$LOCALIZE[31806]</label>
		  <selected>!Skin.HasSetting(ShowTopVideoInformation)</selected>
		  <onclick condition="String.IsEqual(Container.Viewmode,$LOCALIZE[31013]) | String.IsEqual(Container.Viewmode,$LOCALIZE[31014])">Skin.ToggleSetting(ShowTopVideoInformation)</onclick>
		  <visible>String.IsEqual(Container.Viewmode,$LOCALIZE[31013]) | String.IsEqual(Container.Viewmode,$LOCALIZE[31014])</visible>
        </control>
		<control type="radiobutton" id="104" description="פאנארט מסך מלא">
          <include>SideMenuCommon</include>
		  <include condition="String.IsEqual(System.Language,Hebrew)">ButtonR1</include>
		  <include condition="!String.IsEqual(System.Language,Hebrew)">ButtonL1</include>
		  <font>size28</font>
		  <label>$LOCALIZE[20445] $LOCALIZE[244]</label>
		  <enable>[!Skin.HasSetting(ShowTopVideoInformation) | String.IsEqual(Container.Viewmode,$LOCALIZE[31016])] + !Skin.HasSetting(background2)</enable>
		  <selected>[!String.IsEqual(Container.Viewmode,$LOCALIZE[31016]) + !Skin.HasSetting(FullFanartTopVideoInformation)] | [String.IsEqual(Container.Viewmode,$LOCALIZE[31016]) + Skin.HasSetting(FullFanart59)]</selected>
		  <onclick condition="!String.IsEqual(Container.Viewmode,$LOCALIZE[31016])">Skin.ToggleSetting(FullFanartTopVideoInformation)</onclick>
		  <onclick condition="String.IsEqual(Container.Viewmode,$LOCALIZE[31016])">Skin.ToggleSetting(FullFanart59)</onclick>
		  <visible>String.IsEqual(Container.Viewmode,$LOCALIZE[31013]) | String.IsEqual(Container.Viewmode,$LOCALIZE[31014]) | String.IsEqual(Container.Viewmode,$LOCALIZE[31016])</visible>
        </control>
		<control type="radiobutton" id="105" description="פאנארט מסך מלא - ZOOM OUT">
		  <include>SideMenuCommon</include>
		  <include condition="String.IsEqual(System.Language,Hebrew)">ButtonR1</include>
		  <include condition="!String.IsEqual(System.Language,Hebrew)">ButtonL1</include>
		  <font>size28</font>
		  <label>$LOCALIZE[20445] $LOCALIZE[244] - ZOOM OUT</label>
		  <enable>!Skin.HasSetting(ShowTopVideoInformation) + !Skin.HasSetting(FullFanartTopVideoInformation) + !Skin.HasSetting(background2)</enable>
		  <selected>Skin.HasSetting(FullFanartZoomOut)</selected>
		  <onclick>Skin.ToggleSetting(FullFanartZoomOut)</onclick>
		  <visible>String.IsEqual(Container.Viewmode,$LOCALIZE[31013]) | String.IsEqual(Container.Viewmode,$LOCALIZE[31014]) | String.IsEqual(Container.Viewmode,$LOCALIZE[31016])</visible>
        </control>
		<control type="button" id="106" description="שקיפות עטיפות">
		  <include>SideMenuCommon</include>
		  <include condition="String.IsEqual(System.Language,Hebrew)">ButtonR1</include>
		  <include condition="!String.IsEqual(System.Language,Hebrew)">ButtonL1</include>
		  <font>size28</font>
		  <label>$LOCALIZE[31030]: $INFO[Skin.String(MoviesTVCoversOverlay)]</label>
		  <enable>!Skin.HasSetting(ShowTopVideoInformation) + [!Skin.HasSetting(FullFanartTopVideoInformation) | Skin.HasSetting(AlwaysFanart)] | String.IsEqual(Container.Viewmode,$LOCALIZE[31015])</enable>
		  <onclick condition="!Skin.String(MoviesTVCoversOverlay)">Skin.SetString(MoviesTVCoversOverlay, 100)</onclick>
		  <onclick condition="Skin.String(MoviesTVCoversOverlay, 100)">Skin.SetString(MoviesTVCoversOverlay, 95)</onclick>
		  <onclick condition="Skin.String(MoviesTVCoversOverlay, 95)">Skin.SetString(MoviesTVCoversOverlay, 90)</onclick>
		  <onclick condition="Skin.String(MoviesTVCoversOverlay, 90)">Skin.SetString(MoviesTVCoversOverlay, 85)</onclick>
		  <onclick condition="Skin.String(MoviesTVCoversOverlay, 85)">Skin.SetString(MoviesTVCoversOverlay, 80)</onclick>
		  <onclick condition="Skin.String(MoviesTVCoversOverlay, 80)">Skin.SetString(MoviesTVCoversOverlay, 70)</onclick>
		  <onclick condition="Skin.String(MoviesTVCoversOverlay, 70)">Skin.SetString(MoviesTVCoversOverlay, 60)</onclick>
		  <onclick condition="Skin.String(MoviesTVCoversOverlay, 60)">Skin.SetString(MoviesTVCoversOverlay, 50)</onclick>
		  <onclick condition="Skin.String(MoviesTVCoversOverlay, 50)">Skin.SetString(MoviesTVCoversOverlay, 40)</onclick>
		  <onclick condition="Skin.String(MoviesTVCoversOverlay, 40)">Skin.SetString(MoviesTVCoversOverlay, 30)</onclick>
		  <onclick condition="Skin.String(MoviesTVCoversOverlay, 30)">Skin.SetString(MoviesTVCoversOverlay, 20)</onclick>
		  <onclick condition="Skin.String(MoviesTVCoversOverlay, 20)">Skin.SetString(MoviesTVCoversOverlay, 10)</onclick>
		  <onclick condition="Skin.String(MoviesTVCoversOverlay, 10)">Skin.SetString(MoviesTVCoversOverlay, )</onclick>
		  <visible>String.IsEqual(Container.Viewmode,$LOCALIZE[31015]) | String.IsEqual(Container.Viewmode,$LOCALIZE[31013]) | String.IsEqual(Container.Viewmode,$LOCALIZE[31014]) | String.IsEqual(Container.Viewmode,$LOCALIZE[31016])</visible>
        </control>
		<control type="radiobutton" id="107" description="SelectedZoom">
          <include>SideMenuCommon</include>
		  <include condition="String.IsEqual(System.Language,Hebrew)">ButtonR1</include>
		  <include condition="!String.IsEqual(System.Language,Hebrew)">ButtonL1</include>
		  <font>size28</font>
		  <label>$LOCALIZE[31043]</label>
		  <selected>!Skin.HasSetting(SelectedZoom)</selected>
		  <onclick>Skin.ToggleSetting(SelectedZoom)</onclick>
		  <visible>String.IsEqual(Container.Viewmode,$LOCALIZE[31015]) | String.IsEqual(Container.Viewmode,$LOCALIZE[31013]) | String.IsEqual(Container.Viewmode,$LOCALIZE[31014]) | String.IsEqual(Container.Viewmode,$LOCALIZE[31016])</visible>
        </control>
		<control type="radiobutton" id="108" description="מסגרת בחירה">
          <include>SideMenuCommon</include>
		  <include condition="String.IsEqual(System.Language,Hebrew)">ButtonR1</include>
		  <include condition="!String.IsEqual(System.Language,Hebrew)">ButtonL1</include>
		  <font>size28</font>
		  <label>$LOCALIZE[31044]</label>
		  <selected>!Skin.HasSetting(SelectedFrame)</selected>
		  <onclick>Skin.ToggleSetting(SelectedFrame)</onclick>
		  <visible>String.IsEqual(Container.Viewmode,$LOCALIZE[31015]) | String.IsEqual(Container.Viewmode,$LOCALIZE[31013]) | String.IsEqual(Container.Viewmode,$LOCALIZE[31014]) | String.IsEqual(Container.Viewmode,$LOCALIZE[31016])</visible>
        </control>
		<control type="radiobutton" id="109" description="תפריט רחב">
          <include>SideMenuCommon</include>
		  <include condition="String.IsEqual(System.Language,Hebrew)">ButtonR1</include>
		  <include condition="!String.IsEqual(System.Language,Hebrew)">ButtonL1</include>
		  <font>size28</font>
		  <label>$LOCALIZE[31046]</label>
		  <selected>!Skin.HasSetting(View50_Plus)</selected>
		  <onclick>Skin.ToggleSetting(View50_Plus)</onclick>
		  <visible>String.IsEqual(Container.Viewmode,$LOCALIZE[31011])</visible>
        </control>
		<control type="radiobutton" id="110" description="פאנארט מסך מלא">
          <include>SideMenuCommon</include>
		  <include condition="String.IsEqual(System.Language,Hebrew)">ButtonR1</include>
		  <include condition="!String.IsEqual(System.Language,Hebrew)">ButtonL1</include>
		  <font>size28</font>
		  <label>$LOCALIZE[20445] $LOCALIZE[244]</label>
		  <selected>Skin.HasSetting(View50_Plus2)</selected>
		  <onclick>Skin.ToggleSetting(View50_Plus2)</onclick>
		  <visible>String.IsEqual(Container.Viewmode,$LOCALIZE[31011])</visible>
        </control>
		<control type="radiobutton" id="111" description="אפשר פאנארט מפוסטר">
          <include>SideMenuCommon</include>
		  <include condition="String.IsEqual(System.Language,Hebrew)">ButtonR1</include>
		  <include condition="!String.IsEqual(System.Language,Hebrew)">ButtonL1</include>
		  <font>size28</font>
		  <label>$LOCALIZE[31129]</label>
		  <selected>Skin.HasSetting(PosterFanart)</selected>
		  <onclick>Skin.ToggleSetting(PosterFanart)</onclick>
		  <visible>String.IsEqual(Container.Viewmode,$LOCALIZE[31011])</visible>
        </control>
		<control type="radiobutton" id="112" description="הצג דירוג">
          <include>SideMenuCommon</include>
		  <include condition="String.IsEqual(System.Language,Hebrew)">ButtonR1</include>
		  <include condition="!String.IsEqual(System.Language,Hebrew)">ButtonL1</include>
		  <font>size28</font>
		  <label>$LOCALIZE[31047]</label>
		  <selected>!Skin.HasSetting(Show_Rating)</selected>
		  <onclick>Skin.ToggleSetting(Show_Rating)</onclick>
		  <visible>String.IsEqual(Container.Viewmode,$LOCALIZE[31015]) | String.IsEqual(Container.Viewmode,$LOCALIZE[31013]) | String.IsEqual(Container.Viewmode,$LOCALIZE[31014]) | String.IsEqual(Container.Viewmode,$LOCALIZE[31011]) | String.IsEqual(Container.Viewmode,$LOCALIZE[31016])</visible>
        </control>
		<control type="button" id="113" description="שקיפות פאנארט">
		  <include>SideMenuCommon</include>
		  <include condition="String.IsEqual(System.Language,Hebrew)">ButtonR1</include>
		  <include condition="!String.IsEqual(System.Language,Hebrew)">ButtonL1</include>
		  <font>size28</font>
		  <label>$LOCALIZE[31050]: $INFO[Skin.String(Background2Overlay)]</label>
		  <enable></enable>
		  <onclick condition="!Skin.String(Background2Overlay)">Skin.SetString(Background2Overlay, 100)</onclick>
		  <onclick condition="Skin.String(Background2Overlay, 100)">Skin.SetString(Background2Overlay, 95)</onclick>
		  <onclick condition="Skin.String(Background2Overlay, 95)">Skin.SetString(Background2Overlay, 90)</onclick>
		  <onclick condition="Skin.String(Background2Overlay, 90)">Skin.SetString(Background2Overlay, 85)</onclick>
		  <onclick condition="Skin.String(Background2Overlay, 85)">Skin.SetString(Background2Overlay, 80)</onclick>
		  <onclick condition="Skin.String(Background2Overlay, 80)">Skin.SetString(Background2Overlay, 70)</onclick>
		  <onclick condition="Skin.String(Background2Overlay, 70)">Skin.SetString(Background2Overlay, 60)</onclick>
		  <onclick condition="Skin.String(Background2Overlay, 60)">Skin.SetString(Background2Overlay, 50)</onclick>
		  <onclick condition="Skin.String(Background2Overlay, 50)">Skin.SetString(Background2Overlay, 40)</onclick>
		  <onclick condition="Skin.String(Background2Overlay, 40)">Skin.SetString(Background2Overlay, 30)</onclick>
		  <onclick condition="Skin.String(Background2Overlay, 30)">Skin.SetString(Background2Overlay, 20)</onclick>
		  <onclick condition="Skin.String(Background2Overlay, 20)">Skin.SetString(Background2Overlay, 10)</onclick>
		  <onclick condition="Skin.String(Background2Overlay, 10)">Skin.SetString(Background2Overlay, )</onclick>
		  <visible>String.IsEqual(Container.Viewmode,$LOCALIZE[31013]) | String.IsEqual(Container.Viewmode,$LOCALIZE[31014]) | String.IsEqual(Container.Viewmode,$LOCALIZE[31016])</visible>
        </control>
		<control type="radiobutton" id="114" description="תמונה גדולה">
          <include>SideMenuCommon</include>
		  <include condition="String.IsEqual(System.Language,Hebrew)">ButtonR1</include>
		  <include condition="!String.IsEqual(System.Language,Hebrew)">ButtonL1</include>
		  <font>size28</font>
		  <label>$LOCALIZE[31469]</label>
		  <selected>Skin.HasSetting(View50_BiggerIcon)</selected>
		  <onclick>Skin.ToggleSetting(View50_BiggerIcon)</onclick>
		  <visible>String.IsEqual(Container.Viewmode,$LOCALIZE[31011])</visible>
        </control>
		<control type="radiobutton" id="115" description="מצב סירה">
          <include>SideMenuCommon</include>
		  <include condition="String.IsEqual(System.Language,Hebrew)">ButtonR1</include>
		  <include condition="!String.IsEqual(System.Language,Hebrew)">ButtonL1</include>
		  <font>size28</font>
		  <label>$LOCALIZE[31472]</label>
		  <selected>Skin.HasSetting(View54_Boat)</selected>
		  <onclick>Skin.ToggleSetting(View54_Boat)</onclick>
		  <visible>String.IsEqual(Container.Viewmode,$LOCALIZE[31015])</visible>
        </control>
		<control type="radiobutton" id="116" description="הצג כפתור קדימון">
          <include>SideMenuCommon</include>
		  <include condition="String.IsEqual(System.Language,Hebrew)">ButtonR1</include>
		  <include condition="!String.IsEqual(System.Language,Hebrew)">ButtonL1</include>
		  <font>size28</font>
		  <label>$LOCALIZE[31487]</label>
		  <selected>!Skin.HasSetting(EnableTrailerButton)</selected>
		  <onclick>Skin.ToggleSetting(EnableTrailerButton)</onclick>
		  <visible>!String.IsEqual(Container.Viewmode,$LOCALIZE[31012])</visible>
		  <visible>![String.IsEqual(Container.Viewmode,$LOCALIZE[31015]) + Skin.HasSetting(View54_Boat)]</visible>
		  <visible>Container.Content(movies) | !String.IsEmpty(ListItem.Trailer)</visible>
        </control>
		<control type="radiobutton" id="117" description="הצג פאנארט מתמונת פרק/עונה">
          <include>SideMenuCommon</include>
		  <include condition="String.IsEqual(System.Language,Hebrew)">ButtonR1</include>
		  <include condition="!String.IsEqual(System.Language,Hebrew)">ButtonL1</include>
		  <font>size28</font>
		  <label>$LOCALIZE[31489]</label>
		  <selected>Skin.HasSetting(EpisodeFanart)</selected>
		  <onclick>Skin.ToggleSetting(EpisodeFanart)</onclick>
		  <visible>!String.IsEmpty(ListItem.Thumb) + [Container.Content(seasons) | Container.Content(episodes)] + !String.IsEmpty(ListItem.Episode) + !String.IsEmpty(ListItem.Season)</visible>
        </control>
		<control type="radiobutton" id="118" description="מידע וידאו צדדי">
          <include>SideMenuCommon</include>
		  <include condition="String.IsEqual(System.Language,Hebrew)">ButtonR1</include>
		  <include condition="!String.IsEqual(System.Language,Hebrew)">ButtonL1</include>
		  <font>size28</font>
		  <label>$LOCALIZE[31506]</label>
		  <selected>[String.IsEqual(Container.Viewmode,$LOCALIZE[31010]) + Skin.HasSetting(View51_SideVideoInformation)] | [String.IsEqual(Container.Viewmode,$LOCALIZE[31011]) + Skin.HasSetting(View50_SideVideoInformation)]</selected>
		  <onclick condition="String.IsEqual(Container.Viewmode,$LOCALIZE[31011])">Skin.ToggleSetting(View50_SideVideoInformation)</onclick>
		  <onclick condition="String.IsEqual(Container.Viewmode,$LOCALIZE[31010])">Skin.ToggleSetting(View51_SideVideoInformation)</onclick>
		  <visible>String.IsEqual(Container.Viewmode,$LOCALIZE[31010]) | String.IsEqual(Container.Viewmode,$LOCALIZE[31011])</visible>
        </control>
		<control type="radiobutton" id="119" description="גודל גופן פרטי וידאו">
          <include>SideMenuCommon</include>
		  <include condition="String.IsEqual(System.Language,Hebrew)">ButtonR1</include>
		  <include condition="!String.IsEqual(System.Language,Hebrew)">ButtonL1</include>
		  <font>size28</font>
		  <label>$LOCALIZE[31473]</label>
		  <selected>Skin.HasSetting(TopVideoInformationFontSize)</selected>
		  <onclick>Skin.ToggleSetting(TopVideoInformationFontSize)</onclick>
		  <visible></visible>
        </control>
		<control type="radiobutton" id="124" description="מרווח עטיפות">
		  <include>SideMenuCommon</include>
		  <include condition="String.IsEqual(System.Language,Hebrew)">ButtonR1</include>
		  <include condition="!String.IsEqual(System.Language,Hebrew)">ButtonL1</include>
		  <font>size28</font>
		  <label>$LOCALIZE[31518]</label>
		  <selected>[String.IsEqual(Container.Viewmode,$LOCALIZE[31013]) | String.IsEqual(Container.Viewmode,$LOCALIZE[31016])] + Skin.HasSetting(View57_Distance) | String.IsEqual(Container.Viewmode,$LOCALIZE[31014]) + Skin.HasSetting(View58_Distance)</selected>
		  <onclick condition="String.IsEqual(Container.Viewmode,$LOCALIZE[31013]) | String.IsEqual(Container.Viewmode,$LOCALIZE[31016])">Skin.ToggleSetting(View57_Distance)</onclick>
		  <onclick condition="String.IsEqual(Container.Viewmode,$LOCALIZE[31014])">Skin.ToggleSetting(View58_Distance)</onclick>
		  <visible>String.IsEqual(Container.Viewmode,$LOCALIZE[31013]) | String.IsEqual(Container.Viewmode,$LOCALIZE[31014]) | String.IsEqual(Container.Viewmode,$LOCALIZE[31016])</visible>
        </control>
		<control type="radiobutton" id="125" description="הסתר פאנארט בזמן ניווט">
		  <include>SideMenuCommon</include>
		  <include condition="String.IsEqual(System.Language,Hebrew)">ButtonR1</include>
		  <include condition="!String.IsEqual(System.Language,Hebrew)">ButtonL1</include>
		  <font>size28</font>
		  <label>$LOCALIZE[31521]</label>
		  <selected>Skin.HasSetting(HideFanartOnNav)</selected>
		  <onclick>Skin.ToggleSetting(HideFanartOnNav)</onclick>
		  <visible>String.IsEqual(Container.Viewmode,$LOCALIZE[31013]) | String.IsEqual(Container.Viewmode,$LOCALIZE[31014])</visible>
        </control>
		<control type="radiobutton" id="126" description="אפשר אנימציית גלישה">
		  <include>SideMenuCommon</include>
		  <include condition="String.IsEqual(System.Language,Hebrew)">ButtonR1</include>
		  <include condition="!String.IsEqual(System.Language,Hebrew)">ButtonL1</include>
		  <font>size28</font>
		  <label>$LOCALIZE[31525]</label>
		  <selected>!Skin.HasSetting(SideVideoInformationAnimation)</selected>
		  <onclick>Skin.ToggleSetting(SideVideoInformationAnimation)</onclick>
		  <visible>String.IsEqual(Container.Viewmode,$LOCALIZE[31011]) | String.IsEqual(Container.Viewmode,$LOCALIZE[31016])</visible>
        </control>
		<control type="button" id="127" description="יישור: ">
		  <include>SideMenuCommon</include>
		  <include condition="String.IsEqual(System.Language,Hebrew)">ButtonR1</include>
		  <include condition="!String.IsEqual(System.Language,Hebrew)">ButtonL1</include>
		  <font>size28</font>
		  <label>$LOCALIZE[31526]: $VAR[View59Align]</label>
		  <onclick condition="!Skin.String(View59Align)">Skin.SetString(View59Align,0)</onclick>
		  <onclick description="en" condition="Skin.String(View59Align,0)">Skin.SetString(View59Align,1)</onclick>
		  <onclick description="he" condition="Skin.String(View59Align,1)">Skin.SetString(View59Align,)</onclick>
		  <visible>String.IsEqual(Container.Viewmode,$LOCALIZE[31016])</visible>
        </control>
	  </control>
	  
	  <control type="grouplist" id="9002">
		<visible allowhiddenfocus="false">[[ControlGroup(9002).HasFocus() | [!String.IsEmpty(Window(home).Property(SideMenuUp)) + String.IsEqual(Window(home).Property(ViewsSettings),9002)]] | String.IsEqual(Window(home).Property(ViewsSettings),9002)] + !Control.IsVisible(9000)</visible>
		<visible>!Control.IsVisible(9003)</visible>
		<include>4ways3</include>
		
		<control type="radiobutton" id="122" description="Toggle Main/View LeftMenu">
		  <include>SideMenuCommon</include>
		  <include condition="String.IsEqual(System.Language,Hebrew)">ButtonR1</include>
		  <include condition="!String.IsEqual(System.Language,Hebrew)">ButtonL1</include>
		  <font>size28</font>
		  <label>14018</label>
		  <selected>ControlGroup(9002).HasFocus() | String.IsEqual(Window(home).Property(ViewsSettings),9002)</selected>
		  <onclick>ClearProperty(ViewsSettings,home)</onclick>
		  <onclick>SetFocus(9000)</onclick>
		</control>
		
		<control type="radiobutton" id="25" description="תצוגה אוטומטית:">
			<include>SideMenuCommon</include>
			<include condition="String.IsEqual(System.Language,Hebrew)">ButtonR1</include>
		    <include condition="!String.IsEqual(System.Language,Hebrew)">ButtonL1</include>
			<font>size28</font>
			<label>$LOCALIZE[31509]: $VAR[25label2]</label>
			<onclick>Skin.ToggleSetting(AutoView)</onclick>
			<selected>Skin.HasSetting(AutoView)</selected>
			<visible>!Skin.HasSetting(ForceView)</visible>
		</control>
		<control type="radiobutton" id="26" description="אילוץ תצוגה:">
			<include>SideMenuCommon</include>
			<include condition="String.IsEqual(System.Language,Hebrew)">ButtonR1</include>
		    <include condition="!String.IsEqual(System.Language,Hebrew)">ButtonL1</include>
			<font>size28</font>
			<label>$LOCALIZE[31508]: $VAR[26label2]</label>
			<onclick>Skin.ToggleSetting(ForceView)</onclick>
			<selected>Skin.HasSetting(ForceView)</selected>
		</control>
		
		<control type="button" id="30" description="סרטים/כל חלון">
			<include>SideMenuCommon</include>
			<include condition="String.IsEqual(System.Language,Hebrew)">ButtonR1</include>
		    <include condition="!String.IsEqual(System.Language,Hebrew)">ButtonL1</include>
			<onclick condition="!Skin.HasSetting(ForceView)">RunScript(script.featherence.service,,?mode=28&amp;value=AutoView.movies)</onclick>
			<onclick condition="Skin.HasSetting(ForceView)">RunScript(script.featherence.service,,?mode=28&amp;value=ForceView.all)</onclick>
			<font>size28</font>
			<label>$VAR[30label2]</label>
			<visible>Skin.HasSetting(AutoView) | Skin.HasSetting(ForceView)</visible>
			<!--<visible>Window.IsVisible(MyVideoNav.xml)</visible>-->
		</control>

		<control type="button" id="31">
			<include>SideMenuCommon</include>
			<include condition="String.IsEqual(System.Language,Hebrew)">ButtonR1</include>
		    <include condition="!String.IsEqual(System.Language,Hebrew)">ButtonL1</include>
			<onclick>RunScript(script.featherence.service,,?mode=28&amp;value=AutoView.tvshows)</onclick>
			<font>size28</font>
			<label>for tv shows:  $INFO[Skin.String(AutoView.tvshows)]</label>
			<visible>Skin.HasSetting(AutoView)</visible>
			<visible>Window.IsVisible(MyVideoNav.xml)</visible>
			<visible>!Skin.HasSetting(ForceView)</visible>
		</control>
		<control type="button" id="32">
			<include>SideMenuCommon</include>
			<include condition="String.IsEqual(System.Language,Hebrew)">ButtonR1</include>
		    <include condition="!String.IsEqual(System.Language,Hebrew)">ButtonL1</include>
			<onclick>RunScript(script.featherence.service,,?mode=28&amp;value=AutoView.seasons)</onclick>
			<font>size28</font>
			<label>for seasons:  $INFO[Skin.String(AutoView.seasons)]</label>
			<visible>Skin.HasSetting(AutoView)</visible>
			<visible>Window.IsVisible(MyVideoNav.xml)</visible>
			<visible>!Skin.HasSetting(ForceView)</visible>
		</control>
		<control type="button" id="33">
			<include>SideMenuCommon</include>
			<include condition="String.IsEqual(System.Language,Hebrew)">ButtonR1</include>
		    <include condition="!String.IsEqual(System.Language,Hebrew)">ButtonL1</include>
			<onclick>RunScript(script.featherence.service,,?mode=28&amp;value=AutoView.episodes)</onclick>
			<font>size28</font>
			<label>for episodes: $INFO[Skin.String(AutoView.episodes)]</label>
			<visible>Skin.HasSetting(AutoView)</visible>
			<visible>Window.IsVisible(MyVideoNav.xml)</visible>
			<visible>!Skin.HasSetting(ForceView)</visible>
		</control>
		<control type="button" id="34">
			<include>SideMenuCommon</include>
			<include condition="String.IsEqual(System.Language,Hebrew)">ButtonR1</include>
		    <include condition="!String.IsEqual(System.Language,Hebrew)">ButtonL1</include>
			<onclick>RunScript(script.featherence.service,,?mode=28&amp;value=AutoView.setmovies)</onclick>
			<font>size28</font>
			<label>for movie sets: $INFO[Skin.String(AutoView.setmovies)]</label>
			<visible>Skin.HasSetting(AutoView)</visible>
			<visible>Window.IsVisible(MyVideoNav.xml)</visible>
			<visible>!Skin.HasSetting(ForceView)</visible>
		</control>
		<control type="button" id="36">
			<include>SideMenuCommon</include>
			<include condition="String.IsEqual(System.Language,Hebrew)">ButtonR1</include>
		    <include condition="!String.IsEqual(System.Language,Hebrew)">ButtonL1</include>
			<onclick>RunScript(script.featherence.service,,?mode=28&amp;value=AutoView.actors)</onclick>
			<font>size28</font>
			<label>for Actors: $INFO[Skin.String(AutoView.actors)]</label>
			<visible>Skin.HasSetting(AutoView)</visible>
			<visible>Window.IsVisible(MyVideoNav.xml)</visible>
			<visible>!Skin.HasSetting(ForceView)</visible>
		</control>
		<control type="button" id="37">
			<include>SideMenuCommon</include>
			<include condition="String.IsEqual(System.Language,Hebrew)">ButtonR1</include>
		    <include condition="!String.IsEqual(System.Language,Hebrew)">ButtonL1</include>
			<onclick>RunScript(script.featherence.service,,?mode=28&amp;value=AutoView.genres)</onclick>
			<font>size28</font>
			<label>for genres: $INFO[Skin.String(AutoView.genres)]</label>
			<visible>Skin.HasSetting(AutoView)</visible>
			<visible>Window.IsVisible(MyVideoNav.xml)</visible>
			<visible>!Skin.HasSetting(ForceView)</visible>
		</control>
		<control type="button" id="38">
			<include>SideMenuCommon</include>
			<include condition="String.IsEqual(System.Language,Hebrew)">ButtonR1</include>
		    <include condition="!String.IsEqual(System.Language,Hebrew)">ButtonL1</include>
			<onclick>RunScript(script.featherence.service,,?mode=28&amp;value=AutoView.others)</onclick>
			<font>size28</font>
			<label>for years/countries/studios/directors: $INFO[Skin.String(AutoView.others)]</label>
			<visible>Skin.HasSetting(AutoView)</visible>
			<visible>Window.IsVisible(MyVideoNav.xml)</visible>
			<visible>!Skin.HasSetting(ForceView)</visible>
		</control>
		
		<control type="button" id="40">
			<include>SideMenuCommon</include>
			<include condition="String.IsEqual(System.Language,Hebrew)">ButtonR1</include>
		    <include condition="!String.IsEqual(System.Language,Hebrew)">ButtonL1</include>
			<onclick>RunScript(script.featherence.service,,?mode=28&amp;value=AutoView.pictures)</onclick>
			<font>size28</font>
			<label>for pictures: $INFO[Skin.String(AutoView.pictures)]</label>
			<visible>Skin.HasSetting(AutoView)</visible>
			<visible>Window.IsVisible(MyPics.xml)</visible>
			<visible>!Skin.HasSetting(ForceView)</visible>
		</control>
	  </control>
      
	  <control type="grouplist" id="9003">
	    <visible>false</visible>
	  </control>
	</control>
  </include>
  
  <include name="LeftMenuSettings">
    <control type="button" id="20" description="Settings Level">
	  <include>SideMenuCommon</include>
	  <include condition="String.IsEqual(System.Language,Hebrew)">ButtonR1</include>
	  <include condition="!String.IsEqual(System.Language,Hebrew)">ButtonL1</include>
	  <font>size28</font>
	  <onclick>SettingsLevelChange</onclick>
	  <visible>Window.IsVisible(SettingsCategory.xml)</visible>
	</control>
	<include>button120_updatelibrary</include>
	<include>button123_enablefanart</include>
    
  </include>
  
  <include name="LeftMenuMyVideoNav" description="חלון צד תצוגת וידאו">
    <include>button2_views</include>
	<include>button3_sort</include>
	<include>button4_sortorder</include>
	<control type="togglebutton" id="14" description="Toggle Watched">
	  <include>SideMenuCommon</include>
	  <include condition="String.IsEqual(System.Language,Hebrew)">ButtonR1</include>
	  <include condition="!String.IsEqual(System.Language,Hebrew)">ButtonL1</include>
	  <font>size28</font>
	  <label>$LOCALIZE[535]: $LOCALIZE[16100]</label>
	  <altlabel>$LOCALIZE[535]: $LOCALIZE[16101]</altlabel>
	  <visible>true</visible>
	</control>
	<control type="radiobutton" id="98" description="Filter">
	  <include>SideMenuCommon</include>
	  <include condition="String.IsEqual(System.Language,Hebrew)">ButtonR1</include>
	  <include condition="!String.IsEqual(System.Language,Hebrew)">ButtonL1</include>
	  <enable>Container.CanFilterAdvanced</enable>
	  <font>size28</font>
	  <onclick>Filter</onclick>
	  <label>587</label>
	  <visible>Control.IsEnabled(98)</visible>
	</control>
	<control type="button" id="8" description="Search for a string anywhere in the Kodi video database">
	  <include>SideMenuCommon</include>
	  <include condition="String.IsEqual(System.Language,Hebrew)">ButtonR1</include>
	  <include condition="!String.IsEqual(System.Language,Hebrew)">ButtonL1</include>
	  <font>size28</font>
	  <label>137</label>
	  <visible>!String.Contains(Container.FolderPath,plugin://) + !String.Contains(Container.FolderPath,special://userdata/library/videos) + !String.Contains(Container.FolderPath,special://home/) + !String.Contains(Container.FolderPath,/var/media/) + !String.Contains(Container.FolderPath,sources://video/)</visible>
	</control>
	<include>AutoViewSettingsButton</include>
	<include>openViewSettings9001</include>
	<include>CommonLeftMenuButtons</include>
	<control type="togglebutton" id="20" description="Scanning library">
	  <include>SideMenuCommon</include>
	  <include condition="String.IsEqual(System.Language,Hebrew)">ButtonR1</include>
	  <include condition="!String.IsEqual(System.Language,Hebrew)">ButtonL1</include>
	  <font>size28</font>
	  <label>653</label>
	  <altlabel>13353</altlabel>
	  <usealttexture>library.isscanningvideo</usealttexture>
	  <visible>Control.IsEnabled(20) + !String.Contains(Container.FolderPath,sources://video/) + !String.Contains(Container.FolderPath,special://home/) + !String.Contains(Container.FolderPath,special://userdata/library/videos) + !String.Contains(Container.FolderPath,/var/media/) + !String.Contains(Container.FolderPath,sources://video/)</visible>
	  <visible>!Window.IsVisible(SettingsCategory.xml)</visible>
	</control>
	<include>button120_updatelibrary</include>
	<!--<include>button120_updatelibrary</include>-->
	<include condition="String.Contains(Container.FolderPath,special://userdata/library/videos) | String.Contains(Container.FolderPath,/var/media/) | String.Contains(Container.FolderPath,special://home/external/) | String.Contains(Container.FolderPath,sources://video/)">FileManagerButton</include>
  </include>  
  
  <include name="LeftMenuDialogSelect">
    <control type="group" description="Side menu 3/5 group">
	  <include>Slide6</include>
      <height>500</height>	  
	  <posx>-440</posx>
	  <posy>290</posy>	  
	  <width>580</width>
	  <control type="group">
		  <animation condition="String.IsEqual(Window(home).Property(DialogSelect.Wide),1)" effect="zoom" start="100,100" end="148,100">Conditional</animation>
		  <include content="MenuBackground">
			<param name="border" value="30" />
			<param name="color" value="$VAR[MenuColor]" />
			<param name="height" value="672" />
			<param name="posx" value="0" />
			<param name="posy" value="0" />
			<param name="width" value="583" />
			<param name="condition" value="!Skin.HasSetting(MenuBackground)"/>
			
			<param name="type0" value="true" description="MenuBackground"/>
			<param name="type1" value="false" description="DialogBackground"/>
		  </include>
	  </control>
      <control type="label" id="1" description="כותרת">
		<include>LabelC12</include>
		<posx>20</posx>
		<posy>0</posy>
        <width>540</width>
		<visible>false</visible>
      </control>
	  <control type="label" id="100" description="כותרת">
        <animation condition="String.IsEqual(Window(home).Property(DialogSelect.Wide),1)" effect="slide" start="0,0" end="165,0">Conditional</animation>
		<include>LabelC12</include>
		<label>$VAR[DialogSelectTitle]</label>
		<posx>20</posx>
		<posy>0</posy>
        <width>540</width>
		<visible>!Control.IsVisible(1)</visible>
      </control>
      <control type="panel" id="3" description="List of available options">
		<height>430</height>
		<width>870</width>
		<onleft>PageUp</onleft>
		<onright>PageDown</onright>
        <onup condition="Control.IsVisible(30)">30</onup>
        <onup>3</onup>
        <ondown condition="Control.IsVisible(30)">30</ondown>
		<ondown>3</ondown>
		<pagecontrol>60</pagecontrol>
		<posy>70</posy>
		<itemlayout description="()" height="60" width="870">
		    <control type="group">
			  <animation condition="String.IsEqual(Window(home).Property(DialogSelect.Wide),1)" effect="zoom" start="100,100" end="148,100">Conditional</animation>
			  <include content="Buttons_Frame">
				<param name="id" value="" />
				<param name="border" value="30" />
				<param name="color" value="$VAR[ButtonUnFocusColor]" />
				<param name="height" value="66" />
				<param name="posx" value="-30" />
				<param name="posy" value="0" />
				<param name="width" value="610" />
			  </include>
			</control>
			<control type="label" description="שם">
              <posx>45</posx>
              <width>520</width>
              <height>70</height>
              <textcolor>white</textcolor>
			  <scroll>false</scroll>
              <include condition="true">LabelL1</include>
			  <label>$INFO[ListItem.Label]</label>
			  <selectedcolor>yellow</selectedcolor>
			  <visible>!String.IsEmpty(ListItem.Label)</visible>
			  <visible>!String.IsEqual(Window(home).Property(DialogSelect.Wide),1)</visible>
            </control>
			<control type="label" description="שם (רחב)">
              <posx>45</posx>
              <width>850</width>
              <height>70</height>
              <textcolor>white</textcolor>
			  <scroll>false</scroll>
              <include condition="true">LabelL1</include>
			  <label>$INFO[ListItem.Label]</label>
			  <selectedcolor>yellow</selectedcolor>
			  <visible>!String.IsEmpty(ListItem.Label)</visible>
			  <visible>String.IsEqual(Window(home).Property(DialogSelect.Wide),1)</visible>
            </control>
		</itemlayout>
        <focusedlayout description="()" height="60" width="870">
			<control type="group">
			  <animation condition="String.IsEqual(Window(home).Property(DialogSelect.Wide),1)" effect="zoom" start="100,100" end="148,100">Conditional</animation>
			  <include content="Buttons_Frame">
				<param name="id" value="" />
				<param name="border" value="30" />
				<param name="color" value="$VAR[ButtonFocusColor]" />
				<param name="height" value="66" />
				<param name="posx" value="-30" />
				<param name="posy" value="0" />
				<param name="width" value="610" />
			  </include>
			</control>
			<control type="label" description="שם">
              <posx>45</posx>
              <width>520</width>
              <height>70</height>
			  <selectedcolor>yellow</selectedcolor>
              <textcolor>white2</textcolor>
			  <scroll>true</scroll>
			  <scrollspeed>150</scrollspeed>
              <include condition="true">LabelL1</include>
			  <label>$INFO[ListItem.Label]</label>
			  <visible>!String.IsEmpty(ListItem.Label)</visible>
			  <visible>!String.IsEqual(Window(home).Property(DialogSelect.Wide),1)</visible>
            </control>
			<control type="label" description="שם (רחב)">
              <posx>45</posx>
              <width>870</width>
              <height>70</height>
			  <selectedcolor>yellow</selectedcolor>
              <textcolor>white2</textcolor>
			  <scroll>true</scroll>
			  <scrollspeed>150</scrollspeed>
              <include condition="true">LabelL1</include>
			  <label>$INFO[ListItem.Label]</label>
			  <visible>!String.IsEmpty(ListItem.Label)</visible>
			  <visible>String.IsEqual(Window(home).Property(DialogSelect.Wide),1)</visible>
            </control>
		</focusedlayout>        		
	  </control>
      <control type="panel" id="6" description="List of available add-ons">
		<focusposition>0</focusposition>
		<height>430</height>
		<width>580</width>
        <onleft>PageUp</onleft>
		<onright>PageDown</onright>
        <onup condition="Control.IsVisible(30)">30</onup>
		<onup>6</onup>
		<ondown condition="Control.IsVisible(30)">30</ondown>
        <ondown>6</ondown>
		<pagecontrol>60</pagecontrol>
		<posy>70</posy>
		<itemlayout description="()" height="60" width="870">
		    <control type="group">
			  <animation condition="String.IsEqual(Window(home).Property(DialogSelect.Wide),1)" effect="zoom" start="100,100" end="148,100">Conditional</animation>
			  <include content="Buttons_Frame">
				<param name="id" value="" />
				<param name="border" value="30" />
				<param name="color" value="$VAR[ButtonUnFocusColor]" />
				<param name="condition" default="true"/>
				<param name="height" value="70" />
				<param name="posx" value="-30" />
				<param name="posy" value="0" />
				<param name="width" value="610" />
			  </include>
			</control>
			<control type="label" description="שם">
              <posx>95</posx>
              <width>520</width>
              <height>70</height>
              <textcolor>white</textcolor>
			  <scroll>false</scroll>
              <include condition="true">LabelL1</include>
			  <label>$INFO[ListItem.Label]</label>
			  <visible>!String.IsEmpty(ListItem.Label)</visible>
			  <visible>!String.IsEqual(Window(home).Property(DialogSelect.Wide),1)</visible>
            </control>
			<control type="label" description="שם (רחב)">
              <posx>95</posx>
              <width>850</width>
              <height>66</height>
              <textcolor>white</textcolor>
			  <scroll>false</scroll>
              <include condition="true">LabelL1</include>
			  <label>$INFO[ListItem.Label]</label>
			  <visible>!String.IsEmpty(ListItem.Label)</visible>
			  <visible>String.IsEqual(Window(home).Property(DialogSelect.Wide),1)</visible>
            </control>
            <control type="image">
              <posx>35</posx>
              <posy>5</posy>
              <height>60</height>
              <width>60</width>
              <bordersize>6</bordersize>
              <texture>$INFO[ListItem.Icon]</texture>
              <aspectratio>keep</aspectratio>
            </control>
		</itemlayout>
        <focusedlayout description="()" height="60" width="870">
			<control type="group">
			  <animation condition="String.IsEqual(Window(home).Property(DialogSelect.Wide),1)" effect="zoom" start="100,100" end="148,100">Conditional</animation>
			  <include content="Buttons_Frame">
				<param name="id" value="" />
				<param name="border" value="30" />
				<param name="color" value="$VAR[ButtonFocusColor]" />
				<param name="height" value="70" />
				<param name="posx" value="-30" />
				<param name="posy" value="0" />
				<param name="width" value="610" />
			  </include>
		    </control>
			<control type="label" description="שם">
              <posx>95</posx>
              <width>520</width>
              <height>70</height>
              <textcolor>yellow</textcolor>
			  <scroll>true</scroll>
			  <include condition="true">LabelL1</include>
			  <label>$INFO[ListItem.Label] $INFO[ListItem.Label2]</label>
			  <visible>!String.IsEmpty(ListItem.Label)</visible>
			  <visible>!String.IsEqual(Window(home).Property(DialogSelect.Wide),1)</visible>
            </control>
			<control type="label" description="שם (רחב)">
              <posx>95</posx>
              <width>870</width>
              <height>70</height>
              <font>size28</font>
              <textcolor>yellow</textcolor>
			  <scroll>true</scroll>
              <include condition="true">LabelL1</include>
			  <label>$INFO[ListItem.Label] $INFO[ListItem.Label2]</label>
			  <visible>!String.IsEmpty(ListItem.Label)</visible>
			  <visible>String.IsEqual(Window(home).Property(DialogSelect.Wide),1)</visible>
            </control>
            <control type="image" description="אייקון1">
              <posx>35</posx>
              <posy>5</posy>
              <height>60</height>
              <width>60</width>
              <bordersize>6</bordersize>
              <texture>$INFO[ListItem.Icon]</texture>
              <aspectratio>aspect</aspectratio>
            </control>
            <control type="image" description="אייקון2">
			  <!--<include>Fade8</include>-->
			  <animation condition="!String.IsEmpty(ListItem.Icon)" effect="zoom" end="700,700" time="0" reversible="false">Conditional</animation>
			  <aspectratio>aspect</aspectratio>
			  <posx>210</posx>
              <posy>55</posy>
              <height>55</height>
              <bordersize>6</bordersize>
              <texture>$INFO[ListItem.Icon]</texture>
			  <visible>!String.IsEmpty(ListItem.Icon) + false</visible>
              <width>55</width>
            </control>
        </focusedlayout>        		
	  </control>
	  <control type="grouplist" id="30" description="Button 5">
		<animation condition="String.IsEqual(Window(home).Property(DialogSelect.Wide),1)" effect="zoom" start="100,100" end="148,100">Conditional</animation>
		<posx>0</posx>
	    <posy>520</posy>
		<height>200</height>
		<width>580</width>
		<onleft>3</onleft>
		<onright>3</onright>
		<onup>6</onup>
		<ondown>6</ondown>
		<visible>Control.IsVisible(5) | Control.IsVisible(1265) | Control.IsVisible(1266) | Control.IsVisible(1267)</visible>
		<control type="button" id="5" description="Manual Get more button">
			<width>580</width>
			<include condition="true">LabelL1</include>
			<height>66</height>
			<label>-</label>
			<textoffsetx>45</textoffsetx>
		</control>
		<control type="button" id="7" description="Cancel">
			<width>580</width>
			<include condition="true">LabelL1</include>
			<height>66</height>
			<label>-</label>
			<textoffsetx>45</textoffsetx>
		</control>
		<control type="button" id="1265" description="עוד...">
			<width>580</width>
			<include condition="true">LabelL1</include>
			<font>size28</font>
			<height>66</height>
			<label>$LOCALIZE[22082]</label>
			<onclick>RunScript(script.featherence.service,,?mode=70&amp;value=3)</onclick>
			<textoffsetx>45</textoffsetx>
			<visible>!String.IsEmpty(Window(home).Property(TEMP)) + Window.IsVisible(DialogVideoInfo.xml)</visible>
		</control>
		<control type="button" id="1266" description="מקורות מדיה">
			<width>580</width>
			<include condition="true">LabelL1</include>
			<font>size28</font>
			<height>66</height>
			<label>$LOCALIZE[22082]</label>
			<onclick>Close</onclick>
			<onclick>ActivateWindow(AddonBrowser,root)</onclick>
			<textoffsetx>45</textoffsetx>
			<visible>Window.IsVisible(CustomHomeCustomizer.xml) + !Control.IsVisible(5) + !Control.IsVisible(1265)</visible>
			<visible>Control.IsVisible(6) + String.IsEqual(Control.GetLabel(1),$LOCALIZE[20094])</visible>
		</control>
	    <control type="button" id="1267" description="גודל">
			<width>580</width>
			<height>66</height>
			<textoffsetx>45</textoffsetx>
			<include condition="true">LabelL1</include>
			<font>size28</font>
			<label>$LOCALIZE[22031]</label>
			<onclick condition="!String.IsEqual(Window(home).Property(DialogSelect.Wide),1)">SetProperty(DialogSelect.Wide,1,home)</onclick>
			<onclick condition="String.IsEqual(Window(home).Property(DialogSelect.Wide),1)">ClearProperty(DialogSelect.Wide,home)</onclick>
			<visible>!String.IsEqual(Control.GetLabel(1),Choose shortcut) | String.IsEqual(Window(home).Property(DialogSelect.Wide),1)</visible>
			<visible>!Window.IsVisible(Custom1175.xml)</visible>
		</control>
	  </control>
    </control>
  </include>
  
  <include name="LeftMenuMyPics" description="חלון צד תצוגת תמונות">
	<include>button2_views</include>
	<include>button3_sort</include>
	<include>button4_sortorder</include>
	<control type="button" id="7" description="מצגת רקורסיבית">
	  <include>SideMenuCommon</include>
	  <disabledcolor>grey</disabledcolor>
	  <include condition="String.IsEqual(System.Language,Hebrew)">ButtonR1</include>
	  <include condition="!String.IsEqual(System.Language,Hebrew)">ButtonL1</include>
	  <label>$LOCALIZE[13318]</label>
	  <font>size28</font>
	</control>
	<control type="radiobutton" id="9" description="מצגת אקראית">
	  <include>SideMenuCommon</include>
	  <include condition="String.IsEqual(System.Language,Hebrew)">ButtonR1</include>
	  <include condition="!String.IsEqual(System.Language,Hebrew)">ButtonL1</include>
	  <label>31007</label>
	  <font>size28</font>
	</control>
	<!--<include>button123_enablefanart</include>-->
	<include>openViewSettings9001</include>
	<include>AutoViewSettingsButton</include>
	<include>FileManagerButton</include>
  </include>  
  
  <include name="LeftMenuMyMusicNav" description="חלון צד תצוגת האודיו">
	<include>button2_views</include>
	<include>button3_sort</include>
	<include>button4_sortorder</include>
	<control type="button" id="8" description="search">
	  <include>SideMenuCommon</include>
	  <include condition="String.IsEqual(System.Language,Hebrew)">ButtonR1</include>
	  <include condition="!String.IsEqual(System.Language,Hebrew)">ButtonL1</include>
	  <label>137</label>
	  <font>size28</font>
	</control>
	<control type="togglebutton" id="20">
	  <include>SideMenuCommon</include>
	  <description>Update library</description>
	  <include condition="String.IsEqual(System.Language,Hebrew)">ButtonR1</include>
	  <include condition="!String.IsEqual(System.Language,Hebrew)">ButtonL1</include>
	  <font>size28</font>
	  <label>653</label>
	  <altlabel>13353</altlabel>
	  <onclick>AlarmClock(20,CleanLibrary(music),00:10,silent)</onclick>
	  <onclick>AlarmClock(201,Container.Update,00:11,silent)</onclick>
	  <usealttexture>library.isscanningvideo</usealttexture>
	</control>
	<include>openViewSettings9001</include>
	<include>AutoViewSettingsButton</include>
	<include condition="!String.IsEqual(ListItem.Path,musicdb://)">FileManagerButton</include>
	<include>CommonLeftMenuButtons</include>
  </include>  
  <include name="LeftMenuMyWeather">
    <control type="button" id="2" description="רענון">
	  <include>SideMenuCommon</include>
	  <include condition="String.IsEqual(System.Language,Hebrew)">ButtonR1</include>
	  <include condition="!String.IsEqual(System.Language,Hebrew)">ButtonL1</include>
	  <font>size28</font>
	</control>
	<control type="spincontrolex" id="3" description="מיקום">
	  <include>SideMenuCommon2</include>
	  <include>SideMenuCommon</include>
	  <include condition="String.IsEqual(System.Language,Hebrew)">ButtonR1</include>
	  <include condition="!String.IsEqual(System.Language,Hebrew)">ButtonL1</include>
	  <font>size28</font>
	  <width>480</width>
	</control>
	<!--<include>button123_enablefanart</include>-->
	<control type="button" id="129" description="הגדרות">
	  <include>SideMenuCommon</include>
	  <font>size28</font>
	  <label>$LOCALIZE[5]</label>
	  <include condition="String.IsEqual(System.Language,Hebrew)">ButtonR1</include>
	  <include condition="!String.IsEqual(System.Language,Hebrew)">ButtonL1</include>
	  <onclick condition="System.HasAddon(weather.yahoo)">Addon.OpenSettings(weather.yahoo)</onclick>
	  <onclick condition="!System.HasAddon(weather.yahoo)">Notification(weather.yahoo addon is missing,Please reinstall it.,5000)</onclick>
	</control>
  </include>
  <include name="LeftMenuAddonBrowser">
    <include>button2_views</include>
	<control type="radiobutton" id="7" description="Enable language filter">
	  <include>SideMenuCommon</include>
	  <include condition="String.IsEqual(System.Language,Hebrew)">ButtonR1</include>
	  <include condition="!String.IsEqual(System.Language,Hebrew)">ButtonL1</include>
	  <font>size28</font>
	  <label>587</label>
	</control>
	<include>button3_sort</include>
	<include>button4_sortorder</include>
	<control type="radiobutton" id="6" description="Enable add-on notifications">
	  <include>SideMenuCommon</include>
	  <include condition="String.IsEqual(System.Language,Hebrew)">ButtonR1</include>
	  <include condition="!String.IsEqual(System.Language,Hebrew)">ButtonL1</include>
	  <font>size28</font>
	  <label>$LOCALIZE[518] $LOCALIZE[25000]</label>	  
	</control>	
	<control type="button" id="5" description="Enable auto-updating of the installed add-on's">
	  <include>SideMenuCommon</include>
	  <include condition="String.IsEqual(System.Language,Hebrew)">ButtonR1</include>
	  <include condition="!String.IsEqual(System.Language,Hebrew)">ButtonL1</include>
	  <font>size28</font>
	  <label>$LOCALIZE[518] $LOCALIZE[24063]</label>
	</control>
	<control type="radiobutton" id="8" description="Hide incompatible">
	  <include>SideMenuCommon</include>
	  <include condition="String.IsEqual(System.Language,Hebrew)">ButtonR1</include>
	  <include condition="!String.IsEqual(System.Language,Hebrew)">ButtonL1</include>
	  <font>size28</font>
	  <label>24999</label>
	</control>
	<control type="button" id="9" description="Check for updates">
	  <include>SideMenuCommon</include>
	  <include condition="String.IsEqual(System.Language,Hebrew)">ButtonR1</include>
	  <include condition="!String.IsEqual(System.Language,Hebrew)">ButtonL1</include>
	  <font>size28</font>
	  <label>$LOCALIZE[24034]</label>
	</control>
	<include>openViewSettings9001</include>
	<include>AutoViewSettingsButton</include>
	<include>CommonLeftMenuButtons</include>
  </include>
  
  <include name="LeftMenuMyPrograms">
	<include>button2_views</include>
	<include>button3_sort</include>
	<include>button4_sortorder</include>
	<include>openViewSettings9001</include>
	<include>AutoViewSettingsButton</include>
	<include>CommonLeftMenuButtons</include>
  </include>
  
  <include name="CommonLeftMenuButtons">
    <include>button123_enablefanart</include>
	<control type="radiobutton" id="138" description="פאנארט מסך מלא">
	  <include>SideMenuCommon</include>
	  <include condition="String.IsEqual(System.Language,Hebrew)">ButtonR1</include>
	  <include condition="!String.IsEqual(System.Language,Hebrew)">ButtonL1</include>
	  <font>size28</font>
	  <label>$LOCALIZE[20445] $LOCALIZE[244]</label>
	  <selected>!Skin.HasSetting(FullFanartBackground2)</selected>
	  <enable>!Skin.HasSetting(background2)</enable>
	  <onclick>Skin.ToggleSetting(FullFanartBackground2)</onclick>
	  <visible>!String.IsEqual(Container.Viewmode,$LOCALIZE[31013])</visible>
	  <visible>false</visible>
	</control>
  </include>
  <include name="LeftMenuMyVideoPlaylist">
    <include>button2_views</include>
	<include>button3_sort</include>
	<include>button4_sortorder</include>
	<control type="button" id="14" description="Number of items in the playlist">
	  <include>SideMenuCommon</include>
	  <include condition="String.IsEqual(System.Language,Hebrew)">ButtonR1</include>
	  <include condition="!String.IsEqual(System.Language,Hebrew)">ButtonL1</include>
	  <font>size28</font>
	  <label>$LOCALIZE[31073]</label>
	  <visible>false</visible>
	</control>
	<control type="radiobutton" id="20" description="Shuffle the playlist">
	  <include>SideMenuCommon</include>
	  <include condition="String.IsEqual(System.Language,Hebrew)">ButtonR1</include>
	  <include condition="!String.IsEqual(System.Language,Hebrew)">ButtonL1</include>
	  <font>size28</font>
	  <label>191</label>
	</control>
	<control type="button" id="21" description="Save the playlist">
	  <include>SideMenuCommon</include>
	  <include condition="String.IsEqual(System.Language,Hebrew)">ButtonR1</include>
	  <include condition="!String.IsEqual(System.Language,Hebrew)">ButtonL1</include>
	  <font>size28</font>
	  <label>190</label>
	</control>
	<control type="button" id="22" description="Clear the playlist">
	  <include>SideMenuCommon</include>
	  <include condition="String.IsEqual(System.Language,Hebrew)">ButtonR1</include>
	  <include condition="!String.IsEqual(System.Language,Hebrew)">ButtonL1</include>
	  <font>size28</font>
	  <label>192</label>
	</control>
	<control type="button" id="23" description="Play the playlist">
	  <include>SideMenuCommon</include>
	  <include condition="String.IsEqual(System.Language,Hebrew)">ButtonR1</include>
	  <include condition="!String.IsEqual(System.Language,Hebrew)">ButtonL1</include>
	  <font>size28</font>
	  <label>$LOCALIZE[14098] $LOCALIZE[559]</label>
	</control>
	<control type="button" id="24" description="Play the next song in the playlist">
	  <include>SideMenuCommon</include>
	  <include condition="String.IsEqual(System.Language,Hebrew)">ButtonR1</include>
	  <include condition="!String.IsEqual(System.Language,Hebrew)">ButtonL1</include>
	  <font>size28</font>
	  <label>$LOCALIZE[14098] $LOCALIZE[19031] $LOCALIZE[19107] $LOCALIZE[559]</label>
	</control>
	<control type="button" id="25" description="Play the previous song in the playlist">
	  <include>SideMenuCommon</include>
	  <include condition="String.IsEqual(System.Language,Hebrew)">ButtonR1</include>
	  <include condition="!String.IsEqual(System.Language,Hebrew)">ButtonL1</include>
	  <font>size28</font>
	  <label>$LOCALIZE[14098] $LOCALIZE[210] $LOCALIZE[19107] $LOCALIZE[559]</label>
	</control>
	<control type="button" id="26" description="Put the playlist on repeat">
	  <include>SideMenuCommon</include>
	  <include condition="String.IsEqual(System.Language,Hebrew)">ButtonR1</include>
	  <include condition="!String.IsEqual(System.Language,Hebrew)">ButtonL1</include>
	  <font>size28</font>
	  <label>-</label>
	</control>
  </include>
  <include name="LeftMenuMyPVR" description="חלון צד טלוויזיה חיה">
	<include>button2_views</include>
	<control type="button" id="30" description="קבוצת ערוצים">
	  <include>SideMenuCommon</include>
	  <include condition="String.IsEqual(System.Language,Hebrew)">ButtonR1</include>
	  <include condition="!String.IsEqual(System.Language,Hebrew)">ButtonL1</include>
	  <label>$VAR[ChannelGroupName]</label>
	  <!--<onleft condition="Window.IsActive(TVChannels) | Window.IsActive(RadioChannels) | Window.IsActive(TVGuide) | Window.IsActive(RadioGuide)">PreviousChannelGroup</onleft>-->
	  <onclick condition="Window.IsActive(TVChannels) | Window.IsActive(RadioChannels) | Window.IsActive(TVGuide) | Window.IsActive(RadioGuide)">NextChannelGroup</onclick>
	  <onclick condition="Window.IsActive(RadioChannels) + String.IsEmpty(Window.Property(IsRadio))">ActivateWindow(TVChannels)</onclick>
	  <onclick condition="Window.IsActive(TVChannels) + !String.IsEmpty(Window.Property(IsRadio))">ActivateWindow(RadioChannels)</onclick>
	  <onclick condition="Window.IsActive(RadioGuide) + String.IsEmpty(Window.Property(IsRadio))">ActivateWindow(TVGuide)</onclick>
	  <onclick condition="Window.IsActive(TVGuide) + !String.IsEmpty(Window.Property(IsRadio))">ActivateWindow(RadioGuide)</onclick>
	  <visible>true</visible>
	</control>
	<control type="button" id="33" description="Radio Channels">
	  <include>SideMenuCommon</include>
	  <include condition="String.IsEqual(System.Language,Hebrew)">ButtonR1</include>
	  <include condition="!String.IsEqual(System.Language,Hebrew)">ButtonL1</include>
	  <font>size28</font>
	  <label>$VAR[label33]</label>
	  <onclick condition="Window.IsVisible(radiochannels)">ActivateWindow(TVChannels)</onclick>
	  <onclick condition="Window.IsVisible(TVChannels)">ActivateWindow(RadioChannels)</onclick>
	  <visible>true</visible>
	</control>
	<control type="button" id="31" description="מדריך טלוויזיה/ערוצי טלוויזיה">
	  <include>SideMenuCommon</include>
	  <include condition="String.IsEqual(System.Language,Hebrew)">ButtonR1</include>
	  <include condition="!String.IsEqual(System.Language,Hebrew)">ButtonL1</include>
	  <font>size28</font>
	  <label>$VAR[Button31]</label>
	  <onclick condition="Window.IsVisible(MyPVRChannels.xml)">ActivateWindow(TVGuide)</onclick>
	  <onclick condition="Window.IsVisible(MyPVRGuide.xml)">close</onclick>
	  <onclick condition="Window.IsVisible(MyPVRGuide.xml)">ActivateWindow(TVChannels)</onclick>
	</control>
	<include>button3_sort</include>
	<include>button4_sortorder</include>
	<control type="button" id="34" description="הקלטות">
	  <include>SideMenuCommon</include>
	  <visible>Skin.HasSetting(Admin)</visible>
	  <include condition="String.IsEqual(System.Language,Hebrew)">ButtonR1</include>
	  <include condition="!String.IsEqual(System.Language,Hebrew)">ButtonL1</include>
	  <font>size28</font>
	  <label>$LOCALIZE[19163]</label>
	  <onclick condition="String.IsEmpty(Window.Property(IsRadio))">ActivateWindow(TVRecordings)</onclick>
	  <onclick condition="!String.IsEmpty(Window.Property(IsRadio))">ActivateWindow(RadioRecordings)</onclick>
	</control>
	<control type="button" id="35" description="Timers">
	  <include>SideMenuCommon</include>
	  <visible>Skin.HasSetting(Admin)</visible>
	  <include condition="String.IsEqual(System.Language,Hebrew)">ButtonR1</include>
	  <include condition="!String.IsEqual(System.Language,Hebrew)">ButtonL1</include>
	  <font>size28</font>
	  <label>19040</label>
	  <onclick condition="String.IsEmpty(Window.Property(IsRadio))">ActivateWindow(TVTimers)</onclick>
	  <onclick condition="!String.IsEmpty(Window.Property(IsRadio))">ActivateWindow(RadioTimers)</onclick>
	</control>
	<control type="button" id="36" description="Search">
	  <include>SideMenuCommon</include>
	  <visible>Skin.HasSetting(Admin)</visible>
	  <include condition="String.IsEqual(System.Language,Hebrew)">ButtonR1</include>
	  <include condition="!String.IsEqual(System.Language,Hebrew)">ButtonL1</include>
	  <font>size28</font>
	  <label>137</label>
	  <onclick condition="String.IsEmpty(Window.Property(IsRadio))">ActivateWindow(TVSearch)</onclick>
	  <onclick condition="!String.IsEmpty(Window.Property(IsRadio))">ActivateWindow(RadioSearch)</onclick>
	</control>
	<control type="button" id="37" description="מנהל ערוצים">
	  <include>SideMenuCommon</include>
	  <include condition="String.IsEqual(System.Language,Hebrew)">ButtonR1</include>
	  <include condition="!String.IsEqual(System.Language,Hebrew)">ButtonL1</include>
	  <font>size28</font>
	  <label>19199</label>
	  <onclick>ActivateWindow(pvrchannelmanager)</onclick>
	</control>
	
	<control type="radiobutton" id="5" description="Group recording items by folder structure">
		<include>SideMenuCommon</include>
		<visible>Skin.HasSetting(Admin)</visible>
		<include condition="String.IsEqual(System.Language,Hebrew)">ButtonR1</include>
		<include condition="!String.IsEqual(System.Language,Hebrew)">ButtonL1</include>
		<font>size28</font>
		<label>19270</label>
		<visible>Window.IsActive(TVRecordings) | Window.IsActive(RadioRecordings)</visible>
	</control>
	<control type="radiobutton" id="6" description="Show hidden channels">
		<include>SideMenuCommon</include>
		<visible>Skin.HasSetting(Admin)</visible>
		<include condition="String.IsEqual(System.Language,Hebrew)">ButtonR1</include>
		<include condition="!String.IsEqual(System.Language,Hebrew)">ButtonL1</include>
		<font>size28</font>
		<label>19051</label>
		<visible>Window.IsActive(TVChannels) | Window.IsActive(RadioChannels)</visible>
	</control>
	<control type="radiobutton" id="7" description="Show deleted recordings">
		<include>SideMenuCommon</include>
		<visible>Skin.HasSetting(Admin)</visible>
		<include condition="String.IsEqual(System.Language,Hebrew)">ButtonR1</include>
		<include condition="!String.IsEqual(System.Language,Hebrew)">ButtonL1</include>
		<textwidth>235</textwidth>
		<font>size28</font>
		<label>19184</label>
		<visible>Window.IsActive(TVRecordings) | Window.IsActive(RadioRecordings)</visible>
	</control>
	<include>openViewSettings9001</include>
	<include>AutoViewSettingsButton</include>
  </include>
  
  
  <include name="ShowDVDCases">
	 <control type="label" id="11156" description="דיסק">
	   <label>$VAR[11156label]</label>
	   <visible>false</visible>
     </control>
	 <control type="group">
	   <visible>String.IsEmpty(Control.GetLabel(11156)) + [Window.IsVisible(MyVideoNav.xml) | Window.IsVisible(Home.xml)] | VideoPlayer.IsFullscreen</visible>
	   <visible>!String.Contains(ListItem.Label,$LOCALIZE[33078]) + !String.IsEqual(ListItem.Label,..) + !String.Contains(ListItem.Label,Next Page)</visible>
	   <control type="label" id="1103" description="***דירוג***">
          <label>$VAR[TopVideoInformation3]</label>
		  <visible>false</visible>
       </control>
	   <control type="image" id="191" description="הטובים ביותר">
		 <texture colordiffuse="ff6699cc">misc/dvdcases/dvdcases.png</texture>
		 <visible description="listitem">String.Contains(ListItem.Rating,9.) + !VideoPlayer.IsFullscreen | VideoPlayer.IsFullscreen</visible>
		 <visible description="videoplayer">VideoPlayer.IsFullscreen + String.Contains(VideoPlayer.Rating,9.) | !VideoPlayer.IsFullscreen</visible>
		 <visible description="red">!String.Contains(ListItem.path,videodb://movies/sets/)</visible>
		 <visible description="yellow">String.IsEmpty(ListItem.VideoResolution) + String.IsEmpty(ListItem.VideoCodec) | String.Contains(Container.FolderPath,videodb:) | VideoPlayer.IsFullscreen</visible>
	   </control>
	   <control type="image" id="1910" description="הטובים ביותר">
		 <texture colordiffuse="ff6699cc">misc/dvdcases/dvdcases.png</texture>
		 <visible>Window.IsVisible(Home.xml) + !Control.IsVisible(191)</visible>
		 <visible description="listitem">Control.HasFocus(311) + String.Contains(Container(311).ListItem.Property(rating),9.) | !Control.HasFocus(311)</visible>
		 <visible description="listitem">Control.HasFocus(312) + String.Contains(Container(311).ListItem.Property(rating),9.) | !Control.HasFocus(312)</visible>
	   </control>
	   <control type="image" id="192" description="מארז סרטים">
		 <texture colordiffuse="ffff0000">misc/dvdcases/dvdcases.png</texture>
		 <visible>String.Contains(ListItem.Path,videodb://1/7) | String.Contains(ListItem.path,videodb://movies/sets/)</visible>
	   </control>
	   <control type="image" id="193" description="מקומי">
		 <texture colordiffuse="ffffff00">misc/dvdcases/dvdcases.png</texture>
		 <visible>[Integer.IsGreater(ListItem.Size,10) | !String.IsEmpty(ListItem.VideoResolution) | !String.IsEmpty(ListItem.VideoCodec)] | Window.IsVisible(DialogFullScreenInfo.xml) + [Integer.IsGreater(VideoPlayer.Size,10)]</visible>
		 <visible>![String.Contains(ListItem.Path,videodb://1/7) | String.Contains(ListItem.path,videodb://movies/sets/)]</visible>
		 <visible>!String.Contains(ListItem.Path,plugin://)</visible>
	   </control>
	   <control type="image" id="190" description="רגיל">
		 <texture>misc/dvdcases/dvdcases.png</texture>
		 <visible description="listitem">!String.Contains(ListItem.Rating,9.) + !VideoPlayer.IsFullscreen | VideoPlayer.IsFullscreen</visible>
		 <visible description="videoplayer">VideoPlayer.IsFullscreen + !String.Contains(VideoPlayer.Rating,9.) | !VideoPlayer.IsFullscreen</visible>
		 <visible description="red">!String.Contains(ListItem.path,videodb://movies/sets/)</visible>
		 <visible description="yellow">String.IsEmpty(ListItem.VideoResolution) + String.IsEmpty(ListItem.VideoCodec) | String.Contains(Container.FolderPath,videodb:) | VideoPlayer.IsFullscreen</visible>
	   </control>
	   <control type="image" id="1900" description="רגיל">
		 <texture>misc/dvdcases/dvdcases.png</texture>
		 <visible>Window.IsVisible(Home.xml) + !Control.IsVisible(190)</visible>
		 <visible description="listitem">Control.HasFocus(311) + !String.Contains(Container(311).ListItem.Property(rating),9.) | !Control.HasFocus(311)</visible>
		 <visible description="listitem">Control.HasFocus(312) + !String.Contains(Container(311).ListItem.Property(rating),9.) | !Control.HasFocus(312)</visible>
	   </control>
	 </control>
   </include>
  <include name="ShowDVDdisc">
    <control type="group">
	  <animation condition="!Container.OnPrevious + !Container.OnNext + !String.IsEqual(Control.GetLabel(1104),Window(home).Property(ListItemPoster)) + ![Skin.HasSetting(View50_SideVideoInformation) + String.IsEqual(Container.Viewmode,$LOCALIZE[31011]) | String.IsEqual(Container.Viewmode,$LOCALIZE[31016])] + ![Skin.HasSetting(View51_SideVideoInformation) + String.IsEqual(Container.Viewmode,$LOCALIZE[31010])] | Window.IsVisible(DialogVideoInfo.xml)" effect="slide" start="0,0" end="0,180" delay="4000" time="700">Conditional</animation>
	  <animation condition="!Container.OnPrevious + !Container.OnNext + !String.IsEqual(Control.GetLabel(1104),Window(home).Property(ListItemPoster)) + [ Skin.HasSetting(View50_SideVideoInformation) + String.IsEqual(Container.Viewmode,$LOCALIZE[31011]) | String.IsEqual(Container.Viewmode,$LOCALIZE[31016]) | Skin.HasSetting(View51_SideVideoInformation) + String.IsEqual(Container.Viewmode,$LOCALIZE[31010]) ] + !Window.IsVisible(DialogVideoInfo.xml)" effect="slide" start="0,0" end="0,-180" delay="4000" time="700">Conditional</animation>
	  <animation condition="!Container.OnPrevious + !Container.OnNext + !String.IsEqual(Control.GetLabel(1104),Window(home).Property(ListItemPoster))" effect="rotate" center="auto" start="0" end="360" time="10000" loop="true" delay="4000" reversible="false">Conditional</animation>
	  <animation condition="!Container.OnPrevious + !Container.OnNext + !String.IsEqual(Control.GetLabel(1104),Window(home).Property(ListItemPoster))" effect="fade" start="0" end="100" delay="4000" time="220">Conditional</animation>
	  <height>160</height>
	  <posx>13</posx>
	  <posy>60</posy>
	  <width>161</width>
	  <visible>!Skin.HasSetting(ShowDVDdisc) + !String.IsEmpty(Control.GetLabel(1104)) + !String.IsEmpty(Control.GetLabel(1105)) + !String.IsEmpty(Control.GetLabel(1106)) + !String.IsEqual(ListItem.Label,..)</visible>
	  <visible>Container.Content(movies) | Container.Content(tvshows) | Container.Content(sets)</visible>
	  <control type="image" description="דיסק אמיתי">
	     <aspect>keep</aspect>
		 <texture colordiffuse="" diffuse="misc/dvdcases/disc.png">$INFO[ListItem.Art(discart)]</texture>
		 <visible>!String.IsEmpty(ListItem.Art(discart))</visible>
	   </control>
	   <control type="image" description="דיסק מפוסטר">
	     <aspect>keep</aspect>
		 <texture background="true" colordiffuse="" diffuse="misc/dvdcases/disc.png">$INFO[Control.GetLabel(1104)]</texture>
		 <visible>String.IsEmpty(ListItem.Art(discart))</visible>
	   </control>
	   <control type="image">
		  <aspect>scale</aspect>
		  <texture background="true" colordiffuse="70BBBBBB">misc/dvdcases/disc2.png</texture>
		  <texture>misc/dvdcases/disc2.png</texture>
	   </control>
	</control>
  </include>
  <include name="FileManagerButton">
    <control type="button" id="103" description="מנהל קבצים">
	  <include>SideMenuCommon</include>
	  <include condition="String.IsEqual(System.Language,Hebrew)">ButtonR1</include>
	  <include condition="!String.IsEqual(System.Language,Hebrew)">ButtonL1</include>
	  <font>size28</font>
	  <label>$LOCALIZE[7]</label>
	  <onclick condition="!String.IsEmpty(Container.FolderPath)">ActivateWindow(FileManager.xml,$INFO[Container.FolderPath])</onclick>
	  <onclick condition="Window.IsVisible(MyMusicNav.xml) + String.IsEmpty(Container.FolderPath)">ActivateWindow(FileManager.xml,special://userdata/library/music/)</onclick>
	  <enable>!String.Contains(Container.FolderPath,sources://video/)</enable>
	</control>
  </include>
  <include name="AutoViewSettingsButton">
    <control type="radiobutton" id="121" description="View: Auto">
	  <include>SideMenuCommon</include>
	  <include condition="String.IsEqual(System.Language,Hebrew)">ButtonR1</include>
	  <include condition="!String.IsEqual(System.Language,Hebrew)">ButtonL1</include>
	  <font>size28</font>
	  <label>98</label>
	  <selected>ControlGroup(9002).HasFocus() | String.IsEqual(Window(home).Property(ViewsSettings),9002)</selected>
	  <onclick condition="true">SetProperty(ViewsSettings,9002,home)</onclick>
	  <onclick>AlarmClock(0,SetFocus(9002),0,silent)</onclick>
	</control>
  </include>
  <include name="button2_views">
    <control type="button" id="2" description="Views">
	  <include>SideMenuCommon</include>
	  <include condition="String.IsEqual(System.Language,Hebrew)">ButtonR1</include>
	  <include condition="!String.IsEqual(System.Language,Hebrew)">ButtonL1</include>
	  <onclick condition="String.IsEqual(Container.Viewmode,$LOCALIZE[31012]) + String.IsEmpty(Control.GetLabel(11155))">SendClick(2)</onclick>
	  <font>size28</font>
	  <!--<visible>!String.IsEmpty(Control.GetLabel(2))</visible>-->
	</control>
  </include>
  <include name="button3_sort">
    <control type="button" id="3" description="Sort">
	  <include>SideMenuCommon</include>
	  <include condition="String.IsEqual(System.Language,Hebrew)">ButtonR1</include>
	  <include condition="!String.IsEqual(System.Language,Hebrew)">ButtonL1</include>
	  <font>size28</font>
	  <visible>Control.IsEnabled(3)</visible>
	  <visible>!String.Contains(Container.FolderPath,plugin://plugin.video.sdarot.tv)</visible>
	  <visible>!String.IsEmpty(Control.GetLabel(3))</visible>
	</control>
  </include>
  <include name="button4_sortorder">
    <control type="togglebutton" id="4" description="SortOrder">
	  <include>SideMenuCommon</include>
	  <include condition="String.IsEqual(System.Language,Hebrew)">ButtonR1</include>
	  <include condition="!String.IsEqual(System.Language,Hebrew)">ButtonL1</include>
	  <font>size28</font>
	  <label>584</label>
	  <altlabel>585</altlabel>
	  <visible>Control.IsEnabled(4)</visible>
	  <visible>!Window.IsVisible(Settings.xml) + !Window.IsVisible(SettingsCategory.xml)</visible>
	</control>
  </include>
  <include name="button123_enablefanart">
	  <control type="radiobutton" id="123" description="פאנארט פעיל">
	    <include>SideMenuCommon</include>
	    <include condition="String.IsEqual(System.Language,Hebrew)">ButtonR1</include>
	    <include condition="!String.IsEqual(System.Language,Hebrew)">ButtonL1</include>
	    <font>size28</font>
		<label>$LOCALIZE[20445] $LOCALIZE[305]</label>
	    <selected>!Skin.HasSetting(background2)</selected>
	    <onclick>Skin.ToggleSetting(background2)</onclick>
		<!--<visible>!String.IsEqual(Container.Viewmode,$LOCALIZE[31013]) + !String.IsEqual(Container.Viewmode,$LOCALIZE[31014]) | String.IsEqual(Container.Viewmode,$LOCALIZE[31014]) + Skin.HasSetting(ShowTopVideoInformation) + !Skin.HasSetting(AlwaysFanart) | !Control.IsVisible(7013)</visible>-->
	  </control>
  </include>
  
  <include name="button120_updatelibrary">
	<control type="togglebutton" id="120" description="Update library">
	  <include>SideMenuCommon</include>
	  <include condition="String.IsEqual(System.Language,Hebrew)">ButtonR1</include>
	  <include condition="!String.IsEqual(System.Language,Hebrew)">ButtonL1</include>
	  <font>size28</font>
	  <label>653</label>
	  <altlabel>13353</altlabel>
	  <onclick>UpdateLibrary(video)</onclick>
	  <usealttexture>library.isscanningvideo</usealttexture>
	  <visible>!Window.IsVisible(MyVideoNav.xml) | Window.IsVisible(MyVideoNav.xml) + !Control.IsEnabled(20)</visible>
	</control>
  </include>
  <include name="openViewSettings9001">
	  <control type="radiobutton" id="99" description="Toggle Main/View LeftMenu">
	      <include>SideMenuCommon</include>
		  <include condition="String.IsEqual(System.Language,Hebrew)">ButtonR1</include>
		  <include condition="!String.IsEqual(System.Language,Hebrew)">ButtonL1</include>
		  <font>size28</font>
		  <label>$LOCALIZE[14018]</label>
		  <selected>ControlGroup(9001).HasFocus() | String.IsEqual(Window(home).Property(ViewsSettings),9001)</selected>
		  <onclick condition="true">SetProperty(ViewsSettings,9001,home)</onclick>
		  <onclick>AlarmClock(0,SetFocus(9001),0,silent)</onclick>
		  <!--<visible>String.IsEqual(Container.Viewmode,$LOCALIZE[31011]) | String.IsEqual(Container.Viewmode,$LOCALIZE[31015]) | String.IsEqual(Container.Viewmode,$LOCALIZE[31013]) | String.IsEqual(Container.Viewmode,$LOCALIZE[31014])</visible>-->
	  </control>
  </include>
  
    <include name="LeftDialogSongInfo" description="דיאלוג">
        <control type="button" id="12" description="Album Info">
          <include>SideMenuCommon</include>
	      <include condition="String.IsEqual(System.Language,Hebrew)">ButtonR1</include>
	      <include condition="!String.IsEqual(System.Language,Hebrew)">ButtonL1</include>
          <label>10523</label>
		  <visible>!Window.IsVisible(DialogAlbumInfo.xml)</visible>
        </control>
        <control type="button" id="13" description="Get Thumb">
          <include>SideMenuCommon</include>
		  <include condition="String.IsEqual(System.Language,Hebrew)">ButtonR1</include>
		  <include condition="!String.IsEqual(System.Language,Hebrew)">ButtonL1</include>
          <label>13405</label>
		  <visible>!Window.IsVisible(DialogAlbumInfo.xml)</visible>
        </control>		
        <control type="button" id="14" description="Decrease Rating">
          <include>SideMenuCommon</include>
		  <include condition="String.IsEqual(System.Language,Hebrew)">ButtonR1</include>
		  <include condition="!String.IsEqual(System.Language,Hebrew)">ButtonL1</include>
          <label>- $LOCALIZE[563]</label>
          <onclick>DecreaseRating</onclick>
		  <visible>!Window.IsVisible(DialogAlbumInfo.xml)</visible>
        </control>
        <control type="button" id="15" description="Increase Rating">
          <include>SideMenuCommon</include>
		  <include condition="String.IsEqual(System.Language,Hebrew)">ButtonR1</include>
		  <include condition="!String.IsEqual(System.Language,Hebrew)">ButtonL1</include>
          <label>+ $LOCALIZE[563]</label>
          <onclick>IncreaseRating</onclick>
		  <visible>!Window.IsVisible(DialogAlbumInfo.xml)</visible>
        </control>
        <control type="button" id="10" description="Save rating">
          <include>SideMenuCommon</include>
		  <include condition="String.IsEqual(System.Language,Hebrew)">ButtonR1</include>
		  <include condition="!String.IsEqual(System.Language,Hebrew)">ButtonL1</include>
          <label>$LOCALIZE[563] אישור</label>
		  <visible>!Window.IsVisible(DialogAlbumInfo.xml)</visible>
        </control>			
  </include>  
  <include name="LeftDialogAlbumInfo" description="דיאלוג">
	<control type="button" id="5" description="Toggle">
	  <include>SideMenuCommon</include>
	  <include condition="String.IsEqual(System.Language,Hebrew)">ButtonR1</include>
	  <include condition="!String.IsEqual(System.Language,Hebrew)">ButtonL1</include>
	  <label>449</label>
	</control>
	<control type="button" id="6" description="רענן">
	  <include>SideMenuCommon</include>
	  <include condition="String.IsEqual(System.Language,Hebrew)">ButtonR1</include>
	  <include condition="!String.IsEqual(System.Language,Hebrew)">ButtonL1</include>
	  <label>184</label>
	</control>
	<control type="button" id="10" description="הורד תמונה">
	  <include>SideMenuCommon</include>
	  <include condition="String.IsEqual(System.Language,Hebrew)">ButtonR1</include>
	  <include condition="!String.IsEqual(System.Language,Hebrew)">ButtonL1</include>
	  <label>13405</label>
	</control>		
	<control type="button" id="11" description="Last FM">
	  <include>SideMenuCommon</include>
	  <include condition="String.IsEqual(System.Language,Hebrew)">ButtonR1</include>
	  <include condition="!String.IsEqual(System.Language,Hebrew)">ButtonL1</include>
	  <label>Last FM</label>
	</control>
	<control type="button" id="12" description="Get FanArt">
	  <include>SideMenuCommon</include>
	  <include condition="String.IsEqual(System.Language,Hebrew)">ButtonR1</include>
	  <include condition="!String.IsEqual(System.Language,Hebrew)">ButtonL1</include>
	  <label>20413</label>
	</control>
  </include>  
  <include name="LeftMenuDialogAddonInfo" description="דיאלוג">
	<control type="button" id="12" description="הרץ הרחבה">
	  <include>SideMenuCommon</include>
	  <include condition="String.IsEqual(System.Language,Hebrew)">ButtonR1</include>
	  <include condition="!String.IsEqual(System.Language,Hebrew)">ButtonL1</include>
	  <onclick>RunAddon($INFO[ListItem.Property(Addon.ID)])</onclick>
	  <label>518</label>
	  <visible>String.IsEqual(Control.GetLabel(7),$LOCALIZE[24021])</visible>
	</control>
	<control type="button" id="6" description="התקן/הסר הרחבה">
	  <include>SideMenuCommon</include>
	  <include condition="String.IsEqual(System.Language,Hebrew)">ButtonR1</include>
	  <include condition="!String.IsEqual(System.Language,Hebrew)">ButtonL1</include>
	  <label>$LOCALIZE[24038]</label>
	</control>
	<control type="togglebutton" id="7" description="Disable">
	  <include>SideMenuCommon</include>
	  <include condition="String.IsEqual(System.Language,Hebrew)">ButtonR1</include>
	  <include condition="!String.IsEqual(System.Language,Hebrew)">ButtonL1</include>
	  <label>$LOCALIZE[24021]</label>
	  <altlabel>$LOCALIZE[24022]</altlabel>
	</control>
	<control type="button" id="9" description="settings">
	  <include>SideMenuCommon</include>
	  <include condition="String.IsEqual(System.Language,Hebrew)">ButtonR1</include>
	  <include condition="!String.IsEqual(System.Language,Hebrew)">ButtonL1</include>
	  <label>$LOCALIZE[5]</label>
	</control>	
	<control type="button" id="10" description="יומן שינויים">
	  <include>SideMenuCommon</include>
	  <include condition="String.IsEqual(System.Language,Hebrew)">ButtonR1</include>
	  <include condition="!String.IsEqual(System.Language,Hebrew)">ButtonL1</include>
	  <label>$LOCALIZE[24036]</label>
	</control>
	<control type="button" id="8" description="עדכון">
	  <include>SideMenuCommon</include>
	  <include condition="String.IsEqual(System.Language,Hebrew)">ButtonR1</include>
	  <include condition="!String.IsEqual(System.Language,Hebrew)">ButtonL1</include>
	  <label>$LOCALIZE[24069]</label>
	  <visible>String.IsEqual(Control.GetLabel(7),$LOCALIZE[24021])</visible>
	</control>		
	<control type="radiobutton" id="13" description="עדכון אוטומטי">
	  <include>SideMenuCommon</include>
	  <include condition="String.IsEqual(System.Language,Hebrew)">ButtonR1</include>
	  <include condition="!String.IsEqual(System.Language,Hebrew)">ButtonL1</include>
	  <label>24063</label>
	</control> 
  </include>  
  
  <include name="ArrowsUpDown2">
    <control type="group">
		<posx>230</posx>
		<control type="group" description="סמן חץ למעלה">
			<include>Fade4</include>
			<posx>0</posx>
			<posy>-24</posy>
			<visible>!Control.IsVisible(90000) | Control.IsVisible(90000) + [ControlGroup(9000).HasFocus() + Container(9000).HasPrevious | ControlGroup(9001).HasFocus() + Container(9001).HasPrevious | ControlGroup(9002).HasFocus() + Container(9002).HasPrevious]</visible>
			<control type="image" description="לא נבחר">
			  <width>40</width>
			  <height>40</height>
			  <texture border="0">images/Arrow3NF.png</texture>
			  <visible></visible>
			</control>
			<control type="image" description="נבחר">
			  <width>40</width>
			  <height>40</height>
			  <texture border="0">images/Arrow3FO.png</texture>
			  <visible>false</visible>
			</control>
		</control>
	
		<control type="group" description="סמן חץ למטה">
			<include>Fade4</include>
			<visible>!Control.IsVisible(90000) | Control.IsVisible(90000) + [ControlGroup(9000).HasFocus() + Container(9000).HasNext | ControlGroup(9001).HasFocus() + Container(9001).HasNext | ControlGroup(9002).HasFocus() + Container(9002).HasNext]</visible>
			<posx>0</posx>
			<posy>514</posy>
			<control type="image" description="לא נבחר">
			  <width>40</width>
			  <height>40</height>
			  <texture border="0">images/Arrow4NF.png</texture>
			  <visible></visible>
			</control>
			<control type="image" description="נבחר">
			  <width>40</width>
			  <height>40</height>
			  <texture border="0">images/Arrow4FO.png</texture>
			  <visible>false</visible>
			</control>
		</control>
	</control>
  </include>
</includes>
