<?xml version="1.0" encoding="UTF-8"?>
<includes>
  <include name="BottomMenuDialogBusy">
	  <control type="label" id="9" description="כותרת">
	    <visible>!Window.IsVisible(DialogProgress.xml) + !Window.IsVisible(DialogYesNo.xml) + !Window.IsVisible(DialogOK.xml)</visible>
		<textcolor>$VAR[DialogFontTitleColor]</textcolor>
	    <aligny>top</aligny>
	    <include>LabelC1</include>
	    <height>60</height>
	    <width>600</width>
		<label>$LOCALIZE[20186]</label> <!--[CR][COLOR red]$INFO[Skin.String(DialogSelectSources)]-->
		<wrapmultiline>true</wrapmultiline>
	  </control>
	  <control type="textbox" id="1500" description="טיפים">
	    <animation condition="true" effect="slide" start="0,0" end="10,0">Conditional</animation>
	    <visible>!Window.IsVisible(DialogProgress.xml) + !Window.IsVisible(DialogYesNo.xml) + !Window.IsVisible(DialogOK.xml)</visible>
		<visible>!String.IsEmpty(Window(home).Property(tips)) + System.IdleTime(2) + !Skin.HasSetting(tips)</visible>
		<textcolor>$VAR[DialogFontColor]</textcolor>
	    <include>LabelC2</include>
	    <height>200</height>
		<posx>0</posx>
	    <width>580</width>
		<label>$VAR[tips]</label>
	  </control>

	  <control type="progress" id="10" description="Progressbar">
	    <visible>!Window.IsVisible(DialogProgress.xml) + !Window.IsVisible(DialogYesNo.xml) + !Window.IsVisible(DialogOK.xml)</visible>
		<height>20</height>
		<texturebg border="5,0,5,0">progress/ProgressBG.png</texturebg>
		<midtexture border="0,1,0,1">progress/ProgressM.png</midtexture>
		<righttexture border="1,1,5,1">progress/ProgressR.png</righttexture>
		<lefttexture border="5,1,1,1">progress/ProgressL.png</lefttexture>
	  </control>
  </include>

  <include name="BottomMenuDialogYesNo">
      <control type="label" id="1" description="כותרת">
		<textcolor>$VAR[DialogFontTitleColor]</textcolor>
		<aligny>top</aligny>
		<include>LabelC1</include>
		<wrapmultiline>true</wrapmultiline>
		<height>60</height>
		<width>600</width>
	  </control>
	  <control type="textbox" id="9" description="תוכן">
		<textcolor>$VAR[DialogFontColor]</textcolor>
		<include>LabelC2</include>
		<height>90</height>
		<posx>10</posx>
	    <width>580</width>
	  </control>
	  <control type="button" id="10" description="No">
		<width>600</width>
		<onleft>noop</onleft>
		<onright>noop</onright>
		<onup>noop</onup>
		<ondown>11</ondown>
	  </control>
	  <control type="button" id="11" description="Yes">
		<width>600</width>
		<onleft>noop</onleft>
		<onright>noop</onright>
		<onup>10</onup>
		<ondown>noop</ondown>			
	  </control>
  </include>
  
  <include name="BottomMenuDialogOk" description="חלון שגיאה">
	  <visible>!Window.IsVisible(DialogYesNo.xml)</visible>
	  <control type="label" id="1" description="כותרת">
		<textcolor>$VAR[DialogFontTitleColor]</textcolor>
		<aligny>top</aligny>
		<include>LabelC1</include>
		<wrapmultiline>true</wrapmultiline>
		<height>60</height>
		<width>600</width>
	  </control>
	  <control type="textbox" id="9" description="Hidden">
		<visible>false</visible>
	  </control>
	  <control type="textbox" description="תוכן">
		<textcolor>$VAR[DialogFontColor]</textcolor>
		<include>LabelC2</include>
		<height>160</height>
		<posx>10</posx>
	    <width>580</width>
		<label>$INFO[Control.GetLabel(9)]</label>
	  </control>
	  <control type="button" id="10" description="אישור">
		<label>222</label>
		<width>600</width>
	  </control>
  </include>       
    
  <include name="BottomMenuDialogProgress">
    <control type="label" id="1" description="כותרת">
	  <textcolor>$VAR[DialogFontTitleColor]</textcolor>
	  <aligny>top</aligny>
	  <include>LabelC1</include>
	  <height>60</height>
	  <width>600</width>
	  <wrapmultiline>true</wrapmultiline>
	</control>
    <control type="textbox" id="9" description="כותרת משנית - פותח זרימה">
	  <posy>-10</posy>
	  <textcolor>$VAR[DialogFontColor]</textcolor>
	  <include>LabelC2</include>
	  <height>100</height>
	  <width>600</width>
	</control>
	<control type="button" id="10" description="Cancel">
	  <width>600</width>
	  <label>222</label>
	</control>
	<control type="label" description="כותרת">
	  <textcolor>grey</textcolor>
	  <include>LabelC1</include>
	  <height>15</height>
	  <label>$INFO[System.Progressbar]</label>
	  <width>600</width>
	</control>
	<control type="progress" description="Progressbar">
	  <posy>-10</posy>
	  <height>20</height>
	  <texturebg border="5,0,5,0">progress/ProgressBG.png</texturebg>
	  <midtexture border="0,1,0,1">progress/ProgressM.png</midtexture>
	  <righttexture border="1,1,5,1">progress/ProgressR.png</righttexture>
	  <lefttexture border="5,1,1,1">progress/ProgressL.png</lefttexture>
	  <info>System.Progressbar</info>
	</control>
  </include>
  
  <include name="BottomMenuDialogContextMenu" description="תפריט קליק ימני">
	<control type="group">
	  <!--<visible allowhiddenfocus="true">ControlGroup(996).HasFocus()</visible>--> 
	  <posx>720</posx>
      <posy>560</posy>
	  <include content="MenuBackground">
		<param name="border" value="40" />
		<param name="color" value="$VAR[MenuColor]" />
		<param name="height" value="535" />
		<param name="posx" value="0" />
		<param name="posy" value="0" />
		<param name="width" value="485" />
		<param name="condition" value="!Skin.HasSetting(MenuBackground)"/>
		
		<param name="type0" value="true" description="MenuBackground"/>
		<param name="type1" value="false" description="DialogBackground"/>
      </include>
	  <control type="grouplist" id="996" description="Context menu container">
		<height>525</height>
		<itemgap>0</itemgap>
		<onup>noop</onup>
		<ondown>noop</ondown>
		
		<onright>Close</onright>
		<onleft>Close</onleft>
		<!--<usecontrolcoords>true</usecontrolcoords>-->
		<width>480</width>
	  	  <control type="button" id="980" description="נגן קדימון">
			<!--<enable>!String.IsEmpty(ListItem.Trailer)</enable>-->
			<height>75</height>
			<label>$LOCALIZE[208] $LOCALIZE[20410]</label>
			<onclick>PlayMedia($ESCINFO[ListItem.Trailer],1)</onclick>
			<visible>Container.Content(Movies) + !String.Contains(ListItem.Path,videodb://1/7) + !String.Contains(ListItem.path,videodb://movies/sets/) + !String.IsEmpty(ListItem.Trailer)</visible>
			<!--<visible>!String.Contains(Container.ListItem(1).Label,Trailer)</visible>-->
			<!--<visible>!String.Contains(Container.FolderPath,plugin://)</visible>-->
		  </control>
		  <control type="button" id="981" description="חיפוש קדימון">
			<height>75</height>
			<label>$LOCALIZE[137] $LOCALIZE[20410]</label>
			<!--<onclick>ActivateWindow(videos,plugin://plugin.video.youtube/?path=/root/search&amp;feed=search&amp;search=$INFO[ListItem.Label] Trailer,return)</onclick>-->
			<onclick>ActivateWindow(videos,plugin://plugin.video.youtube/?path=/root/search&amp;feed=search&amp;search=$INFO[Window(Home).Property(LatestMovie.1.Title] $INFO[Window(home).Property(LatestMovie.1.Year)] Movie Trailer;,return)</onclick>
			<visible>Container.Content(Movies) + !String.Contains(ListItem.Path,videodb://1/7) + !String.Contains(ListItem.path,videodb://movies/sets/) + String.IsEmpty(ListItem.Trailer)</visible>
			<visible>!String.Contains(Container.FolderPath,plugin://)</visible>
		  </control>
		  <control type="button" id="983" description="הדגש">
			<height>75</height>
			<label>$LOCALIZE[31809]</label>
			<onclick>Action(BackSpace)</onclick>
			<onclick>AlarmClock(HighLight,Action(Highlight),0,silent)</onclick>
			<!--<onclick>Notification($INFO[ListItem.IsSelected],,1000)</onclick>-->
			<visible>Window.IsVisible(FileManager.xml)</visible>
		  </control>
		  <control type="button" id="1000" description="ברירת מחדל">
			<height>75</height>
			<textoffsetx>20</textoffsetx>
			<visible>true</visible>
		  </control>
	  </control>
	</control>
  </include>
  
  <include name="BottomCenterDialogMediaFilter">	
    <control type="group">
      <posx>450</posx>
      <posy>225</posy>
	  <include content="MenuBackground">
		<param name="border" value="40" />
		<param name="color" value="$VAR[MenuColor]" />
		<param name="height" value="875" />
		<param name="posx" value="0" />
		<param name="posy" value="0" />
		<param name="width" value="1040" />
		<param name="condition" value="true"/>
		
		<param name="type0" value="false" description="MenuBackground"/>
		<param name="type1" value="true" description="DialogBackground"/>
      </include>
      <control type="label" id="2" description="header label">
        <include>LabelC11</include>
		<posy>20</posy>
        <width>1020</width>
        <height>30</height>
        <label>587</label>
      </control> 
      <control type="grouplist" id="5" description="control area">
        <posy>70</posy>
        <width>1040</width>
        <height>700</height>
        <itemgap>0</itemgap>
        <pagecontrol>6</pagecontrol>
        <onup>9001</onup>
        <ondown>9001</ondown>
        <onleft>9001</onleft>
        <onright>6</onright>
      </control>
      <control type="scrollbar" description="?" id="6">
        <posx>220</posx>
        <posy>0</posy>
        <width>22</width>
        <height>390</height>
        <texturesliderbackground>images/slider_bg.png</texturesliderbackground>
        <texturesliderbar>images/slider_bg.png</texturesliderbar>
        <texturesliderbarfocus>images/slider_bg.png</texturesliderbarfocus>
        <textureslidernib>images/slider_nib.png</textureslidernib>
        <textureslidernibfocus>images/slider_nib.png</textureslidernibfocus>
        <onleft>5</onleft>
        <onright>9001</onright>
        <showonepage>false</showonepage>
        <orientation>vertical</orientation>
      </control>
      <control type="button" description="Default Button" id="7">
		<height>70</height>
		<include>ButtonL2</include>
      </control>
      <control type="radiobutton" description="Default RadioButton ???" id="8">
		<height>70</height>
		<include>ButtonL2</include>
      </control>
      <control type="spincontrolex" description="Default SpinControlex (בתהליך/הכל)" id="9">
		<!--<include condition="String.IsEqual(System.Language,Hebrew)">ButtonR1</include>
		<include condition="!String.IsEqual(System.Language,Hebrew)">ButtonL1</include>
		<include condition="String.IsEqual(System.Language,Hebrew)">spinposx</include>-->
		<height>70</height>
		<include>ButtonL2</include>
      </control>
      <control type="sliderex" description="Default Slider (דירוג,שנה)" id="13">
		<height>70</height>
        <sliderwidth>220</sliderwidth>
        <sliderheight>30</sliderheight>
		<include>ButtonL2</include>
      </control>
      <control type="edit" description="Default Edit" id="12">
	    <height>70</height>
		<include>ButtonL2</include>
      </control>
      <control type="grouplist" id="9001">
        <height>775</height>
		<itemgap>10</itemgap>
		<orientation>horizontal</orientation>
		<posx>305</posx>
        <posy>750</posy>
		<width>940</width>
        <control type="button" description="אישור" id="28">
          <width>200</width>
          <height>70</height>
          <align>center</align>
          <aligny>center</aligny>
          <label>186</label>
          <onup>5</onup>
          <onleft>27</onleft>
          <onright>27</onright>
          <ondown>5</ondown>
		  <posy>5</posy>
        </control>
        <control type="button" description="ניקוי" id="27">
          <posx>210</posx>
          <width>200</width>
          <height>70</height>
          <align>center</align>
          <aligny>center</aligny>
          <label>192</label>
          <onup>5</onup>
          <onleft>28</onleft>
          <onright>28</onright>
          <ondown>5</ondown>
		  <posy>5</posy>
        </control>
      </control>
    </control>    
  </include>
  
  <include name="BottomCenterDialogContentSettings">
    <control type="group" description="קבוצה עליון">
	  <posx>430</posx>
	  <posy>220</posy>
	  <include content="MenuBackground">
		<param name="border" value="40" />
		<param name="color" value="$VAR[MenuColor]" />
		<param name="height" value="875" />
		<param name="posx" value="0" />
		<param name="posy" value="0" />
		<param name="width" value="1040" />
		<param name="condition" value="true"/>
		
		<param name="type0" value="false" description="MenuBackground"/>
		<param name="type1" value="true" description="DialogBackground"/>
      </include>
      <control type="spincontrolex" id="20" description="Content Type">
		<posx>20</posx>
        <posy>20</posy>
        <width>1000</width>
        <height>70</height>
        <font>-</font>
        <label>-</label>
        <align>left</align>
        <onup>29</onup>
        <ondown>21</ondown>
        <onleft>noop</onleft>
        <onright>noop</onright>
      </control>
      <control type="label" description="ספריה זו מכילה">
        <align>left</align>
		<height>70</height>
		<include>LabelC11</include>
		<posx>40</posx>
		<posy>23</posy>
        <label>$LOCALIZE[20344] :</label>
        <width>1020</width>		
      </control>
      <control type="label" description="Content Type Label">
        <align>right</align>
        <height>70</height>
		<include>LabelC11</include>
        <label>$INFO[Control.GetLabel(20)]</label>		
		<posx>950</posx>
		<posy>23</posy>
        <width>700</width>
      </control>
      <control type="image" description="Addon Icon">
        <posx>40</posx>
        <posy>100</posy>
        <width>230</width>
        <height>230</height>
        <texture background="false" fallback="DefaultAddonNone.png">$INFO[ListItem.Icon]</texture>
        <aspectratio aligny="top">scale</aspectratio>
        <bordertexture border="3">images/ThumbBorder3.png</bordertexture>
        <bordersize>1</bordersize>
      </control>
	</control>
      <control type="list" id="21" description="Scraper list">
		<posx>430</posx>
		<posy>320</posy>
        <width>1020</width>
        <height>310</height>
        <onup>20</onup>
        <onleft>20</onleft>
        <onright>60</onright>
        <ondown>5</ondown>
		<itemlayout height="70" width="1020">
          <include content="Buttons_Frame">
			<param name="id" value="" />
			<param name="border" value="40" />
			<param name="color" value="$VAR[ButtonUnFocusColor]" />
			<param name="condition" default="true"/>
			<param name="height" value="70" />
			<param name="posx" value="280" />
			<param name="posy" value="0" />
			<param name="width" value="740" />
		  </include>
		  <control type="label">
            <height>70</height>
            <info>ListItem.Label</info>
			<posx>300</posx>
			<width>700</width>
          </control>
        </itemlayout>
        <focusedlayout height="70" width="1020">
 
		  <include content="Buttons_Frame">
			<param name="id" value="" />
			<param name="border" value="40" />
			<param name="color" value="$VAR[ButtonFocusColor]" />
			<param name="condition" default="Control.HasFocus(21)"/>
			<param name="height" value="70" />
			<param name="posx" value="280" />
			<param name="posy" value="0" />
			<param name="width" value="740" />
		  </include>
          <control type="label">
            <height>70</height>
			<info>ListItem.Label</info>
			<posx>300</posx>
			<width>700</width>
          </control>
        </focusedlayout>
      </control>  
      <control type="grouplist" id="5" description="Control Area">
        <posx>430</posx>
		<posy>620</posy>
        <width>1040</width>
        <height>450</height>
        <itemgap>5</itemgap>
        <onup condition="Control.IsVisible(21)">21</onup>
		<onup condition="!Control.IsVisible(21)">20</onup>
        <ondown>9001</ondown>
        <onleft>noop</onleft>
        <onright>noop</onright>
      </control>
      <control type="button" description="Default Button" id="7">
		<posx>20</posx>
		<textoffsetx>20</textoffsetx>
		<textcolor>white</textcolor>
		<width>1040</width>
		<include>ButtonR2</include>
		<height>70</height>
      </control>
      <control type="radiobutton" id="8" description="???RadioButton">
		<height>70</height>
        <posx>20</posx>
		<textcolor>white</textcolor>
		<textoffsetx>20</textoffsetx>
		<radioposx>40</radioposx>
		<width>1040</width>
		<include>ButtonR2</include>
      </control>
	  <control type="grouplist" id="9001">
        <height>775</height>
		<itemgap>10</itemgap>
		<orientation>horizontal</orientation>
        <onleft>noop</onleft>
        <onright>noop</onright>
        <onup>5</onup>
        <ondown>3</ondown>		
		<posx>633</posx>
        <posy>970</posy>
		<width>940</width>
        <control type="button" description="אישור" id="28">
		  <width>200</width>
          <height>70</height>
          <align>center</align>
          <aligny>center</aligny>
          <label>186</label>
		  <posx>210</posx>
		  <posy>5</posy>
        </control>
        <control type="button" id="29" description="Cancel">
		  <width>200</width>
          <height>70</height>
          <align>center</align>
          <aligny>center</aligny>
          <label>222</label>
		  <posy>5</posy>
        </control>
	    <control type="button" id="22" description="Settings">
		  <posx>210</posx>
		  <width>200</width>
		  <label>$LOCALIZE[5]</label>
		  <height>70</height>
          <textcolor>white</textcolor>
        </control>
      </control>	
  </include>
  <include name="BottomCenterDialogProfileSettings">
    <control type="group" description="קבוצה עליון">
	  <posx>430</posx>
	  <posy>220</posy>
	  <include content="MenuBackground">
		<param name="border" value="40" />
		<param name="color" value="$VAR[MenuColor]" />
		<param name="height" value="875" />
		<param name="posx" value="0" />
		<param name="posy" value="0" />
		<param name="width" value="1040" />
		<param name="condition" value="true"/>
		
		<param name="type0" value="false" description="MenuBackground"/>
		<param name="type1" value="true" description="DialogBackground"/>
      </include>
	  <control type="grouplist">
		<posx>40</posx>
		<posy>23</posy>
		<width>960</width>
		<align>left</align>
		<itemgap>0</itemgap>
		<orientation>horizontal</orientation>
		<control type="label" id="102" description="Profile Name">
          <align>left</align>
		  <height>70</height>
		  <include>LabelC11</include>
          <width>320</width>		
        </control>
		<control type="label" id="2" description="חדש*">
		  <height>70</height>
		  <include>LabelC11</include>
		  <label>-</label>
          <width>300</width>
        </control>
		<control type="label" id="103" description="Profile Directory">
          <height>70</height>
		  <aligny>top</aligny>
		  <include>LabelR2</include>
          <width>310</width>
        </control>
	  </control>
      <control type="image" id="101" description="Profile image">
        <posx>40</posx>
        <posy>100</posy>
        <width>230</width>
        <height>230</height>
        <texture></texture>
        <aspectratio aligny="top">scale</aspectratio>
        <bordertexture border="3">images/ThumbBorder3.png</bordertexture>
        <bordersize>1</bordersize>
		<visible>false</visible>
      </control>
	</control>	
      <control type="grouplist" id="5" description="Control Area">
        <posx>910</posx>
		<posy>320</posy>
        <width>560</width>
        <height>450</height>
        <itemgap>5</itemgap>
        <onleft>noop</onleft>
        <onright>noop</onright>
        <onup>29</onup>
        <ondown>28</ondown>
        <orientation>vertical</orientation>
      </control>
      <control type="button" description="Default Button" id="7">
        <posx>20</posx>
		<textoffsetx>20</textoffsetx>
		<textcolor>white</textcolor>
		<!--<width>1040</width>-->
		<include condition="String.IsEqual(System.Language,Hebrew)">ButtonR1</include>
		<include condition="!String.IsEqual(System.Language,Hebrew)">ButtonL1</include>
		<height>70</height>
      </control>
      <control type="radiobutton" id="8" description="???RadioButton">
		<height>70</height>
        <posx>20</posx>
		<textcolor>white</textcolor>
		<textoffsetx>20</textoffsetx>
		<radioposx>40</radioposx>
		<width>1040</width>
		<include>ButtonR2</include>
      </control>
	  <control type="spincontrolex" id="9" description="Content Type">
        <posx>20</posx>
        <posy>20</posy>
        <width>1000</width>
        <height>70</height>
        <font>-</font>
        <label>-</label>
        <align>left</align>
        <onup>29</onup>
        <ondown>4</ondown>
        <onleft>noop</onleft>
        <onright>noop</onright>
      </control>
	  <control type="grouplist" id="9001">
        <height>775</height>
		<itemgap>10</itemgap>
		<orientation>horizontal</orientation>
        <onleft>noop</onleft>
        <onright>noop</onright>
        <onup>28</onup>
        <ondown>5</ondown>	
		<posx>738</posx>
        <posy>970</posy>
		<width>940</width>
        <control type="button" description="אישור" id="28">
          <width>200</width>
          <height>70</height>
          <align>center</align>
          <aligny>center</aligny>
          <label>186</label>
		  <posx>210</posx>
		  <posy>5</posy>
        </control>
        <control type="button" id="29" description="Cancel">
          <width>200</width>
          <height>70</height>
          <align>center</align>
          <aligny>center</aligny>
          <label>222</label>
		  <posy>5</posy>
        </control>
      </control>	
  </include>
  <include name="BottomCenterDialogPeripheralManager">
    <control type="group" description="קבוצה עליון">
	  <posx>430</posx>
	  <posy>220</posy>
	  <include content="MenuBackground">
		<param name="border" value="40" />
		<param name="color" value="$VAR[MenuColor]" />
		<param name="height" value="875" />
		<param name="posx" value="0" />
		<param name="posy" value="0" />
		<param name="width" value="1040" />
		<param name="condition" value="true"/>
		
		<param name="type0" value="false" description="MenuBackground"/>
		<param name="type1" value="true" description="DialogBackground"/>
      </include>
      <control type="list" id="20" description="list">
		<posx>0</posx>
		<posy>0</posy>
        <width>1040</width>
        <height>310</height>
        <onup>20</onup>
        <onleft>20</onleft>
        <onright>60</onright>
        <ondown>9001</ondown>
		<itemlayout height="70" width="1040">
		  <include content="Buttons_Frame">
			<param name="id" value="" />
			<param name="border" value="40" />
			<param name="color" value="$VAR[ButtonUnFocusColor]" />
			<param name="condition" default="true"/>
			<param name="height" value="80" />
			<param name="posx" value="" />
			<param name="posy" value="0" />
			<param name="width" value="1040" />
		  </include>
          <control type="label" description="כותרת">
            <include>LabelL1</include>
			<height>70</height>
			<label>$INFO[ListItem.Label]</label>
			<posx>20</posx>
			<width>1020</width>
          </control>
		  <control type="label" description="Product ID Vendor ID">
            <include>LabelL7</include>
            <label>$LOCALIZE[35504]:  [COLOR=grey]$INFO[ListItem.Property(Product)][/COLOR]    $LOCALIZE[35503]:  [COLOR=grey]$INFO[ListItem.Property(Vendor)][/COLOR]</label>
			<posx>300</posx>
			<posy>20</posy>
			<width>700</width>
          </control>
		  <control type="label" description="class">
            <include>LabelL7</include>
            <label>$LOCALIZE[35501]:  [COLOR=grey]$INFO[ListItem.Property(Class)][/COLOR]     $LOCALIZE[19114]:  [COLOR=grey]$INFO[ListItem.Property(Version)][/COLOR]</label>
			<posx>300</posx>
			<posy>40</posy>
			<width>700</width>
          </control>
        </itemlayout>
        <focusedlayout height="70" width="1040">
          <include content="Buttons_Frame">
			<param name="id" value="" />
			<param name="border" value="40" />
			<param name="color" value="$VAR[ButtonFocusColor]" />
			<param name="condition" default="true"/>
			<param name="height" value="80" />
			<param name="posx" value="" />
			<param name="posy" value="0" />
			<param name="width" value="1040" />
		  </include>
          <control type="label" description="כותרת">
            <include>LabelL1</include>
			<height>70</height>
			<label>$INFO[ListItem.Label]</label>
			<posx>20</posx>
			<width>1020</width>
          </control>
		  <control type="label" description="Product ID Vendor ID">
            <include>LabelL7</include>
            <label>$LOCALIZE[35504]:  [COLOR=grey]$INFO[ListItem.Property(Product)][/COLOR]    $LOCALIZE[35503]:  [COLOR=grey]$INFO[ListItem.Property(Vendor)][/COLOR]</label>
			<posx>300</posx>
			<posy>20</posy>
			<textcolor>yellow</textcolor>
			<width>700</width>
          </control>
		  <control type="label" description="class">
            <include>LabelL7</include>
            <label>$LOCALIZE[35501]:  [COLOR=grey]$INFO[ListItem.Property(Class)][/COLOR]     $LOCALIZE[19114]:  [COLOR=grey]$INFO[ListItem.Property(Version)][/COLOR]</label>
			<posx>300</posx>
			<posy>40</posy>
			<textcolor>yellow</textcolor>
			<width>700</width>
          </control>
        </focusedlayout>
	  </control>
	</control>
	<control type="grouplist" id="9001">
		<height>775</height>
		<itemgap>10</itemgap>
		<orientation>horizontal</orientation>
		<onleft>noop</onleft>
		<onright>noop</onright>
		<onup>20</onup>
		<ondown>noop</ondown>		
		<posx>738.5</posx>
		<posy>970</posy>
		<width>940</width>
		<visible>!Window.IsVisible(DialogPeripheralSettings.xml)</visible>
		<control type="button" id="10" description="אישור">
		  <width>200</width>
		  <label>186</label>
		  <texturenofocus border="40" colordiffuse="$VAR[ButtonUnFocusColor]">buttons/types/bd.png</texturenofocus>
		  <include>ButtonC1</include>
		</control>
		<control type="button" id="11" description="הגדרות">
		  <width>200</width>
		  <label>5</label>
		  <texturenofocus border="40" colordiffuse="$VAR[ButtonUnFocusColor]">buttons/types/bd.png</texturenofocus>
		  <include>ButtonC1</include>
		</control>
	</control>
  </include>
  <include name="BottomCenterDialogPeripheralSettings">
    <control type="group" description="קבוצה עליון">
	  <posx>450</posx>
	  <posy>500</posy>
	  <include content="MenuBackground">
		<param name="border" value="40" />
		<param name="color" value="$VAR[MenuColor]" />
		<param name="height" value="800" />
		<param name="posx" value="0" />
		<param name="posy" value="0" />
		<param name="width" value="940" />
		<param name="condition" value="false"/>
		
		<param name="type0" value="false" description="MenuBackground"/>
		<param name="type1" value="true" description="DialogBackground"/>
      </include>
	  <control type="grouplist" id="5" description="control area">
		<animation effect="slide" start="0,0" end="5,0" time="0" condition="!Control.IsVisible(60)">Conditional</animation>
		<width>950</width>
        <height>400</height>
		<itemgap>5</itemgap>
		<pagecontrol>60</pagecontrol>
		<onleft>28</onleft>
		<onright>60</onright>
		<onup>noop</onup>
		<ondown>28</ondown>
	  </control>
	  <include>ScrollBar</include>
	  <control type="button" id="7" description="Default Button">
		<include>ButtonR5</include>
	  </control>
	  <control type="radiobutton" id="8" description="Default RadioButton">
		<include>ButtonR5</include>
	  </control>
	  <control type="spincontrolex" id="9" description="Default SpinControlex">
		<textoffsetx>20</textoffsetx>
		<align>left</align>
		<include>ButtonR5</include>
	  </control>
		<control type="sliderex" id="13" description="Default Slider">
		  <include>ButtonR5</include>
		</control>
		<control type="image" id="11" description="separator image">
		  <height>2</height>
		  <texture>images/Line.png</texture>
		</control>
		<control type="label" id="14" description="Default Label">
		  <include>LabelC2</include>
		</control>
		<control type="grouplist" id="9000">
			<height>775</height>
			<itemgap>10</itemgap>
			<orientation>horizontal</orientation>
			<onleft>noop</onleft>
			<onright>noop</onright>
			<onup>5</onup>
			<ondown>noop</ondown>		
			<posx>185</posx>
			<posy>470</posy>
			<width>940</width>
			<control type="button" id="28" description="אישור">
			  <width>200</width>
			  <label>186</label>
			  <include>ButtonC1</include>
			</control>
			<control type="button" id="29" description="ביטול">
			  <width>200</width>
			  <label>222</label>
			  <include>ButtonC1</include>
			</control>
			<control type="button" id="50" description="ברירת מחדל">
			  <width>200</width>
			  <label>409</label>
			  <font>size28</font>
			  <include>ButtonC1</include>
			</control>
		</control>
     </control>
  </include>
  
  <include name="BottomCenterDialogLockSettings">
    <control type="group" description="קבוצה עליון">
	  <posx>430</posx>
	  <posy>220</posy>
	  <include content="MenuBackground">
		<param name="border" value="40" />
		<param name="color" value="$VAR[MenuColor]" />
		<param name="height" value="875" />
		<param name="posx" value="0" />
		<param name="posy" value="0" />
		<param name="width" value="1040" />
		<param name="condition" value="true"/>
		
		<param name="type0" value="false" description="MenuBackground"/>
		<param name="type1" value="true" description="DialogBackground"/>
      </include>
	  <control type="label" id="2" description="העדפות נעילה">
		  <posx>40</posx>
		  <posy>20</posy>
		  <height>70</height>
		  <include>LabelC11</include>
		  <label>$LOCALIZE[20043]</label>
          <width>960</width>
        </control>
	</control>
      <control type="grouplist" id="5" description="Control Area">
        <posx>910</posx>
		<posy>320</posy>
        <width>560</width>
        <height>450</height>
        <itemgap>5</itemgap>
        <onleft>noop</onleft>
        <onright>noop</onright>
        <onup>noop</onup>
        <ondown>28</ondown>
      </control>
      <control type="button" description="Default Button" id="7">
        <align>left</align>
		<posx>20</posx>
		<textoffsetx>20</textoffsetx>
		<textcolor>white</textcolor>
		<!--<width>1040</width>-->
		<texturenofocus border="40" colordiffuse="$VAR[ButtonUnFocusColor]">buttons/types/bd.png</texturenofocus>
		<include condition="String.IsEqual(System.Language,Hebrew)">ButtonR1</include>
		<include condition="!String.IsEqual(System.Language,Hebrew)">ButtonL1</include>
		<height>70</height>
      </control>
      <control type="radiobutton" id="8" description="">
		<height>70</height>
        <posx>20</posx>
		<textcolor>white</textcolor>
		<textoffsetx>20</textoffsetx>
		<radioposx>40</radioposx>
		<width>1040</width>
		<include>ButtonR2</include>
      </control>
	  <control type="spincontrolex" id="9" description="">
        <posx>20</posx>
        <posy>20</posy>
        <width>1000</width>
        <height>70</height>
        <font>-</font>
        <label>-</label>
        <align>left</align>
        <onup>29</onup>
        <ondown>4</ondown>
        <onleft>noop</onleft>
        <onright>noop</onright>
		<texturenofocus border="40" colordiffuse="$VAR[ButtonUnFocusColor]">buttons/types/bd.png</texturenofocus>
		<texturefocus border="40" colordiffuse="$VAR[ButtonFocusColor]">buttons/types/bd.png</texturefocus>
      </control>
	  <control type="grouplist" id="9001">
        <height>775</height>
		<itemgap>10</itemgap>
		<orientation>horizontal</orientation>
        <onleft>noop</onleft>
        <onright>noop</onright>
        <onup>5</onup>
        <ondown>noop</ondown>	
		<posx>738</posx>
        <posy>970</posy>
		<width>940</width>
        <control type="button" description="אישור" id="28">
          <width>200</width>
          <height>70</height>
          <align>center</align>
          <aligny>center</aligny>
          <label>186</label>
		  <posx>210</posx>
		  <posy>5</posy>
		  <texturenofocus border="40" colordiffuse="$VAR[ButtonUnFocusColor]">buttons/types/bd.png</texturenofocus>
		  <texturefocus border="40" colordiffuse="$VAR[ButtonFocusColor]">buttons/types/bd.png</texturefocus>
        </control>
        <control type="button" id="29" description="Cancel">
          <width>200</width>
          <height>70</height>
          <align>center</align>
          <aligny>center</aligny>
          <label>222</label>
		  <posy>5</posy>
		  <texturenofocus border="40" colordiffuse="$VAR[ButtonUnFocusColor]">buttons/types/bd.png</texturenofocus>
		  <texturefocus border="40" colordiffuse="$VAR[ButtonFocusColor]">buttons/types/bd.png</texturefocus>
        </control>
      </control>	
  </include>
  
  <include name="LeftMenuVideoOSDSettings">
    <control type="group" description="Side menu 5 group">
	  <include>Slide6</include>
	  <animation effect="fade" start="100" end="0" time="300" condition="Window.IsVisible(SliderDialog) | Window.IsVisible(FileBrowser)">Conditional</animation>
      <height>570</height>
	  <posx>-420</posx>
	  <posy>250</posy>	  
	  <width>485</width> 	  

	  <include content="MenuBackground">
		<param name="border" value="40" />
		<param name="color" value="$VAR[MenuColor]" />
		<param name="height" value="0" />
		<param name="posx" value="0" />
		<param name="posy" value="0" />
		<param name="width" value="0" />
		<param name="condition" value="!Skin.HasSetting(MenuBackground) + !String.IsEqual(Window(home).Property(DialogSelect.Wide),1)"/>
		
		<param name="type0" value="true" description="MenuBackground"/>
		<param name="type1" value="false" description="DialogBackground"/>
      </include>
	  
	  <include content="MenuBackground">
		<param name="border" value="40" />
		<param name="color" value="$VAR[MenuColor]" />
		<param name="height" value="0" />
		<param name="posx" value="0" />
		<param name="posy" value="0" />
		<param name="width" value="790" />
		<param name="condition" value="!Skin.HasSetting(MenuBackground) + String.IsEqual(Window(home).Property(DialogSelect.Wide),1)"/>
		
		<param name="type0" value="true" description="MenuBackground"/>
		<param name="type1" value="false" description="DialogBackground"/>
      </include>
	
      <control type="label" id="2" description="כותרת">
		<height>40</height>
		<include>LabelC1</include>
		<posx>20</posx>
		<posy>0</posy>
        <include condition="String.IsEqual(Window(home).Property(DialogSelect.Wide),1)">Control_Pos9</include>
		<width>440</width>
      </control>
      <control type="grouplist" id="5" description="Settings">
		<height>530</height>
		<ondown>1267</ondown>
		<onleft>1267</onleft>
        <onright>Close</onright>
        <onup>noop</onup>
		<posx>2</posx>
		<pagecontrol>60</pagecontrol>
		<posy>40</posy>
		<include condition="String.IsEqual(Window(home).Property(DialogSelect.Wide),1)">Control_Pos9</include>
		<width>480</width>
	  </control>
	  <control type="button" id="7" description="ברירת מחדל slider">
		<include condition="!String.IsEqual(Window(home).Property(DialogSelect.Wide),1)">ButtonL4</include>
		<include condition="String.IsEqual(Window(home).Property(DialogSelect.Wide),1)">ButtonL2</include>
	  </control>
	  <control type="radiobutton" id="8" description="ברירת מחדל">
		<include condition="!String.IsEqual(Window(home).Property(DialogSelect.Wide),1)">ButtonL4</include>
		<include condition="String.IsEqual(Window(home).Property(DialogSelect.Wide),1)">ButtonL2</include>
	  </control>
	  <control type="spincontrolex" id="9" description="ברירת מחדל arrows">
		<include condition="!String.IsEqual(Window(home).Property(DialogSelect.Wide),1)">ButtonL4</include>
		<include condition="String.IsEqual(Window(home).Property(DialogSelect.Wide),1)">ButtonL2</include>
	  </control>
	  <control type="sliderex" id="13" description="ברירת מחדל">
		<include condition="!String.IsEqual(Window(home).Property(DialogSelect.Wide),1)">ButtonL4</include>
		<include condition="String.IsEqual(Window(home).Property(DialogSelect.Wide),1)">ButtonL2</include>
	  </control>
	  <control type="button" id="1267" description="גודל">
		<posy>563</posy>
		<posx>2</posx>
		<include condition="String.IsEqual(Window(home).Property(DialogSelect.Wide),1)">Control_Pos12</include>
		
		<include condition="!String.IsEqual(Window(home).Property(DialogSelect.Wide),1)">ButtonL4</include>
		<include condition="String.IsEqual(Window(home).Property(DialogSelect.Wide),1)">ButtonL2</include>
		<onup>5</onup>
		<ondown>noop</ondown>
		<onleft>noop</onleft>
		<onright>close</onright>
		<label>$LOCALIZE[22031]</label>
		<onclick>Action(Close)</onclick>
		<onclick condition="!String.IsEqual(Window(home).Property(DialogSelect.Wide),1)">SetProperty(DialogSelect.Wide,1,home)</onclick>
		<onclick condition="String.IsEqual(Window(home).Property(DialogSelect.Wide),1)">ClearProperty(DialogSelect.Wide,home)</onclick>
		<onclick condition="Window.IsVisible(10123)">RunScript(script.featherence.service,,?mode=32&amp;value=9&amp;value2=10123)</onclick>
		<onclick condition="Window.IsVisible(10124)">RunScript(script.featherence.service,,?mode=32&amp;value=9&amp;value2=10124)</onclick>
		<visible>!String.IsEqual(Control.GetLabel(1),Choose shortcut) | String.IsEqual(Window(home).Property(DialogSelect.Wide),1)</visible>
		<visible>!Window.IsVisible(Custom1175.xml)</visible>
	  </control>
    </control>
  </include>
  <include name="TopDialogNotification" description="חלון מידע">
    <control type="group">
	  <control type="group">
		<posx>610</posx>
		<posy>-6</posy>
		<include content="MenuBackground">
			<param name="border" value="20" />
			<param name="color" value="$VAR[TopInformationColor]" />
			<param name="height" value="80" />
			<param name="posx" value="0" />
			<param name="posy" value="0" />
			<param name="width" value="700" />
			<param name="condition" value="true"/>
			
			<param name="type0" value="false" description="MenuBackground"/>
			<param name="type1" value="true" description="DialogBackground"/>
		</include>
		<control type="image" id="400" description="File Icon">
		  <aspectratio align="left" aligny="center">keep</aspectratio>
		  <height>35</height>
		  <posx>20</posx>
		  <posy>3</posy>
		  <texture colordiffuse="$VAR[MenuColor]">DefaultIconInfo.png</texture>
		  <width>35</width>
		</control>
		<control type="image" id="403" description="Default Icon">
		  <width>80</width>
		  <height>80</height>
		  <aspectratio align="left" aligny="center">keep</aspectratio>
		  <visible>false</visible>
		  <texture>DefaultIconInfo.png</texture>
		</control>
		<control type="image" id="404" description="Default Warning">
		  <width>80</width>
		  <height>80</height>
		  <aspectratio align="left" aligny="center">keep</aspectratio>
		  <visible>false</visible>
		  <texture>DefaultIconWarning.png</texture>
		</control>
		<control type="image" id="405" description="Default Error">
		  <width>80</width>
		  <height>80</height>
		  <aspectratio>keep</aspectratio>
		  <visible>false</visible>
		  <texture>DefaultIconError.png</texture>
		</control>
	  
        <control type="label" id="401" description="כותרת">
		  <aligny>top</aligny>
		  <textcolor>yellow</textcolor>
		  <include>LabelC12</include>
		  <label>-</label>
		  <posx>10</posx>
		  <width>680</width>
        </control>
        <control type="label" id="402" description="תוכן">
		  <aligny>top</aligny>
		  <include>LabelC13</include>
		  <!--<include condition="String.IsEqual(System.Language,Hebrew)">LabelR4</include>
		  <include condition="!String.IsEqual(System.Language,Hebrew)">LabelL4</include>-->
		  <include>Fade7</include>
          <scroll>true</scroll>
          <label>-</label>
		  <posy>35</posy>
		  <posx>10</posx>
		  <width>680</width>
        </control>
      </control>
    </control>
  </include>
  <include name="TopDialogExtendedProgressBar" description="חלון עדכון ספרייה">
    <control type="group">
		<visible>!Skin.HasSetting(HideLibraryUpdates) | [ Skin.HasSetting(HideLibraryUpdates) + [!VideoPlayer.IsFullscreen | Window.IsVisible(VideoOSD.xml)] ]</visible>
		<posx>610</posx>
		<posy>-6</posy>
		<control type="image" description="Dialog BG_Down">
		  <include>Fade_TopInformationOverlay</include>
		  <posx>0</posx>
		  <posy>0</posy>
		  <width>700</width>
		  <height>80</height>
		  <texture border="20" colordiffuse="$VAR[TopInformationColor]">buttons/ButtonC0.png</texture>
		</control>
        <control type="label" id="30" description="Caption Label">
		  <aligny>top</aligny>
		  <textcolor>yellow</textcolor>
		  <include>LabelC12</include>
		  <label>-</label>
		  <posx>10</posx>
		  <width>680</width>
        </control>
        <control type="label" id="31" description="Current Directory Label">
          <aligny>top</aligny>
		  <include>LabelC13</include>
		  <include>Fade7</include>
          <scroll>true</scroll>
          <label>-</label>
		  <posx>10</posx>
		  <posy>35</posy>
		  <width>680</width>
        </control>
        <control type="progress" id="32" description="Progress bar">
		  <posx>30</posx>
          <posy>60</posy>
          <width>100</width>
          <height>10</height>
          <texturebg>progress/ProgressBG.png</texturebg>
          <midtexture>progress/ProgressM.png</midtexture>
          <righttexture>progress/ProgressR.png</righttexture>
          <lefttexture>progress/ProgressL.png</lefttexture>
        </control>
		<control type="label" description="">
		  <include>LabelC7</include>
          <label>$INFO[Control.GetLabel(32)]%</label>
		  <posx>55</posx>
		  <posy>10</posy>
		  <textcolor>grey</textcolor>
		  <width>50</width>
        </control>
    </control>
  </include>
  
</includes>
