<?xml version="1.0" encoding="UTF-8"?>
<includes>
  <include name="Keyboard">
	<texturenofocus border="3" colordiffuse="$VAR[KeyboardUnFocusColor]">osd/keyboard/KeyboardKeyNF.png</texturenofocus>
	<texturefocus border="5" colordiffuse="$VAR[ButtonFocusColor]">osd/keyboard/KeyboardKeyNF.png</texturefocus>
	<alttexturenofocus border="3" colordiffuse="$VAR[KeyboardUnFocusColor]">osd/keyboard/KeyboardKeyNF.png</alttexturenofocus>
	<alttexturefocus border="5" colordiffuse="$VAR[ButtonFocusColor]">osd/keyboard/KeyboardKeyNF.png</alttexturefocus>
    <align>center</align>
    <aligny>center</aligny>
	<width>50</width>
	<height>50</height>
	<focusedcolor>yellow</focusedcolor>	
	<font>size24</font>
	<textoffsetx>0</textoffsetx>
    <width>75</width>	
  </include>  
  
  <include name="ImageC1">
    <aspectratio align="center">keep</aspectratio>
  </include>
  <include name="ImageL1">
    <aspectratio align="left">keep</aspectratio>
  </include>
  <include name="ImageR1">
    <aspectratio align="right">keep</aspectratio>
  </include>
  <include name="ImageC2">
    <aspectratio align="center">stretch</aspectratio>
  </include>
  <include name="ImageL2">
    <aspectratio align="left">stretch</aspectratio>
  </include>
  <include name="ImageR2">
    <aspectratio align="right">stretch</aspectratio>
  </include>
  <include name="LabelC1" description="">
    <align>center</align>
	<font>size28</font>
	<shadowcolor>black</shadowcolor>
	<textcolor>white2</textcolor>
  </include>
  <include name="LabelL1" description="">
    <align>left</align>
	<font>size28</font>
	<textcolor>white2</textcolor>
	<shadowcolor>black</shadowcolor>
  </include>
  <include name="LabelR1" description="">
    <align>right</align>
	<font>size28</font>
	<textcolor>white2</textcolor>
	<shadowcolor>black</shadowcolor>
  </include>
  <include name="LabelJ1" description="">
	<align>justify</align>
	<font>size28</font>
	<textcolor>white2</textcolor>
  </include>
  <include name="LabelC2" description="(טקסט2)">
    <align>center</align>
	<font>size24</font>
  </include>
  <include name="LabelL2" description="(טקסט1-מיוחד)">
	<aligny>top</aligny>
	<font>size24</font>
	<radioposx>1350</radioposx>
  </include>
  <include name="LabelR2" description="(טקסט1-מיוחד)">
    <align>right</align>
	<font>size24</font>
	<radioposx>0</radioposx>
  </include>
  <include name="LabelC3" description="(טקסט3/DEFAULT)">
    <align>center</align>
	<font>size36</font>
  </include>
  <include name="LabelR3" description="?">
    <align>right</align>
	<!--<aligny>top</aligny>-->
	<font>size36</font>
  </include>
  <include name="LabelC4" description="(טקסט4)">
    <align>center</align>
	<font>size21</font>
  </include>
  <include name="LabelR4" description="PVR-משודר עכשיו/DialogNotification">
    <align>right</align>
	<font>size21</font>
  </include>
  <include name="LabelL4" description="PVR-משודר עכשיו/DialogNotification">
    <align>left</align>
	<font>size21</font>
  </include>
  <include name="LabelC5" description="(טקסט3)">
    <align>center</align>
	<font>size34</font>
  </include>
  
  <include name="LabelL7" description="(custom1131)">
    <align>left</align>
	<font>size18</font>
  </include>
  <include name="LabelC7">
    <align>center</align>
	<font>size18</font>
  </include>
  <include name="LabelR7" description="(custom1131)">
    <align>right</align>
	<font>size18</font>
  </include>
  <include name="LabelC10" description="(כותרת1)">
    <align>center</align>
	<aligny>center</aligny>
	<font>size36B</font>
	<shadowcolor>black</shadowcolor>
	<textcolor>white2</textcolor>
  </include>
  <include name="LabelC11" description="(כותרת2)">
    <align>center</align>
	<aligny>center</aligny>
	<font>Size42B</font>
	<shadowcolor>black</shadowcolor>
	<textcolor>white2</textcolor>
  </include>
  <include name="LabelL11" description="(כותרת2)">
    <align>left</align>
	<aligny>center</aligny>
	<font>Size42B</font>
	<shadowcolor>black</shadowcolor>
	<textcolor>white2</textcolor>
  </include>
  <include name="LabelR11" description="(כותרת2)">
    <align>right</align>
	<aligny>center</aligny>
	<font>Size42B</font>
	<shadowcolor>black</shadowcolor>
	<textcolor>white2</textcolor>
  </include>
  <include name="LabelL12" description="(כותרת3)">
    <align>left</align>
	<aligny>center</aligny>
	<font>size24B</font>
	<shadowcolor>black</shadowcolor>
	<textcolor>white2</textcolor>
  </include>
  <include name="LabelC12" description="(כותרת3)">
    <align>center</align>
	<aligny>center</aligny>
	<font>size24B</font>
	<shadowcolor>black</shadowcolor>
	<textcolor>white2</textcolor>
  </include>
  <include name="LabelR12" description="(כותרת3)">
    <align>right</align>
	<aligny>center</aligny>
	<font>size24B</font>
	<shadowcolor>black</shadowcolor>
	<textcolor>white2</textcolor>
  </include>
  <include name="LabelC13" description="(כותרת3)">
    <align>center</align>
	<aligny>center</aligny>
	<font>size21B</font>
	<shadowcolor>black</shadowcolor>
	<textcolor>white2</textcolor>
  </include>
  
  
  <include name="ButtonC1" description="(DEFAULT)">
	<width>480</width>
    <textoffsetx>-</textoffsetx>
    <align>center</align>
    <aligny>center</aligny>
	<textcolor>white2</textcolor>
    <focusedcolor>yellow</focusedcolor>
	<font>size34</font>
    <disabledcolor>grey</disabledcolor>
  </include>
  <include name="ButtonL1" description="()">
	<width>480</width>
    <textoffsetx>40</textoffsetx>
    <align>left</align>
  </include>
  <include name="ButtonR1" description="()">
	<width>480</width>
    <textoffsetx>40</textoffsetx>
    <align>right</align>
  </include>
  <include name="ButtonL2" description="()">
	<width>880</width>
	<textoffsetx>20</textoffsetx>
    <align>left</align>
  </include>
  <include name="ButtonR2" description="()">
	<width>880</width>
	<textoffsetx>20</textoffsetx>
    <align>right</align>
  </include>
  <include name="ButtonL3" description="()">
	<width>580</width>
    <textoffsetx>40</textoffsetx>
    <align>left</align>
	<font>size24</font>
    <texturenofocus>-</texturenofocus>
  </include>
  <include name="ButtonR3" description="()">
	<width>580</width>
    <textoffsetx>40</textoffsetx>
    <align>right</align>
	<font>size24</font>
    <texturenofocus>-</texturenofocus>
	<texture border="20" colordiffuse="$VAR[ButtonFocusColor]">buttons/types/bd.png</texture>
  </include>
  <include name="ButtonL4" description="()">
	<width>480</width>
    <textoffsetx>20</textoffsetx>
    <align>left</align>
	<textcolor>white2</textcolor>
	<font>size18</font>
  </include>
  <include name="ButtonR5" description="הגדרות">
	<width>480</width>
    <textoffsetx>60</textoffsetx>
    <align>right</align>
	<disabledcolor>grey</disabledcolor>
  </include>
  <include name="ButtonC10" description="מדף עליון">
	<height>40</height>
	<width>300</width>
	<textcolor>white2</textcolor>
	<textoffsetx>10</textoffsetx>
	<font>size24B</font>
	<radioposy>7</radioposy>
	<texturenofocus border="23" colordiffuse="$VAR[TopInformationColor]">buttons/ButtonC0.png</texturenofocus>
	<alttexturenofocus border="23" colordiffuse="$VAR[TopInformationColor]">buttons/ButtonC0.png</alttexturenofocus>
	<texturefocus border="23" colordiffuse="$VAR[ButtonFocusColor]">buttons/ButtonC0.png</texturefocus>
	<alttexturefocus border="23" colordiffuse="$VAR[ButtonFocusColor]">buttons/ButtonC0.png</alttexturefocus>
  </include>
  <include name="ButtonC10_" description="מדף עליון">
	<height>40</height>
	<width>300</width>
	<textcolor>white2</textcolor>
	<textoffsetx>10</textoffsetx>
	<font>size24B</font>
	<texturenofocus border="23">buttons/ButtonCF.png</texturenofocus>
	<alttexturenofocus border="23">buttons/ButtonCF.png</alttexturenofocus>
    <texturefocus border="23" colordiffuse="$VAR[ButtonFocusColor]">buttons/ButtonC0.png</texturefocus>
	<alttexturefocus border="23" colordiffuse="$VAR[ButtonFocusColor]">buttons/ButtonC0.png</alttexturefocus>
  </include>
  
  <include name="spinposx">
    <spinposx>950</spinposx>
  </include>
  <include name="ButtonSettingsCategory_he" description="()">
	<textoffsetx>647</textoffsetx>
	<textwidth>400</textwidth>
  </include>
  <include name="ButtonSettingsCategory2_he" description="()">
	<textoffsetx>487</textoffsetx>
	<textwidth>500</textwidth>
  </include>
  <include name="ButtonSettingsCategory3_he" description="()">
	<textoffsetx>17</textoffsetx>
	<textwidth>400</textwidth>
  </include>
  
  <include name="AddonSettings_he" description="()">
    <align>left</align>
	<textoffsetx>40</textoffsetx>
	<textwidth>500</textwidth>
  </include>
  
  <include name="ButtonTopVideoInformation" description="פרטי וידאו">
    <texture border="20" colordiffuse="$VAR[TopVideoInformationColor]">buttons/ButtonC0.png</texture>
  </include>
  <include name="ButtonTopVideoInformation_" description="פרטי וידאו">
    <texture border="20">buttons/ButtonCF.png</texture>
  </include>
  
  <include name="ButtonTopVideoInformation2" description="פרטי וידאו">
    <texture border="40" colordiffuse="$VAR[TopVideoInformationColor]">buttons/ButtonE0.png</texture>
  </include>
  <include name="ButtonTopVideoInformation2_" description="פרטי וידאו">
    <texture border="40">buttons/ButtonEF.png</texture>
  </include>
  
  <include name="ButtonTopVideoInformation3" description="פרטי וידאו">
    <texture border="0" colordiffuse="$VAR[TopVideoInformationColor]">buttons/ButtonA0.png</texture>
  </include>
  <include name="ButtonTopVideoInformation3_" description="פרטי וידאו">
    <texture border="0">buttons/ButtonAF.png</texture>
  </include>

  <include name="statusbiglist">
  <control type="image">
            <posx>710</posx>
            <posy>15</posy>
            <width>81</width>
            <height>81</height>
            <texture>$INFO[ListItem.Icon]</texture>
			<visible>![ListItem.IsRecording | ListItem.HasTimer]</visible>
          </control>
          <control type="image" description="rec">
          <posx>720</posx>
		  <posy>15</posy>
		  <height>81</height>
		  <width>81</width>
          <texture>pvr/rec.png</texture>
		  <visible>ListItem.IsRecording</visible>
        </control>
		<control type="image" description="timer">
          <posx>720</posx>
		  <posy>15</posy>
		  <height>81</height>
		  <width>81</width>
          <texture>pvr/timer.png</texture>
		  <visible>!ListItem.IsRecording + ListItem.HasTimer</visible>
        </control>
  </include>
   
  <include name="Border_Common">
    <bordertexture colordiffuse="ff000000" border="40">buttons/types/bd.png</bordertexture>
	<bordersize>1</bordersize>
  </include>
  
  <include name="Border_Common2">
    <bordertexture colordiffuse="$VAR[MenuColor]" border="40">buttons/ButtonA0.png</bordertexture>
	<bordersize>1</bordersize>
  </include>
  
  <include name="Border_Common3">
    <bordertexture colordiffuse="ff000000" border="20">buttons/ButtonA0.png</bordertexture>
	<bordersize>1</bordersize>
  </include>
  
  <include name="Border_Common4">
    <bordertexture colordiffuse="ff000000" border="40">buttons/types/bd.png</bordertexture>
	<bordersize>1</bordersize>
  </include>
  
   <include name="MenuBackground">
     <param name="border" value="40" />
	 <param name="color" default="$VAR[MenuColor]"/>
	 <param name="height" default="0"/>
	 <param name="posx" default="0"/>
	 <param name="posy" default="0"/>
	 <param name="texture" default="buttons/types/bd.png"/>
	 <param name="width" default="0"/>
	 
	 <param name="condition" default="!Skin.HasSetting(MenuBackground)"/>
	 <param name="type0" default="true" description="MenuBackground"/>
	 <param name="type1" default="false" description="DialogBackground"/>
	 
	 <definition>
		<control type="group">
		  <height>$PARAM[height]</height>
		  <posx>$PARAM[posx]</posx>
		  <posy>$PARAM[posy]</posy>
		  <width>$PARAM[width]</width>
		  <visible>$PARAM[condition]</visible>
		  
		  <control type="image" description="type0"> 
			<include>Border_Common</include>
			<include>Fade_MenuBackgroundOverlay</include>
			<height></height>
			<posx></posx>
			<width></width>
			<texture border="$PARAM[border]" colordiffuse="$PARAM[color]">$PARAM[texture]</texture>
			<visible>$PARAM[type0]</visible>
		  </control>
		  
		  <control type="image" description="type1"> 
			<include>Border_Common</include>
			<include>Fade_DialogBackgroundOverlay</include>
			<height></height>
			<posx></posx>
			<width></width>
			<texture border="$PARAM[border]" colordiffuse="$PARAM[color]">$PARAM[texture]</texture>
			<visible>$PARAM[type1]</visible>
		  </control>
		</control>
	</definition>
  </include>
  
  <include name="Buttons_Frame" description="Layouts">
    <param name="id" default="0"/>
	<param name="border" value="40" />
	<param name="color" default="ff000000"/>
	<param name="height" default="0"/>
	<param name="posx" default="0"/>
	<param name="posy" default="0"/>
	<param name="width" default="0"/>
	
	<param name="condition" default="true"/>
	<param name="condition2" default="Skin.HasSetting(2DButton2)"/>
	<param name="bevel" default="!Skin.HasSetting(BevelButton2)"/>
	<param name="overlay" default="Skin.HasSetting(OverlayButton2)"/>
	<param name="shadow" default="!Skin.HasSetting(ShadowButton2)"/>
	<param name="stroke" default="!Skin.HasSetting(StrokeButton2)"/>
	<definition>
		<control type="group">
		  <height>$PARAM[height]</height>
		  <posx>$PARAM[posx]</posx>
		  <posy>$PARAM[posy]</posy>
		  <width>$PARAM[width]</width>
		  <visible>$PARAM[condition]</visible>
		  <control type="image" description="מסגרת נבחר"> 
			<include>Fade_MenuButtonsOverlay</include>
			<height></height>
			<posx></posx>
			<width></width>
			<texture border="$PARAM[border]" colordiffuse="$PARAM[color]">buttons/types/bd.png</texture>
		  </control>
		  <control type="group">
			  <visible>$PARAM[condition2]</visible>
			  <control type="image" description="שקיפות">
				<posx></posx>
				<width></width>
				<height></height>
				<texture border="$PARAM[border]">buttons/effects/gardient.png</texture>
				<visible>$PARAM[overlay]</visible>
			  </control>
			  <control type="image" description="נפח">
				<posx></posx>
				<width></width>
				<height></height>
				<texture border="$PARAM[border]">buttons/effects/bevel.png</texture>
				<visible>$PARAM[bevel]</visible>
			  </control>
			  <control type="image" description="צל">
				<posx></posx>
				<width></width>
				<height></height>
				<texture border="$PARAM[border]">buttons/effects/shadow.png</texture>
				<visible>$PARAM[shadow]</visible>
			  </control>
			  <control type="image" description="מסגרת">
				<posx></posx>
				<width></width>
				<height></height>
				<texture border="$PARAM[border]" colordiffuse="black">buttons/effects/stroke.png</texture>
				<visible>$PARAM[stroke] | ![$PARAM[condition2]]</visible>
			  </control>
		  </control>
		  <control type="group">
			  <visible>![$PARAM[condition2]]</visible>
			  <control type="image" description="מסגרת">
				<posx></posx>
				<width></width>
				<height></height>
				<texture border="$PARAM[border]" colordiffuse="black">buttons/effects/stroke.png</texture>
				<visible>true</visible>
			  </control>
		  </control>
		</control>
	</definition>
  </include>
  
  <include name="Buttons_Frame0" description="Layouts">
    <param name="id" default="0"/>
	<param name="border" value="0" />
	<param name="color" default="ff000000"/>
	<param name="height" default="0"/>
	<param name="posx" default="0"/>
	<param name="posy" default="0"/>
	<param name="width" default="0"/>
	
	<param name="condition" default="true"/>
	<param name="condition2" default="Skin.HasSetting(2DButton2)"/>
	<param name="bevel" default="!Skin.HasSetting(BevelButton2)"/>
	<param name="overlay" default="Skin.HasSetting(OverlayButton2)"/>
	<param name="shadow" default="!Skin.HasSetting(ShadowButton2)"/>
	<param name="stroke" default="!Skin.HasSetting(StrokeButton2)"/>
	<definition>
		<control type="group">
		  <height>$PARAM[height]</height>
		  <posx>$PARAM[posx]</posx>
		  <posy>$PARAM[posy]</posy>
		  <width>$PARAM[width]</width>
		  <visible>$PARAM[condition]</visible>
		  <control type="image" description="מסגרת נבחר"> 
			<include>Fade_MenuButtonsOverlay</include>
			<height></height>
			<posx></posx>
			<width></width>
			<texture border="$PARAM[border]" colordiffuse="$PARAM[color]">buttons/types/bd0.png</texture>
		  </control>
		  <control type="group">
			  <visible>$PARAM[condition2]</visible>
			  <control type="image" description="שקיפות">
				<posx></posx>
				<width></width>
				<height></height>
				<texture border="$PARAM[border]">buttons/effects/gardient0.png</texture>
				<visible>$PARAM[overlay]</visible>
			  </control>
			  <control type="image" description="נפח">
				<posx></posx>
				<width></width>
				<height></height>
				<texture border="$PARAM[border]">buttons/effects/bevel0.png</texture>
				<visible>$PARAM[bevel]</visible>
			  </control>
			  <control type="image" description="צל">
				<posx></posx>
				<width></width>
				<height></height>
				<texture border="$PARAM[border]">buttons/effects/shadow0.png</texture>
				<visible>$PARAM[shadow]</visible>
			  </control>
			  <control type="image" description="מסגרת">
				<posx></posx>
				<width></width>
				<height></height>
				<texture border="$PARAM[border]" colordiffuse="black">buttons/effects/stroke0.png</texture>
				<visible>$PARAM[stroke] | ![$PARAM[condition2]]</visible>
			  </control>
		  </control>
		  <control type="group">
			  <visible>![$PARAM[condition2]]</visible>
			  <control type="image" description="מסגרת">
				<posx></posx>
				<width></width>
				<height></height>
				<texture border="$PARAM[border]" colordiffuse="black">buttons/effects/stroke0.png</texture>
				<visible>true</visible>
			  </control>
		  </control>
		</control>
	</definition>
  </include>
  
  <include name="Buttons_Color" description="Layouts">
	<param name="height" default="0"/>
	<param name="posx" default="0"/>
	<param name="posy" default="0"/>
	<param name="width" default="0"/>
	
	<param name="condition" default="true"/>
	<definition>
		<control type="group">
		  <include>Fade_ButtonsColorOverlay</include>
		  <height>$PARAM[height]</height>
		  <posx>$PARAM[posx]</posx>
		  <posy>$PARAM[posy]</posy>
		  <width>$PARAM[width]</width>
		  <visible>$PARAM[condition]</visible>
		  <control type="group">
			  <control type="image" description="צבע">
				<texture diffuse="buttons/types/bd.png">$VAR[ButtonsDesignColor]</texture>
				<visible>!Skin.String(ButtonsDesign)</visible>
			  </control>
			  <control type="image" description="צבע">
				<texture diffuse="buttons/types/bd0.png">$VAR[ButtonsDesignColor]</texture>
				<visible>Skin.String(ButtonsDesign,0)</visible>
			  </control>
			  <control type="image" description="צבע">
				<texture diffuse="buttons/types/bd1.png">$VAR[ButtonsDesignColor]</texture>
				<visible>Skin.String(ButtonsDesign,1)</visible>
			  </control>
			  <control type="image" description="צבע">
				<texture diffuse="buttons/types/bd2.png">$VAR[ButtonsDesignColor]</texture>
				<visible>Skin.String(ButtonsDesign,2)</visible>
			  </control>
			  <control type="image" description="צבע">
				<texture diffuse="buttons/types/bd3.png">$VAR[ButtonsDesignColor]</texture>
				<visible>Skin.String(ButtonsDesign,3)</visible>
			  </control>
			  <control type="image" description="צבע">
				<texture diffuse="buttons/types/bd4.png">$VAR[ButtonsDesignColor]</texture>
				<visible>Skin.String(ButtonsDesign,4)</visible>
			  </control>
		  </control>
		</control>
	</definition>
  </include>
  
  <include name="Buttons_Icon" description="Layouts">
	<param name="color" default=""/>
	<param name="height" default="0"/>
	<param name="posx" default="0"/>
	<param name="posy" default="0"/>
	<param name="width" default="0"/>
	
	<param name="condition" default="true"/>
	<param name="homeicons" default="true"/>
	<param name="reshape" default="false"/>
	<param name="type0" default="true" description="UnFocus"/>
	<param name="type1" default="false" description="Focus"/>
	<definition>
		<control type="group">
		  <height>$PARAM[height]</height>
		  <posx>$PARAM[posx]</posx>
		  <posy>$PARAM[posy]</posy>
		  <width>$PARAM[width]</width>
		  <visible>$PARAM[condition]</visible>
		  <visible>!String.IsEmpty(ListItem.Thumb)</visible>
		  <include condition="$PARAM[type0]">Fade_IconOverlayButton</include>
		  <include condition="!Skin.String(MenuDesign) | Skin.String(MenuDesign,0) | Skin.String(MenuDesign,1) | Skin.String(MenuDesign,7) | Skin.String(MenuDesign,2) | Skin.String(MenuDesign,3) | Skin.String(MenuDesign,6)">Slide_MenuDesign_Home_Icons</include>
		  <include condition="Skin.String(MenuDesign,4) + $PARAM[homeicons]">Slide_MenuDesign2_Home_Icons</include>
		  <include condition="Skin.String(MenuDesign,4) + $PARAM[homeicons]">Slide_MenuDesign2_Home_Icons2</include>
		  <!--<animation condition="Skin.String(ButtonsDesign,1) + [ Skin.HasSetting(BigHomeIcons) | ![$PARAM[type0] + $PARAM[type1]] ]" effect="slide" start="0,0" end="0,10">Conditional</animation>-->
		  <control type="group">
			  <visible>!Skin.HasSetting(ReshapeIcons) + !$PARAM[reshape]</visible>
			  <control type="image">
			    <include condition="Skin.String(MenuDesign,4)">MenuDesign4_Icon</include>
			    <aspectratio>keep</aspectratio>
				<texture colordiffuse="$PARAM[color]">$INFO[ListItem.Thumb]</texture>
				<visible>!Skin.String(ButtonsDesign)</visible>
			  </control>
			  <control type="image">
			    <include condition="Skin.String(MenuDesign,4)">MenuDesign4_Icon</include>
			    <aspectratio>keep</aspectratio>
				<texture colordiffuse="$PARAM[color]">$INFO[ListItem.Thumb]</texture>
				<visible>Skin.String(ButtonsDesign,0)</visible>
			  </control>
			  <control type="image">
			    <include condition="Skin.String(MenuDesign,4)">MenuDesign4_Icon</include>
				<aspectratio>keep</aspectratio>
				<texture colordiffuse="$PARAM[color]">$INFO[ListItem.Thumb]</texture>
				<visible>Skin.String(ButtonsDesign,1)</visible>
			  </control>
			  <control type="image">
			    <include condition="Skin.String(MenuDesign,4)">MenuDesign4_Icon</include>
				<aspectratio>keep</aspectratio>
				<texture colordiffuse="$PARAM[color]">$INFO[ListItem.Thumb]</texture>
				<visible>Skin.String(ButtonsDesign,2)</visible>
			  </control>
			  <control type="image">
			    <include condition="Skin.String(MenuDesign,4)">MenuDesign4_Icon</include>
				<aspectratio>keep</aspectratio>
				<texture colordiffuse="$PARAM[color]">$INFO[ListItem.Thumb]</texture>
				<visible>Skin.String(ButtonsDesign,3)</visible>
			  </control>
			  <control type="image">
			    <include condition="Skin.String(MenuDesign,4)">MenuDesign4_Icon</include>
				<aspectratio>keep</aspectratio>
				<texture colordiffuse="$PARAM[color]">$INFO[ListItem.Thumb]</texture>
				<visible>Skin.String(ButtonsDesign,4)</visible>
			  </control>
		  </control>
		  
		  <control type="group">
			  <visible>Skin.HasSetting(ReshapeIcons) | $PARAM[reshape]</visible>
			  <control type="image">
			    <include condition="Skin.String(MenuDesign,4)">MenuDesign4_Icon</include>
				<aspectratio>stretch</aspectratio>
				<texture diffuse="buttons/types/bd.png" colordiffuse="$PARAM[color]">$INFO[ListItem.Thumb]</texture>
				<visible>!Skin.String(ButtonsDesign)</visible>
			  </control>
			  <control type="image">
			    <include condition="Skin.String(MenuDesign,4)">MenuDesign4_Icon</include>
				<aspectratio>stretch</aspectratio>
				<texture diffuse="buttons/types/bd0.png" colordiffuse="$PARAM[color]">$INFO[ListItem.Thumb]</texture>
				<visible>Skin.String(ButtonsDesign,0)</visible>
			  </control>
			  <control type="image">
			    <include condition="Skin.String(MenuDesign,4)">MenuDesign4_Icon</include>
				<aspectratio>stretch</aspectratio>
				<texture diffuse="buttons/types/bd1.png" colordiffuse="$PARAM[color]">$INFO[ListItem.Thumb]</texture>
				<visible>Skin.String(ButtonsDesign,1)</visible>
			  </control>
			  <control type="image">
			    <include condition="Skin.String(MenuDesign,4)">MenuDesign4_Icon</include>
				<aspectratio>stretch</aspectratio>
				<texture diffuse="buttons/types/bd2.png" colordiffuse="$PARAM[color]">$INFO[ListItem.Thumb]</texture>
				<visible>Skin.String(ButtonsDesign,2)</visible>
			  </control>
			  <control type="image">
			    <include condition="Skin.String(MenuDesign,4)">MenuDesign4_Icon</include>
				<aspectratio>stretch</aspectratio>
				<texture diffuse="buttons/types/bd3.png" colordiffuse="$PARAM[color]">$INFO[ListItem.Thumb]</texture>
				<visible>Skin.String(ButtonsDesign,3)</visible>
			  </control>
			  <control type="image">
			    <include condition="Skin.String(MenuDesign,4)">MenuDesign4_Icon</include>
				<aspectratio>stretch</aspectratio>
				<texture diffuse="buttons/types/bd4.png" colordiffuse="$PARAM[color]">$INFO[ListItem.Thumb]</texture>
				<visible>Skin.String(ButtonsDesign,4)</visible>
			  </control>
		  </control>
		  
		  <control type="image" description="pwd_lock">
			<include>Fade_PassProtectOverlay</include>
			<include condition="Skin.String(MenuDesign,4)">MenuDesign4_Icon</include>
			<aspectratio align="center">keep</aspectratio>
			<texture colordiffuse="$PARAM[color]">special://home/addons/script.featherence.service/resources/icons/Lock.png</texture>
			<visible>!String.IsEmpty(ListItem.Property(pwd)) + String.IsEmpty(Window(home).Property(PassProtect))</visible>
		  </control>
		  
		  <control type="image" description="pwd_unlock">
			<include>Fade_PassProtectOverlay</include>
			<include condition="Skin.String(MenuDesign,4)">MenuDesign4_Icon</include>
			<aspectratio align="center">keep</aspectratio>
			<texture colordiffuse="$PARAM[color]">special://home/addons/script.featherence.service/resources/icons/Unlock.png</texture>
			<visible>!String.IsEmpty(ListItem.Property(pwd)) + !String.IsEmpty(Window(home).Property(PassProtect))</visible>
		  </control>
		</control>
		
	</definition>
  </include>
  
  <include name="RSS_1721" description="RSS FEED">
	<param name="height" default="0"/>
	<param name="posx" default="0"/>
	<param name="posy" default="0"/>
	<param name="width" default="0"/>
	
	<param name="condition" default="true"/>
	<definition>
		<control type="rss" id="1721" description="(RSS) אמצע">
			<animation condition="!String.IsEqual(System.Language,Hebrew) + !Player.HasMedia" effect="slide" start="0,0" end="-350,0" delay="0" time="700" reversible="true">Conditional</animation>
			<aligny>top</aligny>
			<textcolor>$VAR[TopInformationFontColor]</textcolor>
			<titlecolor>yellow</titlecolor>
			<headlinecolor>white</headlinecolor>
			<include>LabelC12</include>
			<height>$PARAM[height]</height>
			<posx>$PARAM[posx]</posx>
			<posy>$PARAM[posy]</posy>
			<scrollspeed>40</scrollspeed>
			<width>$PARAM[width]</width>
			<visible>System.GetBool(lookandfeel.enablerssfeeds) + [ [!Skin.String(RSSIdleTime) | Skin.String(RSSIdleTime,0)] | Skin.String(RSSIdleTime,3) + System.IdleTime(3) | Skin.String(RSSIdleTime,5) + System.IdleTime(5) | Skin.String(RSSIdleTime,7) + System.IdleTime(7) | Skin.String(RSSIdleTime,10) + System.IdleTime(10) | Skin.String(RSSIdleTime,15) + System.IdleTime(15) | Skin.String(RSSIdleTime,20) + System.IdleTime(20) | Skin.String(RSSIdleTime,25) + System.IdleTime(25) | Window.IsVisible(Home.xml)]</visible>
			<visible>Window.IsVisible(Home.xml) + !Skin.HasSetting(RSSVisibility) | Skin.HasSetting(RSSVisibility)</visible>
			<visible>!Player.HasMedia + !Skin.HasSetting(RSSOnMedia) | Skin.HasSetting(RSSOnMedia)</visible>
			<visible>!Window.IsVisible(DialogNotification.xml)</visible>
			<visible>$PARAM[condition]</visible>
			<visible>!Skin.HasSetting(Admin)</visible>
		</control>
	</definition>
  </include>
  
  <include name="Rating_">
    <control type="group" description="דירוג">
	  <animation condition="String.IsEqual(Container.Viewmode,$LOCALIZE[31013])" effect="zoom" center="60,-38" start="100,100" end="80,80" time="0">Conditional</animation>
	  <!--<animation condition="String.IsEqual(Container.Viewmode,$LOCALIZE[31010])" effect="zoom" center="1413,-30" start="100,100" end="80,80" time="0">Conditional</animation>-->
	  <animation condition="String.IsEqual(Container.Viewmode,$LOCALIZE[31010])" effect="zoom" center="-650,-127" start="100,100" end="68,68" time="0">Conditional</animation>
	  <height>312</height>
	  <posx>55</posx>
	  <posy>37</posy>
	  <width>135</width>	  
	  <visible></visible>
	  <visible>!String.IsEmpty(ListItem.Rating) + !Skin.HasSetting(Show_Rating)</visible>
	  <visible>String.IsEqual(Container.Viewmode,$LOCALIZE[31013]) | String.IsEqual(Container.Viewmode,$LOCALIZE[31014]) | String.IsEqual(Container.Viewmode,$LOCALIZE[31015])</visible>
	  <control type="image" description="">
		<animation condition="true" effect="fade" start="70" end="70" time="0">Conditional</animation>
		<height>40</height>
		<posy>4</posy>
		<texture colordiffuse="ff100c08" border="0">buttons/ButtonA0.png</texture>
		<width>100%</width>
	  </control>	  
	  <control type="image" description="דירוג">
		  <posy>8</posy>
		  <width>100%</width>
		  <height>30</height>
		  <aspectratio align="center">keep</aspectratio>
		  <texture background="true">$VAR[TopVideoInformation3]</texture>
		  <visible>!String.IsEmpty(ListItem.Rating)</visible>
	  </control>
	</control>
  </include>
  
  <include name="WindowsBusy">
   <control type="group">
	 <animation condition="String.IsEqual(Window(home).Property(TEMP),WindowsBusyOpen)" effect="fade" start="0" end="100" time="0" reversible="false">Conditional</animation>
	 <animation condition="String.IsEqual(Window(home).Property(TEMP),WindowsBusyClose)" effect="fade" start="100" end="0" time="0" reversible="false">Conditional</animation>
	 <animation type="WindowOpen" reversible="false" condition="!Window.IsVisible(Custom1000.xml) + !String.Contains(Window(home).Property(TEMP),WindowsBusy)">
	   <effect type="fade" start="100" end="0" time="0" />
	 </animation>
     <animation type="WindowClose" reversible="false" condition="!Window.IsVisible(Custom1000.xml) + !String.Contains(Window(home).Property(TEMP),WindowsBusy)">
	   <effect type="fade" start="0" end="100" time="0" />
	 </animation>
	 
	 
	 
	 <control type="image" description="רקע מעבר">
	   <animation condition="String.IsEqual(Window(home).Property(TEMP),WindowsBusyClose)" effect="fade" start="0" end="40" time="0" reversible="false">Conditional</animation>
	   <height>1080</height>
	   <width>1920</width>
	   <texture>$INFO[Skin.String(TransitionBackground)]</texture>
	   <aspectratio align="center">stretch</aspectratio>
	   <visible>Skin.String(TransitionBackground)</visible>
	 </control>
	 <control type="group">
		 <posx>935</posx>
		 <posy>510</posy>
		 <width>70</width>
		 <height>70</height>
		 
		 <control type="image" description="לוגו מעבר">
		   <animation condition="Skin.String(TransitionLogoSize,0)" effect="zoom" center="auto" start="50,50" end="50,50">Conditional</animation>
		   <animation condition="Skin.String(TransitionLogoSize,2)" effect="zoom" center="auto" start="200,200" end="200,200">Conditional</animation>
		   
		   <animation description="SE" condition="Skin.String(TransitionLogoPosition,1)" effect="slide" start="0,0" end="403,190">Conditional</animation>
		   <animation description="SW" condition="Skin.String(TransitionLogoPosition,2)" effect="slide" start="0,0" end="-403,190">Conditional</animation>
		   <animation description="S" condition="Skin.String(TransitionLogoPosition,3)" effect="slide" start="0,0" end="0,190">Conditional</animation>
		   <animation description="E" condition="Skin.String(TransitionLogoPosition,4)" effect="slide" start="0,0" end="403,0">Conditional</animation>
		   <animation description="W" condition="Skin.String(TransitionLogoPosition,6)" effect="slide" start="0,0" end="-403,0">Conditional</animation>
		   <animation description="NE" condition="Skin.String(TransitionLogoPosition,7)" effect="slide" start="0,0" end="403,-190">Conditional</animation>
		   <animation description="N" condition="Skin.String(TransitionLogoPosition,8)" effect="slide" start="0,0" end="0,-190">Conditional</animation>
		   <animation description="NW" condition="Skin.String(TransitionLogoPosition,9)" effect="slide" start="0,0" end="-403,-190">Conditional</animation>
		   
		   <aspectratio>stretch</aspectratio>
		   <posx>-50</posx>
		   <posy>-40</posy>
		   <width>150</width>
		   <height>150</height>
		   <texture>$INFO[Skin.String(TransitionLogo)]</texture>
		   <visible>Skin.String(TransitionLogo)</visible>
		 </control>
		
		<control type="multiimage">
		  <width>70</width>
		  <height>70</height>
		  <imagepath background="true">busy/multi</imagepath>
		  <timeperimage>200</timeperimage>
		  <info>01.png</info>
		  <info>02.png</info>
		  <info>03.png</info>
		  <info>04.png</info>
		  <info>05.png</info>
		  <info>06.png</info>
		  <info>07.png</info>
		  <info>08.png</info>
		  <info>09.png</info>
		  <info>10.png</info>
		  <info>11.png</info>
		  <info>12.png</info>
		  <fadetime>100</fadetime>
		  <pauseatend>0</pauseatend>
		  <randomize>false</randomize>
		  <loop>yes</loop>
		  <aspectratio>keep</aspectratio>
		</control>
	 </control>
		
   </control>
  </include>
	
  <include name="SideMenu2">
    <control type="group" description="Side menu 9010 group">
	  <animation condition="String.IsEqual(System.Language,Hebrew)" effect="slide" start="0,0" end="400,0" delay="0" time="700" reversible="true">Conditional</animation>
	  <animation condition="!String.IsEqual(System.Language,Hebrew)" effect="slide" start="0,0" end="-400,0" delay="0" time="700" reversible="true">Conditional</animation>
	  <include condition="String.IsEqual(System.Language,Hebrew)">Control_Pos48</include>
      <height>525</height>
	  <posx>1880</posx>
	  <posy>340</posy>	  
	  <width>480</width>
      <include name="MenuBackground">
			<param name="id" value="" />
			<param name="border" value="40" />
			<param name="color" value="$VAR[MenuColor]" />
			<param name="height" value="570" />
			<param name="posx" value="0" />
			<param name="posy" value="-20" />
			<param name="width" value="483" />
			
			<param name="condition" value="!Skin.HasSetting(MenuBackground)"/>
			<param name="type0" value="true" description="MenuBackground"/>
			<param name="type1" value="false" description="DialogBackground"/>
	  </include>
	  <include>ArrowsUpDown2</include>
      <control type="grouplist" id="9010">
		<include>4ways3</include>
		<include condition="Window.IsVisible(DialogSongInfo.xml)">LeftDialogSongInfo</include>
		<include condition="Window.IsVisible(DialogAlbumInfo.xml)">LeftDialogAlbumInfo</include>
		<include condition="Window.IsVisible(DialogAddonInfo.xml)">LeftMenuDialogAddonInfo</include>
	  </control>
	  
    </control>
  </include>
  
  <include name="Arrows_UpDown">
	 <param name="posx" default="0"/>
	 <param name="posy" default="0"/>
	 <param name="posx2" default="0"/>
	 <param name="posy2" default="0"/>
	 
	 <param name="container" default="0"/>
	 <param name="position" default="0"/>
	 <param name="condition" default="true"/>
	 <definition>
		<control type="group">
		  <visible>Control.IsVisible($PARAM[container])</visible>
		  
		  <control type="group" description="סמן חץ למעלה">
			<visible>Container($PARAM[container]).HasPrevious</visible>
			<include>Fade4</include>
			<posx>$PARAM[posx]</posx>
		    <posy>$PARAM[posy]</posy>
			<control type="image" description="לא נבחר">
			  <width>40</width>
			  <height>40</height>
			  <texture border="0">images/Arrow3NF.png</texture>
			  <visible>!Container($PARAM[container]).Position(0)</visible>
			</control>
			<control type="image" description="נבחר">
			  <width>40</width>
			  <height>40</height>
			  <texture border="0">images/Arrow3FO.png</texture>
			  <visible>Container($PARAM[container]).Position(0)</visible>
			</control>
		</control>
		
		<control type="group" description="סמן חץ למטה">
			<visible>Container($PARAM[container]).HasNext</visible>
			<include>Fade4</include>
			<posx>$PARAM[posx2]</posx>
		    <posy>$PARAM[posy2]</posy>
			<control type="image" description="לא נבחר">
			  <width>40</width>
			  <height>40</height>
			  <texture border="0">images/Arrow4NF.png</texture>
			  <visible>!Container($PARAM[container]).Position($PARAM[position])</visible>
			</control>
			<control type="image" description="נבחר">
			  <width>40</width>
			  <height>40</height>
			  <texture border="0">images/Arrow4FO.png</texture>
			  <visible>Container($PARAM[container]).Position($PARAM[position])</visible>
			</control>
		</control>
		
		</control>
	</definition>
  </include>
  
  <include name="MultiFanart_TimePerImage_">
     <include condition="!Skin.String(MultiFanart_TimePerImage)">MultiFanart_TimePerImage__</include>
	 <include condition="Skin.String(MultiFanart_TimePerImage)">MultiFanart_TimePerImage___</include>
  </include>
  
  <include name="MultiFanart_TimePerImage__">
	 <timeperimage>10000</timeperimage>
  </include>
  
  <include name="MultiFanart_TimePerImage___">
	 <timeperimage>$INFO[Skin.String(MultiFanart_TimePerImage)]</timeperimage>
  </include>
  
  <include name="MenuDesign4_Icon">
	<include description="משולשים/משושים" condition="Skin.String(MenuDesign,4) + [Skin.String(ButtonsDesign,2) | Skin.String(ButtonsDesign,4)] + !Skin.HasSetting(BigHomeIcons)">ImageC1</include>
	<include condition="Skin.String(MenuDesign,4) + String.IsEqual(System.Language,Hebrew) + !Skin.HasSetting(BigHomeIcons)">ImageR1</include>
	<include condition="Skin.String(MenuDesign,4) + !String.IsEqual(System.Language,Hebrew) + !Skin.HasSetting(BigHomeIcons)">ImageL1</include>
	
	<include description="משולשים/משושים" condition="Skin.String(MenuDesign,4) + [Skin.String(ButtonsDesign,2) | Skin.String(ButtonsDesign,4)] + Skin.HasSetting(BigHomeIcons)">ImageC2</include>
	<include condition="Skin.String(MenuDesign,4) + String.IsEqual(System.Language,Hebrew) + Skin.HasSetting(BigHomeIcons)">ImageR2</include>
	<include condition="Skin.String(MenuDesign,4) + !String.IsEqual(System.Language,Hebrew) + Skin.HasSetting(BigHomeIcons)">ImageL2</include>
  </include>
  <include name="Control_Pos1" description="50/55/58">
	<posx>0</posx>
	<posy>0</posy>
	<height>1080</height>
  </include>
  <include name="Control_Pos2" description="58+video">
    <posx>0</posx>
	<posy>552</posy>
	<height>552</height>
  </include>
  <include name="Control_Pos3" description="">
     <posx>0</posx>
	 <posy>-552</posy>
	 <height>552</height>
  </include>
	<include name="Control_Pos4" description="">
	 <posx>0</posx>
	 <posy>-552</posy>
	 <height>1080</height>
	</include>
   <include name="Control_Pos5" description="">
	 <posx>0</posx>
	 <posy>552</posy>
	 <height>1080</height>
   </include>
   <include name="Control_Pos6" description="">
	 <posy>0</posy>
	 <height>552</height>
   </include>
   <include name="Control_Pos7" description="">
     <aspectratio aligny="top">stretch</aspectratio>
	 <height>30</height>
	 <width>50</width>
   </include>
   <include name="Control_Pos8" description="">
     <height>522</height>
	 <posx>0</posx>
	 <posy>30</posy>
   </include>
   <include name="Control_Pos9" description="">
     <width>784.4</width>
   </include>
   <include name="Control_Pos12" description="">
     <width>784.4</width>
	 <posx>-102</posx>
	 <textoffsetx>20</textoffsetx>
   </include>
   <include name="Control_Pos13" description="">
     <posx>0</posx>
	 <posy>-552</posy>
	 <height>276</height>
   </include>
   <include name="Control_Pos14" description="">
     <height>230</height>
   </include>
   <include name="Control_Pos15" description="">
	 <posx>53</posx>
   </include>
   <include name="Control_Pos33" description="">
	 <height>773</height>
   </include>
   <include name="Control_Pos34" description="">
	 <posx>185</posx>
   </include>
   <include name="Control_Pos35" description="">
	 <posx>-35</posx>
   </include>
   <include name="Control_Pos36" description="">
	 <posx>135</posx>
   </include>
   <include name="Control_Pos37" description="">
	 <posx>5</posx>
   </include>
   <include name="Control_Pos38" description="">
	 <posx>41</posx>
   </include>
   <include name="Control_Pos39" description="">
	 <width>430</width>
   </include>
   <include name="Control_Pos40" description="">
	 <posy>546</posy>
   </include>
   <include name="Control_Pos41" description="">
	 <posy>26</posy>
   </include>
   
   <include name="Control_Pos42" description="">
	 <height>815</height>
   </include>
   <include name="Control_Pos43" description="">
	 <posx>0</posx>
	 <posy>0</posy>
	 <height>1100</height>
	 <width>270</width>
   </include>
   <include name="Control_Pos44" description="">
     <height>1100</height>
	 <posy>0</posy>
	 <width>280</width>
   </include>
   <include name="Control_Pos45" description="">
	 <posx>270</posx>
   </include>
   <include name="Control_Pos46" description="">
	 <posx>1450</posx>
   </include>
   <include name="Control_Pos47" description="">
	 <posx>55</posx>
   </include>
   <include name="Control_Pos48" description="">
	 <posx>-425</posx>
   </include>
   <include name="Control_Pos49" description="">
	 <posx>1900</posx>
   </include>
   <include name="Control_Pos50" description="">
	 <posx>1350</posx>
   </include>
   <include name="Control_Pos51" description="">
	 <posx>0</posx>
	 <posy>20</posy>
	 <width>212</width>
	 <height>100</height>
   </include>
   <include name="Control_Pos52" description="">
   </include>
   <include name="Control_Pos53" description="">
	 <posx>0</posx>
   </include>
</includes>
