<?xml version="1.0" encoding="UTF-8"?>
<window>
	
	<defaultcontrol always="true">11</defaultcontrol>
	<controls>
	  <control type="image">
		<posy>570</posy>
		<height>510</height>
		<width>1920</width>
		<texture colordiffuse="ff96708f" border="40">buttons/ButtonE0.png</texture>
	  </control>
		<control type="group">
    <description>TV Guide Channel</description>
    <include>Fade4</include>
    <control type="group">
      <posx>80</posx>
      <posy>540</posy>
      <control type="label">
        <description>Date Time label</description>
        <posx>0</posx>
        <posy>20</posy>
        <width>300</width>
        <height>20</height>
        <font>Size26_title</font>
        <textcolor>white</textcolor>
        <shadowcolor>black</shadowcolor>
        <align>center</align>
        <aligny>center</aligny>
        <label>21820</label>
      </control>
      <control type="label">
        <description>Title</description>
        <posx>300</posx>
        <posy>20</posy>
        <width>600</width>
        <height>20</height>
        <font>Size26_title</font>
        <textcolor>white</textcolor>
        <align>center</align>
        <aligny>center</aligny>
        <label>369</label>
      </control>
      <control type="label">
        <description>Status header label</description>
        <posx>960</posx>
        <posy>20</posy>
        <width>140</width>
        <height>20</height>
        <font>Size26_title</font>
        <textcolor>white</textcolor>
        <align>center</align>
        <aligny>center</aligny>
        <label>126</label>
      </control>
      <control type="image">
        <description>separator image</description>
        <posx>60</posx>
        <posy>57</posy>
        <width>1760</width>
        <height>2</height>
        <texture>images/line.png</texture>
      </control>
      <control type="list" id="11">
        <posx>0</posx>
        <posy>60</posy>
        <width>1760</width>
        <height>432</height>
        <onup>11</onup>
        <ondown>11</ondown>
        <onleft>Close</onleft>
        <onright>Close</onright>
        <pagecontrol>70</pagecontrol>
        <itemlayout height="40">
          <control type="image">
            <width>1760</width>
            <height>40</height>
            <texture border="5">pstvButtonNoFocus.png</texture>
			<colordiffuse>90FFFFFF</colordiffuse>
          </control>
          <control type="label">
            <posx>120</posx>
            <posy>0</posy>
            <width>400</width>
            <height>40</height>
            <font>font12</font>
            <align>center</align>
            <aligny>center</aligny>
            <textcolor>Grey</textcolor>
            <selectedcolor>Yellow</selectedcolor>
            <info>ListItem.Date</info>
          </control>
          <control type="label">
            <posx>550</posx>
            <posy>0</posy>
            <width>640</width>
            <height>40</height>
            <font>Size26</font>
            <align>left</align>
            <aligny>center</aligny>
            <textcolor>Grey</textcolor>
            <selectedcolor>Yellow</selectedcolor>
            <info>ListItem.Label</info>
          </control>
          <control type="image">
            <posx>970</posx>
            <posy>10</posy>
            <width>30</width>
            <height>20</height>
            <texture>pvr/rec.png</texture>
            <visible>ListItem.IsRecording</visible>
          </control>
          <control type="label">
            <posx>1005</posx>
            <posy>0</posy>
            <width>80</width>
            <height>40</height>
            <font>font10</font>
            <align>left</align>
            <aligny>center</aligny>
            <textcolor>Grey</textcolor>
            <selectedcolor>Yellow</selectedcolor>
            <label>19043</label>
            <visible>ListItem.IsRecording</visible>
          </control>
          <control type="image">
            <posx>970</posx>
            <posy>10</posy>
            <width>20</width>
            <height>20</height>
            <texture>pvr/timer.png</texture>
            <visible>ListItem.HasTimer + !ListItem.IsRecording</visible>
          </control>
          <control type="label">
            <posx>1600</posx>
            <width>80</width>
            <height>40</height>
            <font>font10</font>
            <align>left</align>
            <aligny>center</aligny>
            <textcolor>White</textcolor>
            <selectedcolor>Yellow</selectedcolor>
            <label>31510</label>
            <visible>ListItem.HasTimer</visible>
          </control>
        </itemlayout>
        <focusedlayout height="120">
          <control type="image">
            <width>1760</width>
            <height>120</height>
            <texture border="5">pstvButtonFocus.png</texture>
            <colordiffuse>90777777</colordiffuse>
          </control>
          <control type="label">
            <posx>120</posx>
            <posy>0</posy>
            <width>400</width>
            <height>40</height>
            <font>font12</font>
            <align>center</align>
            <aligny>center</aligny>
            <textcolor>White</textcolor>
            <selectedcolor>Yellow</selectedcolor>
            <info>ListItem.Date</info>
          </control>
          <control type="label">
            <posx>550</posx>
            <posy>0</posy>
            <width>640</width>
            <height>40</height>
            <font>Size26</font>
            <align>left</align>
            <aligny>center</aligny>
            <textcolor>White</textcolor>
            <selectedcolor>Yellow</selectedcolor>
            <info>ListItem.Label</info>
          </control>
          <control type="textbox">
            <description>Plot Value for TVShow</description>
            <posx>60</posx>
            <posy>40</posy>
            <width>1600</width>
            <height>70</height>
            <font>font12</font>
            <align>justify</align>
            <textcolor>White</textcolor>
            <label>$INFO[ListItem.Plot]</label>
          </control>
          <control type="image">
            <posx>970</posx>
            <posy>10</posy>
            <width>30</width>
            <height>20</height>
            <texture>pvr/rec.png</texture>
            <visible>ListItem.IsRecording</visible>
          </control>
          <control type="label">
            <posx>1005</posx>
            <posy>0</posy>
            <width>80</width>
            <height>40</height>
            <font>font10</font>
            <align>left</align>
            <aligny>center</aligny>
            <textcolor>White</textcolor>
            <selectedcolor>Yellow</selectedcolor>
            <label>19043</label>
            <visible>ListItem.IsRecording</visible>
          </control>
          <control type="image">
            <posx>970</posx>
            <posy>10</posy>
            <width>20</width>
            <height>20</height>
            <texture>pvr/timer.png</texture>
            <visible>ListItem.HasTimer + !ListItem.IsRecording</visible>
          </control>
          <control type="label">
            <posx>1600</posx>
            <width>80</width>
            <height>40</height>
            <font>font10</font>
            <align>left</align>
            <aligny>center</aligny>
            <textcolor>White</textcolor>
            <selectedcolor>Yellow</selectedcolor>
            <label>31510</label>
            <visible>ListItem.HasTimer</visible>
          </control>
        </focusedlayout>
      </control>
    </control>
  </control>
	</controls>
</window>
