<?xml version="1.0" encoding="UTF-8"?>
<includes>
  <include name="Keyboard">
	<texturenofocus border="3" colordiffuse="$VAR[KeyboardUnFocusColor]">osd/keyboard/KeyboardKeyNF.png</texturenofocus>
	<texturefocus border="5" colordiffuse="$VAR[ButtonFocusColor]">osd/keyboard/KeyboardKeyNF.png</texturefocus>
	<alttexturenofocus border="3" colordiffuse="$VAR[KeyboardUnFocusColor]">osd/keyboard/KeyboardKeyNF.png</alttexturenofocus>
	<alttexturefocus border="5" colordiffuse="$VAR[ButtonFocusColor]">osd/keyboard/KeyboardKeyNF.png</alttexturefocus>
    <align>center</align>
    <aligny>center</aligny>
	<width>50</width>
	<height>50</height>
	<focusedcolor>yellow</focusedcolor>	
	<font>size24</font>
	<textoffsetx>0</textoffsetx>
    <width>75</width>	
  </include>  
  
  <include name="ImageC1">
    <aspectratio align="center">keep</aspectratio>
  </include>
  <include name="ImageL1">
    <aspectratio align="left">keep</aspectratio>
  </include>
  <include name="ImageR1">
    <aspectratio align="right">keep</aspectratio>
  </include>
  <include name="ImageL2">
    <aspectratio align="left">stretch</aspectratio>
  </include>
  <include name="ImageR2">
    <aspectratio align="right">stretch</aspectratio>
  </include>
  <include name="LabelC1" description="">
    <align>center</align>
	<font>size28</font>
	<shadowcolor>black</shadowcolor>
	<textcolor>white2</textcolor>
  </include>
  <include name="LabelL1" description="">
    <align>left</align>
	<font>size28</font>
	<textcolor>white2</textcolor>
	<shadowcolor>black</shadowcolor>
  </include>
  <include name="LabelR1" description="">
    <align>right</align>
	<font>size28</font>
	<textcolor>white2</textcolor>
	<shadowcolor>black</shadowcolor>
  </include>
  <include name="LabelJ1" description="">
	<align>justify</align>
	<font>size28</font>
	<textcolor>white2</textcolor>
  </include>
  <include name="LabelC2" description="(טקסט2)">
    <align>center</align>
	<font>size24</font>
  </include>
  <include name="LabelL2" description="(טקסט1-מיוחד)">
	<aligny>top</aligny>
	<font>size24</font>
	<radioposx>1350</radioposx>
  </include>
  <include name="LabelR2" description="(טקסט1-מיוחד)">
    <align>right</align>
	<font>size24</font>
	<radioposx>0</radioposx>
  </include>
  <include name="LabelC3" description="(טקסט3/DEFAULT)">
    <align>center</align>
	<font>size36</font>
  </include>
  <include name="LabelR3" description="?">
    <align>right</align>
	<!--<aligny>top</aligny>-->
	<font>size36</font>
  </include>
  <include name="LabelC4" description="(טקסט4)">
    <align>center</align>
	<font>size21</font>
  </include>
  <include name="LabelR4" description="PVR-משודר עכשיו/DialogKaiToast">
    <align>right</align>
	<font>size21</font>
  </include>
  <include name="LabelL4" description="PVR-משודר עכשיו/DialogKaiToast">
    <align>left</align>
	<font>size21</font>
  </include>
  <include name="LabelC5" description="(טקסט3)">
    <align>center</align>
	<font>size34</font>
  </include>
  
  <include name="LabelL7" description="(custom1131)">
    <align>left</align>
	<font>size18</font>
  </include>
  <include name="LabelC7">
    <align>center</align>
	<font>size18</font>
  </include>
  <include name="LabelR7" description="(custom1131)">
    <align>right</align>
	<font>size18</font>
  </include>
  <include name="LabelC10" description="(כותרת1)">
    <align>center</align>
	<aligny>center</aligny>
	<font>size36B</font>
	<shadowcolor>black</shadowcolor>
	<textcolor>white2</textcolor>
  </include>
  <include name="LabelC11" description="(כותרת2)">
    <align>center</align>
	<aligny>center</aligny>
	<font>Size42B</font>
	<shadowcolor>black</shadowcolor>
	<textcolor>white2</textcolor>
  </include>
  <include name="LabelL11" description="(כותרת2)">
    <align>left</align>
	<aligny>center</aligny>
	<font>Size42B</font>
	<shadowcolor>black</shadowcolor>
	<textcolor>white2</textcolor>
  </include>
  <include name="LabelR11" description="(כותרת2)">
    <align>right</align>
	<aligny>center</aligny>
	<font>Size42B</font>
	<shadowcolor>black</shadowcolor>
	<textcolor>white2</textcolor>
  </include>
  <include name="LabelL12" description="(כותרת3)">
    <align>left</align>
	<aligny>center</aligny>
	<font>size24B</font>
	<shadowcolor>black</shadowcolor>
	<textcolor>white2</textcolor>
  </include>
  <include name="LabelC12" description="(כותרת3)">
    <align>center</align>
	<aligny>center</aligny>
	<font>size24B</font>
	<shadowcolor>black</shadowcolor>
	<textcolor>white2</textcolor>
  </include>
  <include name="LabelR12" description="(כותרת3)">
    <align>right</align>
	<aligny>center</aligny>
	<font>size24B</font>
	<shadowcolor>black</shadowcolor>
	<textcolor>white2</textcolor>
  </include>
  <include name="LabelC13" description="(כותרת3)">
    <align>center</align>
	<aligny>center</aligny>
	<font>size21B</font>
	<shadowcolor>black</shadowcolor>
	<textcolor>white2</textcolor>
  </include>
  
  
  <include name="ButtonC1" description="(DEFAULT)">
	<width>480</width>
    <textoffsetx>-</textoffsetx>
    <align>center</align>
    <aligny>center</aligny>
	<textcolor>white2</textcolor>
    <focusedcolor>yellow</focusedcolor>
	<font>size34</font>
    <disabledcolor>grey</disabledcolor>
  </include>
  <include name="ButtonL1" description="()">
	<width>480</width>
    <textoffsetx>40</textoffsetx>
    <align>left</align>
  </include>
  <include name="ButtonR1" description="()">
	<width>480</width>
    <textoffsetx>40</textoffsetx>
    <align>right</align>
  </include>
  <include name="ButtonL2" description="()">
	<width>880</width>
	<textoffsetx>20</textoffsetx>
    <align>left</align>
  </include>
  <include name="ButtonR2" description="()">
	<width>880</width>
	<textoffsetx>20</textoffsetx>
    <align>right</align>
  </include>
  <include name="ButtonL3" description="()">
	<width>580</width>
    <textoffsetx>40</textoffsetx>
    <align>left</align>
	<font>size24</font>
    <texturenofocus>-</texturenofocus>
  </include>
  <include name="ButtonR3" description="()">
	<width>580</width>
    <textoffsetx>40</textoffsetx>
    <align>right</align>
	<font>size24</font>
    <texturenofocus>-</texturenofocus>
	<texture border="20" colordiffuse="$VAR[ButtonFocusColor]">buttons/types/bd.png</texture>
  </include>
  <include name="ButtonL4" description="()">
	<width>480</width>
    <textoffsetx>20</textoffsetx>
    <align>left</align>
	<textcolor>white2</textcolor>
	<font>size18</font>
  </include>
  <include name="ButtonR5" description="הגדרות">
	<width>480</width>
    <textoffsetx>60</textoffsetx>
    <align>right</align>
	<disabledcolor>grey</disabledcolor>
  </include>
  <include name="ButtonC10" description="מדף עליון">
	<height>40</height>
	<width>300</width>
	<textcolor>white2</textcolor>
	<textoffsetx>10</textoffsetx>
	<font>size24B</font>
	<radioposy>7</radioposy>
	<texturenofocus border="23" colordiffuse="$VAR[TopInformationColor]">buttons/ButtonC0.png</texturenofocus>
	<alttexturenofocus border="23" colordiffuse="$VAR[TopInformationColor]">buttons/ButtonC0.png</alttexturenofocus>
	<texturefocus border="23" colordiffuse="$VAR[ButtonFocusColor]">buttons/ButtonC0.png</texturefocus>
	<alttexturefocus border="23" colordiffuse="$VAR[ButtonFocusColor]">buttons/ButtonC0.png</alttexturefocus>
  </include>
  <include name="ButtonC10_" description="מדף עליון">
	<height>40</height>
	<width>300</width>
	<textcolor>white2</textcolor>
	<textoffsetx>10</textoffsetx>
	<font>size24B</font>
	<texturenofocus border="23">buttons/ButtonCF.png</texturenofocus>
	<alttexturenofocus border="23">buttons/ButtonCF.png</alttexturenofocus>
    <texturefocus border="23" colordiffuse="$VAR[ButtonFocusColor]">buttons/ButtonC0.png</texturefocus>
	<alttexturefocus border="23" colordiffuse="$VAR[ButtonFocusColor]">buttons/ButtonC0.png</alttexturefocus>
  </include>
  
  <include name="spinposx">
    <spinposx>950</spinposx>
  </include>
  <include name="ButtonSettingsCategory_he" description="()">
	<textoffsetx>647</textoffsetx>
	<textwidth>400</textwidth>
  </include>
  <include name="ButtonSettingsCategory2_he" description="()">
	<textoffsetx>487</textoffsetx>
	<textwidth>500</textwidth>
  </include>
  <include name="ButtonSettingsCategory3_he" description="()">
	<textoffsetx>17</textoffsetx>
	<textwidth>400</textwidth>
  </include>
  
  <include name="AddonSettings_he" description="()">
    <align>left</align>
	<textoffsetx>40</textoffsetx>
	<textwidth>500</textwidth>
  </include>
  
  <include name="ButtonTopVideoInformation" description="פרטי וידאו">
    <texture border="20" colordiffuse="$VAR[TopVideoInformationColor]">buttons/ButtonC0.png</texture>
  </include>
  <include name="ButtonTopVideoInformation_" description="פרטי וידאו">
    <texture border="20">buttons/ButtonCF.png</texture>
  </include>

  <include name="statusbiglist">
  <control type="image">
            <posx>710</posx>
            <posy>15</posy>
            <width>81</width>
            <height>81</height>
            <texture>$INFO[ListItem.Icon]</texture>
			<visible>![ListItem.IsRecording | ListItem.HasTimer]</visible>
          </control>
          <control type="image" description="rec">
          <posx>720</posx>
		  <posy>15</posy>
		  <height>81</height>
		  <width>81</width>
          <texture>pvr/rec.png</texture>
		  <visible>ListItem.IsRecording</visible>
        </control>
		<control type="image" description="timer">
          <posx>720</posx>
		  <posy>15</posy>
		  <height>81</height>
		  <width>81</width>
          <texture>pvr/timer.png</texture>
		  <visible>!ListItem.IsRecording + ListItem.HasTimer</visible>
        </control>
  </include>
   
  <include name="Border_Common">
    <bordertexture colordiffuse="ff000000" border="40">buttons/types/bd.png</bordertexture>
	<bordersize>1</bordersize>
  </include>
  
  <include name="Border_Common2">
    <bordertexture colordiffuse="$VAR[MenuColor]" border="40">buttons/ButtonA0.png</bordertexture>
	<bordersize>1</bordersize>
  </include>
  
  <include name="Border_Common3">
    <bordertexture colordiffuse="ff000000" border="20">buttons/ButtonA0.png</bordertexture>
	<bordersize>1</bordersize>
  </include>
  
  <include name="Border_Common4">
    <bordertexture colordiffuse="ff000000" border="40">buttons/types/bd.png</bordertexture>
	<bordersize>1</bordersize>
  </include>
  
   <include name="MenuBackground">
     <param name="border" value="40" />
	 <param name="color" default="$VAR[MenuColor]"/>
	 <param name="height" default="0"/>
	 <param name="posx" default="0"/>
	 <param name="posy" default="0"/>
	 <param name="texture" default="buttons/types/bd.png"/>
	 <param name="width" default="0"/>
	 
	 <param name="condition" default="!Skin.HasSetting(MenuBackground)"/>
	 <param name="type0" default="true" description="MenuBackground"/>
	 <param name="type1" default="false" description="DialogBackground"/>
	 
	 <definition>
		<control type="group">
		  <height>$PARAM[height]</height>
		  <posx>$PARAM[posx]</posx>
		  <posy>$PARAM[posy]</posy>
		  <width>$PARAM[width]</width>
		  <visible>$PARAM[condition]</visible>
		  
		  <control type="image" description="type0"> 
			<include>Border_Common</include>
			<include>Fade_MenuBackgroundOverlay</include>
			<height></height>
			<posx></posx>
			<width></width>
			<texture border="$PARAM[border]" colordiffuse="$PARAM[color]">$PARAM[texture]</texture>
			<visible>$PARAM[type0]</visible>
		  </control>
		  
		  <control type="image" description="type1"> 
			<include>Border_Common</include>
			<include>Fade_DialogBackgroundOverlay</include>
			<height></height>
			<posx></posx>
			<width></width>
			<texture border="$PARAM[border]" colordiffuse="$PARAM[color]">$PARAM[texture]</texture>
			<visible>$PARAM[type1]</visible>
		  </control>
		</control>
	</definition>
  </include>
  
  <include name="Buttons_Frame" description="Layouts">
    <param name="id" default="0"/>
	<param name="border" value="40" />
	<param name="color" default="ff000000"/>
	<param name="height" default="0"/>
	<param name="posx" default="0"/>
	<param name="posy" default="0"/>
	<param name="width" default="0"/>
	
	<param name="condition" default="true"/>
	<param name="condition2" default="Skin.HasSetting(2DButton2)"/>
	<param name="bevel" default="!Skin.HasSetting(BevelButton2)"/>
	<param name="overlay" default="Skin.HasSetting(OverlayButton2)"/>
	<param name="shadow" default="!Skin.HasSetting(ShadowButton2)"/>
	<param name="stroke" default="!Skin.HasSetting(StrokeButton2)"/>
	<definition>
		<control type="group">
		  <height>$PARAM[height]</height>
		  <posx>$PARAM[posx]</posx>
		  <posy>$PARAM[posy]</posy>
		  <width>$PARAM[width]</width>
		  <visible>$PARAM[condition]</visible>
		  <control type="image" description="מסגרת נבחר"> 
			<include>Fade_MenuButtonsOverlay</include>
			<height></height>
			<posx></posx>
			<width></width>
			<texture border="$PARAM[border]" colordiffuse="$PARAM[color]">buttons/types/bd.png</texture>
		  </control>
		  <control type="group">
			  <visible>$PARAM[condition2]</visible>
			  <control type="image" description="שקיפות">
				<posx></posx>
				<width></width>
				<height></height>
				<texture border="$PARAM[border]">buttons/effects/gardient.png</texture>
				<visible>$PARAM[overlay]</visible>
			  </control>
			  <control type="image" description="נפח">
				<posx></posx>
				<width></width>
				<height></height>
				<texture border="$PARAM[border]">buttons/effects/bevel.png</texture>
				<visible>$PARAM[bevel]</visible>
			  </control>
			  <control type="image" description="צל">
				<posx></posx>
				<width></width>
				<height></height>
				<texture border="$PARAM[border]">buttons/effects/shadow.png</texture>
				<visible>$PARAM[shadow]</visible>
			  </control>
			  <control type="image" description="מסגרת">
				<posx></posx>
				<width></width>
				<height></height>
				<texture border="$PARAM[border]" colordiffuse="black">buttons/effects/stroke.png</texture>
				<visible>$PARAM[stroke] | ![$PARAM[condition2]]</visible>
			  </control>
		  </control>
		  <control type="group">
			  <visible>![$PARAM[condition2]]</visible>
			  <control type="image" description="מסגרת">
				<posx></posx>
				<width></width>
				<height></height>
				<texture border="$PARAM[border]" colordiffuse="black">buttons/effects/stroke.png</texture>
				<visible>true</visible>
			  </control>
		  </control>
		</control>
	</definition>
  </include>
  
  <include name="Buttons_Frame0" description="Layouts">
    <param name="id" default="0"/>
	<param name="border" value="0" />
	<param name="color" default="ff000000"/>
	<param name="height" default="0"/>
	<param name="posx" default="0"/>
	<param name="posy" default="0"/>
	<param name="width" default="0"/>
	
	<param name="condition" default="true"/>
	<param name="condition2" default="Skin.HasSetting(2DButton2)"/>
	<param name="bevel" default="!Skin.HasSetting(BevelButton2)"/>
	<param name="overlay" default="Skin.HasSetting(OverlayButton2)"/>
	<param name="shadow" default="!Skin.HasSetting(ShadowButton2)"/>
	<param name="stroke" default="!Skin.HasSetting(StrokeButton2)"/>
	<definition>
		<control type="group">
		  <height>$PARAM[height]</height>
		  <posx>$PARAM[posx]</posx>
		  <posy>$PARAM[posy]</posy>
		  <width>$PARAM[width]</width>
		  <visible>$PARAM[condition]</visible>
		  <control type="image" description="מסגרת נבחר"> 
			<include>Fade_MenuButtonsOverlay</include>
			<height></height>
			<posx></posx>
			<width></width>
			<texture border="$PARAM[border]" colordiffuse="$PARAM[color]">buttons/types/bd0.png</texture>
		  </control>
		  <control type="group">
			  <visible>$PARAM[condition2]</visible>
			  <control type="image" description="שקיפות">
				<posx></posx>
				<width></width>
				<height></height>
				<texture border="$PARAM[border]">buttons/effects/gardient0.png</texture>
				<visible>$PARAM[overlay]</visible>
			  </control>
			  <control type="image" description="נפח">
				<posx></posx>
				<width></width>
				<height></height>
				<texture border="$PARAM[border]">buttons/effects/bevel0.png</texture>
				<visible>$PARAM[bevel]</visible>
			  </control>
			  <control type="image" description="צל">
				<posx></posx>
				<width></width>
				<height></height>
				<texture border="$PARAM[border]">buttons/effects/shadow0.png</texture>
				<visible>$PARAM[shadow]</visible>
			  </control>
			  <control type="image" description="מסגרת">
				<posx></posx>
				<width></width>
				<height></height>
				<texture border="$PARAM[border]" colordiffuse="black">buttons/effects/stroke0.png</texture>
				<visible>$PARAM[stroke] | ![$PARAM[condition2]]</visible>
			  </control>
		  </control>
		  <control type="group">
			  <visible>![$PARAM[condition2]]</visible>
			  <control type="image" description="מסגרת">
				<posx></posx>
				<width></width>
				<height></height>
				<texture border="$PARAM[border]" colordiffuse="black">buttons/effects/stroke0.png</texture>
				<visible>true</visible>
			  </control>
		  </control>
		</control>
	</definition>
  </include>
  
  <include name="Buttons_Color" description="Layouts">
	<param name="height" default="0"/>
	<param name="posx" default="0"/>
	<param name="posy" default="0"/>
	<param name="width" default="0"/>
	
	<param name="condition" default="true"/>
	<definition>
		<control type="group">
		  <height>$PARAM[height]</height>
		  <posx>$PARAM[posx]</posx>
		  <posy>$PARAM[posy]</posy>
		  <width>$PARAM[width]</width>
		  <visible>$PARAM[condition]</visible>
		  <control type="group">
			  <control type="image" description="צבע">
				<texture diffuse="buttons/types/bd.png">buttons/colors/$INFO[ListItem.Property(color)].png</texture>
				<visible>!Skin.String(ButtonsDesign)</visible>
			  </control>
			  <control type="image" description="צבע">
				<texture diffuse="buttons/types/bd0.png">buttons/colors/$INFO[ListItem.Property(color)].png</texture>
				<visible>Skin.String(ButtonsDesign,0)</visible>
			  </control>
			  <control type="image" description="צבע">
				<texture diffuse="buttons/types/bd1.png">buttons/colors/$INFO[ListItem.Property(color)].png</texture>
				<visible>Skin.String(ButtonsDesign,1)</visible>
			  </control>
			  <control type="image" description="צבע">
				<texture diffuse="buttons/types/bd2.png">buttons/colors/$INFO[ListItem.Property(color)].png</texture>
				<visible>Skin.String(ButtonsDesign,2)</visible>
			  </control>
			  <control type="image" description="צבע">
				<texture diffuse="buttons/types/bd3.png">buttons/colors/$INFO[ListItem.Property(color)].png</texture>
				<visible>Skin.String(ButtonsDesign,3)</visible>
			  </control>
			  <control type="image" description="צבע">
				<texture diffuse="buttons/types/bd4.png">buttons/colors/$INFO[ListItem.Property(color)].png</texture>
				<visible>Skin.String(ButtonsDesign,4)</visible>
			  </control>
		  </control>
		  
		  
		</control>
	</definition>
  </include>
  
  <include name="Buttons_Icon" description="Layouts">
	<param name="color" default=""/>
	<param name="height" default="0"/>
	<param name="posx" default="0"/>
	<param name="posy" default="0"/>
	<param name="width" default="0"/>
	
	<param name="condition" default="true"/>
	<param name="type0" default="true" description="UnFocus"/>
	<param name="type1" default="false" description="Focus"/>
	<definition>
		<control type="group">
		  <height>$PARAM[height]</height>
		  <posx>$PARAM[posx]</posx>
		  <posy>$PARAM[posy]</posy>
		  <width>$PARAM[width]</width>
		  <visible>$PARAM[condition]</visible>
		  <visible>!IsEmpty(ListItem.Thumb)</visible>
		  <include condition="$PARAM[type0]">Fade_IconOverlayButton</include>
		  <include condition="!Skin.String(MenuDesign) | Skin.String(MenuDesign,0) | Skin.String(MenuDesign,1) | Skin.String(MenuDesign,2) | Skin.String(MenuDesign,3)">Slide_MenuDesign_Home_Icons</include>
		  <include condition="Skin.String(MenuDesign,4)">Slide_MenuDesign2_Home_Icons</include>
		  <include condition="Skin.String(MenuDesign,4) + $PARAM[type1]">Slide_MenuDesign2_Home_Icons2</include>
		  
		  <control type="group">
			  <visible>!Skin.HasSetting(ReshapeIcons)</visible>
			  <control type="image">
			    <include condition="Skin.String(MenuDesign,4)">MenuDesign4_Icon</include>
			    <aspectratio>keep</aspectratio>
				<texture colordiffuse="$PARAM[color]">$INFO[ListItem.Thumb]</texture>
				<visible>!Skin.String(ButtonsDesign)</visible>
			  </control>
			  <control type="image">
			    <include condition="Skin.String(MenuDesign,4)">MenuDesign4_Icon</include>
			    <aspectratio>keep</aspectratio>
				<texture colordiffuse="$PARAM[color]">$INFO[ListItem.Thumb]</texture>
				<visible>Skin.String(ButtonsDesign,0)</visible>
			  </control>
			  <control type="image">
			    <include condition="Skin.String(MenuDesign,4)">MenuDesign4_Icon</include>
				<aspectratio>keep</aspectratio>
				<texture colordiffuse="$PARAM[color]">$INFO[ListItem.Thumb]</texture>
				<visible>Skin.String(ButtonsDesign,1)</visible>
			  </control>
			  <control type="image">
			    <include condition="Skin.String(MenuDesign,4)">MenuDesign4_Icon</include>
				<aspectratio>keep</aspectratio>
				<texture colordiffuse="$PARAM[color]">$INFO[ListItem.Thumb]</texture>
				<visible>Skin.String(ButtonsDesign,2)</visible>
			  </control>
			  <control type="image">
			    <include condition="Skin.String(MenuDesign,4)">MenuDesign4_Icon</include>
				<aspectratio>keep</aspectratio>
				<texture colordiffuse="$PARAM[color]">$INFO[ListItem.Thumb]</texture>
				<visible>Skin.String(ButtonsDesign,3)</visible>
			  </control>
			  <control type="image">
			    <include condition="Skin.String(MenuDesign,4)">MenuDesign4_Icon</include>
				<aspectratio>keep</aspectratio>
				<texture colordiffuse="$PARAM[color]">$INFO[ListItem.Thumb]</texture>
				<visible>Skin.String(ButtonsDesign,4)</visible>
			  </control>
		  </control>
		  
		  <control type="group">
			  <visible>Skin.HasSetting(ReshapeIcons)</visible>
			  <control type="image">
			    <include condition="Skin.String(MenuDesign,4)">MenuDesign4_Icon</include>
				<aspectratio>keep</aspectratio>
				<texture diffuse="buttons/types/bd.png" colordiffuse="$PARAM[color]">$INFO[ListItem.Thumb]</texture>
				<visible>!Skin.String(ButtonsDesign)</visible>
			  </control>
			  <control type="image">
			    <include condition="Skin.String(MenuDesign,4)">MenuDesign4_Icon</include>
				<aspectratio>keep</aspectratio>
				<texture diffuse="buttons/types/bd0.png" colordiffuse="$PARAM[color]">$INFO[ListItem.Thumb]</texture>
				<visible>Skin.String(ButtonsDesign,0)</visible>
			  </control>
			  <control type="image">
			    <include condition="Skin.String(MenuDesign,4)">MenuDesign4_Icon</include>
				<aspectratio>keep</aspectratio>
				<texture diffuse="buttons/types/bd1.png" colordiffuse="$PARAM[color]">$INFO[ListItem.Thumb]</texture>
				<visible>Skin.String(ButtonsDesign,1)</visible>
			  </control>
			  <control type="image">
			    <include condition="Skin.String(MenuDesign,4)">MenuDesign4_Icon</include>
				<aspectratio>keep</aspectratio>
				<texture diffuse="buttons/types/bd2.png" colordiffuse="$PARAM[color]">$INFO[ListItem.Thumb]</texture>
				<visible>Skin.String(ButtonsDesign,2)</visible>
			  </control>
			  <control type="image">
			    <include condition="Skin.String(MenuDesign,4)">MenuDesign4_Icon</include>
				<aspectratio>keep</aspectratio>
				<texture diffuse="buttons/types/bd3.png" colordiffuse="$PARAM[color]">$INFO[ListItem.Thumb]</texture>
				<visible>Skin.String(ButtonsDesign,3)</visible>
			  </control>
			  <control type="image">
			    <include condition="Skin.String(MenuDesign,4)">MenuDesign4_Icon</include>
				<aspectratio>keep</aspectratio>
				<texture diffuse="buttons/types/bd4.png" colordiffuse="$PARAM[color]">$INFO[ListItem.Thumb]</texture>
				<visible>Skin.String(ButtonsDesign,4)</visible>
			  </control>
		  </control>
		  
		  
		</control>
	</definition>
  </include>
  
  <include name="SideMenu2">
    <control type="group" description="Side menu 9010 group">
	  <animation condition="StringCompare(System.Language,Hebrew)" effect="slide" start="0,0" end="400,0" delay="0" time="700" reversible="true">Conditional</animation>
	  <animation condition="!StringCompare(System.Language,Hebrew)" effect="slide" start="0,0" end="-400,0" delay="0" time="700" reversible="true">Conditional</animation>
	  <include condition="StringCompare(System.Language,Hebrew)">Control_Pos48</include>
      <height>525</height>
	  <posx>1880</posx>
	  <posy>340</posy>	  
	  <width>480</width>
      <include name="MenuBackground">
			<param name="id" value="" />
			<param name="border" value="40" />
			<param name="color" value="$VAR[MenuColor]" />
			<param name="height" value="570" />
			<param name="posx" value="0" />
			<param name="posy" value="-20" />
			<param name="width" value="483" />
			
			<param name="condition" value="!Skin.HasSetting(MenuBackground)"/>
			<param name="type0" value="true" description="MenuBackground"/>
			<param name="type1" value="false" description="DialogBackground"/>
	  </include>
	  <include>ArrowsUpDown2</include>
      <control type="grouplist" id="9010">
		<include>4ways3</include>
		<include condition="Window.IsVisible(DialogSongInfo.xml)">LeftDialogSongInfo</include>
		<include condition="Window.IsVisible(DialogAlbumInfo.xml)">LeftDialogAlbumInfo</include>
		<include condition="Window.IsVisible(DialogAddonInfo.xml)">LeftMenuDialogAddonInfo</include>
	  </control>
	  
    </control>
  </include>
  
  <include name="Arrows_UpDown">
	 <param name="posx" default="0"/>
	 <param name="posy" default="0"/>
	 <param name="posx2" default="0"/>
	 <param name="posy2" default="0"/>
	 
	 <param name="container" default="0"/>
	 <param name="position" default="0"/>
	 <param name="condition" default="true"/>
	 <definition>
		<control type="group">
		  <visible>Control.IsVisible($PARAM[container])</visible>
		  
		  <control type="group" description="סמן חץ למעלה">
			<visible>Container($PARAM[container]).HasPrevious</visible>
			<include>Fade4</include>
			<posx>$PARAM[posx]</posx>
		    <posy>$PARAM[posy]</posy>
			<control type="image" description="לא נבחר">
			  <width>40</width>
			  <height>40</height>
			  <texture border="0">images/Arrow3NF.png</texture>
			  <visible>!Container($PARAM[container]).Position(0)</visible>
			</control>
			<control type="image" description="נבחר">
			  <width>40</width>
			  <height>40</height>
			  <texture border="0">images/Arrow3FO.png</texture>
			  <visible>Container($PARAM[container]).Position(0)</visible>
			</control>
		</control>
		
		<control type="group" description="סמן חץ למטה">
			<visible>Container($PARAM[container]).HasNext</visible>
			<include>Fade4</include>
			<posx>$PARAM[posx2]</posx>
		    <posy>$PARAM[posy2]</posy>
			<control type="image" description="לא נבחר">
			  <width>40</width>
			  <height>40</height>
			  <texture border="0">images/Arrow4NF.png</texture>
			  <visible>!Container($PARAM[container]).Position($PARAM[position])</visible>
			</control>
			<control type="image" description="נבחר">
			  <width>40</width>
			  <height>40</height>
			  <texture border="0">images/Arrow4FO.png</texture>
			  <visible>Container($PARAM[container]).Position($PARAM[position])</visible>
			</control>
		</control>
		
		</control>
	</definition>
  </include>
  
  <include name="MenuDesign4_Icon">
	<include description="משולשים/משושים" condition="Skin.String(MenuDesign,4) + [Skin.String(ButtonsDesign,2) | Skin.String(ButtonsDesign,4)]">ImageC1</include>
	<include condition="Skin.String(MenuDesign,4) + StringCompare(System.Language,Hebrew)">ImageR1</include>
	<include condition="Skin.String(MenuDesign,4) + !StringCompare(System.Language,Hebrew)">ImageL1</include>
  </include>
  <include name="Control_Pos1" description="50/55/58">
	<posx>0</posx>
	<posy>0</posy>
	<height>1080</height>
  </include>
  <include name="Control_Pos2" description="58+video">
    <posx>0</posx>
	<posy>552</posy>
	<height>552</height>
  </include>
  <include name="Control_Pos3" description="">
     <posx>0</posx>
	 <posy>-552</posy>
	 <height>552</height>
  </include>
	<include name="Control_Pos4" description="">
	 <posx>0</posx>
	 <posy>-552</posy>
	 <height>1080</height>
	</include>
   <include name="Control_Pos5" description="">
	 <posx>0</posx>
	 <posy>552</posy>
	 <height>1080</height>
   </include>
   <include name="Control_Pos6" description="">
	 <posy>0</posy>
	 <height>552</height>
   </include>
   <include name="Control_Pos7" description="">
     <aspectratio aligny="top">stretch</aspectratio>
	 <height>30</height>
	 <width>50</width>
   </include>
   <include name="Control_Pos8" description="">
     <height>522</height>
	 <posx>0</posx>
	 <posy>30</posy>
   </include>
   <include name="Control_Pos13" description="">
     <posx>0</posx>
	 <posy>-552</posy>
	 <height>276</height>
   </include>
   <include name="Control_Pos14" description="">
     <height>230</height>
   </include>
   <include name="Control_Pos33" description="">
	 <height>773</height>
   </include>
   <include name="Control_Pos34" description="">
	 <posx>185</posx>
   </include>
   <include name="Control_Pos35" description="">
	 <posx>-35</posx>
   </include>
   <include name="Control_Pos36" description="">
	 <posx>135</posx>
   </include>
   <include name="Control_Pos37" description="">
	 <posx>5</posx>
   </include>
   <include name="Control_Pos38" description="">
	 <posx>250</posx>
   </include>
   <include name="Control_Pos39" description="">
	 <width>430</width>
   </include>
   <include name="Control_Pos40" description="">
	 <posy>546</posy>
   </include>
   <include name="Control_Pos41" description="">
	 <posy>26</posy>
   </include>
   
   <include name="Control_Pos42" description="">
	 <height>815</height>
   </include>
   <include name="Control_Pos43" description="">
	 <posx>0</posx>
	 <posy>0</posy>
	 <height>1100</height>
	 <width>270</width>
   </include>
   <include name="Control_Pos44" description="">
     <height>1100</height>
	 <posy>0</posy>
	 <width>280</width>
   </include>
   <include name="Control_Pos45" description="">
	 <posx>270</posx>
   </include>
   <include name="Control_Pos46" description="">
	 <posx>1450</posx>
   </include>
   <include name="Control_Pos47" description="">
	 <posx>55</posx>
   </include>
   <include name="Control_Pos48" description="">
	 <posx>-425</posx>
   </include>
   <include name="Control_Pos49" description="">
	 <posx>1900</posx>
   </include>
   <include name="Control_Pos50" description="">
	 <posx>1350</posx>
   </include>
   <include name="Control_Pos51" description="">
	 <posx>0</posx>
	 <posy>20</posy>
	 <width>212</width>
	 <height>100</height>
   </include>
   <include name="Control_Pos52" description="">
   </include>
   <include name="Control_Pos53" description="">
	 <posx>0</posx>
   </include>
</includes>
