<?xml version="1.0" encoding="UTF-8"?>
<includes>
  <include file="Defaults.xml" />
  <include file="Includes_Animation.xml" />  
  <include file="Includes_Backgrounds.xml" />
  <include file="Includes_Buttons.xml" />  
  <include file="Includes_CenterMenu.xml" />
  <include file="Includes_CenterMenuContent.xml" />
  <include file="Includes_DialogMenu.xml" />
  <include file="Includes_DialogMenuContent.xml" />
  <include file="Includes_Expressions.xml" />
  <include file="Includes_Forms.xml" />  
  <include file="Includes_Home.xml" />
  <include file="Includes_HomeContent.xml" />
  
  <include file="Includes_Genre.xml" />
  <include file="Includes_LeftMenu.xml" />
  <include file="Includes_Settings.xml" />
  <include file="Includes_SettingsContent.xml" />
  <include file="Includes_Small.xml" />
  <include file="Includes_SubContent.xml" />
  <include file="Includes_TopInformation.xml" />
  <include file="Includes_TopVideoInformation.xml" />
  <include file="Includes_Widget.xml" />
  <include file="Includes_WidgetContent.xml" />
  <include file="Includes_Variables.xml" />
  <include file="Includes_Variables_label2.xml" />
  <include file="Includes_Views.xml" />
  <include file="Includes_ViewsExtras.xml" />
  <include file="PVRviews.xml" />

  <include name="PVRinfos">
	  <control type="image">
        <description>background image</description>
        <posx>-170</posx>
        <posy>-150</posy>
        <width>1460</width>
        <height>800</height>
        <texture colordiffuse="$VAR[MenuColor]">buttons/types/bd0.png</texture>
        <visible>![Window.IsVisible(FullscreenVideo) | Window.IsVisible(Visualisation)]</visible>
      </control>
	  <control type="image">
          <posy>110</posy>
          <width>1160</width>
          <height>1</height>
          <texture colordiffuse="black">images/LineH.png</texture>
        </control>
      <control type="image">
          <posx>0</posx>
          <posy>370</posy>
          <width>1160</width>
          <height>1</height>
          <texture colordiffuse="black">images/LineH.png</texture>
      </control>
      <control type="label">
        <description>header label</description>
        <posx>20</posx>
        <posy>0</posy>
        <width>1100</width>
        <height>30</height>
        <font>size26</font>
        <label>$LOCALIZE[19047]</label>
        <align>center</align>
        <aligny>center</aligny>
        <textcolor>white</textcolor>
      </control>
      <control type="label">
        <description>Title label</description>
        <posx>20</posx>
        <posy>40</posy>
        <width>1100</width>
        <height>30</height>
        <font>size33B</font>
        <label>$INFO[ListItem.Title]</label>
        <align>center</align>
        <aligny>center</aligny>
        <textcolor>yellow</textcolor>
        <shadowcolor>black</shadowcolor>
      </control>
      <control type="label">
        <description>Start time</description>
        <posx>20</posx>
        <posy>75</posy>
        <width>1100</width>
        <height>25</height>
        <align>center</align>
        <aligny>center</aligny>
        <font>Size26</font>
        <textcolor>grey</textcolor>
        <label>$LOCALIZE[142] $INFO[ListItem.StartTime]</label>
      </control>
      <control type="textbox" id="400">
        <description>Plot value</description>
        <posx>20</posx>
        <posy>110</posy>
        <width>1080</width>
        <height>260</height>
        <font>size26</font>
        <align>justify</align>
        <textcolor>white</textcolor>
        <pagecontrol>-</pagecontrol>
        <label fallback="161">$INFO[ListItem.Plot]</label>
      </control>
      <control type="label">
        <description>Duration</description>
        <posx>60</posx>
        <posy>390</posy>
        <width>1000</width>
        <height>25</height>
        <align>center</align>
        <font>size26</font>
        <textcolor>grey</textcolor>
        <label>$LOCALIZE[552]: $INFO[ListItem.StartDate] / $LOCALIZE[19148]: $INFO[ListItem.ChannelName]</label>
      </control>
      <control type="label">
        <description>Duration</description>
        <posx>60</posx>
        <posy>420</posy>
        <width>1000</width>
        <height>25</height>
        <align>center</align>
        <font>size26</font>
        <textcolor>grey</textcolor>
        <label>$LOCALIZE[180]: $INFO[ListItem.Duration] / $LOCALIZE[135]: $INFO[ListItem.Genre]</label>
      </control>
  </include>
  
  <include name="TopMenuDialogSlider" description="(הזזת תרגום)">
    <control type="group">  			
      <posx>740</posx>
      <posy>0</posy>
	  <!--<animation effect="fade" start="100" end="0" time="4000">VisibleChange</animation>-->
	  <!--<animation condition="System.IdleTime(5)" effect="fade" start="100" end="0" time="4000">Conditional</animation>-->
      <control type="image" description="מסגרת">
		<include>Border_Common</include>
		<height>190</height>
        <width>440</width>
        <texture colordiffuse="$VAR[TopInformationColor]">buttons/types/bd0.png</texture>
      </control>
	  <control type="grouplist">
	    <height>205</height>
		<itemgap>15</itemgap>
        <posx>20</posx>
        <posy>20</posy>		
		<width>400</width>
		  <control type="label" id="10" description="Heading">
			<include>LabelC10</include>
			<height>40</height>
		  </control>
		  <control type="slider" id="11" description="Slider">	
			<onup>11</onup>
			<ondown>11</ondown>
			<onleft>noop</onleft>
			<onright>noop</onright>
			<width>400</width>
		  </control>
		  <control type="label" id="12" description="Slider value">
			<include>LabelC10</include>
			<height>20</height>
		  </control>
	  </control>
	</control>
  </include>   
  
  <include name="featherencepause">
	<control type="group" description="לוגו בעצירת ניגון">
	  <left>867</left>
	  <top>447</top>
	  <visible>Player.Paused | Slideshow.IsPaused</visible>
	  <control type="image" description="logo">
		<animation type="VisibleChange" reversible="false">
			<effect type="fade" start="0" end="100" time="4000" delay="1000" />
		</animation>
		<animation type="WindowOpen" reversible="false">
			<effect type="fade" start="0" end="100" time="4000" delay="1000" />
		</animation>
		<animation type="WindowClose" reversible="false">
			<effect type="fade" start="100" end="0" time="0" delay="500" />
		</animation>
		<left>30</left>
		<top>30</top>
		<width>114</width>
		<height>114</height>
		<texture diffuse="BBBBBBBB">osd/featherence_pause4.png</texture>
	  </control>
	  <control type="image" description="pause">
		<animation type="VisibleChange" reversible="false">
			<effect type="fade" start="0" end="90" time="500" />
		</animation>
		<animation type="WindowOpen" reversible="false">
			<effect type="fade" start="0" end="90" time="500" />
		</animation>
		<animation type="WindowClose" reversible="false">
			<effect type="fade" start="100" end="0" time="500" />
		</animation>
		<left>0</left>
		<top>0</top>
		<width>186</width>
		<height>186</height>
		<texture>osd/featherence_pause2.png</texture>
	  </control>
	  <control type="label">
	    <animation condition="true" effect="fade" start="50" end="50">Conditional</animation>
		<align>center</align>
		<height>186</height>
	    <label>$INFO[Player.CacheLevel]</label>
		<left>0</left>
		<font>size18</font>
		<top>-40</top>
	    <width>186</width>
	  </control>
	</control>
  </include>
</includes>
