<?xml version="1.0" encoding="UTF-8"?>
<window description="(12)">
  <defaultcontrol always="true">3</defaultcontrol>
  <controls>
	<include>Backgrounds3</include>
	<control type="group" description="">
	  <posy>73</posy>
	  <include>Slide1</include>
	  <include>Slide2</include>
		<control type="label" id="2" description="Heading">
		  <height>75</height>
		  <include>LabelC11</include>
		  <label>-</label>
		  <posx>330</posx>
		  <posy>20</posy>
		  <width>1260</width>
		  <visible>false</visible>
		</control>
		<include>ArrowsLeftRight</include>
		<include condition="!Skin.HasSetting(Performance)">ArrowsUpDown</include>
		<control type="grouplist" id="3" description="TopMenu">
		  <posx>350</posx>
		  <posy>70</posy>
		  <width>1226</width>
		  <align>center</align>
		  <height>100</height>
		  <itemgap>5</itemgap>
		  <onup condition="Control.IsVisible(7011)">7017</onup>	
		  <onleft>noop</onleft>
		  <onright>noop</onright>
		  <ondown>5</ondown>
		  <orientation>horizontal</orientation>
		</control>
		<control type="button" id="10" description="Category Button">
		  <width>302</width>
		  <texturenofocus colordiffuse="$VAR[ButtonUnFocusColor]">buttons/types/bd0.png</texturenofocus>
		  <include>ButtonC1</include>
		</control>
		<control type="grouplist" id="5" description="Stage">
		  <posx>350</posx>
		  <posy>170</posy>
		  <width>1220</width>
		  <height>760</height>
		  <onup>3</onup>
		  <ondown>noop</ondown>
		  <onright condition="!String.IsEqual(System.Language,Hebrew)">9000</onright>
		  <onright condition="String.IsEqual(System.Language,Hebrew)">3</onright>
		  
		  <onleft condition="!String.IsEqual(System.Language,Hebrew)">3</onleft>
		  <onleft condition="String.IsEqual(System.Language,Hebrew)">9000</onleft>
		  
		  <pagecontrol>60</pagecontrol>
		  <orientation>vertical</orientation>
		  
		</control>
		<control type="button" id="7" description="Button (רגיל)">
		  <align>left</align>
		  <include condition="String.IsEqual(System.Language,Hebrew)">ButtonSettingsCategory_he</include>
		  <textoffsetx>50</textoffsetx>
		  <width>880</width>
		</control>
		<control type="radiobutton" id="8" description="Radio Button">
		  <textoffsetx>50</textoffsetx>
		  <include condition="String.IsEqual(System.Language,Hebrew)">ButtonR2</include>
		  <include condition="!String.IsEqual(System.Language,Hebrew)">ButtonL2</include>
		</control>
		<control type="spincontrolex" id="9" description="Spin control">
		  <align>left</align>
		  <include condition="String.IsEqual(System.Language,Hebrew)">ButtonSettingsCategory_he</include>
		  <width>1260</width>
		</control>
		<control type="sliderex" id="13" description="*חדש">
		  <width>1260</width>
		  <include condition="String.IsEqual(System.Language,Hebrew)">ButtonR2</include>
		  <include condition="!String.IsEqual(System.Language,Hebrew)">ButtonL2</include>
		</control>
		<control type="label" id="6" description="תאור הגדרה">
		  <visible>false</visible>
		</control>
	</control>
	<include>ScrollBar</include>
    <include>MenuDesign_Left</include>
	<include>TopVideoInformation</include>
	<include>TopInformation</include>
  </controls>
</window>