<?xml version="1.0" encoding="UTF-8"?>
<includes>  
  <include name="CenterMenuContent_1175" description="ניהול תפריט כפתורים">
      <item id="700" description="הפעל/נטרל">
		<label>$LOCALIZE[24021]/$LOCALIZE[24022]</label>
		<onclick description="1175" condition="!IsEmpty(Window(home).Property(Button.ID_)) + IsEmpty(Window(home).Property(WidgetButton.ID_)) + !Window.IsVisible(Custom1139.xml) + !Window.IsVisible(Custom1138.xml) + Window.IsVisible(Custom1175.xml)">Skin.ToggleSetting(off$INFO[Window(home).Property(Button.ID_)])</onclick>
		<onclick description="1175" condition="!IsEmpty(Window(home).Property(Button.ID_)) + IsEmpty(Window(home).Property(WidgetButton.ID_)) + !Window.IsVisible(Custom1139.xml) + !Window.IsVisible(Custom1138.xml) + Window.IsVisible(Custom1175.xml)">Skin.ToggleSetting(off$INFO[Window(home).Property(Button.ID)]_90)</onclick>
		<onclick description="1175" condition="!IsEmpty(Window(home).Property(Button.ID_)) + !IsEmpty(Window(home).Property(WidgetButton.ID_)) + !Window.IsVisible(Custom1139.xml) + !Window.IsVisible(Custom1138.xml) + Window.IsVisible(Custom1175.xml)">Skin.ToggleSetting(off$INFO[Window(home).Property(WidgetButton.ID_)])</onclick>
		<onclick description="1138" condition="!IsEmpty(Window(home).Property(Button.ID_)) + !Window.IsVisible(Custom1139.xml) + Window.IsVisible(Custom1138.xml)">Skin.ToggleSetting(sub$INFO[Window(home).Property(Button.ID_)])</onclick>
		<onclick description="1139" condition="!IsEmpty(Window(home).Property(Button.ID_)) + !IsEmpty(Window(home).Property(SubButton.ID_)) + Window.IsVisible(Custom1139.xml)">Skin.ToggleSetting(off$INFO[Window(home).Property(SubButton.ID_)])</onclick>
		<include>CheckProperty_Menus</include>
		<thumb>special://home/addons/script.featherence.service/resources/icons/bolt.png</thumb>
		<visible>!Window.IsVisible(Custom1139.xml) + [IntegerGreaterThan(Window(home).Property(Button.ID),80) | !IntegerGreaterThan(Window(home).Property(Button.ID),17)] | Window.IsVisible(Custom1139.xml) | !IsEmpty(Window(home).Property(WidgetButton.ID_)) | Window.IsVisible(Custom1138.xml)</visible>
	  </item>
	  <item id="701" description="שינוי שם">
		<label>118</label>
		<!--<onclick condition="!IsEmpty(Window(home).Property(Button.ID_)) + Window.IsVisible(Custom1175.xml) + !Window.IsVisible(Custom1139.xml)">Skin.SetString(label$INFO[Window(home).Property(Button.ID_)])</onclick>-->
		<onclick description="1175" condition="Window.IsVisible(Custom1175.xml) + IsEmpty(Window(home).Property(WidgetButton.ID_)) + !Window.IsVisible(Custom1139.xml)">RunScript(script.featherence.service,,?mode=214&amp;value=0)</onclick>
		<onclick description="1139" condition="Window.IsVisible(Custom1139.xml)">RunScript(script.featherence.service,,?mode=214&amp;value=1)</onclick>
		<onclick description="Widget" condition="Window.IsVisible(Custom1175.xml) + !IsEmpty(Window(home).Property(WidgetButton.ID_))">RunScript(script.featherence.service,,?mode=214&amp;value=2)</onclick>
		<include>CheckProperty_Menus</include>
		<thumb>special://home/addons/script.featherence.service/resources/icons/pencil.png</thumb>
		<visible>Window.IsVisible(Custom1175.xml) + !Window.IsVisible(Custom1138.xml) | Window.IsVisible(Custom1139.xml)</visible>
		<visible>![StringCompare(Window(home).Property(Button.ID_),20) | StringCompare(Window(home).Property(Button.ID_),21)]</visible>
	  </item>
	  <item id="702" description="בחירת סמל">
		<label>19284</label>
		<onclick condition="!IsEmpty(Window(home).Property(Button.ID))">SetProperty(TEMP,icon,home)</onclick>
		<onclick description="1175" condition="!Window.IsVisible(Custom1139.xml) + !Window.IsVisible(Custom1138.xml) + Window.IsVisible(Custom1175.xml) + IsEmpty(Window(home).Property(WidgetButton.ID_))">RunScript(script.featherence.service,,?mode=233&amp;value=2)</onclick>
		<onclick description="Widget" condition="!Window.IsVisible(Custom1139.xml) + !Window.IsVisible(Custom1138.xml) + Window.IsVisible(Custom1175.xml) + !IsEmpty(Window(home).Property(WidgetButton.ID_))">RunScript(script.featherence.service,,?mode=233&amp;value=32)</onclick>
		<onclick description="1139" condition="!IsEmpty(Window(home).Property(SubButton.ID_)) + Window.IsVisible(Custom1139.xml)">RunScript(script.featherence.service,,?mode=233&amp;value=02)</onclick>
		<include>CheckProperty_Menus</include>
		<thumb>special://home/addons/script.featherence.service/resources/icons/avg.png</thumb>
		<visible>Window.IsVisible(Custom1175.xml) + !Window.IsVisible(Custom1138.xml) | Window.IsVisible(Custom1139.xml)</visible>
		<visible>!SubString(Window(home).Property(SubButton.ID),_90)</visible>
	  </item>
	  <item id="703" description="פעולת כפתור">
		<label>$ADDON[script.featherence.service 32448]</label>
		<onclick>RunScript(script.featherence.service,,?mode=232&amp;value=)</onclick>
		<include>CheckProperty_Menus</include>
		<thumb>special://home/addons/script.featherence.service/resources/icons/q3r.png</thumb>
		<visible>[!Window.IsVisible(Custom1138.xml) + [IntegerGreaterThan(Window(home).Property(Button.ID),99) | Skin.HasSetting(DefaultActionButtons) + [IntegerGreaterThan(Window(home).Property(Button.ID),89) | !IntegerGreaterThan(Window(home).Property(Button.ID),17)] ] + !IntegerGreaterThan(Window(home).Property(Button.ID),200)] | [Window.IsVisible(Custom1139.xml) + !SubString(Window(home).Property(SubButton.ID_),_90)] | !IsEmpty(Window(home).Property(WidgetButton.ID_))</visible>
		<visible>![StringCompare(Window(home).Property(Button.ID_),20) | StringCompare(Window(home).Property(Button.ID_),21)]</visible>
	  </item>
	  <item id="704" description="הזזת פריט">
		<label>13251</label>
		<onclick>Dialog.Close(1175)</onclick>
		<onclick description="1175" condition="!Window.IsVisible(Custom1139.xml)">ActivateWindow(1127)</onclick>
		<include>CheckProperty_Menus</include>
		<thumb>special://home/addons/script.featherence.service/resources/icons/ruler.png</thumb>
		<visible>IntegerGreaterThan(Window(home).Property(Button.ID),80) | !IsEmpty(Window(home).Property(WidgetButton.ID_))</visible>
		<visible>Window.IsVisible(Custom1175.xml) + !Window.IsVisible(Custom1138.xml) + !Window.IsVisible(Custom1139.xml)</visible>
	  </item>
	  <item id="705" description="הזז למעלה">
		<label>$LOCALIZE[13251] UP</label>
		<onclick description="1139-UP" condition="Window.IsVisible(Custom1139.xml) + !IsEmpty(Window(home).Property(Previous_SubButton.ID_)) + !SubString(Window(home).Property(Previous_SubButton.ID_),_90)">RunScript(script.featherence.service,,?mode=210&amp;value=1)</onclick>
		<include>CheckProperty_Menus</include>
		<thumb>special://home/addons/script.featherence.service/resources/icons/arrowup.png</thumb>
		<visible>Window.IsVisible(Custom1139.xml)</visible>
		<visible>!IsEmpty(Window(home).Property(Previous_SubButton.ID_)) + !SubString(Window(home).Property(Previous_SubButton.ID_),_90)</visible>
	  </item>
	  <item id="706" description="הזז למטה">
		<label>$LOCALIZE[13251] DOWN</label>
		<onclick description="1139-DOWN" condition="Window.IsVisible(Custom1139.xml) + !IsEmpty(Window(home).Property(Next_SubButton.ID_)) + !SubString(Window(home).Property(Next_SubButton.ID_),_90)">RunScript(script.featherence.service,,?mode=210&amp;value=2)</onclick>
		<include>CheckProperty_Menus</include>
		<thumb>special://home/addons/script.featherence.service/resources/icons/arrowdown.png</thumb>
		<visible>Window.IsVisible(Custom1139.xml)</visible>
		<visible>!IsEmpty(Window(home).Property(Next_SubButton.ID_)) + !SubString(Window(home).Property(Next_SubButton.ID_),_90)</visible>
	  </item>
	  <item id="707" description="צבע כפתור">
		<label>$LOCALIZE[31819]</label>
		<onclick>SetProperty(TEMP,color$INFO[Window(home).Property(Button.ID_)],home)</onclick>
		<onclick>ActivateWindow(1170)</onclick>
		<include>CheckProperty_Menus</include>
		<thumb>special://home/addons/script.featherence.service/resources/icons/colorpalette.png</thumb>
		<visible>Window.IsVisible(Custom1175.xml) + !Window.IsVisible(Custom1138.xml) + !Window.IsVisible(Custom1139.xml)</visible>
		<visible>IsEmpty(Window(home).Property(WidgetButton.ID_))</visible>
	  </item>
	  <item id="708" description="רקע / פאנארט">
		<label>$LOCALIZE[31810]</label>
		<textoffsetx>15</textoffsetx>
		<onclick condition="!IsEmpty(Window(home).Property(Button.ID))">SetProperty(TEMP,background,home)</onclick>
		<onclick condition="!Window.IsVisible(Custom1138.xml) + !IsEmpty(Window(home).Property(Button.ID)) + IsEmpty(Window(home).Property(WidgetButton.ID_))">RunScript(script.featherence.service,,?mode=233&amp;value=1)</onclick>
		<onclick condition="Window.IsVisible(Custom1139.xml) + !IsEmpty(Window(home).Property(SubButton.ID_))">RunScript(script.featherence.service,,?mode=233&amp;value=01)</onclick>
		<onclick condition="!Window.IsVisible(Custom1138.xml) + !IsEmpty(Window(home).Property(Button.ID)) + !IsEmpty(Window(home).Property(WidgetButton.ID_))">RunScript(script.featherence.service,,?mode=233&amp;value=31)</onclick>
		<include>CheckProperty_Menus</include>
		<thumb>special://home/addons/script.featherence.service/resources/icons/paintbucket.png</thumb>
		<visible>Window.IsVisible(Custom1175.xml) + !Window.IsVisible(Custom1138.xml) + !Window.IsVisible(Custom1139.xml) + IsEmpty(Window(home).Property(WidgetButton.ID_)) | Window.IsVisible(Custom1139.xml) + Skin.HasSetting(SubBackground) | !IsEmpty(Window(home).Property(WidgetButton.ID_)) + Skin.HasSetting(WidgetBackground)</visible>
		<visible>![StringCompare(Window(home).Property(Button.ID_),20) | StringCompare(Window(home).Property(Button.ID_),21)]</visible>
	  </item>
	  <item id="709" description="רקע אקראי">
		<label>$VAR[label709] - $VAR[Button708]</label>
		<onclick condition="StringCompare(Window(home).Property(Button.ID),90) + !Skin.String(widget311) | StringCompare(Window(home).Property(Button.ID),Skin.String(widget311))" description="סרטים">Skin.ToggleSetting(wbackground90)</onclick>
		<onclick condition="StringCompare(Window(home).Property(Button.ID),91) + !Skin.String(widget312) | StringCompare(Window(home).Property(Button.ID),Skin.String(widget312))" description="סדרות">Skin.ToggleSetting(wbackground91)</onclick>
		<onclick condition="StringCompare(Window(home).Property(Button.ID),97) + !Skin.String(widget317) | StringCompare(Window(home).Property(Button.ID),Skin.String(widget317))" description="מזג אוויר">Skin.ToggleSetting(wbackground97)</onclick>
		<include>CheckProperty_Menus</include>
		<thumb>special://home/addons/script.featherence.service/resources/icons/presentation.png</thumb>
		<visible>[StringCompare(Window(home).Property(Button.ID),90) + !Skin.String(widget311) | StringCompare(Window(home).Property(Button.ID),Skin.String(widget311))] | StringCompare(Window(home).Property(Button.ID),91) + !Skin.String(widget312) | StringCompare(Window(home).Property(Button.ID),Skin.String(widget312)) | StringCompare(Window(home).Property(Button.ID),97) + !Skin.String(widget317) | StringCompare(Window(home).Property(Button.ID),Skin.String(widget317))</visible>
		<visible>!Window.IsVisible(Custom1138.xml) + !Window.IsVisible(Custom1139.xml)</visible>
	  </item>
	  <item id="711" description="תפריט משני">
		<label>$LOCALIZE[31800]</label>
		<onclick>ActivateWindow(1138)</onclick>
		<include>CheckProperty_Menus</include>
		<thumb>special://home/addons/script.featherence.service/resources/icons/medal.png</thumb>
		<!--<visible>IntegerGreaterThan(Window(home).Property(Button.ID),80)</visible>-->
		<visible>Window.IsVisible(Custom1175.xml) + !Window.IsVisible(Custom1138.xml) + !Window.IsVisible(Custom1139.xml)</visible>
		<visible>![StringCompare(Window(home).Property(Button.ID_),20) | StringCompare(Window(home).Property(Button.ID_),21)]</visible>
		<visible>IsEmpty(Window(home).Property(WidgetButton.ID_))</visible>
	  </item>
	  <item id="719" description="פריט חדש">
		<label>$LOCALIZE[31049]</label>
		<onclick description="1175" condition="!IsEmpty(Window(home).Property(Button.ID)) + !Window.IsVisible(Custom1139.xml) + !Window.IsVisible(Custom1138.xml) + Window.IsVisible(Custom1175.xml)">RunScript(script.featherence.service,,?mode=211&amp;value=0)</onclick>
		<onclick description="1138" condition="!IsEmpty(Window(home).Property(Button.ID)) + !Window.IsVisible(Custom1139.xml) + Window.IsVisible(Custom1138.xml)">RunScript(script.featherence.service,,?mode=211&amp;value=1)</onclick>
		<include>CheckProperty_Menus</include>
		<thumb>special://home/addons/script.featherence.service/resources/icons/present.png</thumb>
		<visible>[Window.IsVisible(Custom1175.xml) | Window.IsVisible(Custom1138.xml)] + !Window.IsVisible(Custom1139.xml)</visible>
		<visible>IsEmpty(Window(home).Property(WidgetButton.ID_))</visible>
		<visible>![StringCompare(Window(home).Property(Button.ID_),20) | StringCompare(Window(home).Property(Button.ID_),21)]</visible>
	  </item>
	  <item id="720" description="הסרת פריט">
		<label>$LOCALIZE[31048]</label>
		<onclick description="1175-Remove" condition="!Window.IsVisible(Custom1139.xml) + !Window.IsVisible(Custom1138.xml)">RunScript(script.featherence.service,,?mode=212&amp;value=02)</onclick>
		<onclick description="1139-Remove" condition="Window.IsVisible(Custom1139.xml)">RunScript(script.featherence.service,,?mode=212&amp;value=1)</onclick>
		<include>CheckProperty_Menus</include>
		<thumb>special://home/addons/script.featherence.service/resources/icons/bin.png</thumb>
		<visible>[!Window.IsVisible(Custom1138.xml) + IntegerGreaterThan(Window(home).Property(Button.ID),99)] | [Window.IsVisible(Custom1139.xml) + !SubString(Window(home).Property(SubButton.ID_),_9)]</visible>
		<visible>IsEmpty(Window(home).Property(WidgetButton.ID_))</visible>
	  </item>
	  <item id="721" description="איפוס פריט">
		<label>$LOCALIZE[10035] $LOCALIZE[31420]</label>
		<onclick description="1175-DEFAULT" condition="!Window.IsVisible(Custom1139.xml) + !Window.IsVisible(Custom1138.xml) + !IntegerGreaterThan(Window(home).Property(Button.ID),99)">RunScript(script.featherence.service,,?mode=212&amp;value=02B)</onclick>
		<onclick description="1139-DEFAULT" condition="Window.IsVisible(Custom1139.xml) + SubString(Window(home).Property(SubButton.ID),_9)">RunScript(script.featherence.service,,?mode=212&amp;value=1B)</onclick>
		<include>CheckProperty_Menus</include>
		<thumb>special://home/addons/script.featherence.service/resources/icons/pre.png</thumb>
		<visible>!IsEmpty(Window(home).Property(Button.ID)) + !IsEmpty(Window(home).Property(Button.ID_)) + !Control.IsVisible(720)</visible>
		<!--<visible>!StringCompare(Window(home).Property(Button.ID),Window(home).Property(Button.ID_)))</visible>-->
		<visible>[!Window.IsVisible(Custom1139.xml) + !Window.IsVisible(Custom1138.xml) + !IntegerGreaterThan(Window(home).Property(Button.ID),99)] | [Window.IsVisible(Custom1139.xml) + SubString(Window(home).Property(SubButton.ID),_9)]</visible>
		<visible>IsEmpty(Window(home).Property(WidgetButton.ID_))</visible>
	  </item>
	  <item id="722" description="שימוש בסיסמה להגנה">
		<label>$LOCALIZE[1272]</label>
		<onclick description="1175" condition="!IsEmpty(Window(home).Property(Button.ID_)) + !Window.IsVisible(Custom1139.xml) + !Window.IsVisible(Custom1138.xml) + Window.IsVisible(Custom1175.xml)">Skin.ToggleSetting(pwd$INFO[Window(home).Property(Button.ID_)])</onclick>
		<include>CheckProperty_Menus</include>
		<thumb>special://home/addons/script.featherence.service/resources/icons/bolt.png</thumb>
		<visible>!Window.IsVisible(Custom1139.xml) + !Window.IsVisible(Custom1138.xml) + IntegerGreaterThan(Window(home).Property(Button.ID),80)</visible>
		<visible>IsEmpty(Window(home).Property(WidgetButton.ID_))</visible>
	  </item>
	  <item id="729" description="Touch Buttons">
		<label>Action -> $INFO[Window(home).Property(Button.Name)]</label>
		<onclick description="Twice!" condition="StringCompare(Window(home).Property(Button.ID_),20) | StringCompare(Window(home).Property(Button.ID_),21)">Action(Close)</onclick>
		<onclick description="Twice" condition="StringCompare(Window(home).Property(Button.ID_),20)">Action(Back)</onclick>
		<onclick description="1175" condition="StringCompare(Window(home).Property(Button.ID_),21)">ReplaceWindow(Home)</onclick>
		<include>CheckProperty_Menus</include>
		<thumb>special://home/addons/script.featherence.service/resources/icons/bolt.png</thumb>
		<visible>IntegerGreaterThan(Window(home).Property(Button.ID),19) + !IntegerGreaterThan(Window(home).Property(Button.ID),30)</visible>
		<visible>IsEmpty(Window(home).Property(WidgetButton.ID_))</visible>
	  </item>
  </include>
  
  <include name="CenterMenuContent_1191" description="כיבוי">
	<item id="0" description="">
	    <onclick>Action(Close)</onclick>
	    <label>--></label>
	</item>
	<item id="1" description="יציאה">
	    <visible>!System.Platform.Linux | System.Platform.Android</visible>
	    <onclick>Quit</onclick>
	    <label>13009</label>
	</item>
	<item id="3" description="השהייה">
	    <description>Enable ACPI S1/S3 Suspend in your BIOS</description>
		<onclick>Suspend</onclick>
	    <label>13011</label>
	    <visible>System.CanSuspend</visible>
	</item>
	<item id="4" description="מצב שינה">
	    <visible>System.CanHibernate</visible>
	    <onclick>Hibernate</onclick>
	    <label>13010</label>
	</item>
	<item id="6" description="LogOff">
	  <visible>System.HasLoginScreen</visible>
	  <onclick>System.LogOff</onclick>
	  <label>20126</label>
	</item>
	<item id="8" description="הפעלה מחדש">
	    <visible>System.CanReboot</visible>
	    <onclick>Reboot</onclick>
	    <label>13013</label>
	</item>
	<item id="9" description="כיבוי">
	    <label>13005</label>
	    <onclick>Powerdown</onclick>
		<visible>System.CanPowerDown</visible>
	</item>
  </include>
  
  <include name="CenterMenuContent_DialogKeyboard">
	<content>plugin://script.extendedinfo?info=autocomplete&amp;&amp;id=$INFO[Control.GetLabel(312).index(1)]&amp;&amp;limit=10</content>
  </include>
  
  <include name="CenterMenuContent_DialogPVRInfo" description="כיבוי">
	<control type="button" id="7" description="Ok">
	  <width>480</width>
	  <include condition="StringCompare(System.Language,Hebrew)">ButtonR3</include>
	  <include condition="!StringCompare(System.Language,Hebrew)">ButtonL3</include>
	  <label>--></label>
	  <visible>Window.IsVisible(DialogPVRInfo.xml)</visible>
	</control>
	<control type="button" id="4" description="מציאת דומים">
	  <width>480</width>
	  <include condition="StringCompare(System.Language,Hebrew)">ButtonR3</include>
	  <include condition="!StringCompare(System.Language,Hebrew)">ButtonL3</include>
	  <label>19003</label>
	  <visible>Window.IsVisible(DialogPVRInfo.xml)</visible>
	</control>
	<control type="button" id="5" description="נגן ערוץ">
	  <width>480</width>
	  <include condition="StringCompare(System.Language,Hebrew)">ButtonR3</include>
	  <include condition="!StringCompare(System.Language,Hebrew)">ButtonL3</include>
	  <label>$LOCALIZE[208] $LOCALIZE[19029]</label>
	  <visible>Window.IsVisible(DialogPVRInfo.xml)</visible>
	</control>
	<control type="button" id="6" description="הקלטה">
	  <width>480</width>
	  <include condition="StringCompare(System.Language,Hebrew)">ButtonR3</include>
	  <include condition="!StringCompare(System.Language,Hebrew)">ButtonL3</include>
	  <label>$LOCALIZE[264]</label>
	  <visible>Window.IsVisible(DialogPVRInfo.xml)</visible>
	</control>
	<!--
	<control type="button" description="Switch to channel button">
	  <width>480</width>
	  <include condition="StringCompare(System.Language,Hebrew)">ButtonR3</include>
	  <include condition="!StringCompare(System.Language,Hebrew)">ButtonL3</include>
	  <label>Switch to channel button</label>
	  <visible>false</visible>
	  <visible>Window.IsVisible(DialogPVRInfo.xml)</visible>
	</control>
	-->
  </include>

  <include name="CenterMenuContent_707" description="עוצמת קול">
	<item id="0" description="">
	    <onclick>Action(Close)</onclick>
	    <label>--></label>
	</item>
	<item id="1" description="השתק">
		<onclick>Action(Mute)</onclick>
	    <label>$LOCALIZE[31478]</label>
	    <visible></visible>
	</item>
	<item id="2" description="עוצמה +">
	    <onclick>Action(VolumeUp)</onclick>
	    <label>$LOCALIZE[13376] +</label>
	</item>
	<item id="3" description="עוצמה -">
	    <onclick>Action(VolumeDown)</onclick>
	    <label>$LOCALIZE[13376] -</label>
	</item>
  </include>
  
  <include name="CenterMenuContent_703" description="תרגום">
	<item id="0" description="">
	    <onclick>Action(Close)</onclick>
	    <label>--></label>
	</item>
	<item id="1" description="בחירת תרגום">
		<onclick>Dialog.Close(1175)</onclick>
		<onclick>ActivateWindow(SubtitleSearch)</onclick>
	    <label>$LOCALIZE[31480]</label>
	    <visible></visible>
	</item>
	<item id="2" description="השהיית תרגום +">
	    <onclick>Action(SubtitleDelayPlus)</onclick>
	    <label>$LOCALIZE[31481] +</label>
	</item>
	<item id="3" description="השהיית תרגום -">
	    <onclick>Action(SubtitleDelayMinus)</onclick>
	    <label>$LOCALIZE[31481] -</label>
	</item>
	<item id="4" description="הצג/הסתר תרגום">
	    <onclick>Action(ShowSubtitles)</onclick>
	    <label>$LOCALIZE[31482]</label>
		<visible>false</visible>
	</item>
  </include>
  
</includes>
