<?xml version="1.0" encoding="UTF-8"?>
<window>
	<defaultcontrol always="true">9</defaultcontrol>
	<controls>
		<!--<control type="image">
			<description>background image</description>
			<width>1920</width>
			<height>1080</height>
			<texture border="20" colordiffuse="$VAR[MenuColor]">buttons/ButtonE0.png</texture>
		</control>-->
		<control type="label">
			<description>header label</description>
			<posy>150</posy>
			<width>1920</width>
			<height>30</height>
			<font>size36</font>
			<label>$LOCALIZE[19142]</label>
			<align>center</align>
			<aligny>center</aligny>
			<textcolor>yellow</textcolor>
			<visible>!pvr.IsPlayingRadio</visible>
		</control>
		<control type="image">
          <posx>150</posx>
          <posy>200</posy>
          <width>1620</width>
          <height>1</height>
          <texture>images/Line.png</texture>
          <aspectratio>stretch</aspectratio>
        </control>
		<control type="image">
          <posx>150</posx>
          <posy>790</posy>
          <width>1620</width>
          <height>1</height>
          <texture>images/Line.png</texture>
          <aspectratio>stretch</aspectratio>
        </control>
		<control type="image">
			<description>Search icon</description>
			<posx>320</posx>
			<posy>220</posy>
			<width>70</width>
			<height>70</height>
			<texture>images/se.png</texture>
			<aspectratio>keep</aspectratio>
		</control>
		<control type="image">
		<description>Search string bkg</description>
			<posx>400</posx>
			<posy>220</posy>
			<width>1190</width>
			<height>70</height>
			<aspectratio>stretch</aspectratio>
			<texture border="20">images/textedit.png</texture>
		</control>
		<control type="edit" id="9">
			<description>Search string</description>
			<posx>400</posx>
			<posy>230</posy>
			<width>1180</width>
			<height>50</height>
			<font>size33</font>
			<textcolor>white</textcolor>
			<shadowcolor>black</shadowcolor>
			<texturefocus>-</texturefocus>
			<texturenofocus>-</texturenofocus>
			<align>left</align>
			<onleft>9</onleft>
			<onright>9</onright>
			<onup>26</onup>
			<ondown>10</ondown>
		</control>
		<control type="textbox">
			<description>Search help</description>
			<posx>200</posx>
			<posy>900</posy>
			<width>1590</width>
			<height>70</height>
			<align>center</align>
			<font>font12</font>
			<textcolor>grey</textcolor>
			<label>$LOCALIZE[19001] $LOCALIZE[19002]</label>
		</control>
		<control type="group">
			<posx>300</posx>
			<posy>300</posy>
			<control type="radiobutton" id="10">
				<description>Include Description</description>
				<height>50</height>
				<width>600</width>
				<font>size26</font>
				<align>left</align>
				<aligny>center</aligny>
				<label>19134</label>
				<onleft>12</onleft>
				<onright>12</onright>
				<onup>9</onup>
				<ondown>11</ondown>
			</control>
			<control type="radiobutton" id="11">
				<description>Case Sensitive</description>
				<posx>0</posx>
				<posy>60</posy>
				<height>50</height>
				<width>600</width>
				<font>size26</font>
				<align>left</align>
				<aligny>center</aligny>
				<label>19135</label>
				<onleft>13</onleft>
				<onright>13</onright>
				<onup>10</onup>
				<ondown>14</ondown>
			</control>
			<control type="edit" id="14">
				<description>Start Date</description>
				<posx>0</posx>
				<posy>120</posy>
				<width>600</width>
				<height>50</height>
				<font>size26</font>
				<textcolor>white</textcolor>
				<focusedcolor>white</focusedcolor>
				<shadowcolor>black</shadowcolor>
				<label>19128</label>
				<onright>16</onright>
				<onleft>16</onleft>
				<onup>11</onup>
				<ondown>15</ondown>
			</control>
			<control type="edit" id="15">
				<description>Stop Date</description>
				<posx>0</posx>
				<posy>180</posy>
				<width>600</width>
				<height>50</height>
				<font>size26</font>
				<textcolor>white</textcolor>
				<focusedcolor>white</focusedcolor>
				<shadowcolor>black</shadowcolor>
				<label>19129</label>
				<onright>17</onright>
				<onleft>17</onleft>
				<onup>14</onup>
				<ondown>18</ondown>
			</control>
			<control type="spincontrolex" id="18">
				<description>Genre</description>
				<posx>0</posx>
				<posy>240</posy>
				<width>600</width>
				<height>50</height>
				<font>size26</font>
				<label>515</label>
				<onright>19</onright>
				<onleft>19</onleft>
				<onup>15</onup>
				<ondown>20</ondown>
			</control>
			<control type="radiobutton" id="20">
				<description>Include unknown Genres</description>
				<posx>0</posx>
				<posy>300</posy>
				<height>50</height>
				<width>600</width>
				<font>size26</font>
				<align>left</align>
				<aligny>center</aligny>
				<pulseonselect>no</pulseonselect>
				<label>19132</label>
				<onleft>21</onleft>
				<onright>21</onright>
				<onup>18</onup>
				<ondown>22</ondown>
			</control>
			<control type="radiobutton" id="22">
				<description>FTA only</description>
				<posx>0</posx>
				<posy>360</posy>
				<height>50</height>
				<width>600</width>
				<font>size26</font>
				<align>left</align>
				<aligny>center</aligny>
				<pulseonselect>no</pulseonselect>
				<label>19123</label>
				<onleft>23</onleft>
				<onright>23</onright>
				<onup>20</onup>
				<ondown>24</ondown>
			</control>
			<control type="radiobutton" id="24">
				<description>Ignore Timers</description>
				<posx>0</posx>
				<posy>420</posy>
				<height>50</height>
				<width>600</width>
				<font>size26</font>
				<align>left</align>
				<aligny>center</aligny>
				<pulseonselect>no</pulseonselect>
				<label>19124</label>
				<onleft>27</onleft>
				<onright>27</onright>
				<onup>22</onup>
				<ondown>26</ondown>
			</control>
		</control>
		<control type="group">
			<posx>1020</posx>
			<posy>300</posy>
			<control type="spincontrolex" id="12">
				<description>Min Duration</description>
				<posy>8</posy>
				<width>600</width>
				<height>50</height>
				<font>size26</font>
				<label>19130</label>
				<onright>10</onright>
				<onleft>10</onleft>
				<onup>9</onup>
				<ondown>13</ondown>
			</control>
			<control type="spincontrolex" id="13">
				<description>Max Duration</description>
				<posx>0</posx>
				<posy>60</posy>
				<width>600</width>
				<height>50</height>
				<font>size26</font>
				<label>19131</label>
				<onright>11</onright>
				<onleft>11</onleft>
				<onup>12</onup>
				<ondown>16</ondown>
			</control>
			<control type="edit" id="16">
				<description>Start time</description>
				<posx>0</posx>
				<posy>120</posy>
				<width>600</width>
				<height>50</height>
				<font>size26</font>
				<textcolor>white</textcolor>
				<focusedcolor>white</focusedcolor>
				<shadowcolor>black</shadowcolor>
				<label>19126</label>
				<onright>14</onright>
				<onleft>14</onleft>
				<onup>13</onup>
				<ondown>17</ondown>
			</control>
			<control type="edit" id="17">
				<description>Stop time</description>
				<posx>0</posx>
				<posy>180</posy>
				<width>600</width>
				<height>50</height>
				<font>size26</font>
				<label>19127</label>
				<onright>15</onright>
				<onleft>15</onleft>
				<onup>16</onup>
				<ondown>19</ondown>
			</control>
			<control type="radiobutton" id="19">
				<description>avoid repeats</description>
				<posx>0</posx>
				<posy>240</posy>
				<width>600</width>
				<height>50</height>
				<font>size26</font>
				<align>left</align>
				<aligny>center</aligny>
				<label>19121</label>
				<onright>18</onright>
				<onleft>18</onleft>
				<onup>17</onup>
				<ondown>21</ondown>
			</control>
			<control type="spincontrolex" id="21">
				<description>Groups</description>
				<posx>0</posx>
				<posy>300</posy>
				<width>600</width>
				<height>50</height>
				<font>size26</font>
				<label>19141</label>
				<onright>20</onright>
				<onleft>20</onleft>
				<onup>19</onup>
				<ondown>23</ondown>
			</control>
			<control type="spincontrolex" id="23">
				<description>Channels</description>
				<posx>0</posx>
				<posy>360</posy>
				<width>600</width>
				<height>50</height>
				<font>size26</font>
				<label>19148</label>
				<onleft>22</onleft>
				<onright>22</onright>
				<onup>21</onup>
				<ondown>27</ondown>
			</control>
			<control type="radiobutton" id="27">
				<description>Ignore Recordings</description>
				<posx>0</posx>
				<posy>420</posy>
				<height>50</height>
				<width>600</width>
				<font>size26</font>
				<align>left</align>
				<aligny>center</aligny>
				<label>19125</label>
				<onleft>24</onleft>
				<onright>24</onright>
				<onup>23</onup>
				<ondown>26</ondown>
			</control>
		</control>
		<control type="group" id="9000">
			<posy>800</posy>
			<posx>400</posx>
			<control type="button" id="28">
				<description>Defaults Button</description>
				<width>250</width>
				<height>60</height>
				<align>center</align>
				<aligny>center</aligny>
				<font>Size26</font>
				<label>409</label>
				<onleft>26</onleft>
				<onright>25</onright>
				<onup>24</onup>
				<ondown>9</ondown>
			</control>
			<control type="button" id="25">
				<description>Cancel Button</description>
				<posx>435</posx>
				<width>250</width>
				<height>60</height>
				<align>center</align>
				<aligny>center</aligny>
				<font>Size26</font>
				<label>222</label>
				<onleft>28</onleft>
				<onright>26</onright>
				<onup>27</onup>
				<ondown>9</ondown>
			</control>
			<control type="button" id="26">
				<description>Search Button</description>
				<posx>870</posx>
				<width>250</width>
				<height>60</height>
				<align>center</align>
				<aligny>center</aligny>
				<font>Size26</font>
				<label>137</label>
				<onleft>25</onleft>
				<onright>28</onright>
				<onup>27</onup>
				<ondown>9</ondown>
			</control>
		</control>
	</controls>
</window>