<?xml version="1.0" encoding="UTF-8"?>
<includes>
  <include name="Content_Home">
		<item id="90">
          <visible>[!Skin.HasSetting(off90) | [Window.IsVisible(CustomHomeCustomizer.xml) + IsEmpty(Window(1117).Property(HideInactiveButtons))]] + [Skin.String(label90)]</visible>
		  <property name="id">&quot;90&quot;</property>
		  <property name="temp1">temp1_90]</property>
		  <property name="temp2">temp2_90]</property>
		  <property name="off">$INFO[Skin.HasSetting(off90)]</property>
		  <property name="sub">$INFO[Skin.HasSetting(sub90)]</property>
		  <property name="color">$INFO[Skin.String(color90)]</property>
		  <thumb fallback="DefaultAddon.png">$INFO[Skin.String(icon90)]</thumb>
		  <icon fallback=""></icon>
          <label>$INFO[Skin.String(label90)]</label>
		  <label2>$VAR[id90]</label2>
		  <onclick description="openSUB" condition="!Window.IsVisible(CustomHomeCustomizer.xml) + Skin.HasSetting(sub90)">ActivateWindow(1138)</onclick>
		  <onclick description="openButton" condition="!Window.IsVisible(CustomHomeCustomizer.xml) + !Skin.HasSetting(sub90)">$INFO[Skin.String(action90)]</onclick>
          <onclick description="editButton" condition="Window.IsVisible(CustomHomeCustomizer.xml) + !Window.IsVisible(CustomHomeCustomizer2.xml)">ActivateWindow(1175)</onclick>
		  <onclick description="moveButton" condition="Window.IsVisible(CustomHomeCustomizer2.xml)">RunScript(script.featherence.service,,?mode=210&amp;value=0)</onclick>
        </item>
		<item id="91">
		  <visible>[!Skin.HasSetting(off91) | [Window.IsVisible(CustomHomeCustomizer.xml) + IsEmpty(Window(1117).Property(HideInactiveButtons))]] + [Skin.String(label91)]</visible>
		  <property name="id">&quot;91&quot;</property>
		  <property name="temp1">temp1_91]</property>
		  <property name="temp2">temp2_91]</property>
		  <property name="off">$INFO[Skin.HasSetting(off91)]</property>
		  <property name="sub">$INFO[Skin.HasSetting(sub91)]</property>
          <property name="color">$INFO[Skin.String(color91)]</property>
		  <thumb fallback="DefaultAddon.png">$INFO[Skin.String(icon91)]</thumb>
		  <icon fallback=""></icon>
          <label>$INFO[Skin.String(label91)]</label>
		  <label2>$VAR[id91]</label2>
		  <onclick description="openSUB" condition="!Window.IsVisible(CustomHomeCustomizer.xml) + Skin.HasSetting(sub91)">ActivateWindow(1138)</onclick>
		  <onclick description="openButton" condition="!Window.IsVisible(CustomHomeCustomizer.xml) + !Skin.HasSetting(sub91)">$INFO[Skin.String(action91)]</onclick>
          <onclick description="editButton" condition="Window.IsVisible(CustomHomeCustomizer.xml) + !Window.IsVisible(CustomHomeCustomizer2.xml)">ActivateWindow(1175)</onclick>
		  <onclick description="moveButton" condition="Window.IsVisible(CustomHomeCustomizer2.xml)">RunScript(script.featherence.service,,?mode=210&amp;value=0)</onclick>
        </item>
		<item id="92">
		  <visible>[!Skin.HasSetting(off92) | [Window.IsVisible(CustomHomeCustomizer.xml) + IsEmpty(Window(1117).Property(HideInactiveButtons))]] + [Skin.String(label92)]</visible>
		  <property name="id">&quot;92&quot;</property>
		  <property name="temp1">temp1_92]</property>
		  <property name="temp2">temp2_92]</property>
		  <property name="off">$INFO[Skin.HasSetting(off92)]</property>
		  <property name="sub">$INFO[Skin.HasSetting(sub92)]</property>
          <property name="color">$INFO[Skin.String(color92)]</property>
		  <thumb fallback="DefaultAddon.png">$INFO[Skin.String(icon92)]</thumb>
		  <icon fallback=""></icon>
          <label>$INFO[Skin.String(label92)]</label>
		  <label2>$VAR[id92]</label2>
		  <onclick description="openSUB" condition="!Window.IsVisible(CustomHomeCustomizer.xml) + Skin.HasSetting(sub92)">ActivateWindow(1138)</onclick>
		  <onclick description="openButton" condition="!Window.IsVisible(CustomHomeCustomizer.xml) + !Skin.HasSetting(sub92)">$INFO[Skin.String(action92)]</onclick>
          <onclick description="editButton" condition="Window.IsVisible(CustomHomeCustomizer.xml) + !Window.IsVisible(CustomHomeCustomizer2.xml)">ActivateWindow(1175)</onclick>
		  <onclick description="moveButton" condition="Window.IsVisible(CustomHomeCustomizer2.xml)">RunScript(script.featherence.service,,?mode=210&amp;value=0)</onclick>
        </item>
		<item id="93">
		  <visible>[!Skin.HasSetting(off93) | [Window.IsVisible(CustomHomeCustomizer.xml) + IsEmpty(Window(1117).Property(HideInactiveButtons))]] + [Skin.String(label93)]</visible>
		  <property name="id">&quot;93&quot;</property>
		  <property name="temp1">temp1_93]</property>
		  <property name="temp2">temp2_93]</property>
		  <property name="off">$INFO[Skin.HasSetting(off93)]</property>
		  <property name="sub">$INFO[Skin.HasSetting(sub93)]</property>
          <property name="color">$INFO[Skin.String(color93)]</property>
		  <thumb fallback="DefaultAddon.png">$INFO[Skin.String(icon93)]</thumb>
		  <icon fallback=""></icon>
          <label>$INFO[Skin.String(label93)]</label>
		  <label2>$VAR[id93]</label2>
		  <onclick description="openSUB" condition="!Window.IsVisible(CustomHomeCustomizer.xml) + Skin.HasSetting(sub93)">ActivateWindow(1138)</onclick>
		  <onclick description="openButton" condition="!Window.IsVisible(CustomHomeCustomizer.xml) + !Skin.HasSetting(sub93)">$INFO[Skin.String(action93)]</onclick>
          <onclick description="editButton" condition="Window.IsVisible(CustomHomeCustomizer.xml) + !Window.IsVisible(CustomHomeCustomizer2.xml)">ActivateWindow(1175)</onclick>
		  <onclick description="moveButton" condition="Window.IsVisible(CustomHomeCustomizer2.xml)">RunScript(script.featherence.service,,?mode=210&amp;value=0)</onclick>
        </item>
		<item id="94">
		  <visible>[!Skin.HasSetting(off94) | [Window.IsVisible(CustomHomeCustomizer.xml) + IsEmpty(Window(1117).Property(HideInactiveButtons))]] + [Skin.String(label94)]</visible>
		  <property name="id">&quot;94&quot;</property>
		  <property name="temp1">temp1_94]</property>
		  <property name="temp2">temp2_94]</property>
		  <property name="off">$INFO[Skin.HasSetting(off94)]</property>
		  <property name="sub">$INFO[Skin.HasSetting(sub94)]</property>
          <property name="color">$INFO[Skin.String(color94)]</property>
		  <thumb fallback="DefaultAddon.png">$INFO[Skin.String(icon94)]</thumb>
		  <icon fallback=""></icon>
          <label>$INFO[Skin.String(label94)]</label>
		  <label2>$VAR[id94]</label2>
		  <onclick description="openSUB" condition="!Window.IsVisible(CustomHomeCustomizer.xml) + Skin.HasSetting(sub94)">ActivateWindow(1138)</onclick>
		  <onclick description="openButton" condition="!Window.IsVisible(CustomHomeCustomizer.xml) + !Skin.HasSetting(sub94)">$INFO[Skin.String(action94)]</onclick>
          <onclick description="editButton" condition="Window.IsVisible(CustomHomeCustomizer.xml) + !Window.IsVisible(CustomHomeCustomizer2.xml)">ActivateWindow(1175)</onclick>
		  <onclick description="moveButton" condition="Window.IsVisible(CustomHomeCustomizer2.xml)">RunScript(script.featherence.service,,?mode=210&amp;value=0)</onclick>
        </item>
		<item id="95">
		  <visible>[!Skin.HasSetting(off95) | [Window.IsVisible(CustomHomeCustomizer.xml) + IsEmpty(Window(1117).Property(HideInactiveButtons))]] + [Skin.String(label95)]</visible>
		  <property name="id">&quot;95&quot;</property>
		  <property name="temp1">temp1_95]</property>
		  <property name="temp2">temp2_95]</property>
		  <property name="off">$INFO[Skin.HasSetting(off95)]</property>
		  <property name="sub">$INFO[Skin.HasSetting(sub95)]</property>
          <property name="color">$INFO[Skin.String(color95)]</property>
		  <thumb fallback="DefaultAddon.png">$INFO[Skin.String(icon95)]</thumb>
		  <icon fallback=""></icon>
          <label>$INFO[Skin.String(label95)]</label>
		  <label2>$VAR[id95]</label2>
		  <onclick description="openSUB" condition="!Window.IsVisible(CustomHomeCustomizer.xml) + Skin.HasSetting(sub95)">ActivateWindow(1138)</onclick>
		  <onclick description="openButton" condition="!Window.IsVisible(CustomHomeCustomizer.xml) + !Skin.HasSetting(sub95)">$INFO[Skin.String(action95)]</onclick>
          <onclick description="editButton" condition="Window.IsVisible(CustomHomeCustomizer.xml) + !Window.IsVisible(CustomHomeCustomizer2.xml)">ActivateWindow(1175)</onclick>
		  <onclick description="moveButton" condition="Window.IsVisible(CustomHomeCustomizer2.xml)">RunScript(script.featherence.service,,?mode=210&amp;value=0)</onclick>
        </item>
		<item id="96">
		  <visible>[!Skin.HasSetting(off96) | [Window.IsVisible(CustomHomeCustomizer.xml) + IsEmpty(Window(1117).Property(HideInactiveButtons))]] + [Skin.String(label96)]</visible>
		  <property name="id">&quot;96&quot;</property>
		  <property name="temp1">temp1_96]</property>
		  <property name="temp2">temp2_96]</property>
		  <property name="off">$INFO[Skin.HasSetting(off96)]</property>
		  <property name="sub">$INFO[Skin.HasSetting(sub96)]</property>
          <property name="color">$INFO[Skin.String(color96)]</property>
		  <thumb fallback="DefaultAddon.png">$INFO[Skin.String(icon96)]</thumb>
		  <icon fallback=""></icon>
          <label>$INFO[Skin.String(label96)]</label>
		  <label2>$VAR[id96]</label2>
		  <onclick description="openSUB" condition="!Window.IsVisible(CustomHomeCustomizer.xml) + Skin.HasSetting(sub96)">ActivateWindow(1138)</onclick>
		  <onclick description="openButton" condition="!Window.IsVisible(CustomHomeCustomizer.xml) + !Skin.HasSetting(sub96)">$INFO[Skin.String(action96)]</onclick>
          <onclick description="editButton" condition="Window.IsVisible(CustomHomeCustomizer.xml) + !Window.IsVisible(CustomHomeCustomizer2.xml)">ActivateWindow(1175)</onclick>
		  <onclick description="moveButton" condition="Window.IsVisible(CustomHomeCustomizer2.xml)">RunScript(script.featherence.service,,?mode=210&amp;value=0)</onclick>
        </item>
		<item id="97">
		  <visible>[!Skin.HasSetting(off97) | [Window.IsVisible(CustomHomeCustomizer.xml) + IsEmpty(Window(1117).Property(HideInactiveButtons))]] + [Skin.String(label97)]</visible>
		  <property name="id">&quot;97&quot;</property>
		  <property name="temp1">temp1_97]</property>
		  <property name="temp2">temp2_97]</property>
		  <property name="off">$INFO[Skin.HasSetting(off97)]</property>
		  <property name="sub">$INFO[Skin.HasSetting(sub97)]</property>
          <property name="color">$INFO[Skin.String(color97)]</property>
		  <thumb fallback="DefaultAddon.png">$INFO[Skin.String(icon97)]</thumb>
		  <icon fallback=""></icon>
          <label>$INFO[Skin.String(label97)]</label>
		  <label2>$VAR[id97]</label2>
		  <onclick description="openSUB" condition="!Window.IsVisible(CustomHomeCustomizer.xml) + Skin.HasSetting(sub97)">ActivateWindow(1138)</onclick>
		  <onclick description="openButton" condition="!Window.IsVisible(CustomHomeCustomizer.xml) + !Skin.HasSetting(sub97)">$INFO[Skin.String(action97)]</onclick>
          <onclick description="editButton" condition="Window.IsVisible(CustomHomeCustomizer.xml) + !Window.IsVisible(CustomHomeCustomizer2.xml)">ActivateWindow(1175)</onclick>
		  <onclick description="moveButton" condition="Window.IsVisible(CustomHomeCustomizer2.xml)">RunScript(script.featherence.service,,?mode=210&amp;value=0)</onclick>
        </item>
		<item id="98">
		  <visible>[!Skin.HasSetting(off98) | [Window.IsVisible(CustomHomeCustomizer.xml) + IsEmpty(Window(1117).Property(HideInactiveButtons))]] + [Skin.String(label98)]</visible>
		  <property name="id">&quot;98&quot;</property>
		  <property name="temp1">temp1_98]</property>
		  <property name="temp2">temp2_98]</property>
		  <property name="off">$INFO[Skin.HasSetting(off98)]</property>
		  <property name="sub">$INFO[Skin.HasSetting(sub98)]</property>
          <property name="color">$INFO[Skin.String(color98)]</property>
		  <thumb fallback="DefaultAddon.png">$INFO[Skin.String(icon98)]</thumb>
		  <icon fallback=""></icon>
          <label>$INFO[Skin.String(label98)]</label>
		  <label2>$VAR[id98]</label2>
		  <onclick description="openSUB" condition="!Window.IsVisible(CustomHomeCustomizer.xml) + Skin.HasSetting(sub98)">ActivateWindow(1138)</onclick>
		  <onclick description="openButton" condition="!Window.IsVisible(CustomHomeCustomizer.xml) + !Skin.HasSetting(sub98)">$INFO[Skin.String(action98)]</onclick>
          <onclick description="editButton" condition="Window.IsVisible(CustomHomeCustomizer.xml) + !Window.IsVisible(CustomHomeCustomizer2.xml)">ActivateWindow(1175)</onclick>
		  <onclick description="moveButton" condition="Window.IsVisible(CustomHomeCustomizer2.xml)">RunScript(script.featherence.service,,?mode=210&amp;value=0)</onclick>
        </item>
		<item id="99">
		  <visible>[!Skin.HasSetting(off99) | [Window.IsVisible(CustomHomeCustomizer.xml) + IsEmpty(Window(1117).Property(HideInactiveButtons))]] + [Skin.String(label99)]</visible>
		  <property name="id">&quot;99&quot;</property>
		  <property name="temp1">temp1_99]</property>
		  <property name="temp2">temp2_99]</property>
		  <property name="off">$INFO[Skin.HasSetting(off99)]</property>
		  <property name="sub">$INFO[Skin.HasSetting(sub99)]</property>
          <property name="color">$INFO[Skin.String(color99)]</property>
		  <thumb fallback="DefaultAddon.png">$INFO[Skin.String(icon99)]</thumb>
		  <icon fallback=""></icon>
          <label>$INFO[Skin.String(label99)]</label>
		  <label2>$VAR[id99]</label2>
		  <onclick description="openSUB" condition="!Window.IsVisible(CustomHomeCustomizer.xml) + Skin.HasSetting(sub99)">ActivateWindow(1138)</onclick>
		  <onclick description="openButton" condition="!Window.IsVisible(CustomHomeCustomizer.xml) + !Skin.HasSetting(sub99)">$INFO[Skin.String(action99)]</onclick>
          <onclick description="editButton" condition="Window.IsVisible(CustomHomeCustomizer.xml) + !Window.IsVisible(CustomHomeCustomizer2.xml)">ActivateWindow(1175)</onclick>
		  <onclick description="moveButton" condition="Window.IsVisible(CustomHomeCustomizer2.xml)">RunScript(script.featherence.service,,?mode=210&amp;value=0)</onclick>
        </item>
		<item id="100">
		  <visible>[!Skin.HasSetting(off100) | [Window.IsVisible(CustomHomeCustomizer.xml) + IsEmpty(Window(1117).Property(HideInactiveButtons))]] + [Skin.String(label100)]</visible>
          <property name="id">&quot;100&quot;</property>
		  <property name="temp1">temp1_100]</property>
		  <property name="temp2">temp2_100]</property>
		  <property name="off">$INFO[Skin.HasSetting(off100)]</property>
		  <property name="sub">$INFO[Skin.HasSetting(sub100)]</property>
		  <property name="color">$INFO[Skin.String(color100)]</property>
		  <thumb fallback="DefaultAddon.png">$INFO[Skin.String(icon100)]</thumb>
		  <icon fallback=""></icon>
		  <label>$INFO[Skin.String(label100)]</label>
		  <label2>$VAR[id100]</label2>
		  <onclick description="openSUB" condition="!Window.IsVisible(CustomHomeCustomizer.xml) + Skin.HasSetting(sub100)">ActivateWindow(1138)</onclick>
		  <onclick description="openButton" condition="!Window.IsVisible(CustomHomeCustomizer.xml) + !Skin.HasSetting(sub100)">$INFO[Skin.String(action100)]</onclick>
		  <onclick description="editButton" condition="Window.IsVisible(CustomHomeCustomizer.xml) + !Window.IsVisible(CustomHomeCustomizer2.xml)">ActivateWindow(1175)</onclick>
		  <onclick description="moveButton" condition="Window.IsVisible(CustomHomeCustomizer2.xml)">RunScript(script.featherence.service,,?mode=210&amp;value=0)</onclick>
        </item>
		<item id="101">
		  <visible>[!Skin.HasSetting(off101) | [Window.IsVisible(CustomHomeCustomizer.xml) + IsEmpty(Window(1117).Property(HideInactiveButtons))]] + [Skin.String(label101)]</visible>
          <property name="id">&quot;101&quot;</property>
		  <property name="temp1">temp1_101]</property>
		  <property name="temp2">temp2_101]</property>
		  <property name="off">$INFO[Skin.HasSetting(off101)]</property>
		  <property name="sub">$INFO[Skin.HasSetting(sub101)]</property>
		  <property name="color">$INFO[Skin.String(color101)]</property>
		  <thumb fallback="DefaultAddon.png">$INFO[Skin.String(icon101)]</thumb>
		  <icon fallback=""></icon>
		  <label>$INFO[Skin.String(label101)]</label>
		  <label2>$VAR[id101]</label2>
		  <onclick description="openSUB" condition="!Window.IsVisible(CustomHomeCustomizer.xml) + Skin.HasSetting(sub101)">ActivateWindow(1138)</onclick>
		  <onclick description="openButton" condition="!Window.IsVisible(CustomHomeCustomizer.xml) + !Skin.HasSetting(sub101)">$INFO[Skin.String(action101)]</onclick>
		  <onclick description="editButton" condition="Window.IsVisible(CustomHomeCustomizer.xml) + !Window.IsVisible(CustomHomeCustomizer2.xml)">ActivateWindow(1175)</onclick>
		  <onclick description="moveButton" condition="Window.IsVisible(CustomHomeCustomizer2.xml)">RunScript(script.featherence.service,,?mode=210&amp;value=0)</onclick>
        </item>
		<item id="102">
		  <visible>[!Skin.HasSetting(off102) | [Window.IsVisible(CustomHomeCustomizer.xml) + IsEmpty(Window(1117).Property(HideInactiveButtons))]] + [Skin.String(label102)]</visible>
          <property name="id">&quot;102&quot;</property>
		  <property name="temp1">temp1_102]</property>
		  <property name="temp2">temp2_102]</property>
		  <property name="off">$INFO[Skin.HasSetting(off102)]</property>
		  <property name="sub">$INFO[Skin.HasSetting(sub102)]</property>
		  <property name="color">$INFO[Skin.String(color102)]</property>
		  <thumb fallback="DefaultAddon.png">$INFO[Skin.String(icon102)]</thumb>
		  <icon fallback=""></icon>
		  <label>$INFO[Skin.String(label102)]</label>
		  <label2>$VAR[id102]</label2>
		  <onclick description="openSUB" condition="!Window.IsVisible(CustomHomeCustomizer.xml) + Skin.HasSetting(sub102)">ActivateWindow(1138)</onclick>
		  <onclick description="openButton" condition="!Window.IsVisible(CustomHomeCustomizer.xml) + !Skin.HasSetting(sub102)">$INFO[Skin.String(action102)]</onclick>
		  <onclick description="editButton" condition="Window.IsVisible(CustomHomeCustomizer.xml) + !Window.IsVisible(CustomHomeCustomizer2.xml)">ActivateWindow(1175)</onclick>
		  <onclick description="moveButton" condition="Window.IsVisible(CustomHomeCustomizer2.xml)">RunScript(script.featherence.service,,?mode=210&amp;value=0)</onclick>
        </item>
		<item id="103">
		  <visible>[!Skin.HasSetting(off103) | [Window.IsVisible(CustomHomeCustomizer.xml) + IsEmpty(Window(1117).Property(HideInactiveButtons))]] + [Skin.String(label103)]</visible>
          <property name="id">&quot;103&quot;</property>
		  <property name="temp1">temp1_103]</property>
		  <property name="temp2">temp2_103]</property>
		  <property name="off">$INFO[Skin.HasSetting(off103)]</property>
		  <property name="sub">$INFO[Skin.HasSetting(sub103)]</property>
		  <property name="color">$INFO[Skin.String(color103)]</property>
		  <thumb fallback="DefaultAddon.png">$INFO[Skin.String(icon103)]</thumb>
		  <icon fallback=""></icon>
		  <label>$INFO[Skin.String(label103)]</label>
		  <label2>$VAR[id103]</label2>
		  <onclick description="openSUB" condition="!Window.IsVisible(CustomHomeCustomizer.xml) + Skin.HasSetting(sub103)">ActivateWindow(1138)</onclick>
		  <onclick description="openButton" condition="!Window.IsVisible(CustomHomeCustomizer.xml) + !Skin.HasSetting(sub103)">$INFO[Skin.String(action103)]</onclick>
		  <onclick description="editButton" condition="Window.IsVisible(CustomHomeCustomizer.xml) + !Window.IsVisible(CustomHomeCustomizer2.xml)">ActivateWindow(1175)</onclick>
		  <onclick description="moveButton" condition="Window.IsVisible(CustomHomeCustomizer2.xml)">RunScript(script.featherence.service,,?mode=210&amp;value=0)</onclick>
        </item>
		<item id="104">
		  <visible>[!Skin.HasSetting(off104) | [Window.IsVisible(CustomHomeCustomizer.xml) + IsEmpty(Window(1117).Property(HideInactiveButtons))]] + [Skin.String(label104)]</visible>
          <property name="id">&quot;104&quot;</property>
		  <property name="temp1">temp1_104]</property>
		  <property name="temp2">temp2_104]</property>
		  <property name="off">$INFO[Skin.HasSetting(off104)]</property>
		  <property name="sub">$INFO[Skin.HasSetting(sub104)]</property>
		  <property name="color">$INFO[Skin.String(color104)]</property>
		  <thumb fallback="DefaultAddon.png">$INFO[Skin.String(icon104)]</thumb>
		  <icon fallback=""></icon>
		  <label>$INFO[Skin.String(label104)]</label>
		  <label2>$VAR[id104]</label2>
		  <onclick description="openSUB" condition="!Window.IsVisible(CustomHomeCustomizer.xml) + Skin.HasSetting(sub104)">ActivateWindow(1138)</onclick>
		  <onclick description="openButton" condition="!Window.IsVisible(CustomHomeCustomizer.xml) + !Skin.HasSetting(sub104)">$INFO[Skin.String(action104)]</onclick>
		  <onclick description="editButton" condition="Window.IsVisible(CustomHomeCustomizer.xml) + !Window.IsVisible(CustomHomeCustomizer2.xml)">ActivateWindow(1175)</onclick>
		  <onclick description="moveButton" condition="Window.IsVisible(CustomHomeCustomizer2.xml)">RunScript(script.featherence.service,,?mode=210&amp;value=0)</onclick>
        </item>
		<item id="105">
		  <visible>[!Skin.HasSetting(off105) | [Window.IsVisible(CustomHomeCustomizer.xml) + IsEmpty(Window(1117).Property(HideInactiveButtons))]] + [Skin.String(label105)]</visible>
          <property name="id">&quot;105&quot;</property>
		  <property name="temp1">temp1_105]</property>
		  <property name="temp2">temp2_105]</property>
		  <property name="off">$INFO[Skin.HasSetting(off105)]</property>
		  <property name="sub">$INFO[Skin.HasSetting(sub105)]</property>
		  <property name="color">$INFO[Skin.String(color105)]</property>
		  <thumb fallback="DefaultAddon.png">$INFO[Skin.String(icon105)]</thumb>
		  <icon fallback=""></icon>
		  <label>$INFO[Skin.String(label105)]</label>
		  <label2>$VAR[id105]</label2>
		  <onclick description="openSUB" condition="!Window.IsVisible(CustomHomeCustomizer.xml) + Skin.HasSetting(sub105)">ActivateWindow(1138)</onclick>
		  <onclick description="openButton" condition="!Window.IsVisible(CustomHomeCustomizer.xml) + !Skin.HasSetting(sub105)">$INFO[Skin.String(action105)]</onclick>
		  <onclick description="editButton" condition="Window.IsVisible(CustomHomeCustomizer.xml) + !Window.IsVisible(CustomHomeCustomizer2.xml)">ActivateWindow(1175)</onclick>
		  <onclick description="moveButton" condition="Window.IsVisible(CustomHomeCustomizer2.xml)">RunScript(script.featherence.service,,?mode=210&amp;value=0)</onclick>
        </item>
		<item id="106">
		  <visible>[!Skin.HasSetting(off106) | [Window.IsVisible(CustomHomeCustomizer.xml) + IsEmpty(Window(1117).Property(HideInactiveButtons))]] + [Skin.String(label106)]</visible>
          <property name="id">&quot;106&quot;</property>
		  <property name="temp1">temp1_106]</property>
		  <property name="temp2">temp2_106]</property>
		  <property name="off">$INFO[Skin.HasSetting(off106)]</property>
		  <property name="sub">$INFO[Skin.HasSetting(sub106)]</property>
		  <property name="color">$INFO[Skin.String(color106)]</property>
		  <thumb fallback="DefaultAddon.png">$INFO[Skin.String(icon106)]</thumb>
		  <icon fallback=""></icon>
		  <label>$INFO[Skin.String(label106)]</label>
		  <label2>$VAR[id106]</label2>
		  <onclick description="openSUB" condition="!Window.IsVisible(CustomHomeCustomizer.xml) + Skin.HasSetting(sub106)">ActivateWindow(1138)</onclick>
		  <onclick description="openButton" condition="!Window.IsVisible(CustomHomeCustomizer.xml) + !Skin.HasSetting(sub106)">$INFO[Skin.String(action106)]</onclick>
		  <onclick description="editButton" condition="Window.IsVisible(CustomHomeCustomizer.xml) + !Window.IsVisible(CustomHomeCustomizer2.xml)">ActivateWindow(1175)</onclick>
		  <onclick description="moveButton" condition="Window.IsVisible(CustomHomeCustomizer2.xml)">RunScript(script.featherence.service,,?mode=210&amp;value=0)</onclick>
        </item>
		<item id="107">
		  <visible>[!Skin.HasSetting(off107) | [Window.IsVisible(CustomHomeCustomizer.xml) + IsEmpty(Window(1117).Property(HideInactiveButtons))]] + [Skin.String(label107)]</visible>
          <property name="id">&quot;107&quot;</property>
		  <property name="temp1">temp1_107]</property>
		  <property name="temp2">temp2_107]</property>
		  <property name="off">$INFO[Skin.HasSetting(off107)]</property>
		  <property name="sub">$INFO[Skin.HasSetting(sub107)]</property>
		  <property name="color">$INFO[Skin.String(color107)]</property>
		  <thumb fallback="DefaultAddon.png">$INFO[Skin.String(icon107)]</thumb>
		  <icon fallback=""></icon>
		  <label>$INFO[Skin.String(label107)]</label>
		  <label2>$VAR[id107]</label2>
		  <onclick description="openSUB" condition="!Window.IsVisible(CustomHomeCustomizer.xml) + Skin.HasSetting(sub107)">ActivateWindow(1138)</onclick>
		  <onclick description="openButton" condition="!Window.IsVisible(CustomHomeCustomizer.xml) + !Skin.HasSetting(sub107)">$INFO[Skin.String(action107)]</onclick>
		  <onclick description="editButton" condition="Window.IsVisible(CustomHomeCustomizer.xml) + !Window.IsVisible(CustomHomeCustomizer2.xml)">ActivateWindow(1175)</onclick>
		  <onclick description="moveButton" condition="Window.IsVisible(CustomHomeCustomizer2.xml)">RunScript(script.featherence.service,,?mode=210&amp;value=0)</onclick>
        </item>
		<item id="108">
		  <visible>[!Skin.HasSetting(off108) | [Window.IsVisible(CustomHomeCustomizer.xml) + IsEmpty(Window(1117).Property(HideInactiveButtons))]] + [Skin.String(label108)]</visible>
          <property name="id">&quot;108&quot;</property>
		  <property name="temp1">temp1_108]</property>
		  <property name="temp2">temp2_108]</property>
		  <property name="off">$INFO[Skin.HasSetting(off108)]</property>
		  <property name="sub">$INFO[Skin.HasSetting(sub108)]</property>
		  <property name="color">$INFO[Skin.String(color108)]</property>
		  <thumb fallback="DefaultAddon.png">$INFO[Skin.String(icon108)]</thumb>
		  <icon fallback=""></icon>
		  <label>$INFO[Skin.String(label108)]</label>
		  <label2>$VAR[id108]</label2>
		  <onclick description="openSUB" condition="!Window.IsVisible(CustomHomeCustomizer.xml) + Skin.HasSetting(sub108)">ActivateWindow(1138)</onclick>
		  <onclick description="openButton" condition="!Window.IsVisible(CustomHomeCustomizer.xml) + !Skin.HasSetting(sub108)">$INFO[Skin.String(action108)]</onclick>
		  <onclick description="editButton" condition="Window.IsVisible(CustomHomeCustomizer.xml) + !Window.IsVisible(CustomHomeCustomizer2.xml)">ActivateWindow(1175)</onclick>
		  <onclick description="moveButton" condition="Window.IsVisible(CustomHomeCustomizer2.xml)">RunScript(script.featherence.service,,?mode=210&amp;value=0)</onclick>
        </item>
		<item id="109">
		  <visible>[!Skin.HasSetting(off109) | [Window.IsVisible(CustomHomeCustomizer.xml) + IsEmpty(Window(1117).Property(HideInactiveButtons))]] + [Skin.String(label109)]</visible>
          <property name="id">&quot;109&quot;</property>
		  <property name="temp1">temp1_109]</property>
		  <property name="temp2">temp2_109]</property>
		  <property name="off">$INFO[Skin.HasSetting(off109)]</property>
		  <property name="sub">$INFO[Skin.HasSetting(sub109)]</property>
		  <property name="color">$INFO[Skin.String(color109)]</property>
		  <thumb fallback="DefaultAddon.png">$INFO[Skin.String(icon109)]</thumb>
		  <icon fallback=""></icon>
		  <label>$INFO[Skin.String(label109)]</label>
		  <label2>$VAR[id109]</label2>
		  <onclick description="openSUB" condition="!Window.IsVisible(CustomHomeCustomizer.xml) + Skin.HasSetting(sub109)">ActivateWindow(1138)</onclick>
		  <onclick description="openButton" condition="!Window.IsVisible(CustomHomeCustomizer.xml) + !Skin.HasSetting(sub109)">$INFO[Skin.String(action109)]</onclick>
		  <onclick description="editButton" condition="Window.IsVisible(CustomHomeCustomizer.xml) + !Window.IsVisible(CustomHomeCustomizer2.xml)">ActivateWindow(1175)</onclick>
		  <onclick description="moveButton" condition="Window.IsVisible(CustomHomeCustomizer2.xml)">RunScript(script.featherence.service,,?mode=210&amp;value=0)</onclick>
        </item>
		<item id="110">
		  <visible>[!Skin.HasSetting(off110) | [Window.IsVisible(CustomHomeCustomizer.xml) + IsEmpty(Window(1117).Property(HideInactiveButtons))]] + [Skin.String(label110)]</visible>
          <property name="id">&quot;110&quot;</property>
		  <property name="temp1">temp1_110]</property>
		  <property name="temp2">temp2_110]</property>
		  <property name="off">$INFO[Skin.HasSetting(off110)]</property>
		  <property name="sub">$INFO[Skin.HasSetting(sub110)]</property>
		  <property name="color">$INFO[Skin.String(color110)]</property>
		  <thumb fallback="DefaultAddon.png">$INFO[Skin.String(icon110)]</thumb>
		  <icon fallback=""></icon>
		  <label>$INFO[Skin.String(label110)]</label>
		  <label2>$VAR[id110]</label2>
		  <onclick description="openSUB" condition="!Window.IsVisible(CustomHomeCustomizer.xml) + Skin.HasSetting(sub110)">ActivateWindow(1138)</onclick>
		  <onclick description="openButton" condition="!Window.IsVisible(CustomHomeCustomizer.xml) + !Skin.HasSetting(sub110)">$INFO[Skin.String(action110)]</onclick>
		  <onclick description="editButton" condition="Window.IsVisible(CustomHomeCustomizer.xml) + !Window.IsVisible(CustomHomeCustomizer2.xml)">ActivateWindow(1175)</onclick>
		  <onclick description="moveButton" condition="Window.IsVisible(CustomHomeCustomizer2.xml)">RunScript(script.featherence.service,,?mode=211&amp;value=0)</onclick>
        </item>
		<item id="111">
		  <visible>[!Skin.HasSetting(off111) | [Window.IsVisible(CustomHomeCustomizer.xml) + IsEmpty(Window(1117).Property(HideInactiveButtons))]] + [Skin.String(label111)]</visible>
          <property name="id">&quot;111&quot;</property>
		  <property name="temp1">temp1_111]</property>
		  <property name="temp2">temp2_111]</property>
		  <property name="off">$INFO[Skin.HasSetting(off111)]</property>
		  <property name="sub">$INFO[Skin.HasSetting(sub111)]</property>
		  <property name="color">$INFO[Skin.String(color111)]</property>
		  <thumb fallback="DefaultAddon.png">$INFO[Skin.String(icon111)]</thumb>
		  <icon fallback=""></icon>
		  <label>$INFO[Skin.String(label111)]</label>
		  <label2>$VAR[id111]</label2>
		  <onclick description="openSUB" condition="!Window.IsVisible(CustomHomeCustomizer.xml) + Skin.HasSetting(sub111)">ActivateWindow(1138)</onclick>
		  <onclick description="openButton" condition="!Window.IsVisible(CustomHomeCustomizer.xml) + !Skin.HasSetting(sub111)">$INFO[Skin.String(action111)]</onclick>
		  <onclick description="editButton" condition="Window.IsVisible(CustomHomeCustomizer.xml) + !Window.IsVisible(CustomHomeCustomizer2.xml)">ActivateWindow(1175)</onclick>
		  <onclick description="moveButton" condition="Window.IsVisible(CustomHomeCustomizer2.xml)">RunScript(script.featherence.service,,?mode=211&amp;value=0)</onclick>
        </item>
		<item id="112">
		  <visible>[!Skin.HasSetting(off112) | [Window.IsVisible(CustomHomeCustomizer.xml) + IsEmpty(Window(1117).Property(HideInactiveButtons))]] + [Skin.String(label112)]</visible>
          <property name="id">&quot;112&quot;</property>
		  <property name="temp1">temp1_112]</property>
		  <property name="temp2">temp2_112]</property>
		  <property name="off">$INFO[Skin.HasSetting(off112)]</property>
		  <property name="sub">$INFO[Skin.HasSetting(sub112)]</property>
		  <property name="color">$INFO[Skin.String(color112)]</property>
		  <thumb fallback="DefaultAddon.png">$INFO[Skin.String(icon112)]</thumb>
		  <icon fallback=""></icon>
		  <label>$INFO[Skin.String(label112)]</label>
		  <label2>$VAR[id112]</label2>
		  <onclick description="openSUB" condition="!Window.IsVisible(CustomHomeCustomizer.xml) + Skin.HasSetting(sub112)">ActivateWindow(1138)</onclick>
		  <onclick description="openButton" condition="!Window.IsVisible(CustomHomeCustomizer.xml) + !Skin.HasSetting(sub112)">$INFO[Skin.String(action112)]</onclick>
		  <onclick description="editButton" condition="Window.IsVisible(CustomHomeCustomizer.xml) + !Window.IsVisible(CustomHomeCustomizer2.xml)">ActivateWindow(1175)</onclick>
		  <onclick description="moveButton" condition="Window.IsVisible(CustomHomeCustomizer2.xml)">RunScript(script.featherence.service,,?mode=211&amp;value=0)</onclick>
        </item>
		<item id="113">
		  <visible>[!Skin.HasSetting(off113) | [Window.IsVisible(CustomHomeCustomizer.xml) + IsEmpty(Window(1117).Property(HideInactiveButtons))]] + [Skin.String(label113)]</visible>
          <property name="id">&quot;113&quot;</property>
		  <property name="temp1">temp1_113]</property>
		  <property name="temp2">temp2_113]</property>
		  <property name="off">$INFO[Skin.HasSetting(off113)]</property>
		  <property name="sub">$INFO[Skin.HasSetting(sub113)]</property>
		  <property name="color">$INFO[Skin.String(color113)]</property>
		  <thumb fallback="DefaultAddon.png">$INFO[Skin.String(icon113)]</thumb>
		  <icon fallback=""></icon>
		  <label>$INFO[Skin.String(label113)]</label>
		  <label2>$VAR[id113]</label2>
		  <onclick description="openSUB" condition="!Window.IsVisible(CustomHomeCustomizer.xml) + Skin.HasSetting(sub113)">ActivateWindow(1138)</onclick>
		  <onclick description="openButton" condition="!Window.IsVisible(CustomHomeCustomizer.xml) + !Skin.HasSetting(sub113)">$INFO[Skin.String(action113)]</onclick>
		  <onclick description="editButton" condition="Window.IsVisible(CustomHomeCustomizer.xml) + !Window.IsVisible(CustomHomeCustomizer2.xml)">ActivateWindow(1175)</onclick>
		  <onclick description="moveButton" condition="Window.IsVisible(CustomHomeCustomizer2.xml)">RunScript(script.featherence.service,,?mode=211&amp;value=0)</onclick>
        </item>
		<item id="114">
		  <visible>[!Skin.HasSetting(off114) | [Window.IsVisible(CustomHomeCustomizer.xml) + IsEmpty(Window(1117).Property(HideInactiveButtons))]] + [Skin.String(label114)]</visible>
          <property name="id">&quot;114&quot;</property>
		  <property name="temp1">temp1_114]</property>
		  <property name="temp2">temp2_114]</property>
		  <property name="off">$INFO[Skin.HasSetting(off114)]</property>
		  <property name="sub">$INFO[Skin.HasSetting(sub114)]</property>
		  <property name="color">$INFO[Skin.String(color114)]</property>
		  <thumb fallback="DefaultAddon.png">$INFO[Skin.String(icon114)]</thumb>
		  <icon fallback=""></icon>
		  <label>$INFO[Skin.String(label114)]</label>
		  <label2>$VAR[id114]</label2>
		  <onclick description="openSUB" condition="!Window.IsVisible(CustomHomeCustomizer.xml) + Skin.HasSetting(sub114)">ActivateWindow(1138)</onclick>
		  <onclick description="openButton" condition="!Window.IsVisible(CustomHomeCustomizer.xml) + !Skin.HasSetting(sub114)">$INFO[Skin.String(action114)]</onclick>
		  <onclick description="editButton" condition="Window.IsVisible(CustomHomeCustomizer.xml) + !Window.IsVisible(CustomHomeCustomizer2.xml)">ActivateWindow(1175)</onclick>
		  <onclick description="moveButton" condition="Window.IsVisible(CustomHomeCustomizer2.xml)">RunScript(script.featherence.service,,?mode=211&amp;value=0)</onclick>
        </item>
		<item id="115">
		  <visible>[!Skin.HasSetting(off115) | [Window.IsVisible(CustomHomeCustomizer.xml) + IsEmpty(Window(1117).Property(HideInactiveButtons))]] + [Skin.String(label115)]</visible>
          <property name="id">&quot;115&quot;</property>
		  <property name="temp1">temp1_115]</property>
		  <property name="temp2">temp2_115]</property>
		  <property name="off">$INFO[Skin.HasSetting(off115)]</property>
		  <property name="sub">$INFO[Skin.HasSetting(sub115)]</property>
		  <property name="color">$INFO[Skin.String(color115)]</property>
		  <thumb fallback="DefaultAddon.png">$INFO[Skin.String(icon115)]</thumb>
		  <icon fallback=""></icon>
		  <label>$INFO[Skin.String(label115)]</label>
		  <label2>$VAR[id115]</label2>
		  <onclick description="openSUB" condition="!Window.IsVisible(CustomHomeCustomizer.xml) + Skin.HasSetting(sub115)">ActivateWindow(1138)</onclick>
		  <onclick description="openButton" condition="!Window.IsVisible(CustomHomeCustomizer.xml) + !Skin.HasSetting(sub115)">$INFO[Skin.String(action115)]</onclick>
		  <onclick description="editButton" condition="Window.IsVisible(CustomHomeCustomizer.xml) + !Window.IsVisible(CustomHomeCustomizer2.xml)">ActivateWindow(1175)</onclick>
		  <onclick description="moveButton" condition="Window.IsVisible(CustomHomeCustomizer2.xml)">RunScript(script.featherence.service,,?mode=211&amp;value=0)</onclick>
        </item>
		<item id="116">
		  <visible>[!Skin.HasSetting(off116) | [Window.IsVisible(CustomHomeCustomizer.xml) + IsEmpty(Window(1117).Property(HideInactiveButtons))]] + [Skin.String(label116)]</visible>
          <property name="id">&quot;116&quot;</property>
		  <property name="temp1">temp1_116]</property>
		  <property name="temp2">temp2_116]</property>
		  <property name="off">$INFO[Skin.HasSetting(off116)]</property>
		  <property name="sub">$INFO[Skin.HasSetting(sub116)]</property>
		  <property name="color">$INFO[Skin.String(color116)]</property>
		  <thumb fallback="DefaultAddon.png">$INFO[Skin.String(icon116)]</thumb>
		  <icon fallback=""></icon>
		  <label>$INFO[Skin.String(label116)]</label>
		  <label2>$VAR[id116]</label2>
		  <onclick description="openSUB" condition="!Window.IsVisible(CustomHomeCustomizer.xml) + Skin.HasSetting(sub116)">ActivateWindow(1138)</onclick>
		  <onclick description="openButton" condition="!Window.IsVisible(CustomHomeCustomizer.xml) + !Skin.HasSetting(sub116)">$INFO[Skin.String(action116)]</onclick>
		  <onclick description="editButton" condition="Window.IsVisible(CustomHomeCustomizer.xml) + !Window.IsVisible(CustomHomeCustomizer2.xml)">ActivateWindow(1175)</onclick>
		  <onclick description="moveButton" condition="Window.IsVisible(CustomHomeCustomizer2.xml)">RunScript(script.featherence.service,,?mode=211&amp;value=0)</onclick>
        </item>
		<item id="117">
		  <visible>[!Skin.HasSetting(off117) | [Window.IsVisible(CustomHomeCustomizer.xml) + IsEmpty(Window(1117).Property(HideInactiveButtons))]] + [Skin.String(label117)]</visible>
          <property name="id">&quot;117&quot;</property>
		  <property name="temp1">temp1_117]</property>
		  <property name="temp2">temp2_117]</property>
		  <property name="off">$INFO[Skin.HasSetting(off117)]</property>
		  <property name="sub">$INFO[Skin.HasSetting(sub117)]</property>
		  <property name="color">$INFO[Skin.String(color117)]</property>
		  <thumb fallback="DefaultAddon.png">$INFO[Skin.String(icon117)]</thumb>
		  <icon fallback=""></icon>
		  <label>$INFO[Skin.String(label117)]</label>
		  <label2>$VAR[id117]</label2>
		  <onclick description="openSUB" condition="!Window.IsVisible(CustomHomeCustomizer.xml) + Skin.HasSetting(sub117)">ActivateWindow(1138)</onclick>
		  <onclick description="openButton" condition="!Window.IsVisible(CustomHomeCustomizer.xml) + !Skin.HasSetting(sub117)">$INFO[Skin.String(action117)]</onclick>
		  <onclick description="editButton" condition="Window.IsVisible(CustomHomeCustomizer.xml) + !Window.IsVisible(CustomHomeCustomizer2.xml)">ActivateWindow(1175)</onclick>
		  <onclick description="moveButton" condition="Window.IsVisible(CustomHomeCustomizer2.xml)">RunScript(script.featherence.service,,?mode=211&amp;value=0)</onclick>
        </item>
		<item id="118">
		  <visible>[!Skin.HasSetting(off118) | [Window.IsVisible(CustomHomeCustomizer.xml) + IsEmpty(Window(1117).Property(HideInactiveButtons))]] + [Skin.String(label118)]</visible>
          <property name="id">&quot;118&quot;</property>
		  <property name="temp1">temp1_118]</property>
		  <property name="temp2">temp2_118]</property>
		  <property name="off">$INFO[Skin.HasSetting(off118)]</property>
		  <property name="sub">$INFO[Skin.HasSetting(sub118)]</property>
		  <property name="color">$INFO[Skin.String(color118)]</property>
		  <thumb fallback="DefaultAddon.png">$INFO[Skin.String(icon118)]</thumb>
		  <icon fallback=""></icon>
		  <label>$INFO[Skin.String(label118)]</label>
		  <label2>$VAR[id118]</label2>
		  <onclick description="openSUB" condition="!Window.IsVisible(CustomHomeCustomizer.xml) + Skin.HasSetting(sub118)">ActivateWindow(1138)</onclick>
		  <onclick description="openButton" condition="!Window.IsVisible(CustomHomeCustomizer.xml) + !Skin.HasSetting(sub118)">$INFO[Skin.String(action118)]</onclick>
		  <onclick description="editButton" condition="Window.IsVisible(CustomHomeCustomizer.xml) + !Window.IsVisible(CustomHomeCustomizer2.xml)">ActivateWindow(1175)</onclick>
		  <onclick description="moveButton" condition="Window.IsVisible(CustomHomeCustomizer2.xml)">RunScript(script.featherence.service,,?mode=211&amp;value=0)</onclick>
        </item>
		<item id="119">
		  <visible>[!Skin.HasSetting(off119) | [Window.IsVisible(CustomHomeCustomizer.xml) + IsEmpty(Window(1117).Property(HideInactiveButtons))]] + [Skin.String(label119)]</visible>
          <property name="id">&quot;119&quot;</property>
		  <property name="temp1">temp1_119]</property>
		  <property name="temp2">temp2_119]</property>
		  <property name="off">$INFO[Skin.HasSetting(off119)]</property>
		  <property name="sub">$INFO[Skin.HasSetting(sub119)]</property>
		  <property name="color">$INFO[Skin.String(color119)]</property>
		  <thumb fallback="DefaultAddon.png">$INFO[Skin.String(icon119)]</thumb>
		  <icon fallback=""></icon>
		  <label>$INFO[Skin.String(label119)]</label>
		  <label2>$VAR[id119]</label2>
		  <onclick description="openSUB" condition="!Window.IsVisible(CustomHomeCustomizer.xml) + Skin.HasSetting(sub119)">ActivateWindow(1138)</onclick>
		  <onclick description="openButton" condition="!Window.IsVisible(CustomHomeCustomizer.xml) + !Skin.HasSetting(sub119)">$INFO[Skin.String(action119)]</onclick>
		  <onclick description="editButton" condition="Window.IsVisible(CustomHomeCustomizer.xml) + !Window.IsVisible(CustomHomeCustomizer2.xml)">ActivateWindow(1175)</onclick>
		  <onclick description="moveButton" condition="Window.IsVisible(CustomHomeCustomizer2.xml)">RunScript(script.featherence.service,,?mode=211&amp;value=0)</onclick>
        </item>
		<item id="1000">
          <visible>Skin.HasSetting(Admin) + Window.IsVisible(Home.xml)</visible>
          <thumb>special://home/addons/script.featherence.service/resources/icons/caa2.png</thumb>
          <label>Test</label>
		  <onclick description="openButton" condition="Window.IsVisible(Home.xml)">RunScript(script.featherence.service,,?mode=0)</onclick>
		</item>
		
		<item id="1001">
          <visible>Window.IsVisible(Home.xml) + [!Skin.String(label90) | !Skin.String(label91) | !Skin.String(label92)]</visible>
          <thumb>special://home/addons/script.featherence.service/resources/icons/magicwand.png</thumb>
          <label>REFRESH BUTTONS</label>
		  <onclick description="openButton" condition="Window.IsVisible(Home.xml)">RunScript(script.featherence.service,,?mode=40&amp;value=0)</onclick>
		</item>
  </include> 
  
  <include name="Content_Home2">
    <item id="18">
	  <visible>true</visible>
	  <property name="id">&quot;18&quot;</property>
	  <property name="temp1">temp1_18]</property>
	  <property name="temp2">temp2_18]</property>
	  <property name="off"></property>
	  <property name="sub"></property>
	  <property name="color">$INFO[Skin.String(color18)]</property>
	  <thumb fallback="special://home/addons/script.featherence.service/resources/icons/settings.png">$INFO[Skin.String(icon18)]</thumb>
	  <icon fallback=""></icon>
	  <label>$VAR[label18]</label>
	  <label2>&quot;18&quot;</label2>
	  <onclick description="openButton" condition="!Window.IsVisible(CustomHomeCustomizer.xml)">ActivateWindow(Settings.xml)</onclick>
	  <onclick description="editButton" condition="Window.IsVisible(CustomHomeCustomizer.xml) + !Window.IsVisible(CustomHomeCustomizer2.xml)">ActivateWindow(1175)</onclick>
	</item>
	<item id="19">
	  <visible>true</visible>
	  <property name="id">&quot;19&quot;</property>
	  <property name="temp1">temp1_19]</property>
	  <property name="temp2">temp2_19]</property>
	  <property name="off"></property>
	  <property name="sub"></property>
	  <property name="color">$INFO[Skin.String(color19)]</property>
	  <thumb fallback="special://home/addons/script.featherence.service/resources/icons/power.png">$INFO[Skin.String(icon19)]</thumb>
	  <icon fallback=""></icon>
	  <label>$VAR[label19]</label>
	  <label2>&quot;19&quot;</label2>
	  <onclick description="openButton" condition="!Window.IsVisible(CustomHomeCustomizer.xml)">ActivateWindow(1138)</onclick>
	  <onclick description="editButton" condition="Window.IsVisible(CustomHomeCustomizer.xml) + !Window.IsVisible(CustomHomeCustomizer2.xml)">ActivateWindow(1175)</onclick>
	</item>
  </include>
  
  <include name="Content_LoginScreen">
    <item id="100" description="מסך התחברות">
	  <visible>true</visible>
	  <thumb>special://home/addons/script.featherence.service/resources/icons/home.png</thumb>
	  <icon>special://home/addons/script.featherence.service/resources/icons/home2.png</icon>
	  <label>$LOCALIZE[20096]</label>
	  <onclick condition="true">ReplaceWindow(0)</onclick>
	</item>
  </include>
  <include name="Content_TopButtons">
	
	  <control type="button" id="9090" description="ו'ידגט סרטים/סדרות">
		  <include>Fade_TopInformationOverlay</include>
		  <width>350</width>
		  <include condition="!Skin.String(TopVideoInformationColor,None)">ButtonC10</include>
		  <include condition="Skin.String(TopVideoInformationColor,None)">ButtonC10_</include>
		  <label>$VAR[Button9090]</label>
		  <onclick condition="Control.IsVisible(311)">Skin.ToggleSetting(MoviesShelfWL)</onclick>
		  <onclick condition="Control.IsVisible(311)">ActivateWindow(Videos,MovieTitles)</onclick>
		  
		  <onclick condition="Control.IsVisible(312)">Skin.ToggleSetting(TVShelf_Watchlist)</onclick>
		  <onclick condition="Control.IsVisible(312)">ActivateWindow(Videos,TVShowTitles)</onclick>
		  
		  <onclick>ReplaceWindow(0)</onclick>
		  <onclick>Control.SetFocus(9000)</onclick>
		  <onclick>AlarmClock(1,Control.SetFocus(9090),00:01,silent)</onclick>
		  
		  <visible>[Control.IsVisible(311) + Library.HasContent(Movies)] | [Control.IsVisible(312) + Library.HasContent(TVShows)]</visible>
		  <visible>Window.IsVisible(Home.xml)</visible>
	  </control>
	  <control type="button" id="9091" description="קדימונים/סרטים">
		  <include>Fade_TopInformationOverlay</include>
		  <width>150</width>
		  <include condition="!Skin.String(TopVideoInformationColor,None)">ButtonC10</include>
		  <include condition="Skin.String(TopVideoInformationColor,None)">ButtonC10_</include>
		  <label>$VAR[Button9091]</label>	  
		  <posx>-10</posx>
		  <onclick condition="IsEmpty(Window(home).Property(Widget_Trailers))">SetProperty(Widget_Trailers,true,home)</onclick>
		  <onclick condition="!IsEmpty(Window(home).Property(Widget_Trailers))">ClearProperty(Widget_Trailers, home)</onclick>>
		  <visible>Control.IsVisible(311) + Control.IsVisible(9090)</visible>
		  <visible>Window.IsVisible(Home.xml)</visible>
	  </control>
	  <control type="button" id="9092" description="רענן">
		  <include>Fade_TopInformationOverlay</include>
		  <width>150</width>
		  <include condition="!Skin.String(TopVideoInformationColor,None)">ButtonC10</include>
		  <include condition="Skin.String(TopVideoInformationColor,None)">ButtonC10_</include>
		  <label>$LOCALIZE[184]</label>
		  <onclick>RunScript(script.featherence.service,,?mode=23)</onclick>
		  <posx>-10</posx>
		  <visible>[Control.IsVisible(311) | Control.IsVisible(312)] + Control.IsVisible(9090)</visible>
		  <visible>Window.IsVisible(Home.xml)</visible>
	  </control>
	  <control type="button" id="9094" description="נגן קדימונים אקראיים">
		  <include>Fade_TopInformationOverlay</include>
		  <width min="250" max="310">auto</width>
		  <include condition="!Skin.String(TopVideoInformationColor,None)">ButtonC10</include>
		  <include condition="Skin.String(TopVideoInformationColor,None)">ButtonC10_</include>
		  <label>$LOCALIZE[79089]</label>
		  <onclick>RunScript(script.featherence.service,,?mode=25&amp;value=)</onclick>
		  <posx>-10</posx>
		  <visible>Control.IsVisible(311) + Control.IsVisible(9090)</visible>
		  <visible>Window.IsVisible(Home.xml)</visible>
	  </control>

	  <control type="radiobutton" id="9100" description="עיצוב מעטפת">
	    <include>Fade_TopInformationOverlay</include>
		<include condition="!Skin.String(TopVideoInformationColor,None)">ButtonC10</include>
		<include condition="Skin.String(TopVideoInformationColor,None)">ButtonC10_</include>
		<label>$LOCALIZE[76196]</label>
		<onclick>Action(Down)</onclick>
		<onclick>AlarmClock(1173,ActivateWindow(1173),0,silent)</onclick>
		<selected>Window.IsVisible(1173)</selected>
		<visible>Window.IsVisible(CustomHomeCustomizer.xml)</visible>
	  </control>
	  
	  <control type="radiobutton" id="9103" description="הגדרות מעטפת">
	    <include>Fade_TopInformationOverlay</include>
		<include condition="!Skin.String(TopVideoInformationColor,None)">ButtonC10</include>
		<include condition="Skin.String(TopVideoInformationColor,None)">ButtonC10_</include>
		<label>$LOCALIZE[20077]</label>
		<onclick>ActivateWindow(SkinSettings.xml)</onclick>
		<visible>Window.IsVisible(CustomHomeCustomizer.xml)</visible>
	  </control>
	  
	  <control type="radiobutton" id="9101" description="הסתר כפתורים לא פעילים">
		<include>Fade_TopInformationOverlay</include>
		<width>370</width>
		<include condition="!Skin.String(TopVideoInformationColor,None)">ButtonC10</include>
		<include condition="Skin.String(TopVideoInformationColor,None)">ButtonC10_</include>
		<label>$LOCALIZE[74480]</label>
		<onclick condition="IsEmpty(Window(1117).Property(HideInactiveButtons))">SetProperty(HideInactiveButtons,true,1117)</onclick>
		<onclick condition="!IsEmpty(Window(1117).Property(HideInactiveButtons))">ClearProperty(HideInactiveButtons,1117)</onclick>
		<selected>!IsEmpty(Window(1117).Property(HideInactiveButtons))</selected>
		<visible>Window.IsVisible(CustomHomeCustomizer.xml)</visible>
	  </control>
	  
	  <control type="button" id="9102" description="גוון">
		<include>Fade_TopInformationOverlay</include>
		<include condition="!Skin.String(TopVideoInformationColor,None)">ButtonC10</include>
		<include condition="Skin.String(TopVideoInformationColor,None)">ButtonC10_</include>
		<label>$LOCALIZE[79042]: $INFO[Skin.String(MenuColor.name)]</label>
		<onclick>SetProperty(TEMP,MenuColor,home)</onclick>
		<onclick>ActivateWindow(1170)</onclick>
		<!--<onclick condition="System.HasAddon(script.skin.helper.service)">RunScript(script.skin.helper.service,action=colorpicker,skinstring=MenuColor)</onclick>
		<onclick condition="!System.HasAddon(script.skin.helper.service)">RunScript(script.featherence.service,,?mode=231&amp;value=script.skin.helper.service)</onclick>-->
		<visible>Window.IsVisible(CustomHomeCustomizer.xml)</visible>
	  </control>

	  <control type="radiobutton" id="9109" description="TEST">
		<include>Fade_TopInformationOverlay</include>
		<onleft>520</onleft>
		<include condition="!Skin.String(TopVideoInformationColor,None)">ButtonC10</include>
		<include condition="Skin.String(TopVideoInformationColor,None)">ButtonC10_</include>
		<label>$INFO[Window(Home).Property(SkinHelper.ListItemDuration)]</label>
		<onclick>RunScript(script.skinshortcuts,type=shortcuts&amp;group=mainmenu)</onclick>
		<selected>Window.IsVisible(1173)</selected>
		<visible>[Container(9000).Row(0) | Container(9000).Row(1)] + !Container(9000).HasPrevious()</visible>
		<visible>Skin.HasSetting(Admin) + !Skin.HasSetting(Admin2) + Skin.HasSetting(Admin3)</visible>
		<visible>Window.IsVisible(CustomHomeCustomizer.xml)</visible>
	  </control>
  </include>
</includes>
