<?xml version="1.0" encoding="UTF-8"?>
<includes>
  <variable name="background">
    <value condition="Skin.HasSetting(SubBackground) + StringCompare(Window(home).Property(SubButton.ID_),90_100) + !IsEmpty(Skin.String(background90_100))">$INFO[Skin.String(background90_100)]</value>
	<value condition="Skin.HasSetting(SubBackground) + StringCompare(Window(home).Property(SubButton.ID_),90_101) + !IsEmpty(Skin.String(background90_101))">$INFO[Skin.String(background90_101)]</value>
	<value condition="Skin.HasSetting(SubBackground) + StringCompare(Window(home).Property(SubButton.ID_),90_102) + !IsEmpty(Skin.String(background90_102))">$INFO[Skin.String(background90_102)]</value>
	<value condition="Skin.HasSetting(SubBackground) + StringCompare(Window(home).Property(SubButton.ID_),90_103) + !IsEmpty(Skin.String(background90_103))">$INFO[Skin.String(background90_103)]</value>
	<value condition="Skin.HasSetting(SubBackground) + StringCompare(Window(home).Property(SubButton.ID_),90_104) + !IsEmpty(Skin.String(background90_104))">$INFO[Skin.String(background90_104)]</value>
	<value condition="Skin.HasSetting(SubBackground) + StringCompare(Window(home).Property(SubButton.ID_),90_105) + !IsEmpty(Skin.String(background90_105))">$INFO[Skin.String(background90_105)]</value>
	<value condition="Skin.HasSetting(SubBackground) + StringCompare(Window(home).Property(SubButton.ID_),90_106) + !IsEmpty(Skin.String(background90_106))">$INFO[Skin.String(background90_106)]</value>
	<value condition="Skin.HasSetting(SubBackground) + StringCompare(Window(home).Property(SubButton.ID_),90_107) + !IsEmpty(Skin.String(background90_107))">$INFO[Skin.String(background90_107)]</value>
	<value condition="Skin.HasSetting(SubBackground) + StringCompare(Window(home).Property(SubButton.ID_),90_108) + !IsEmpty(Skin.String(background90_108))">$INFO[Skin.String(background90_108)]</value>
	<value condition="Skin.HasSetting(SubBackground) + StringCompare(Window(home).Property(SubButton.ID_),90_109) + !IsEmpty(Skin.String(background90_109))">$INFO[Skin.String(background90_109)]</value>
	
	<value condition="Skin.HasSetting(SubBackground) + StringCompare(Window(home).Property(SubButton.ID_),91_100) + !IsEmpty(Skin.String(background91_100))">$INFO[Skin.String(background91_100)]</value>
	<value condition="Skin.HasSetting(SubBackground) + StringCompare(Window(home).Property(SubButton.ID_),91_101) + !IsEmpty(Skin.String(background91_101))">$INFO[Skin.String(background91_101)]</value>
	<value condition="Skin.HasSetting(SubBackground) + StringCompare(Window(home).Property(SubButton.ID_),91_102) + !IsEmpty(Skin.String(background91_102))">$INFO[Skin.String(background91_102)]</value>
	<value condition="Skin.HasSetting(SubBackground) + StringCompare(Window(home).Property(SubButton.ID_),91_103) + !IsEmpty(Skin.String(background91_103))">$INFO[Skin.String(background91_103)]</value>
	<value condition="Skin.HasSetting(SubBackground) + StringCompare(Window(home).Property(SubButton.ID_),91_104) + !IsEmpty(Skin.String(background91_104))">$INFO[Skin.String(background91_104)]</value>
	<value condition="Skin.HasSetting(SubBackground) + StringCompare(Window(home).Property(SubButton.ID_),91_105) + !IsEmpty(Skin.String(background91_105))">$INFO[Skin.String(background91_105)]</value>
	<value condition="Skin.HasSetting(SubBackground) + StringCompare(Window(home).Property(SubButton.ID_),91_106) + !IsEmpty(Skin.String(background91_106))">$INFO[Skin.String(background91_106)]</value>
	<value condition="Skin.HasSetting(SubBackground) + StringCompare(Window(home).Property(SubButton.ID_),91_107) + !IsEmpty(Skin.String(background91_107))">$INFO[Skin.String(background91_107)]</value>
	<value condition="Skin.HasSetting(SubBackground) + StringCompare(Window(home).Property(SubButton.ID_),91_108) + !IsEmpty(Skin.String(background91_108))">$INFO[Skin.String(background91_108)]</value>
	<value condition="Skin.HasSetting(SubBackground) + StringCompare(Window(home).Property(SubButton.ID_),91_109) + !IsEmpty(Skin.String(background91_109))">$INFO[Skin.String(background91_109)]</value>
	
	<value condition="Skin.HasSetting(SubBackground) + StringCompare(Window(home).Property(SubButton.ID_),92_100) + !IsEmpty(Skin.String(background92_100))">$INFO[Skin.String(background92_100)]</value>
	<value condition="Skin.HasSetting(SubBackground) + StringCompare(Window(home).Property(SubButton.ID_),92_101) + !IsEmpty(Skin.String(background92_101))">$INFO[Skin.String(background92_101)]</value>
	<value condition="Skin.HasSetting(SubBackground) + StringCompare(Window(home).Property(SubButton.ID_),92_102) + !IsEmpty(Skin.String(background92_102))">$INFO[Skin.String(background92_102)]</value>
	<value condition="Skin.HasSetting(SubBackground) + StringCompare(Window(home).Property(SubButton.ID_),92_103) + !IsEmpty(Skin.String(background92_103))">$INFO[Skin.String(background92_103)]</value>
	<value condition="Skin.HasSetting(SubBackground) + StringCompare(Window(home).Property(SubButton.ID_),92_104) + !IsEmpty(Skin.String(background92_104))">$INFO[Skin.String(background92_104)]</value>
	<value condition="Skin.HasSetting(SubBackground) + StringCompare(Window(home).Property(SubButton.ID_),92_105) + !IsEmpty(Skin.String(background92_105))">$INFO[Skin.String(background92_105)]</value>
	<value condition="Skin.HasSetting(SubBackground) + StringCompare(Window(home).Property(SubButton.ID_),92_106) + !IsEmpty(Skin.String(background92_106))">$INFO[Skin.String(background92_106)]</value>
	<value condition="Skin.HasSetting(SubBackground) + StringCompare(Window(home).Property(SubButton.ID_),92_107) + !IsEmpty(Skin.String(background92_107))">$INFO[Skin.String(background92_107)]</value>
	<value condition="Skin.HasSetting(SubBackground) + StringCompare(Window(home).Property(SubButton.ID_),92_108) + !IsEmpty(Skin.String(background92_108))">$INFO[Skin.String(background92_108)]</value>
	<value condition="Skin.HasSetting(SubBackground) + StringCompare(Window(home).Property(SubButton.ID_),92_109) + !IsEmpty(Skin.String(background92_109))">$INFO[Skin.String(background92_109)]</value>
	
	<value condition="Skin.HasSetting(SubBackground) + StringCompare(Window(home).Property(SubButton.ID_),93_100) + !IsEmpty(Skin.String(background93_100))">$INFO[Skin.String(background93_100)]</value>
	<value condition="Skin.HasSetting(SubBackground) + StringCompare(Window(home).Property(SubButton.ID_),93_101) + !IsEmpty(Skin.String(background93_101))">$INFO[Skin.String(background93_101)]</value>
	<value condition="Skin.HasSetting(SubBackground) + StringCompare(Window(home).Property(SubButton.ID_),93_102) + !IsEmpty(Skin.String(background93_102))">$INFO[Skin.String(background93_102)]</value>
	<value condition="Skin.HasSetting(SubBackground) + StringCompare(Window(home).Property(SubButton.ID_),93_103) + !IsEmpty(Skin.String(background93_103))">$INFO[Skin.String(background93_103)]</value>
	<value condition="Skin.HasSetting(SubBackground) + StringCompare(Window(home).Property(SubButton.ID_),93_104) + !IsEmpty(Skin.String(background93_104))">$INFO[Skin.String(background93_104)]</value>
	<value condition="Skin.HasSetting(SubBackground) + StringCompare(Window(home).Property(SubButton.ID_),93_105) + !IsEmpty(Skin.String(background93_105))">$INFO[Skin.String(background93_105)]</value>
	<value condition="Skin.HasSetting(SubBackground) + StringCompare(Window(home).Property(SubButton.ID_),93_106) + !IsEmpty(Skin.String(background93_106))">$INFO[Skin.String(background93_106)]</value>
	<value condition="Skin.HasSetting(SubBackground) + StringCompare(Window(home).Property(SubButton.ID_),93_107) + !IsEmpty(Skin.String(background93_107))">$INFO[Skin.String(background93_107)]</value>
	<value condition="Skin.HasSetting(SubBackground) + StringCompare(Window(home).Property(SubButton.ID_),93_108) + !IsEmpty(Skin.String(background93_108))">$INFO[Skin.String(background93_108)]</value>
	<value condition="Skin.HasSetting(SubBackground) + StringCompare(Window(home).Property(SubButton.ID_),93_109) + !IsEmpty(Skin.String(background93_109))">$INFO[Skin.String(background93_109)]</value>
	
	<value condition="Skin.HasSetting(SubBackground) + StringCompare(Window(home).Property(SubButton.ID_),94_100) + !IsEmpty(Skin.String(background94_100))">$INFO[Skin.String(background94_100)]</value>
	<value condition="Skin.HasSetting(SubBackground) + StringCompare(Window(home).Property(SubButton.ID_),94_101) + !IsEmpty(Skin.String(background94_101))">$INFO[Skin.String(background94_101)]</value>
	<value condition="Skin.HasSetting(SubBackground) + StringCompare(Window(home).Property(SubButton.ID_),94_102) + !IsEmpty(Skin.String(background94_102))">$INFO[Skin.String(background94_102)]</value>
	<value condition="Skin.HasSetting(SubBackground) + StringCompare(Window(home).Property(SubButton.ID_),94_103) + !IsEmpty(Skin.String(background94_103))">$INFO[Skin.String(background94_103)]</value>
	<value condition="Skin.HasSetting(SubBackground) + StringCompare(Window(home).Property(SubButton.ID_),94_104) + !IsEmpty(Skin.String(background94_104))">$INFO[Skin.String(background94_104)]</value>
	<value condition="Skin.HasSetting(SubBackground) + StringCompare(Window(home).Property(SubButton.ID_),94_105) + !IsEmpty(Skin.String(background94_105))">$INFO[Skin.String(background94_105)]</value>
	<value condition="Skin.HasSetting(SubBackground) + StringCompare(Window(home).Property(SubButton.ID_),94_106) + !IsEmpty(Skin.String(background94_106))">$INFO[Skin.String(background94_106)]</value>
	<value condition="Skin.HasSetting(SubBackground) + StringCompare(Window(home).Property(SubButton.ID_),94_107) + !IsEmpty(Skin.String(background94_107))">$INFO[Skin.String(background94_107)]</value>
	<value condition="Skin.HasSetting(SubBackground) + StringCompare(Window(home).Property(SubButton.ID_),94_108) + !IsEmpty(Skin.String(background94_108))">$INFO[Skin.String(background94_108)]</value>
	<value condition="Skin.HasSetting(SubBackground) + StringCompare(Window(home).Property(SubButton.ID_),94_109) + !IsEmpty(Skin.String(background94_109))">$INFO[Skin.String(background90_109)]</value>
	
	<value condition="Skin.HasSetting(SubBackground) + StringCompare(Window(home).Property(SubButton.ID_),95_100) + !IsEmpty(Skin.String(background95_100))">$INFO[Skin.String(background95_100)]</value>
	<value condition="Skin.HasSetting(SubBackground) + StringCompare(Window(home).Property(SubButton.ID_),95_101) + !IsEmpty(Skin.String(background95_101))">$INFO[Skin.String(background95_101)]</value>
	<value condition="Skin.HasSetting(SubBackground) + StringCompare(Window(home).Property(SubButton.ID_),95_102) + !IsEmpty(Skin.String(background95_102))">$INFO[Skin.String(background95_102)]</value>
	<value condition="Skin.HasSetting(SubBackground) + StringCompare(Window(home).Property(SubButton.ID_),95_103) + !IsEmpty(Skin.String(background95_103))">$INFO[Skin.String(background95_103)]</value>
	<value condition="Skin.HasSetting(SubBackground) + StringCompare(Window(home).Property(SubButton.ID_),95_104) + !IsEmpty(Skin.String(background95_104))">$INFO[Skin.String(background95_104)]</value>
	<value condition="Skin.HasSetting(SubBackground) + StringCompare(Window(home).Property(SubButton.ID_),95_105) + !IsEmpty(Skin.String(background95_105))">$INFO[Skin.String(background95_105)]</value>
	<value condition="Skin.HasSetting(SubBackground) + StringCompare(Window(home).Property(SubButton.ID_),95_106) + !IsEmpty(Skin.String(background95_106))">$INFO[Skin.String(background95_106)]</value>
	<value condition="Skin.HasSetting(SubBackground) + StringCompare(Window(home).Property(SubButton.ID_),95_107) + !IsEmpty(Skin.String(background95_107))">$INFO[Skin.String(background95_107)]</value>
	<value condition="Skin.HasSetting(SubBackground) + StringCompare(Window(home).Property(SubButton.ID_),95_108) + !IsEmpty(Skin.String(background95_108))">$INFO[Skin.String(background95_108)]</value>
	<value condition="Skin.HasSetting(SubBackground) + StringCompare(Window(home).Property(SubButton.ID_),95_109) + !IsEmpty(Skin.String(background95_109))">$INFO[Skin.String(background95_109)]</value>
	
	<value condition="Skin.HasSetting(SubBackground) + StringCompare(Window(home).Property(SubButton.ID_),96_100) + !IsEmpty(Skin.String(background96_100))">$INFO[Skin.String(background96_100)]</value>
	<value condition="Skin.HasSetting(SubBackground) + StringCompare(Window(home).Property(SubButton.ID_),96_101) + !IsEmpty(Skin.String(background96_101))">$INFO[Skin.String(background96_101)]</value>
	<value condition="Skin.HasSetting(SubBackground) + StringCompare(Window(home).Property(SubButton.ID_),96_102) + !IsEmpty(Skin.String(background96_102))">$INFO[Skin.String(background96_102)]</value>
	<value condition="Skin.HasSetting(SubBackground) + StringCompare(Window(home).Property(SubButton.ID_),96_103) + !IsEmpty(Skin.String(background96_103))">$INFO[Skin.String(background96_103)]</value>
	<value condition="Skin.HasSetting(SubBackground) + StringCompare(Window(home).Property(SubButton.ID_),96_104) + !IsEmpty(Skin.String(background96_104))">$INFO[Skin.String(background96_104)]</value>
	<value condition="Skin.HasSetting(SubBackground) + StringCompare(Window(home).Property(SubButton.ID_),96_105) + !IsEmpty(Skin.String(background96_105))">$INFO[Skin.String(background96_105)]</value>
	<value condition="Skin.HasSetting(SubBackground) + StringCompare(Window(home).Property(SubButton.ID_),96_106) + !IsEmpty(Skin.String(background96_106))">$INFO[Skin.String(background96_106)]</value>
	<value condition="Skin.HasSetting(SubBackground) + StringCompare(Window(home).Property(SubButton.ID_),96_107) + !IsEmpty(Skin.String(background96_107))">$INFO[Skin.String(background96_107)]</value>
	<value condition="Skin.HasSetting(SubBackground) + StringCompare(Window(home).Property(SubButton.ID_),96_108) + !IsEmpty(Skin.String(background96_108))">$INFO[Skin.String(background96_108)]</value>
	<value condition="Skin.HasSetting(SubBackground) + StringCompare(Window(home).Property(SubButton.ID_),96_109) + !IsEmpty(Skin.String(background96_109))">$INFO[Skin.String(background96_109)]</value>
	
	<value condition="Skin.HasSetting(SubBackground) + StringCompare(Window(home).Property(SubButton.ID_),97_100) + !IsEmpty(Skin.String(background97_100))">$INFO[Skin.String(background97_100)]</value>
	<value condition="Skin.HasSetting(SubBackground) + StringCompare(Window(home).Property(SubButton.ID_),97_101) + !IsEmpty(Skin.String(background97_101))">$INFO[Skin.String(background97_101)]</value>
	<value condition="Skin.HasSetting(SubBackground) + StringCompare(Window(home).Property(SubButton.ID_),97_102) + !IsEmpty(Skin.String(background97_102))">$INFO[Skin.String(background97_102)]</value>
	<value condition="Skin.HasSetting(SubBackground) + StringCompare(Window(home).Property(SubButton.ID_),97_103) + !IsEmpty(Skin.String(background97_103))">$INFO[Skin.String(background97_103)]</value>
	<value condition="Skin.HasSetting(SubBackground) + StringCompare(Window(home).Property(SubButton.ID_),97_104) + !IsEmpty(Skin.String(background97_104))">$INFO[Skin.String(background97_104)]</value>
	<value condition="Skin.HasSetting(SubBackground) + StringCompare(Window(home).Property(SubButton.ID_),97_105) + !IsEmpty(Skin.String(background97_105))">$INFO[Skin.String(background97_105)]</value>
	<value condition="Skin.HasSetting(SubBackground) + StringCompare(Window(home).Property(SubButton.ID_),97_106) + !IsEmpty(Skin.String(background97_106))">$INFO[Skin.String(background97_106)]</value>
	<value condition="Skin.HasSetting(SubBackground) + StringCompare(Window(home).Property(SubButton.ID_),97_107) + !IsEmpty(Skin.String(background97_107))">$INFO[Skin.String(background97_107)]</value>
	<value condition="Skin.HasSetting(SubBackground) + StringCompare(Window(home).Property(SubButton.ID_),97_108) + !IsEmpty(Skin.String(background97_108))">$INFO[Skin.String(background97_108)]</value>
	<value condition="Skin.HasSetting(SubBackground) + StringCompare(Window(home).Property(SubButton.ID_),97_109) + !IsEmpty(Skin.String(background97_109))">$INFO[Skin.String(background97_109)]</value>
	
	<value condition="Skin.HasSetting(SubBackground) + StringCompare(Window(home).Property(SubButton.ID_),98_100) + !IsEmpty(Skin.String(background98_100))">$INFO[Skin.String(background98_100)]</value>
	<value condition="Skin.HasSetting(SubBackground) + StringCompare(Window(home).Property(SubButton.ID_),98_101) + !IsEmpty(Skin.String(background98_101))">$INFO[Skin.String(background98_101)]</value>
	<value condition="Skin.HasSetting(SubBackground) + StringCompare(Window(home).Property(SubButton.ID_),98_102) + !IsEmpty(Skin.String(background98_102))">$INFO[Skin.String(background98_102)]</value>
	<value condition="Skin.HasSetting(SubBackground) + StringCompare(Window(home).Property(SubButton.ID_),98_103) + !IsEmpty(Skin.String(background98_103))">$INFO[Skin.String(background98_103)]</value>
	<value condition="Skin.HasSetting(SubBackground) + StringCompare(Window(home).Property(SubButton.ID_),98_104) + !IsEmpty(Skin.String(background98_104))">$INFO[Skin.String(background98_104)]</value>
	<value condition="Skin.HasSetting(SubBackground) + StringCompare(Window(home).Property(SubButton.ID_),98_105) + !IsEmpty(Skin.String(background98_105))">$INFO[Skin.String(background98_105)]</value>
	<value condition="Skin.HasSetting(SubBackground) + StringCompare(Window(home).Property(SubButton.ID_),98_106) + !IsEmpty(Skin.String(background98_106))">$INFO[Skin.String(background98_106)]</value>
	<value condition="Skin.HasSetting(SubBackground) + StringCompare(Window(home).Property(SubButton.ID_),98_107) + !IsEmpty(Skin.String(background98_107))">$INFO[Skin.String(background98_107)]</value>
	<value condition="Skin.HasSetting(SubBackground) + StringCompare(Window(home).Property(SubButton.ID_),98_108) + !IsEmpty(Skin.String(background98_108))">$INFO[Skin.String(background98_108)]</value>
	<value condition="Skin.HasSetting(SubBackground) + StringCompare(Window(home).Property(SubButton.ID_),98_109) + !IsEmpty(Skin.String(background98_109))">$INFO[Skin.String(background98_109)]</value>
	
	<value condition="Skin.HasSetting(SubBackground) + StringCompare(Window(home).Property(SubButton.ID_),99_100) + !IsEmpty(Skin.String(background99_100))">$INFO[Skin.String(background99_100)]</value>
	<value condition="Skin.HasSetting(SubBackground) + StringCompare(Window(home).Property(SubButton.ID_),99_101) + !IsEmpty(Skin.String(background99_101))">$INFO[Skin.String(background99_101)]</value>
	<value condition="Skin.HasSetting(SubBackground) + StringCompare(Window(home).Property(SubButton.ID_),99_102) + !IsEmpty(Skin.String(background99_102))">$INFO[Skin.String(background99_102)]</value>
	<value condition="Skin.HasSetting(SubBackground) + StringCompare(Window(home).Property(SubButton.ID_),99_103) + !IsEmpty(Skin.String(background99_103))">$INFO[Skin.String(background99_103)]</value>
	<value condition="Skin.HasSetting(SubBackground) + StringCompare(Window(home).Property(SubButton.ID_),99_104) + !IsEmpty(Skin.String(background99_104))">$INFO[Skin.String(background99_104)]</value>
	<value condition="Skin.HasSetting(SubBackground) + StringCompare(Window(home).Property(SubButton.ID_),99_105) + !IsEmpty(Skin.String(background99_105))">$INFO[Skin.String(background99_105)]</value>
	<value condition="Skin.HasSetting(SubBackground) + StringCompare(Window(home).Property(SubButton.ID_),99_106) + !IsEmpty(Skin.String(background99_106))">$INFO[Skin.String(background99_106)]</value>
	<value condition="Skin.HasSetting(SubBackground) + StringCompare(Window(home).Property(SubButton.ID_),99_107) + !IsEmpty(Skin.String(background99_107))">$INFO[Skin.String(background99_107)]</value>
	<value condition="Skin.HasSetting(SubBackground) + StringCompare(Window(home).Property(SubButton.ID_),99_108) + !IsEmpty(Skin.String(background99_108))">$INFO[Skin.String(background99_108)]</value>
	<value condition="Skin.HasSetting(SubBackground) + StringCompare(Window(home).Property(SubButton.ID_),99_109) + !IsEmpty(Skin.String(background99_109))">$INFO[Skin.String(background99_109)]</value>
	
	<value condition="Skin.HasSetting(SubBackground) + StringCompare(Window(home).Property(SubButton.ID_),100_100) + !IsEmpty(Skin.String(background100_100))">$INFO[Skin.String(background100_100)]</value>
	<value condition="Skin.HasSetting(SubBackground) + StringCompare(Window(home).Property(SubButton.ID_),100_101) + !IsEmpty(Skin.String(background100_101))">$INFO[Skin.String(background100_101)]</value>
	<value condition="Skin.HasSetting(SubBackground) + StringCompare(Window(home).Property(SubButton.ID_),100_102) + !IsEmpty(Skin.String(background100_102))">$INFO[Skin.String(background100_102)]</value>
	<value condition="Skin.HasSetting(SubBackground) + StringCompare(Window(home).Property(SubButton.ID_),100_103) + !IsEmpty(Skin.String(background100_103))">$INFO[Skin.String(background100_103)]</value>
	<value condition="Skin.HasSetting(SubBackground) + StringCompare(Window(home).Property(SubButton.ID_),100_104) + !IsEmpty(Skin.String(background100_104))">$INFO[Skin.String(background100_104)]</value>
	<value condition="Skin.HasSetting(SubBackground) + StringCompare(Window(home).Property(SubButton.ID_),100_105) + !IsEmpty(Skin.String(background100_105))">$INFO[Skin.String(background100_105)]</value>
	<value condition="Skin.HasSetting(SubBackground) + StringCompare(Window(home).Property(SubButton.ID_),100_106) + !IsEmpty(Skin.String(background100_106))">$INFO[Skin.String(background100_106)]</value>
	<value condition="Skin.HasSetting(SubBackground) + StringCompare(Window(home).Property(SubButton.ID_),100_107) + !IsEmpty(Skin.String(background100_107))">$INFO[Skin.String(background100_107)]</value>
	<value condition="Skin.HasSetting(SubBackground) + StringCompare(Window(home).Property(SubButton.ID_),100_108) + !IsEmpty(Skin.String(background100_108))">$INFO[Skin.String(background100_108)]</value>
	<value condition="Skin.HasSetting(SubBackground) + StringCompare(Window(home).Property(SubButton.ID_),100_109) + !IsEmpty(Skin.String(background100_109))">$INFO[Skin.String(background100_109)]</value>
	
	<value condition="Skin.HasSetting(SubBackground) + StringCompare(Window(home).Property(SubButton.ID_),101_100) + !IsEmpty(Skin.String(background101_100))">$INFO[Skin.String(background101_100)]</value>
	<value condition="Skin.HasSetting(SubBackground) + StringCompare(Window(home).Property(SubButton.ID_),101_101) + !IsEmpty(Skin.String(background101_101))">$INFO[Skin.String(background101_101)]</value>
	<value condition="Skin.HasSetting(SubBackground) + StringCompare(Window(home).Property(SubButton.ID_),101_102) + !IsEmpty(Skin.String(background101_102))">$INFO[Skin.String(background101_102)]</value>
	<value condition="Skin.HasSetting(SubBackground) + StringCompare(Window(home).Property(SubButton.ID_),101_103) + !IsEmpty(Skin.String(background101_103))">$INFO[Skin.String(background101_103)]</value>
	<value condition="Skin.HasSetting(SubBackground) + StringCompare(Window(home).Property(SubButton.ID_),101_104) + !IsEmpty(Skin.String(background101_104))">$INFO[Skin.String(background101_104)]</value>
	<value condition="Skin.HasSetting(SubBackground) + StringCompare(Window(home).Property(SubButton.ID_),101_105) + !IsEmpty(Skin.String(background101_105))">$INFO[Skin.String(background101_105)]</value>
	<value condition="Skin.HasSetting(SubBackground) + StringCompare(Window(home).Property(SubButton.ID_),101_106) + !IsEmpty(Skin.String(background101_106))">$INFO[Skin.String(background101_106)]</value>
	<value condition="Skin.HasSetting(SubBackground) + StringCompare(Window(home).Property(SubButton.ID_),101_107) + !IsEmpty(Skin.String(background101_107))">$INFO[Skin.String(background101_107)]</value>
	<value condition="Skin.HasSetting(SubBackground) + StringCompare(Window(home).Property(SubButton.ID_),101_108) + !IsEmpty(Skin.String(background101_108))">$INFO[Skin.String(background101_108)]</value>
	<value condition="Skin.HasSetting(SubBackground) + StringCompare(Window(home).Property(SubButton.ID_),101_109) + !IsEmpty(Skin.String(background101_109))">$INFO[Skin.String(background101_109)]</value>
	
	<value condition="Skin.HasSetting(SubBackground) + StringCompare(Window(home).Property(SubButton.ID_),102_100) + !IsEmpty(Skin.String(background102_100))">$INFO[Skin.String(background102_100)]</value>
	<value condition="Skin.HasSetting(SubBackground) + StringCompare(Window(home).Property(SubButton.ID_),102_101) + !IsEmpty(Skin.String(background102_101))">$INFO[Skin.String(background102_101)]</value>
	<value condition="Skin.HasSetting(SubBackground) + StringCompare(Window(home).Property(SubButton.ID_),102_102) + !IsEmpty(Skin.String(background102_102))">$INFO[Skin.String(background102_102)]</value>
	<value condition="Skin.HasSetting(SubBackground) + StringCompare(Window(home).Property(SubButton.ID_),102_103) + !IsEmpty(Skin.String(background102_103))">$INFO[Skin.String(background102_103)]</value>
	<value condition="Skin.HasSetting(SubBackground) + StringCompare(Window(home).Property(SubButton.ID_),102_104) + !IsEmpty(Skin.String(background102_104))">$INFO[Skin.String(background102_104)]</value>
	<value condition="Skin.HasSetting(SubBackground) + StringCompare(Window(home).Property(SubButton.ID_),102_105) + !IsEmpty(Skin.String(background102_105))">$INFO[Skin.String(background102_105)]</value>
	<value condition="Skin.HasSetting(SubBackground) + StringCompare(Window(home).Property(SubButton.ID_),102_106) + !IsEmpty(Skin.String(background102_106))">$INFO[Skin.String(background102_106)]</value>
	<value condition="Skin.HasSetting(SubBackground) + StringCompare(Window(home).Property(SubButton.ID_),102_107) + !IsEmpty(Skin.String(background102_107))">$INFO[Skin.String(background102_107)]</value>
	<value condition="Skin.HasSetting(SubBackground) + StringCompare(Window(home).Property(SubButton.ID_),102_108) + !IsEmpty(Skin.String(background102_108))">$INFO[Skin.String(background102_108)]</value>
	<value condition="Skin.HasSetting(SubBackground) + StringCompare(Window(home).Property(SubButton.ID_),102_109) + !IsEmpty(Skin.String(background102_109))">$INFO[Skin.String(background102_109)]</value>
	
	<value condition="Skin.HasSetting(SubBackground) + StringCompare(Window(home).Property(SubButton.ID_),103_100) + !IsEmpty(Skin.String(background103_100))">$INFO[Skin.String(background103_100)]</value>
	<value condition="Skin.HasSetting(SubBackground) + StringCompare(Window(home).Property(SubButton.ID_),103_101) + !IsEmpty(Skin.String(background103_101))">$INFO[Skin.String(background103_101)]</value>
	<value condition="Skin.HasSetting(SubBackground) + StringCompare(Window(home).Property(SubButton.ID_),103_102) + !IsEmpty(Skin.String(background103_102))">$INFO[Skin.String(background103_102)]</value>
	<value condition="Skin.HasSetting(SubBackground) + StringCompare(Window(home).Property(SubButton.ID_),103_103) + !IsEmpty(Skin.String(background103_103))">$INFO[Skin.String(background103_103)]</value>
	<value condition="Skin.HasSetting(SubBackground) + StringCompare(Window(home).Property(SubButton.ID_),103_104) + !IsEmpty(Skin.String(background103_104))">$INFO[Skin.String(background103_104)]</value>
	<value condition="Skin.HasSetting(SubBackground) + StringCompare(Window(home).Property(SubButton.ID_),103_105) + !IsEmpty(Skin.String(background103_105))">$INFO[Skin.String(background103_105)]</value>
	<value condition="Skin.HasSetting(SubBackground) + StringCompare(Window(home).Property(SubButton.ID_),103_106) + !IsEmpty(Skin.String(background103_106))">$INFO[Skin.String(background103_106)]</value>
	<value condition="Skin.HasSetting(SubBackground) + StringCompare(Window(home).Property(SubButton.ID_),103_107) + !IsEmpty(Skin.String(background103_107))">$INFO[Skin.String(background103_107)]</value>
	<value condition="Skin.HasSetting(SubBackground) + StringCompare(Window(home).Property(SubButton.ID_),103_108) + !IsEmpty(Skin.String(background103_108))">$INFO[Skin.String(background103_108)]</value>
	<value condition="Skin.HasSetting(SubBackground) + StringCompare(Window(home).Property(SubButton.ID_),103_109) + !IsEmpty(Skin.String(background103_109))">$INFO[Skin.String(background103_109)]</value>
	
	<value condition="Skin.HasSetting(SubBackground) + StringCompare(Window(home).Property(SubButton.ID_),104_100) + !IsEmpty(Skin.String(background104_100))">$INFO[Skin.String(background104_100)]</value>
	<value condition="Skin.HasSetting(SubBackground) + StringCompare(Window(home).Property(SubButton.ID_),104_101) + !IsEmpty(Skin.String(background104_101))">$INFO[Skin.String(background104_101)]</value>
	<value condition="Skin.HasSetting(SubBackground) + StringCompare(Window(home).Property(SubButton.ID_),104_102) + !IsEmpty(Skin.String(background104_102))">$INFO[Skin.String(background104_102)]</value>
	<value condition="Skin.HasSetting(SubBackground) + StringCompare(Window(home).Property(SubButton.ID_),104_103) + !IsEmpty(Skin.String(background104_103))">$INFO[Skin.String(background104_103)]</value>
	<value condition="Skin.HasSetting(SubBackground) + StringCompare(Window(home).Property(SubButton.ID_),104_104) + !IsEmpty(Skin.String(background104_104))">$INFO[Skin.String(background104_104)]</value>
	<value condition="Skin.HasSetting(SubBackground) + StringCompare(Window(home).Property(SubButton.ID_),104_105) + !IsEmpty(Skin.String(background104_105))">$INFO[Skin.String(background104_105)]</value>
	<value condition="Skin.HasSetting(SubBackground) + StringCompare(Window(home).Property(SubButton.ID_),104_106) + !IsEmpty(Skin.String(background104_106))">$INFO[Skin.String(background104_106)]</value>
	<value condition="Skin.HasSetting(SubBackground) + StringCompare(Window(home).Property(SubButton.ID_),104_107) + !IsEmpty(Skin.String(background104_107))">$INFO[Skin.String(background104_107)]</value>
	<value condition="Skin.HasSetting(SubBackground) + StringCompare(Window(home).Property(SubButton.ID_),104_108) + !IsEmpty(Skin.String(background104_108))">$INFO[Skin.String(background104_108)]</value>
	<value condition="Skin.HasSetting(SubBackground) + StringCompare(Window(home).Property(SubButton.ID_),104_109) + !IsEmpty(Skin.String(background104_109))">$INFO[Skin.String(background100_109)]</value>
	
	<value condition="Skin.HasSetting(SubBackground) + StringCompare(Window(home).Property(SubButton.ID_),105_100) + !IsEmpty(Skin.String(background105_100))">$INFO[Skin.String(background105_100)]</value>
	<value condition="Skin.HasSetting(SubBackground) + StringCompare(Window(home).Property(SubButton.ID_),105_101) + !IsEmpty(Skin.String(background105_101))">$INFO[Skin.String(background105_101)]</value>
	<value condition="Skin.HasSetting(SubBackground) + StringCompare(Window(home).Property(SubButton.ID_),105_102) + !IsEmpty(Skin.String(background105_102))">$INFO[Skin.String(background105_102)]</value>
	<value condition="Skin.HasSetting(SubBackground) + StringCompare(Window(home).Property(SubButton.ID_),105_103) + !IsEmpty(Skin.String(background105_103))">$INFO[Skin.String(background105_103)]</value>
	<value condition="Skin.HasSetting(SubBackground) + StringCompare(Window(home).Property(SubButton.ID_),105_104) + !IsEmpty(Skin.String(background105_104))">$INFO[Skin.String(background105_104)]</value>
	<value condition="Skin.HasSetting(SubBackground) + StringCompare(Window(home).Property(SubButton.ID_),105_105) + !IsEmpty(Skin.String(background105_105))">$INFO[Skin.String(background105_105)]</value>
	<value condition="Skin.HasSetting(SubBackground) + StringCompare(Window(home).Property(SubButton.ID_),105_106) + !IsEmpty(Skin.String(background105_106))">$INFO[Skin.String(background105_106)]</value>
	<value condition="Skin.HasSetting(SubBackground) + StringCompare(Window(home).Property(SubButton.ID_),105_107) + !IsEmpty(Skin.String(background105_107))">$INFO[Skin.String(background105_107)]</value>
	<value condition="Skin.HasSetting(SubBackground) + StringCompare(Window(home).Property(SubButton.ID_),105_108) + !IsEmpty(Skin.String(background105_108))">$INFO[Skin.String(background105_108)]</value>
	<value condition="Skin.HasSetting(SubBackground) + StringCompare(Window(home).Property(SubButton.ID_),105_109) + !IsEmpty(Skin.String(background105_109))">$INFO[Skin.String(background105_109)]</value>
	
	<value condition="Skin.HasSetting(SubBackground) + StringCompare(Window(home).Property(SubButton.ID_),106_100) + !IsEmpty(Skin.String(background106_100))">$INFO[Skin.String(background106_100)]</value>
	<value condition="Skin.HasSetting(SubBackground) + StringCompare(Window(home).Property(SubButton.ID_),106_101) + !IsEmpty(Skin.String(background106_101))">$INFO[Skin.String(background106_101)]</value>
	<value condition="Skin.HasSetting(SubBackground) + StringCompare(Window(home).Property(SubButton.ID_),106_102) + !IsEmpty(Skin.String(background106_102))">$INFO[Skin.String(background106_102)]</value>
	<value condition="Skin.HasSetting(SubBackground) + StringCompare(Window(home).Property(SubButton.ID_),106_103) + !IsEmpty(Skin.String(background106_103))">$INFO[Skin.String(background106_103)]</value>
	<value condition="Skin.HasSetting(SubBackground) + StringCompare(Window(home).Property(SubButton.ID_),106_104) + !IsEmpty(Skin.String(background106_104))">$INFO[Skin.String(background106_104)]</value>
	<value condition="Skin.HasSetting(SubBackground) + StringCompare(Window(home).Property(SubButton.ID_),106_105) + !IsEmpty(Skin.String(background106_105))">$INFO[Skin.String(background106_105)]</value>
	<value condition="Skin.HasSetting(SubBackground) + StringCompare(Window(home).Property(SubButton.ID_),106_106) + !IsEmpty(Skin.String(background106_106))">$INFO[Skin.String(background106_106)]</value>
	<value condition="Skin.HasSetting(SubBackground) + StringCompare(Window(home).Property(SubButton.ID_),106_107) + !IsEmpty(Skin.String(background106_107))">$INFO[Skin.String(background106_107)]</value>
	<value condition="Skin.HasSetting(SubBackground) + StringCompare(Window(home).Property(SubButton.ID_),106_108) + !IsEmpty(Skin.String(background106_108))">$INFO[Skin.String(background106_108)]</value>
	<value condition="Skin.HasSetting(SubBackground) + StringCompare(Window(home).Property(SubButton.ID_),106_109) + !IsEmpty(Skin.String(background106_109))">$INFO[Skin.String(background106_109)]</value>
	
	<value condition="Skin.HasSetting(SubBackground) + StringCompare(Window(home).Property(SubButton.ID_),107_100) + !IsEmpty(Skin.String(background107_100))">$INFO[Skin.String(background107_100)]</value>
	<value condition="Skin.HasSetting(SubBackground) + StringCompare(Window(home).Property(SubButton.ID_),107_101) + !IsEmpty(Skin.String(background107_101))">$INFO[Skin.String(background107_101)]</value>
	<value condition="Skin.HasSetting(SubBackground) + StringCompare(Window(home).Property(SubButton.ID_),107_102) + !IsEmpty(Skin.String(background107_102))">$INFO[Skin.String(background107_102)]</value>
	<value condition="Skin.HasSetting(SubBackground) + StringCompare(Window(home).Property(SubButton.ID_),107_103) + !IsEmpty(Skin.String(background107_103))">$INFO[Skin.String(background107_103)]</value>
	<value condition="Skin.HasSetting(SubBackground) + StringCompare(Window(home).Property(SubButton.ID_),107_104) + !IsEmpty(Skin.String(background107_104))">$INFO[Skin.String(background107_104)]</value>
	<value condition="Skin.HasSetting(SubBackground) + StringCompare(Window(home).Property(SubButton.ID_),107_105) + !IsEmpty(Skin.String(background107_105))">$INFO[Skin.String(background107_105)]</value>
	<value condition="Skin.HasSetting(SubBackground) + StringCompare(Window(home).Property(SubButton.ID_),107_106) + !IsEmpty(Skin.String(background107_106))">$INFO[Skin.String(background107_106)]</value>
	<value condition="Skin.HasSetting(SubBackground) + StringCompare(Window(home).Property(SubButton.ID_),107_107) + !IsEmpty(Skin.String(background107_107))">$INFO[Skin.String(background107_107)]</value>
	<value condition="Skin.HasSetting(SubBackground) + StringCompare(Window(home).Property(SubButton.ID_),107_108) + !IsEmpty(Skin.String(background107_108))">$INFO[Skin.String(background107_108)]</value>
	<value condition="Skin.HasSetting(SubBackground) + StringCompare(Window(home).Property(SubButton.ID_),107_109) + !IsEmpty(Skin.String(background107_109))">$INFO[Skin.String(background107_109)]</value>
	
	<value condition="Skin.HasSetting(SubBackground) + StringCompare(Window(home).Property(SubButton.ID_),108_100) + !IsEmpty(Skin.String(background108_100))">$INFO[Skin.String(background108_100)]</value>
	<value condition="Skin.HasSetting(SubBackground) + StringCompare(Window(home).Property(SubButton.ID_),108_101) + !IsEmpty(Skin.String(background108_101))">$INFO[Skin.String(background108_101)]</value>
	<value condition="Skin.HasSetting(SubBackground) + StringCompare(Window(home).Property(SubButton.ID_),108_102) + !IsEmpty(Skin.String(background108_102))">$INFO[Skin.String(background108_102)]</value>
	<value condition="Skin.HasSetting(SubBackground) + StringCompare(Window(home).Property(SubButton.ID_),108_103) + !IsEmpty(Skin.String(background108_103))">$INFO[Skin.String(background108_103)]</value>
	<value condition="Skin.HasSetting(SubBackground) + StringCompare(Window(home).Property(SubButton.ID_),108_104) + !IsEmpty(Skin.String(background108_104))">$INFO[Skin.String(background108_104)]</value>
	<value condition="Skin.HasSetting(SubBackground) + StringCompare(Window(home).Property(SubButton.ID_),108_105) + !IsEmpty(Skin.String(background108_105))">$INFO[Skin.String(background108_105)]</value>
	<value condition="Skin.HasSetting(SubBackground) + StringCompare(Window(home).Property(SubButton.ID_),108_106) + !IsEmpty(Skin.String(background108_106))">$INFO[Skin.String(background108_106)]</value>
	<value condition="Skin.HasSetting(SubBackground) + StringCompare(Window(home).Property(SubButton.ID_),108_107) + !IsEmpty(Skin.String(background108_107))">$INFO[Skin.String(background108_107)]</value>
	<value condition="Skin.HasSetting(SubBackground) + StringCompare(Window(home).Property(SubButton.ID_),108_108) + !IsEmpty(Skin.String(background108_108))">$INFO[Skin.String(background108_108)]</value>
	<value condition="Skin.HasSetting(SubBackground) + StringCompare(Window(home).Property(SubButton.ID_),108_109) + !IsEmpty(Skin.String(background108_109))">$INFO[Skin.String(background108_109)]</value>
	
	<value condition="Skin.HasSetting(SubBackground) + StringCompare(Window(home).Property(SubButton.ID_),109_100) + !IsEmpty(Skin.String(background109_100))">$INFO[Skin.String(background109_100)]</value>
	<value condition="Skin.HasSetting(SubBackground) + StringCompare(Window(home).Property(SubButton.ID_),109_101) + !IsEmpty(Skin.String(background109_101))">$INFO[Skin.String(background109_101)]</value>
	<value condition="Skin.HasSetting(SubBackground) + StringCompare(Window(home).Property(SubButton.ID_),109_102) + !IsEmpty(Skin.String(background109_102))">$INFO[Skin.String(background109_102)]</value>
	<value condition="Skin.HasSetting(SubBackground) + StringCompare(Window(home).Property(SubButton.ID_),109_103) + !IsEmpty(Skin.String(background109_103))">$INFO[Skin.String(background109_103)]</value>
	<value condition="Skin.HasSetting(SubBackground) + StringCompare(Window(home).Property(SubButton.ID_),109_104) + !IsEmpty(Skin.String(background109_104))">$INFO[Skin.String(background109_104)]</value>
	<value condition="Skin.HasSetting(SubBackground) + StringCompare(Window(home).Property(SubButton.ID_),109_105) + !IsEmpty(Skin.String(background109_105))">$INFO[Skin.String(background109_105)]</value>
	<value condition="Skin.HasSetting(SubBackground) + StringCompare(Window(home).Property(SubButton.ID_),109_106) + !IsEmpty(Skin.String(background109_106))">$INFO[Skin.String(background109_106)]</value>
	<value condition="Skin.HasSetting(SubBackground) + StringCompare(Window(home).Property(SubButton.ID_),109_107) + !IsEmpty(Skin.String(background109_107))">$INFO[Skin.String(background109_107)]</value>
	<value condition="Skin.HasSetting(SubBackground) + StringCompare(Window(home).Property(SubButton.ID_),109_108) + !IsEmpty(Skin.String(background109_108))">$INFO[Skin.String(background109_108)]</value>
	<value condition="Skin.HasSetting(SubBackground) + StringCompare(Window(home).Property(SubButton.ID_),109_109) + !IsEmpty(Skin.String(background109_109))">$INFO[Skin.String(background109_109)]</value>
	
	<value condition="Skin.HasSetting(SubBackground) + StringCompare(Window(home).Property(SubButton.ID_),110_100) + !IsEmpty(Skin.String(background110_100))">$INFO[Skin.String(background110_100)]</value>
	<value condition="Skin.HasSetting(SubBackground) + StringCompare(Window(home).Property(SubButton.ID_),110_101) + !IsEmpty(Skin.String(background110_101))">$INFO[Skin.String(background110_101)]</value>
	<value condition="Skin.HasSetting(SubBackground) + StringCompare(Window(home).Property(SubButton.ID_),110_102) + !IsEmpty(Skin.String(background110_102))">$INFO[Skin.String(background110_102)]</value>
	<value condition="Skin.HasSetting(SubBackground) + StringCompare(Window(home).Property(SubButton.ID_),110_103) + !IsEmpty(Skin.String(background110_103))">$INFO[Skin.String(background110_103)]</value>
	<value condition="Skin.HasSetting(SubBackground) + StringCompare(Window(home).Property(SubButton.ID_),110_104) + !IsEmpty(Skin.String(background110_104))">$INFO[Skin.String(background110_104)]</value>
	<value condition="Skin.HasSetting(SubBackground) + StringCompare(Window(home).Property(SubButton.ID_),110_105) + !IsEmpty(Skin.String(background110_105))">$INFO[Skin.String(background110_105)]</value>
	<value condition="Skin.HasSetting(SubBackground) + StringCompare(Window(home).Property(SubButton.ID_),110_106) + !IsEmpty(Skin.String(background110_106))">$INFO[Skin.String(background110_106)]</value>
	<value condition="Skin.HasSetting(SubBackground) + StringCompare(Window(home).Property(SubButton.ID_),110_107) + !IsEmpty(Skin.String(background110_107))">$INFO[Skin.String(background110_107)]</value>
	<value condition="Skin.HasSetting(SubBackground) + StringCompare(Window(home).Property(SubButton.ID_),110_108) + !IsEmpty(Skin.String(background110_108))">$INFO[Skin.String(background110_108)]</value>
	<value condition="Skin.HasSetting(SubBackground) + StringCompare(Window(home).Property(SubButton.ID_),110_109) + !IsEmpty(Skin.String(background110_109))">$INFO[Skin.String(background110_109)]</value>
	
	<value condition="Skin.HasSetting(SubBackground) + StringCompare(Window(home).Property(SubButton.ID_),111_100) + !IsEmpty(Skin.String(background111_100))">$INFO[Skin.String(background111_100)]</value>
	<value condition="Skin.HasSetting(SubBackground) + StringCompare(Window(home).Property(SubButton.ID_),111_101) + !IsEmpty(Skin.String(background111_101))">$INFO[Skin.String(background111_101)]</value>
	<value condition="Skin.HasSetting(SubBackground) + StringCompare(Window(home).Property(SubButton.ID_),111_102) + !IsEmpty(Skin.String(background111_102))">$INFO[Skin.String(background111_102)]</value>
	<value condition="Skin.HasSetting(SubBackground) + StringCompare(Window(home).Property(SubButton.ID_),111_103) + !IsEmpty(Skin.String(background111_103))">$INFO[Skin.String(background111_103)]</value>
	<value condition="Skin.HasSetting(SubBackground) + StringCompare(Window(home).Property(SubButton.ID_),111_104) + !IsEmpty(Skin.String(background111_104))">$INFO[Skin.String(background111_104)]</value>
	<value condition="Skin.HasSetting(SubBackground) + StringCompare(Window(home).Property(SubButton.ID_),111_105) + !IsEmpty(Skin.String(background111_105))">$INFO[Skin.String(background111_105)]</value>
	<value condition="Skin.HasSetting(SubBackground) + StringCompare(Window(home).Property(SubButton.ID_),111_106) + !IsEmpty(Skin.String(background111_106))">$INFO[Skin.String(background111_106)]</value>
	<value condition="Skin.HasSetting(SubBackground) + StringCompare(Window(home).Property(SubButton.ID_),111_107) + !IsEmpty(Skin.String(background111_107))">$INFO[Skin.String(background111_107)]</value>
	<value condition="Skin.HasSetting(SubBackground) + StringCompare(Window(home).Property(SubButton.ID_),111_108) + !IsEmpty(Skin.String(background111_108))">$INFO[Skin.String(background111_108)]</value>
	<value condition="Skin.HasSetting(SubBackground) + StringCompare(Window(home).Property(SubButton.ID_),111_109) + !IsEmpty(Skin.String(background111_109))">$INFO[Skin.String(background111_109)]</value>
	
	<value condition="Skin.HasSetting(SubBackground) + StringCompare(Window(home).Property(SubButton.ID_),112_100) + !IsEmpty(Skin.String(background112_100))">$INFO[Skin.String(background112_100)]</value>
	<value condition="Skin.HasSetting(SubBackground) + StringCompare(Window(home).Property(SubButton.ID_),112_101) + !IsEmpty(Skin.String(background112_101))">$INFO[Skin.String(background112_101)]</value>
	<value condition="Skin.HasSetting(SubBackground) + StringCompare(Window(home).Property(SubButton.ID_),112_102) + !IsEmpty(Skin.String(background112_102))">$INFO[Skin.String(background112_102)]</value>
	<value condition="Skin.HasSetting(SubBackground) + StringCompare(Window(home).Property(SubButton.ID_),112_103) + !IsEmpty(Skin.String(background112_103))">$INFO[Skin.String(background112_103)]</value>
	<value condition="Skin.HasSetting(SubBackground) + StringCompare(Window(home).Property(SubButton.ID_),112_104) + !IsEmpty(Skin.String(background112_104))">$INFO[Skin.String(background112_104)]</value>
	<value condition="Skin.HasSetting(SubBackground) + StringCompare(Window(home).Property(SubButton.ID_),112_105) + !IsEmpty(Skin.String(background112_105))">$INFO[Skin.String(background112_105)]</value>
	<value condition="Skin.HasSetting(SubBackground) + StringCompare(Window(home).Property(SubButton.ID_),112_106) + !IsEmpty(Skin.String(background112_106))">$INFO[Skin.String(background112_106)]</value>
	<value condition="Skin.HasSetting(SubBackground) + StringCompare(Window(home).Property(SubButton.ID_),112_107) + !IsEmpty(Skin.String(background112_107))">$INFO[Skin.String(background112_107)]</value>
	<value condition="Skin.HasSetting(SubBackground) + StringCompare(Window(home).Property(SubButton.ID_),112_108) + !IsEmpty(Skin.String(background112_108))">$INFO[Skin.String(background112_108)]</value>
	<value condition="Skin.HasSetting(SubBackground) + StringCompare(Window(home).Property(SubButton.ID_),112_109) + !IsEmpty(Skin.String(background112_109))">$INFO[Skin.String(background112_109)]</value>
	
	<value condition="Skin.HasSetting(SubBackground) + StringCompare(Window(home).Property(SubButton.ID_),113_100) + !IsEmpty(Skin.String(background113_100))">$INFO[Skin.String(background113_100)]</value>
	<value condition="Skin.HasSetting(SubBackground) + StringCompare(Window(home).Property(SubButton.ID_),113_101) + !IsEmpty(Skin.String(background113_101))">$INFO[Skin.String(background113_101)]</value>
	<value condition="Skin.HasSetting(SubBackground) + StringCompare(Window(home).Property(SubButton.ID_),113_102) + !IsEmpty(Skin.String(background113_102))">$INFO[Skin.String(background113_102)]</value>
	<value condition="Skin.HasSetting(SubBackground) + StringCompare(Window(home).Property(SubButton.ID_),113_103) + !IsEmpty(Skin.String(background113_103))">$INFO[Skin.String(background113_103)]</value>
	<value condition="Skin.HasSetting(SubBackground) + StringCompare(Window(home).Property(SubButton.ID_),113_104) + !IsEmpty(Skin.String(background113_104))">$INFO[Skin.String(background113_104)]</value>
	<value condition="Skin.HasSetting(SubBackground) + StringCompare(Window(home).Property(SubButton.ID_),113_105) + !IsEmpty(Skin.String(background113_105))">$INFO[Skin.String(background113_105)]</value>
	<value condition="Skin.HasSetting(SubBackground) + StringCompare(Window(home).Property(SubButton.ID_),113_106) + !IsEmpty(Skin.String(background113_106))">$INFO[Skin.String(background113_106)]</value>
	<value condition="Skin.HasSetting(SubBackground) + StringCompare(Window(home).Property(SubButton.ID_),113_107) + !IsEmpty(Skin.String(background113_107))">$INFO[Skin.String(background113_107)]</value>
	<value condition="Skin.HasSetting(SubBackground) + StringCompare(Window(home).Property(SubButton.ID_),113_108) + !IsEmpty(Skin.String(background113_108))">$INFO[Skin.String(background113_108)]</value>
	<value condition="Skin.HasSetting(SubBackground) + StringCompare(Window(home).Property(SubButton.ID_),113_109) + !IsEmpty(Skin.String(background113_109))">$INFO[Skin.String(background113_109)]</value>
	
	<value condition="Skin.HasSetting(SubBackground) + StringCompare(Window(home).Property(SubButton.ID_),114_100) + !IsEmpty(Skin.String(background114_100))">$INFO[Skin.String(background114_100)]</value>
	<value condition="Skin.HasSetting(SubBackground) + StringCompare(Window(home).Property(SubButton.ID_),114_101) + !IsEmpty(Skin.String(background114_101))">$INFO[Skin.String(background114_101)]</value>
	<value condition="Skin.HasSetting(SubBackground) + StringCompare(Window(home).Property(SubButton.ID_),114_102) + !IsEmpty(Skin.String(background114_102))">$INFO[Skin.String(background114_102)]</value>
	<value condition="Skin.HasSetting(SubBackground) + StringCompare(Window(home).Property(SubButton.ID_),114_103) + !IsEmpty(Skin.String(background114_103))">$INFO[Skin.String(background114_103)]</value>
	<value condition="Skin.HasSetting(SubBackground) + StringCompare(Window(home).Property(SubButton.ID_),114_104) + !IsEmpty(Skin.String(background114_104))">$INFO[Skin.String(background114_104)]</value>
	<value condition="Skin.HasSetting(SubBackground) + StringCompare(Window(home).Property(SubButton.ID_),114_105) + !IsEmpty(Skin.String(background114_105))">$INFO[Skin.String(background114_105)]</value>
	<value condition="Skin.HasSetting(SubBackground) + StringCompare(Window(home).Property(SubButton.ID_),114_106) + !IsEmpty(Skin.String(background114_106))">$INFO[Skin.String(background114_106)]</value>
	<value condition="Skin.HasSetting(SubBackground) + StringCompare(Window(home).Property(SubButton.ID_),114_107) + !IsEmpty(Skin.String(background114_107))">$INFO[Skin.String(background114_107)]</value>
	<value condition="Skin.HasSetting(SubBackground) + StringCompare(Window(home).Property(SubButton.ID_),114_108) + !IsEmpty(Skin.String(background114_108))">$INFO[Skin.String(background114_108)]</value>
	<value condition="Skin.HasSetting(SubBackground) + StringCompare(Window(home).Property(SubButton.ID_),114_109) + !IsEmpty(Skin.String(background114_109))">$INFO[Skin.String(background110_109)]</value>
	
	<value condition="Skin.HasSetting(SubBackground) + StringCompare(Window(home).Property(SubButton.ID_),115_100) + !IsEmpty(Skin.String(background115_100))">$INFO[Skin.String(background115_100)]</value>
	<value condition="Skin.HasSetting(SubBackground) + StringCompare(Window(home).Property(SubButton.ID_),115_101) + !IsEmpty(Skin.String(background115_101))">$INFO[Skin.String(background115_101)]</value>
	<value condition="Skin.HasSetting(SubBackground) + StringCompare(Window(home).Property(SubButton.ID_),115_102) + !IsEmpty(Skin.String(background115_102))">$INFO[Skin.String(background115_102)]</value>
	<value condition="Skin.HasSetting(SubBackground) + StringCompare(Window(home).Property(SubButton.ID_),115_103) + !IsEmpty(Skin.String(background115_103))">$INFO[Skin.String(background115_103)]</value>
	<value condition="Skin.HasSetting(SubBackground) + StringCompare(Window(home).Property(SubButton.ID_),115_104) + !IsEmpty(Skin.String(background115_104))">$INFO[Skin.String(background115_104)]</value>
	<value condition="Skin.HasSetting(SubBackground) + StringCompare(Window(home).Property(SubButton.ID_),115_105) + !IsEmpty(Skin.String(background115_105))">$INFO[Skin.String(background115_105)]</value>
	<value condition="Skin.HasSetting(SubBackground) + StringCompare(Window(home).Property(SubButton.ID_),115_106) + !IsEmpty(Skin.String(background115_106))">$INFO[Skin.String(background115_106)]</value>
	<value condition="Skin.HasSetting(SubBackground) + StringCompare(Window(home).Property(SubButton.ID_),115_107) + !IsEmpty(Skin.String(background115_107))">$INFO[Skin.String(background115_107)]</value>
	<value condition="Skin.HasSetting(SubBackground) + StringCompare(Window(home).Property(SubButton.ID_),115_108) + !IsEmpty(Skin.String(background115_108))">$INFO[Skin.String(background115_108)]</value>
	<value condition="Skin.HasSetting(SubBackground) + StringCompare(Window(home).Property(SubButton.ID_),115_109) + !IsEmpty(Skin.String(background115_109))">$INFO[Skin.String(background115_109)]</value>
	
	<value condition="Skin.HasSetting(SubBackground) + StringCompare(Window(home).Property(SubButton.ID_),116_100) + !IsEmpty(Skin.String(background116_100))">$INFO[Skin.String(background116_100)]</value>
	<value condition="Skin.HasSetting(SubBackground) + StringCompare(Window(home).Property(SubButton.ID_),116_101) + !IsEmpty(Skin.String(background116_101))">$INFO[Skin.String(background116_101)]</value>
	<value condition="Skin.HasSetting(SubBackground) + StringCompare(Window(home).Property(SubButton.ID_),116_102) + !IsEmpty(Skin.String(background116_102))">$INFO[Skin.String(background116_102)]</value>
	<value condition="Skin.HasSetting(SubBackground) + StringCompare(Window(home).Property(SubButton.ID_),116_103) + !IsEmpty(Skin.String(background116_103))">$INFO[Skin.String(background116_103)]</value>
	<value condition="Skin.HasSetting(SubBackground) + StringCompare(Window(home).Property(SubButton.ID_),116_104) + !IsEmpty(Skin.String(background116_104))">$INFO[Skin.String(background116_104)]</value>
	<value condition="Skin.HasSetting(SubBackground) + StringCompare(Window(home).Property(SubButton.ID_),116_105) + !IsEmpty(Skin.String(background116_105))">$INFO[Skin.String(background116_105)]</value>
	<value condition="Skin.HasSetting(SubBackground) + StringCompare(Window(home).Property(SubButton.ID_),116_106) + !IsEmpty(Skin.String(background116_106))">$INFO[Skin.String(background116_106)]</value>
	<value condition="Skin.HasSetting(SubBackground) + StringCompare(Window(home).Property(SubButton.ID_),116_107) + !IsEmpty(Skin.String(background116_107))">$INFO[Skin.String(background116_107)]</value>
	<value condition="Skin.HasSetting(SubBackground) + StringCompare(Window(home).Property(SubButton.ID_),116_108) + !IsEmpty(Skin.String(background116_108))">$INFO[Skin.String(background116_108)]</value>
	<value condition="Skin.HasSetting(SubBackground) + StringCompare(Window(home).Property(SubButton.ID_),116_109) + !IsEmpty(Skin.String(background116_109))">$INFO[Skin.String(background116_109)]</value>
	
	<value condition="Skin.HasSetting(SubBackground) + StringCompare(Window(home).Property(SubButton.ID_),117_100) + !IsEmpty(Skin.String(background117_100))">$INFO[Skin.String(background117_100)]</value>
	<value condition="Skin.HasSetting(SubBackground) + StringCompare(Window(home).Property(SubButton.ID_),117_101) + !IsEmpty(Skin.String(background117_101))">$INFO[Skin.String(background117_101)]</value>
	<value condition="Skin.HasSetting(SubBackground) + StringCompare(Window(home).Property(SubButton.ID_),117_102) + !IsEmpty(Skin.String(background117_102))">$INFO[Skin.String(background117_102)]</value>
	<value condition="Skin.HasSetting(SubBackground) + StringCompare(Window(home).Property(SubButton.ID_),117_103) + !IsEmpty(Skin.String(background117_103))">$INFO[Skin.String(background117_103)]</value>
	<value condition="Skin.HasSetting(SubBackground) + StringCompare(Window(home).Property(SubButton.ID_),117_104) + !IsEmpty(Skin.String(background117_104))">$INFO[Skin.String(background117_104)]</value>
	<value condition="Skin.HasSetting(SubBackground) + StringCompare(Window(home).Property(SubButton.ID_),117_105) + !IsEmpty(Skin.String(background117_105))">$INFO[Skin.String(background117_105)]</value>
	<value condition="Skin.HasSetting(SubBackground) + StringCompare(Window(home).Property(SubButton.ID_),117_106) + !IsEmpty(Skin.String(background117_106))">$INFO[Skin.String(background117_106)]</value>
	<value condition="Skin.HasSetting(SubBackground) + StringCompare(Window(home).Property(SubButton.ID_),117_107) + !IsEmpty(Skin.String(background117_107))">$INFO[Skin.String(background117_107)]</value>
	<value condition="Skin.HasSetting(SubBackground) + StringCompare(Window(home).Property(SubButton.ID_),117_108) + !IsEmpty(Skin.String(background117_108))">$INFO[Skin.String(background117_108)]</value>
	<value condition="Skin.HasSetting(SubBackground) + StringCompare(Window(home).Property(SubButton.ID_),117_109) + !IsEmpty(Skin.String(background117_109))">$INFO[Skin.String(background117_109)]</value>
	
	<value condition="Skin.HasSetting(SubBackground) + StringCompare(Window(home).Property(SubButton.ID_),118_100) + !IsEmpty(Skin.String(background118_100))">$INFO[Skin.String(background118_100)]</value>
	<value condition="Skin.HasSetting(SubBackground) + StringCompare(Window(home).Property(SubButton.ID_),118_101) + !IsEmpty(Skin.String(background118_101))">$INFO[Skin.String(background118_101)]</value>
	<value condition="Skin.HasSetting(SubBackground) + StringCompare(Window(home).Property(SubButton.ID_),118_102) + !IsEmpty(Skin.String(background118_102))">$INFO[Skin.String(background118_102)]</value>
	<value condition="Skin.HasSetting(SubBackground) + StringCompare(Window(home).Property(SubButton.ID_),118_103) + !IsEmpty(Skin.String(background118_103))">$INFO[Skin.String(background118_103)]</value>
	<value condition="Skin.HasSetting(SubBackground) + StringCompare(Window(home).Property(SubButton.ID_),118_104) + !IsEmpty(Skin.String(background118_104))">$INFO[Skin.String(background118_104)]</value>
	<value condition="Skin.HasSetting(SubBackground) + StringCompare(Window(home).Property(SubButton.ID_),118_105) + !IsEmpty(Skin.String(background118_105))">$INFO[Skin.String(background118_105)]</value>
	<value condition="Skin.HasSetting(SubBackground) + StringCompare(Window(home).Property(SubButton.ID_),118_106) + !IsEmpty(Skin.String(background118_106))">$INFO[Skin.String(background118_106)]</value>
	<value condition="Skin.HasSetting(SubBackground) + StringCompare(Window(home).Property(SubButton.ID_),118_107) + !IsEmpty(Skin.String(background118_107))">$INFO[Skin.String(background118_107)]</value>
	<value condition="Skin.HasSetting(SubBackground) + StringCompare(Window(home).Property(SubButton.ID_),118_108) + !IsEmpty(Skin.String(background118_108))">$INFO[Skin.String(background118_108)]</value>
	<value condition="Skin.HasSetting(SubBackground) + StringCompare(Window(home).Property(SubButton.ID_),118_109) + !IsEmpty(Skin.String(background118_109))">$INFO[Skin.String(background118_109)]</value>
	
	<value condition="Skin.HasSetting(SubBackground) + StringCompare(Window(home).Property(SubButton.ID_),119_100) + !IsEmpty(Skin.String(background119_100))">$INFO[Skin.String(background119_100)]</value>
	<value condition="Skin.HasSetting(SubBackground) + StringCompare(Window(home).Property(SubButton.ID_),119_101) + !IsEmpty(Skin.String(background119_101))">$INFO[Skin.String(background119_101)]</value>
	<value condition="Skin.HasSetting(SubBackground) + StringCompare(Window(home).Property(SubButton.ID_),119_102) + !IsEmpty(Skin.String(background119_102))">$INFO[Skin.String(background119_102)]</value>
	<value condition="Skin.HasSetting(SubBackground) + StringCompare(Window(home).Property(SubButton.ID_),119_103) + !IsEmpty(Skin.String(background119_103))">$INFO[Skin.String(background119_103)]</value>
	<value condition="Skin.HasSetting(SubBackground) + StringCompare(Window(home).Property(SubButton.ID_),119_104) + !IsEmpty(Skin.String(background119_104))">$INFO[Skin.String(background119_104)]</value>
	<value condition="Skin.HasSetting(SubBackground) + StringCompare(Window(home).Property(SubButton.ID_),119_105) + !IsEmpty(Skin.String(background119_105))">$INFO[Skin.String(background119_105)]</value>
	<value condition="Skin.HasSetting(SubBackground) + StringCompare(Window(home).Property(SubButton.ID_),119_106) + !IsEmpty(Skin.String(background119_106))">$INFO[Skin.String(background119_106)]</value>
	<value condition="Skin.HasSetting(SubBackground) + StringCompare(Window(home).Property(SubButton.ID_),119_107) + !IsEmpty(Skin.String(background119_107))">$INFO[Skin.String(background119_107)]</value>
	<value condition="Skin.HasSetting(SubBackground) + StringCompare(Window(home).Property(SubButton.ID_),119_108) + !IsEmpty(Skin.String(background119_108))">$INFO[Skin.String(background119_108)]</value>
	<value condition="Skin.HasSetting(SubBackground) + StringCompare(Window(home).Property(SubButton.ID_),119_109) + !IsEmpty(Skin.String(background119_109))">$INFO[Skin.String(background119_109)]</value>
	
	<value condition="[Control.IsVisible(311) + StringCompare(Window(home).Property(Button.ID),90) + [Control.HasFocus(311) | !Skin.HasSetting(wbackground90)] + Container(311).HasFocus(1) + !Skin.HasSetting(MoviesShelfWL)]" description="סרטים">$INFO[Window(home).Property(RecentMovie.1.Art(fanart))]</value>
	<value condition="[Control.IsVisible(311) + StringCompare(Window(home).Property(Button.ID),90) + [Control.HasFocus(311) | !Skin.HasSetting(wbackground90)] + Container(311).HasFocus(2) + !Skin.HasSetting(MoviesShelfWL)]" description="סרטים">$INFO[Window(home).Property(RecentMovie.2.Art(fanart))]</value>
	<value condition="[Control.IsVisible(311) + StringCompare(Window(home).Property(Button.ID),90) + [Control.HasFocus(311) | !Skin.HasSetting(wbackground90)] + Container(311).HasFocus(3) + !Skin.HasSetting(MoviesShelfWL)]" description="סרטים">$INFO[Window(home).Property(RecentMovie.3.Art(fanart))]</value>
	<value condition="[Control.IsVisible(311) + StringCompare(Window(home).Property(Button.ID),90) + [Control.HasFocus(311) | !Skin.HasSetting(wbackground90)] + Container(311).HasFocus(4) + !Skin.HasSetting(MoviesShelfWL)]" description="סרטים">$INFO[Window(home).Property(RecentMovie.4.Art(fanart))]</value>
	<value condition="[Control.IsVisible(311) + StringCompare(Window(home).Property(Button.ID),90) + [Control.HasFocus(311) | !Skin.HasSetting(wbackground90)] + Container(311).HasFocus(5) + !Skin.HasSetting(MoviesShelfWL)]" description="סרטים">$INFO[Window(home).Property(RecentMovie.5.Art(fanart))]</value>
	<value condition="[Control.IsVisible(311) + StringCompare(Window(home).Property(Button.ID),90) + [Control.HasFocus(311) | !Skin.HasSetting(wbackground90)] + Container(311).HasFocus(6) + !Skin.HasSetting(MoviesShelfWL)]" description="סרטים">$INFO[Window(home).Property(RecentMovie.6.Art(fanart))]</value>
	<value condition="[Control.IsVisible(311) + StringCompare(Window(home).Property(Button.ID),90) + [Control.HasFocus(311) | !Skin.HasSetting(wbackground90)] + Container(311).HasFocus(7) + !Skin.HasSetting(MoviesShelfWL)]" description="סרטים">$INFO[Window(home).Property(RecentMovie.7.Art(fanart))]</value>
	<value condition="[Control.IsVisible(311) + StringCompare(Window(home).Property(Button.ID),90) + [Control.HasFocus(311) | !Skin.HasSetting(wbackground90)] + Container(311).HasFocus(8) + !Skin.HasSetting(MoviesShelfWL)]" description="סרטים">$INFO[Window(home).Property(RecentMovie.8.Art(fanart))]</value>
	<value condition="[Control.IsVisible(311) + StringCompare(Window(home).Property(Button.ID),90) + [Control.HasFocus(311) | !Skin.HasSetting(wbackground90)] + Container(311).HasFocus(9) + !Skin.HasSetting(MoviesShelfWL)]" description="סרטים">$INFO[Window(home).Property(RecentMovie.9.Art(fanart))]</value>
	<value condition="[Control.IsVisible(311) + StringCompare(Window(home).Property(Button.ID),90) + [Control.HasFocus(311) | !Skin.HasSetting(wbackground90)] + Container(311).HasFocus(10) + !Skin.HasSetting(MoviesShelfWL)]" description="סרטים">$INFO[Window(home).Property(RecentMovie.10.Art(fanart))]</value>
	
	<value condition="[Control.IsVisible(311) + StringCompare(Window(home).Property(Button.ID),90) + [Control.HasFocus(311) | !Skin.HasSetting(wbackground90)] + Container(311).HasFocus(1) + Skin.HasSetting(MoviesShelfWL)]" description="סרטים">$INFO[Window(home).Property(RandomMovie.1.Art(fanart))]</value>
	<value condition="[Control.IsVisible(311) + StringCompare(Window(home).Property(Button.ID),90) + [Control.HasFocus(311) | !Skin.HasSetting(wbackground90)] + Container(311).HasFocus(2) + Skin.HasSetting(MoviesShelfWL)]" description="סרטים">$INFO[Window(home).Property(RandomMovie.2.Art(fanart))]</value>
	<value condition="[Control.IsVisible(311) + StringCompare(Window(home).Property(Button.ID),90) + [Control.HasFocus(311) | !Skin.HasSetting(wbackground90)] + Container(311).HasFocus(3) + Skin.HasSetting(MoviesShelfWL)]" description="סרטים">$INFO[Window(home).Property(RandomMovie.3.Art(fanart))]</value>
	<value condition="[Control.IsVisible(311) + StringCompare(Window(home).Property(Button.ID),90) + [Control.HasFocus(311) | !Skin.HasSetting(wbackground90)] + Container(311).HasFocus(4) + Skin.HasSetting(MoviesShelfWL)]" description="סרטים">$INFO[Window(home).Property(RandomMovie.4.Art(fanart))]</value>
	<value condition="[Control.IsVisible(311) + StringCompare(Window(home).Property(Button.ID),90) + [Control.HasFocus(311) | !Skin.HasSetting(wbackground90)] + Container(311).HasFocus(5) + Skin.HasSetting(MoviesShelfWL)]" description="סרטים">$INFO[Window(home).Property(RandomMovie.5.Art(fanart))]</value>
	<value condition="[Control.IsVisible(311) + StringCompare(Window(home).Property(Button.ID),90) + [Control.HasFocus(311) | !Skin.HasSetting(wbackground90)] + Container(311).HasFocus(6) + Skin.HasSetting(MoviesShelfWL)]" description="סרטים">$INFO[Window(home).Property(RandomMovie.6.Art(fanart))]</value>
	<value condition="[Control.IsVisible(311) + StringCompare(Window(home).Property(Button.ID),90) + [Control.HasFocus(311) | !Skin.HasSetting(wbackground90)] + Container(311).HasFocus(7) + Skin.HasSetting(MoviesShelfWL)]" description="סרטים">$INFO[Window(home).Property(RandomMovie.7.Art(fanart))]</value>
	<value condition="[Control.IsVisible(311) + StringCompare(Window(home).Property(Button.ID),90) + [Control.HasFocus(311) | !Skin.HasSetting(wbackground90)] + Container(311).HasFocus(8) + Skin.HasSetting(MoviesShelfWL)]" description="סרטים">$INFO[Window(home).Property(RandomMovie.8.Art(fanart))]</value>
	<value condition="[Control.IsVisible(311) + StringCompare(Window(home).Property(Button.ID),90) + [Control.HasFocus(311) | !Skin.HasSetting(wbackground90)] + Container(311).HasFocus(9) + Skin.HasSetting(MoviesShelfWL)]" description="סרטים">$INFO[Window(home).Property(RandomMovie.9.Art(fanart))]</value>
	<value condition="[Control.IsVisible(311) + StringCompare(Window(home).Property(Button.ID),90) + [Control.HasFocus(311) | !Skin.HasSetting(wbackground90)] + Container(311).HasFocus(10) + Skin.HasSetting(MoviesShelfWL)]" description="סרטים">$INFO[Window(home).Property(RandomMovie.10.Art(fanart))]</value>
	
	<value condition="[Control.IsVisible(312) + StringCompare(Window(home).Property(Button.ID),91) + [Control.HasFocus(312) | !Skin.HasSetting(wbackground91)] + Container(312).HasFocus(1) + !Skin.HasSetting(TVShelf_Watchlist)]" description="סדרות">$INFO[Window(home).Property(RecentEpisode.1.Art(tvshow.fanart))]</value>
	<value condition="[Control.IsVisible(312) + StringCompare(Window(home).Property(Button.ID),91) + [Control.HasFocus(312) | !Skin.HasSetting(wbackground91)] + Container(312).HasFocus(2) + !Skin.HasSetting(TVShelf_Watchlist)]" description="סדרות">$INFO[Window(home).Property(RecentEpisode.2.Art(tvshow.fanart))]</value>
	<value condition="[Control.IsVisible(312) + StringCompare(Window(home).Property(Button.ID),91) + [Control.HasFocus(312) | !Skin.HasSetting(wbackground91)] + Container(312).HasFocus(3) + !Skin.HasSetting(TVShelf_Watchlist)]" description="סדרות">$INFO[Window(home).Property(RecentEpisode.3.Art(tvshow.fanart))]</value>
	<value condition="[Control.IsVisible(312) + StringCompare(Window(home).Property(Button.ID),91) + [Control.HasFocus(312) | !Skin.HasSetting(wbackground91)] + Container(312).HasFocus(4) + !Skin.HasSetting(TVShelf_Watchlist)]" description="סדרות">$INFO[Window(home).Property(RecentEpisode.4.Art(tvshow.fanart))]</value>
	<value condition="[Control.IsVisible(312) + StringCompare(Window(home).Property(Button.ID),91) + [Control.HasFocus(312) | !Skin.HasSetting(wbackground91)] + Container(312).HasFocus(5) + !Skin.HasSetting(TVShelf_Watchlist)]" description="סדרות">$INFO[Window(home).Property(RecentEpisode.5.Art(tvshow.fanart))]</value>
	<value condition="[Control.IsVisible(312) + StringCompare(Window(home).Property(Button.ID),91) + [Control.HasFocus(312) | !Skin.HasSetting(wbackground91)] + Container(312).HasFocus(6) + !Skin.HasSetting(TVShelf_Watchlist)]" description="סדרות">$INFO[Window(home).Property(RecentEpisode.6.Art(tvshow.fanart))]</value>
	<value condition="[Control.IsVisible(312) + StringCompare(Window(home).Property(Button.ID),91) + [Control.HasFocus(312) | !Skin.HasSetting(wbackground91)] + Container(312).HasFocus(7) + !Skin.HasSetting(TVShelf_Watchlist)]" description="סדרות">$INFO[Window(home).Property(RecentEpisode.7.Art(tvshow.fanart))]</value>
	<value condition="[Control.IsVisible(312) + StringCompare(Window(home).Property(Button.ID),91) + [Control.HasFocus(312) | !Skin.HasSetting(wbackground91)] + Container(312).HasFocus(8) + !Skin.HasSetting(TVShelf_Watchlist)]" description="סדרות">$INFO[Window(home).Property(RecentEpisode.8.Art(tvshow.fanart))]</value>
	<value condition="[Control.IsVisible(312) + StringCompare(Window(home).Property(Button.ID),91) + [Control.HasFocus(312) | !Skin.HasSetting(wbackground91)] + Container(312).HasFocus(9) + !Skin.HasSetting(TVShelf_Watchlist)]" description="סדרות">$INFO[Window(home).Property(RecentEpisode.9.Art(tvshow.fanart))]</value>
	<value condition="[Control.IsVisible(312) + StringCompare(Window(home).Property(Button.ID),91) + [Control.HasFocus(312) | !Skin.HasSetting(wbackground91)] + Container(312).HasFocus(10) + !Skin.HasSetting(TVShelf_Watchlist)]" description="סדרות">$INFO[Window(home).Property(RecentEpisode.10.Art(tvshow.fanart))]</value>
	
	<value condition="[Control.IsVisible(312) + StringCompare(Window(home).Property(Button.ID),91) + [Control.HasFocus(312) | !Skin.HasSetting(wbackground91)] + Container(312).HasFocus(1) + Skin.HasSetting(TVShelf_Watchlist)]" description="סדרות">$INFO[Window(home).Property(RecommendedEpisode.1.Art(tvshow.fanart))]</value>
	<value condition="[Control.IsVisible(312) + StringCompare(Window(home).Property(Button.ID),91) + [Control.HasFocus(312) | !Skin.HasSetting(wbackground91)] + Container(312).HasFocus(2) + Skin.HasSetting(TVShelf_Watchlist)]" description="סדרות">$INFO[Window(home).Property(RecommendedEpisode.2.Art(tvshow.fanart))]</value>
	<value condition="[Control.IsVisible(312) + StringCompare(Window(home).Property(Button.ID),91) + [Control.HasFocus(312) | !Skin.HasSetting(wbackground91)] + Container(312).HasFocus(3) + Skin.HasSetting(TVShelf_Watchlist)]" description="סדרות">$INFO[Window(home).Property(RecommendedEpisode.3.Art(tvshow.fanart))]</value>
	<value condition="[Control.IsVisible(312) + StringCompare(Window(home).Property(Button.ID),91) + [Control.HasFocus(312) | !Skin.HasSetting(wbackground91)] + Container(312).HasFocus(4) + Skin.HasSetting(TVShelf_Watchlist)]" description="סדרות">$INFO[Window(home).Property(RecommendedEpisode.4.Art(tvshow.fanart))]</value>
	<value condition="[Control.IsVisible(312) + StringCompare(Window(home).Property(Button.ID),91) + [Control.HasFocus(312) | !Skin.HasSetting(wbackground91)] + Container(312).HasFocus(5) + Skin.HasSetting(TVShelf_Watchlist)]" description="סדרות">$INFO[Window(home).Property(RecommendedEpisode.5.Art(tvshow.fanart))]</value>
	<value condition="[Control.IsVisible(312) + StringCompare(Window(home).Property(Button.ID),91) + [Control.HasFocus(312) | !Skin.HasSetting(wbackground91)] + Container(312).HasFocus(6) + Skin.HasSetting(TVShelf_Watchlist)]" description="סדרות">$INFO[Window(home).Property(RecommendedEpisode.6.Art(tvshow.fanart))]</value>
	<value condition="[Control.IsVisible(312) + StringCompare(Window(home).Property(Button.ID),91) + [Control.HasFocus(312) | !Skin.HasSetting(wbackground91)] + Container(312).HasFocus(7) + Skin.HasSetting(TVShelf_Watchlist)]" description="סדרות">$INFO[Window(home).Property(RecommendedEpisode.7.Art(tvshow.fanart))]</value>
	<value condition="[Control.IsVisible(312) + StringCompare(Window(home).Property(Button.ID),91) + [Control.HasFocus(312) | !Skin.HasSetting(wbackground91)] + Container(312).HasFocus(8) + Skin.HasSetting(TVShelf_Watchlist)]" description="סדרות">$INFO[Window(home).Property(RecommendedEpisode.8.Art(tvshow.fanart))]</value>
	<value condition="[Control.IsVisible(312) + StringCompare(Window(home).Property(Button.ID),91) + [Control.HasFocus(312) | !Skin.HasSetting(wbackground91)] + Container(312).HasFocus(9) + Skin.HasSetting(TVShelf_Watchlist)]" description="סדרות">$INFO[Window(home).Property(RecommendedEpisode.9.Art(tvshow.fanart))]</value>
	<value condition="[Control.IsVisible(312) + StringCompare(Window(home).Property(Button.ID),91) + [Control.HasFocus(312) | !Skin.HasSetting(wbackground91)] + Container(312).HasFocus(10) + Skin.HasSetting(TVShelf_Watchlist)]" description="סדרות">$INFO[Window(home).Property(RecommendedEpisode.10.Art(tvshow.fanart))]</value>
	
	<value condition="StringCompare(Window(home).Property(Button.ID),18) | Window.IsVisible(DialogAddonSettings.xml)">$VAR[background18]</value>
	<value condition="StringCompare(Window(home).Property(Button.ID),19)">$VAR[background19]</value>
	<value condition="StringCompare(Window(home).Property(Button.ID),90)">$VAR[background90]</value>
	<value condition="StringCompare(Window(home).Property(Button.ID),91)">$VAR[background91]</value>
	<value condition="StringCompare(Window(home).Property(Button.ID),92)">$VAR[background92]</value>
	<value condition="StringCompare(Window(home).Property(Button.ID),93)">$VAR[background93]</value>
	<value condition="StringCompare(Window(home).Property(Button.ID),94)">$VAR[background94]</value>
	<value condition="StringCompare(Window(home).Property(Button.ID),95)">$VAR[background95]</value>		
	<value condition="StringCompare(Window(home).Property(Button.ID),96)">$VAR[background96]</value>
	<value condition="StringCompare(Window(home).Property(Button.ID),97)">$VAR[background97]</value>
	<value condition="StringCompare(Window(home).Property(Button.ID),98)">$VAR[background98]</value>
	<value condition="StringCompare(Window(home).Property(Button.ID),99)">$VAR[background99]</value>
	
	<value condition="StringCompare(Window(home).Property(Button.ID),100)">$VAR[background100]</value>
	<value condition="StringCompare(Window(home).Property(Button.ID),101)">$VAR[background101]</value>
	<value condition="StringCompare(Window(home).Property(Button.ID),102)">$INFO[Skin.String(background102)]</value>
	<value condition="StringCompare(Window(home).Property(Button.ID),103)">$INFO[Skin.String(background103)]</value>
	<value condition="StringCompare(Window(home).Property(Button.ID),104)">$INFO[Skin.String(background104)]</value>
	<value condition="StringCompare(Window(home).Property(Button.ID),105)">$INFO[Skin.String(background105)]</value>
	<value condition="StringCompare(Window(home).Property(Button.ID),106)">$INFO[Skin.String(background106)]</value>
	<value condition="StringCompare(Window(home).Property(Button.ID),107)">$INFO[Skin.String(background107)]</value>
	<value condition="StringCompare(Window(home).Property(Button.ID),108)">$INFO[Skin.String(background108)]</value>
	<value condition="StringCompare(Window(home).Property(Button.ID),109)">$INFO[Skin.String(background109)]</value>
	<value condition="StringCompare(Window(home).Property(Button.ID),110)">$INFO[Skin.String(background110)]</value>
	<value condition="StringCompare(Window(home).Property(Button.ID),111)">$INFO[Skin.String(background111)]</value>
	<value condition="StringCompare(Window(home).Property(Button.ID),112)">$INFO[Skin.String(background112)]</value>
	<value condition="StringCompare(Window(home).Property(Button.ID),113)">$INFO[Skin.String(background113)]</value>
	<value condition="StringCompare(Window(home).Property(Button.ID),114)">$INFO[Skin.String(background114)]</value>
	<value condition="StringCompare(Window(home).Property(Button.ID),115)">$INFO[Skin.String(background115)]</value>
	<value condition="StringCompare(Window(home).Property(Button.ID),116)">$INFO[Skin.String(background116)]</value>
	<value condition="StringCompare(Window(home).Property(Button.ID),117)">$INFO[Skin.String(background117)]</value>
	<value condition="StringCompare(Window(home).Property(Button.ID),118)">$INFO[Skin.String(background118)]</value>
	<value condition="StringCompare(Window(home).Property(Button.ID),119)">$INFO[Skin.String(background119)]</value>
  </variable>
  <variable name="background2">
	<value description="הגדרות" condition="Window.IsVisible(SettingsCategory.xml) | Window.IsVisible(Settings.xml) | Window.IsVisible(SkinSettings.xml)">$VAR[background18]</value>
	<value description="ערוצי טלוויזיה" condition="Window.IsVisible(MyPVRChannels.xml) | SubString(Container.FolderPath,plugin://plugin.video.israelive)">$VAR[background92]</value>
	<value description="ילדים" condition="SubString(Container.FolderPath,plugin://plugin.video.featherence.kids)">$VAR[background93]</value>
	<value description="מוזיקה" condition="Window.IsVisible(MyMusicNav.xml) | Window.IsVisible(MyMusicSongs.xml)">$VAR[background94]</value>
	<value description="מעודפים" condition="Window.IsVisible(DialogFavourites.xml)">$VAR[background95]</value>
	<value description="תמונות" condition="Window.IsVisible(MyPics.xml) + false">$VAR[background96]</value>
	<value description="מזג אוויר" condition="Window.IsVisible(MyWeather.xml)">$VAR[background97]</value>
	<value description="משחקים" condition="Window.IsVisible(MyPrograms.xml) + SubString(Container.FolderPath,plugin://plugin.program.advanced.launcher)">$VAR[background98]</value>
	<value description="דוקו" condition="[SubString(Container.FolderPath,plugin://plugin.video.movixws/?) + SubString(Container.FolderPath,name=Documentary)]">$VAR[background99]</value>
	<value condition="Skin.HasSetting(PosterFanart) + StringCompare(Container.Viewmode,$LOCALIZE[31011])">$INFO[ListItem.Thumb]</value>
  </variable>
  
  <variable name="background18">
    <value condition="!Skin.String(background18) | SubString(Skin.String(background18),special://skin)">http://i.imgur.com/gQUqrF0.jpg</value>
	<value condition="Skin.String(background18)">$INFO[Skin.String(background18)]</value>
  </variable>
  <variable name="background19">
    <value condition="!Skin.String(background19) | SubString(Skin.String(background19),special://skin)">http://i.imgur.com/u1xBPQw.jpg</value>
	<value condition="Skin.String(background19)">$INFO[Skin.String(background19)]</value>
  </variable>
  <variable name="background90">
    <value condition="!Skin.String(background90) | SubString(Skin.String(background90),special://skin)">http://i.imgur.com/kGsFLx9.jpg</value>
	<value condition="Skin.String(background90)">$INFO[Skin.String(background90)]</value>
  </variable>
  <variable name="background91">
    <value condition="!Skin.String(background91) | SubString(Skin.String(background91),special://skin)">http://i.imgur.com/bo6oRuY.jpg</value>
	<value condition="Skin.String(background91)">$INFO[Skin.String(background91)]</value>
  </variable>
  <variable name="background92">
    <value condition="!Skin.String(background92) | SubString(Skin.String(background92),special://skin)">http://i.imgur.com/DKkCOaq.jpg</value>
	<value condition="Skin.String(background92)">$INFO[Skin.String(background92)]</value>
  </variable>
  <variable name="background93">
    <value condition="!Skin.String(background93) | SubString(Skin.String(background93),special://skin)">special://home/addons/plugin.video.featherence.kids/fanart.jpg</value>
	<value condition="Skin.String(background93)">$INFO[Skin.String(background93)]</value>
  </variable>
  <variable name="background94">
    <value condition="!Skin.String(background94) | SubString(Skin.String(background94),special://skin)">special://home/addons/plugin.video.featherence.music/fanart.jpg</value>
	<value condition="Skin.String(background94)">$INFO[Skin.String(background94)]</value>
  </variable>
  <variable name="background95">
    <value condition="!Skin.String(background95) | SubString(Skin.String(background95),special://skin)">http://i.imgur.com/dzMGjSz.jpg</value>
	<value condition="Skin.String(background95)">$INFO[Skin.String(background95)]</value>
  </variable>
  <variable name="background96">
    <value condition="Window.IsVisible(MyPics.xml) + !IsEmpty(ListItem.Thumb)">$INFO[ListItem.Thumb]</value>
	<value condition="!Skin.String(background96) | SubString(Skin.String(background96),special://skin)">http://i.imgur.com/XrqSil9.jpg</value>
	<value condition="Skin.String(background96)">$INFO[Skin.String(background96)]</value>
  </variable>
  <variable name="background97">
    <value condition="!Skin.HasSetting(wbackground97) | Window.IsVisible(MyWeather.xml)">special://skin/extras/resource.images.weatherfanart.single/resources/$INFO[Weather.FanartCode].jpg</value>
	<value condition="!Skin.String(background97) | SubString(Skin.String(background97),special://skin)">http://i.imgur.com/9LRnEqg.jpg</value>
	<value condition="Skin.String(background97)">$INFO[Skin.String(background97)]</value>
  </variable>
  <variable name="background98">
	<value condition="!Skin.String(background98) | SubString(Skin.String(background98),special://skin)">http://i.imgur.com/HMkK5Ou.jpg</value>
	<value condition="Skin.String(background98)">$INFO[Skin.String(background98)]</value>
  </variable>
  <variable name="background99">
    <value condition="!Skin.String(background99) | SubString(Skin.String(background99),special://skin)">special://home/addons/plugin.video.featherence.docu/fanart.jpg</value>
	<value condition="Skin.String(background99)">$INFO[Skin.String(background99)]</value>
  </variable>
  <variable name="background100">
    <value condition="!Skin.String(background100) | SubString(Skin.String(background100),special://skin)">http://i.imgur.com/iNEBSuC.jpg</value>
	<value condition="Skin.String(background100)">$INFO[Skin.String(background100)]</value>
  </variable>
  <variable name="background101">
    <value condition="!Skin.String(background101) | SubString(Skin.String(background101),special://skin)">http://i.imgur.com/OGxTBvt.jpg</value>
	<value condition="Skin.String(background101)">$INFO[Skin.String(background101)]</value>
  </variable>
</includes>
