<?xml version="1.0" encoding="UTF-8"?>
<window>
  <defaultcontrol always="false">9000</defaultcontrol>
  <onload condition="!IsEmpty(Window(home).Property(ReloadSkin))">ClearProperty(ReloadSkin,home)</onload>
  <include>ReloadSkin_Check</include>
  <onload description="SideMenu" condition="!IsEmpty(Window(home).Property(ViewsSettings))">ClearProperty(ViewsSettings,home)</onload>
  <!--<onunload>SetProperty(HomeLastPos,$INFO[Container(9000).Position],home)</onunload>
  <onunload>SetProperty(HomeLastPos2,$INFO[Container(9000).CurrentPage],home)</onunload>-->
  
  <!--<onload condition="IntegerGreaterThan(Window(home).Property(HomeLastPos2),1)">Action(PageDown)</onload>
  <onload condition="IntegerGreaterThan(Window(home).Property(HomeLastPos2),2)">Action(PageDown)</onload>
  <onload condition="IntegerGreaterThan(Window(home).Property(HomeLastPos2),3)">Action(PageDown)</onload>
  <onload condition="IntegerGreaterThan(Window(home).Property(HomeLastPos2),4)">Action(PageDown)</onload>
  <onload condition="IntegerGreaterThan(Window(home).Property(HomeLastPos2),5)">Action(PageDown)</onload>
  <onload condition="!IsEmpty(Window(home).Property(HomeLastPos))">SetFocus(9000,$INFO[Window(home).Property(HomeLastPos)])</onload>-->
  <include>onunload_ClearProperty_MainMenu</include>
  <include>onunload_ClearProperty_SubMenu</include>
  <include>Fade6</include>
  <controls>
	<include>Backgrounds1</include>
	<include>Design_TopButtons</include>
	<include>Menu_Home</include>
	<include>Widget_Home</include>
	<include>TopVideoInformation</include>
	<include>TopInformation</include>
  </controls>
</window>