<!-- Featherence -->
<advancedsettings>
	<splash>false</splash>
	<loglevel>0</loglevel>
	<navigatevirtualkeyboard>true</navigatevirtualkeyboard>
    <video>
        <ignorepercentatend>3</ignorepercentatend>
        <ignoresecondsatstart>300</ignoresecondsatstart>
        <playcountminimumpercent>90</playcountminimumpercent>
        <subsdelayrange>200</subsdelayrange>
    </video>
    <audio>
        <resample>48000</resample>
        <streamsilence>1</streamsilence>
    </audio>
    <network>
        <buffermode>0</buffermode>
        <cachemembuffersize>0</cachemembuffersize>
        <curlclienttimeout>10</curlclienttimeout>
        <curllowspeedtime>5</curllowspeedtime>
		<disableipv6>true</disableipv6>
        <readbufferfactor>4.0</readbufferfactor>
    </network>
    <pvr>
        <cacheindvdplayer>true</cacheindvdplayer>
        <maxvideocachelevel>20</maxvideocachelevel>
        <minvideocachelevel>10</minvideocachelevel>
    </pvr>
    <samba>
        <clienttimeout>100</clienttimeout>
        <statfiles>false</statfiles>
    </samba>
    <enableairtunesdebuglog>false</enableairtunesdebuglog>
    <fanartres>720</fanartres>
    <gui>
        <algorithmdirtyregions>3</algorithmdirtyregions>
    </gui>
    <gui>
        <nofliptimeout>0</nofliptimeout>
    </gui>
    <imageres>480</imageres>
    <packagefoldersize>100</packagefoldersize>
    <playlistretries>10</playlistretries>
    <playlisttimeout>3</playlisttimeout>
    <showexitbutton>true</showexitbutton>
    <skiploopfilter>8</skiploopfilter>
    <useddsfanart>false</useddsfanart>
    <videoscanner>
        <ignoreerrors>true</ignoreerrors>
    </videoscanner>
</advancedsettings>