<?xml version="1.0" encoding="UTF-8" standalone="yes"?>
<addon id="plugin.video.featherence.kids" name="Featherence Kids" version="0.1.1" provider-name="finalmakerr">
  <requires>
    <import addon="xbmc.python" version="2.1.0"/>
	<import addon="plugin.video.youtube" version="5.1.0"/>
  </requires>
  <extension point="xbmc.python.pluginsource" library="default.py">
    <provides>video</provides>
  </extension>
  <extension point="xbmc.addon.metadata">
    <language>he</language>
	<platform>all</platform>
    <summary lang="en"></summary>
	<summary lang="he"></summary>
    <description lang="en"></description>
	<description lang="he"></description>
    <disclaimer lang="en">The author does not host or distribute any of the content displayed by this addon. The author does not have any affiliation with the content provider.</disclaimer>
	<forum></forum>
	<email>featherence@groups.facebook.com</email>
	<source></source>
	<website>https://www.facebook.com/groups/featherence/</website>
  </extension>
</addon>
