<?xml version="1.0" encoding="UTF-8" standalone="yes"?>
<addon id="script.featherence.service" name="Featherence Service" version="0.3.68" provider-name="finalmakerr">
  <requires>
	<import addon="xbmc.json" version="6.0.0"/>
	<import addon="xbmc.python" version="2.24.0"/>
  </requires>
  <extension point="xbmc.python.script" library="default.py"/>
  <extension point="xbmc.service" library="service.py" start="startup"/>
  <extension point="xbmc.addon.metadata">
	<platform>all</platform>
    <summary>Add-on for skins and video plugins to provide simple development</summary>
    <description>Add-on features can be used on any addon (with the right touch). Check Featherence Be-Creative for more information!</description>
    <disclaimer></disclaimer>
	<email>finalmakerr@gmail.com</email>
	<forum></forum>
	<source>https://github.com/finalmakerr/featherence/tree/master/master/script.featherence.service</source>
	<website>www.featherence.com</website>
  </extension>
</addon>