<?xml version="1.0" encoding="UTF-8"?>
<window type="dialog" id="1173">
  <defaultcontrol always="true">100</defaultcontrol>
  <allowoverlay>no</allowoverlay>
  <!--<include condition="!StringCompare(Window(home).Property(TEMP2),SKIP)">onunload_ClearProperty_MainMenu</include>
  <include condition="!StringCompare(Window(home).Property(TEMP2),SKIP)">onunload_ClearProperty_SubMenu</include>-->
  <controls>
      <control type="group">
	    <animation condition="System.IdleTime(40)" effect="Fade" start="100" end="40" time="220">Conditional</animation>
	    <include>MenuDesign_TopSettings</include>
		<include>MenuDesign_Settings</include>
		<visible>!Window.IsVisible(Custom1170.xml)</visible>
	  </control>
	<include>ScrollBar</include>
	<include>TopVideoInformation</include>
  </controls>
</window>
