<?xml version="1.0" encoding="UTF-8"?>
<window type="dialog" id="1139" description="תפריט משני_כפתורים">
  <defaultcontrol always="true">9005</defaultcontrol>
  <allowoverlay>yes</allowoverlay>
  <include>onload_CheckProperty_SubMenu</include>
  <include>onunload_ClearProperty_SubMenu</include>
  <controls>
    <control type="group">
	  <visible>IsEmpty(Window(home).Property(ReloadSkin))</visible>
	  <include>Slide6</include>
	  <include>MenuDesign_Center2</include>
	</control>
  </controls>
</window>
