﻿<?xml version="1.0" encoding="UTF-8" standalone="yes"?>
<addon id="plugin.program.featherence.emu" name="Featherence Emu" version="0.1.5" provider-name="finalmakerr, Angelscry">
  <requires>
    <import addon="xbmc.python" version="2.24.0"/>
    <import addon="script.module.simplejson" version="2.0.9"/>
  </requires>
  <extension point="xbmc.python.pluginsource" library="default.py">
    <provides>executable</provides>
  </extension>
  <extension point="xbmc.addon.metadata">
	<platform>all</platform>
	<summary lang="en">Nostalgia Games</summary>
	<summary lang="he">משחקי נוסטלגיה</summary>
    <description lang="en">Features:
- 10 Consoles of choice.
- Advanced customized settings in addon settings.
- Adult contents support.
- Auto generate of predifined CFG, DIFF and NVRAM Arcade's settings.
- Download any game directly! Over 1000 games are available!
- Dreamcast virtual memory setup.
- Fanart and Posters supports and are available as a download pack or per downloaded game.
- Full PS3 Joystick support in-Kodi and in-Game (In-Game key videos are available per each console).
- Games are categorized by number of possible players.
- Genre and Description support.
- High performance modules with improved quality.
- Multi-disks support.
- Search game by Title, Date, Platform, Publisher or Genre.
- Search trailer in YouTube.
- Smart self restore and update of contents.
    </description>
    <disclaimer lang="en">The author does not host or distribute any of the content displayed by this addon. The author does not have any affiliation with the content provider.</disclaimer>
	<forum>http://forum.kodi.tv/showthread.php?tid=304634</forum>
	<email>finalmakerr@gmail.com</email>
	<source>www.featherence.com</source>
	<website>www.featherence.com</website>
  </extension>
</addon>
