<?xml version="1.0" encoding="UTF-8"?>
<includes>
  <include name="MenuDesign_Widget" description="תפריט וידגט עליון">
    <control type="group">
	  <visible description="חלון בית/הגדרות">Window.IsVisible(Home.xml) | Window.IsVisible(CustomHomeCustomizer.xml)</visible>
	  <visible description="לא כפתור סרטים/סדרות">!Container(9000).HasFocus(340) + !Container(9000).HasFocus(341) + !Container(50).HasFocus(340) + !Container(50).HasFocus(341)</visible>
	  <visible description="שורה ראשונה בלבד">[Container(9000).Row(0) | Container(50).Row(0)] + [!Container(9000).HasPrevious() | !Container(50).HasPrevious()]</visible>
	  
	  <control type="panel" id="54" description="WidgetContent_54">
		<onup>520</onup>
		<include>SquareShortcutsCommons</include>
		<visible>[Container(9000).Position(4) | Container(50).Position(4)] | [[Container(9000).Position(3) | Container(50).Position(3)] + [SubString(Container(9000).ListItem(1).Label,$LOCALIZE[342]) | SubString(Container(50).ListItem(1).Label,$LOCALIZE[342]) | SubString(Container(9000).ListItem(1).Label,$LOCALIZE[20343]) | SubString(Container(50).ListItem(1).Label,$LOCALIZE[20343])]]</visible>
		<content>
		  <include>WidgetContent_54</include>
		</content>
	  </control>
	  
	  <control type="panel" id="53" description="WidgetContent_53">
		<onup>520</onup>
		
		<include>SquareShortcutsCommons</include>
		<visible>!Control.IsVisible(54)</visible>
		
		<visible>[Container(9000).Position(3) | Container(50).Position(3)] | [[Container(9000).Position(2) | Container(50).Position(2)] + [SubString(Container(9000).ListItem(1).Label,$LOCALIZE[342]) | SubString(Container(50).ListItem(1).Label,$LOCALIZE[342]) | SubString(Container(9000).ListItem(1).Label,$LOCALIZE[20343]) | SubString(Container(50).ListItem(1).Label,$LOCALIZE[20343])]]</visible>
		<content>
		  <include>WidgetContent_53</include>
		</content>
	  </control>
	  
	  <control type="panel" id="52" description="WidgetContent_52">
		<onup>520</onup>
		<include>SquareShortcutsCommons</include>
		<visible>!Control.IsVisible(54) + !Control.IsVisible(53)</visible>
		
		<visible>[Container(9000).Position(2) | Container(50).Position(2)] | [[Container(9000).Position(1) | Container(50).Position(1)] + [SubString(Container(9000).ListItem(1).Label,$LOCALIZE[342]) | SubString(Container(50).ListItem(1).Label,$LOCALIZE[342]) | SubString(Container(9000).ListItem(1).Label,$LOCALIZE[20343]) | SubString(Container(50).ListItem(1).Label,$LOCALIZE[20343])]] | [[Container(9000).Position(0) | Container(9000).Position(1) | Container(50).Position(0) | Container(50).Position(1)] + !Control.IsVisible(54) + !Control.IsVisible(53)]</visible>
		<content>
		  <include>SubContent_321</include>
		  
		</content>
	  </control>
	  
	</control>
  </include>
  
  <include name="SquareShortcutsCommons" description="מדף 3-5">
    <include>Fade20</include>
    <posx>40</posx>
    <posy>108</posy>
    <width>1920</width>
    <height>500</height>
    <orientation>horizontal</orientation>
    <scrolltime>400</scrolltime>
	<animation condition="Player.HasVideo" effect="zoom" end="40,40" center="950,568" time="700" reversible="false">Conditional</animation>
	<include>4ways2</include>
    <itemlayout height="368" width="368">
	  <control type="group">
		  <animation condition="!Container(313).Scrolling + Skin.HasSetting(background)" effect="fade" start="40" end="40">Conditonal</animation>
		  <animation condition="!Container(313).Scrolling + !Skin.HasSetting(background)" effect="fade" start="40" end="40">Conditonal</animation>
		  <control type="image" description="מסגרת">
			<posx>50</posx>
			<posy>80</posy>
			<width>270</width>
			<height>270</height>
			<texture border="30">buttons/ButtonEF.png</texture>
			<aspectratio>scale</aspectratio>
		  </control>
		  <control type="image" description="תמונה לא נבחר">
			<posx>50</posx>
			<posy>80</posy>
			<width>270</width>
			<height>270</height>
			<texture fallback="special://home/addons/script.featherence.service/resources/icons/help.png" background="false">$INFO[ListItem.Thumb]</texture>
			<aspectratio>scale</aspectratio>
		  </control>
		  <control type="label" description="שם">
			  <align>center</align>
			  <label>$INFO[ListItem.Label]</label> <!--[CR]$LOCALIZE[12391] $INFO[Container(311).ListItem(0).Property(runtime)]-->
			  <font>size28</font>
			  <height>30</height>
			  <posx>57</posx>
			  <posy>377</posy>
			  <textcolor>White2</textcolor>
			  <scroll>false</scroll>
			  <scrollspeed>1</scrollspeed>
			  <visible>!IsEmpty(ListItem.Label)</visible>
			  <width>265</width>
		  </control>
		  <control type="label">
			<posx>5</posx>
			<posy>170</posy>
			<width>345</width>
			<height>30</height>
			<font>size26</font>
			<textcolor>White2</textcolor>
			<label>$INFO[ListItem.label2]</label>
			<align>center</align>
		  </control>
		</control>
    </itemlayout>
    <focusedlayout height="368" width="368">
      <control type="group">
	    <control type="image" description="מסגרת">
			<posx>50</posx>
			<posy>80</posy>
			<width>270</width>
			<height>270</height>
			<texture border="30">buttons/ButtonEF.png</texture>
			<aspectratio>scale</aspectratio>
		</control>
        <control type="image" description="תמונה נבחר">
          <posx>50</posx>
          <posy>80</posy>
          <width>270</width>
          <height>270</height>
          <texture fallback="special://home/addons/script.featherence.service/resources/icons/help.png" background="false">$INFO[ListItem.Thumb]</texture>
          <aspectratio>scale</aspectratio>
        </control>
		<control type="image" description="סמן בחירה">
          <posx>50</posx>
          <posy>80</posy>
          <width>270</width>
          <height>270</height>
          <texture border="10">misc/frames/selector.png</texture>
		  <!--<texture border="10">misc/frames/generalslider.png</texture>-->
		  <visible>Skin.HasSetting(SelectionMarker)</visible>
        </control>
		<control type="label" description="שם">
		  <align>center</align>
		  <label>$INFO[ListItem.Label]</label> <!--[CR]$LOCALIZE[12391] $INFO[Container(311).ListItem(0).Property(runtime)]-->
		  <font>size28</font>
		  <height>30</height>
		  <posx>57</posx>
		  <posy>377</posy>
		  <textcolor>White2</textcolor>
		  <scroll>false</scroll>
		  <scrollspeed>1</scrollspeed>
		  <visible>!IsEmpty(ListItem.Label)</visible>
		  <width>265</width>
		</control>
		<control type="label">
          <posx>5</posx>
          <posy>170</posy>
          <width>345</width>
          <height>30</height>
		  <include>LabelC12</include>
          <label>$INFO[ListItem.Label2]</label>
        </control>
      </control>
    </focusedlayout>
  </include>

</includes>
