<?xml version="1.0" encoding="UTF-8" standalone="yes"?>
<addon id="skin.featherence" version="0.7.13" name="Featherence" provider-name="finalmakerr">
  <requires>
    <import addon="xbmc.gui" version="5.12.0"/>
	<import addon="script.featherence.service" version="0.2.14"/>
	<!--<import addon="resource.uisounds.featherence" version="0.0.1"/>-->
  </requires>
  <extension point="xbmc.gui.skin" debugging="false">
    <res width="1920" height="1080" aspect="16:9" default="true" folder="1080i"/>
  </extension>
  <extension point="xbmc.addon.metadata">
	<platform>all</platform>
	<summary lang="en">Featherence Skin</summary>
	<summary lang="he">פדרנס סקין</summary>
    <description lang="en">Features:
- 4 2D buttons effects: Bevel, Shadow, Overlay and Stroke effects are available across the entire skin.
- 8 Layouts: Panel/2/3, Horizontal/2/3, Vertical RTL/LTR.
- 6 Buttons shapes: Rectangles, Rectangles R10, Pillows, Hexagons, Circles, Triangles.
- 7 Views: Center List, Line, Poster, Small List, Side List, Side Wall and Wall.
  Most views have about 10 different settings to fit your preference.
- 11 AutoView setup: Movies, TV shows, Seasons, Episodes, Movies Sets, Actors, Genres, Years, Countries, Studios and Directors.
- 1:1 realtime home design capability. Customized is at the top level, superb easy and fun!
- Build creator: Allow to create your own build in a very unique way.
  Also used to save and load previously backups.
- Coloring: Everything can be colored exactly as you want, preview is included.
- DVD Cases: Support display of DVD cases and discs across the skin.
- ExtendedInfo support (Movies/TV/Seasons/Episodes/Actors/Directors/AutoComplete..)
- Fanart: Over 10 properties for fanarts! Including 2 layers of colors and textures.
- Integrated video screen and OSD: Keep watching your video while navigating on any window/view, Video player OSD included!
- Genres: 74 hard coded Genres images are insuring to always be seen in your prefered language.
- Mouse: Full mouse support across the skin.
- Multi Languages: Default buttons's labels may change to your current system language if you require.
  That's feature will work too when loading a shared build.
- Overlay: Up to 10 different values of overlay for any buttons/menus, preview is included.
- Reposition: Movement of objects maybe done automatic, aka RTL and LTR - simply depend on system language.
  Movment of home buttons in the skin design window are matching the current layout 1:1.
- Subtitles: The subtitles window display current and previously choosen subtitles, include a Smart Search button and even auto switch between hosts if required.
  Subtitle OSD show country language flag and can be used to offset subtitle.
- Touce Devices: Full support across the skin.
- Trailers buttons in click: Can be activated using mouse/touch from the widgets and any of the skin views.
- User customized media: Choose your favourite startup music, video and pictures slideshow music.
- Password Lock: Lock your prefered buttons with a password.
- Web browser: Launch your default OS internet browser from within Kodi.
- Widget: unwatched/recently added movies and inprogress/recently added TV shows (10/15/20 etc).
  Additionaly support: Play trailer or up to 20 random trailers, manual/auto refresh, random fanart from widgets..
- Customized Widget: Create up to 10 widgets for each button.
    </description>
	<description lang="he">מאפיינים:
- 4 אפקטי דו-מימד לכפתורים: שפוע, צל, שקופית ומסגור, זמינים בכל חלון במעטפת.
- 8 פריסות: פנל, אופש אנכי (שלוש גרסאות לכל אחת).
- 6 צורות לכפתורים: מלבנים, מלבנים R10, כריות, מעויינים, עיגולים ומשולשים.
- 7 תצוגות: רשימה מרכזית, רשימה אופקית, פוסטר, רשימה קטנה, רשימה צידית, קיר צד וקיר.
  לרוב התצוגות קיימות למעלה מ-10 הגדרות שונות להתאמה אישית.
- 11 תצוגות אוטומטיות: סרטים, סדרות, עונות, פרקים, מארזי סרטים, שחקנים, סגנונות, שנים, מדינות, סטודיו ובמאים.
- עיצוב מעטפת 1:1: התאמה אישית ברמה גבוהה, קלה ומהנה במיוחד!
- כלי ליצירת תצורות (Builds): מאפשר יצירת בילד בדרך ייחודית.
  בנוסף משמש לשמירה וטעינת גיבויים קודמים.
- צבעים: כל מה שרואים במעטפת ניתן לצביעה בדיוק כפי שבא לך, כולל תצוגה מקדימה.
- מארזי די-וי-די: תמיכה בתצוגת מארזי DVD ודיסקים מסתובבים בכל תצוגה במעטפת.
- תמיכה בהרחבה ExtendedInfo: סרטים, סדרות, עונות, פרקים, שחקנים, במאים והשלמה אוטומטית למקלדת וירטואלית.
- פאנארט: למעלה מ-10 אפשרויות לעיצוב פאנארט! כולל שתי שכבות של צבעים וטקסטורות.
- מסך וכפתורי וידאו מוטמעים: המשך לצפות בוידאו גם תוך כדי ניווט בכל חלון או תצוגה! כולל גישה נוחה לכפתורי הניגון.
- סגנונות: 74 תמונות של ז'אנרים מקודדים במעטפת ומבטיחים שתמיד יוצגו בשפה המעודפת עליך.
- עכבר: תמיכה מלאה בשימוש בעכבר במעטפת.
- תמיכה במגוון שפות: תוויות של כפתורי ברירת מחדל יכולים להשתנות בהתאם לשפת המערכת שלך, במקרה הצורך.
  תכונה זו פועלת גם כאשר טוענים בילד (Build) של אנשים אחרים.
- שקיפויות: למעלה מ-10 ערכים שונים לשליטה בשקיפויות של כפתורים, תצוגות ותפריטים שונים במעטפת, כולל תצוגה מקדימה.
- מיקום: הזזת פריטים נעשית באופן אוטומטי, למשל מימין לשמאל או משמאל לימין - בהתאם לשפת המערכת הנוכחית.
  שינוי מיקום של כפתורי הבית בחלון העיצוב תואמת 1:1 עם התצוגה האמיתית.
- תרגומים: חלון התרגומים מציג תרגום נוכחי והיסטוריית בחירה, מכיל כפתור חיפוש חכם ובנוסף מסוגל להחליף שרת תרגומים באופן אוטומטי ובמקרה הצורך.
  כפתור תרגום (בכפתורי הניגון) מציג שפה לפי דגל מדינה ומאפשר לתזמן תרגום באופן פשוט.
- מכשירי מגע: תמיכה מלאה.
- כפתורי קדימונים בקליק: זמינים דרך הו'ידגט ו-כלל תצוגות הוידאו. לשימוש בעזרת עכבר/מכשיר ט'אצ.
- מדיה אישית: בחר במוזיקה או/ו וידאו המעודף עליך בעת הפעלת הקודי. בנוסף ניתן לבחור מוזיקה בהפעלת מצגת תמונות.
- הגנת סיסמא: הגן על כפתורים רצויים באמצעות סיסמא.
- דפדפן: הפעל את הדפדפן במערכת ההפעלה שלך מתוך הקודי.
- ו'ידגט (קיר סרטים/סדרות): מכיל סרטים שלא נצפו/נוספו לאחרונה וסדרות בתהליך/נוספו לאחרונה (10/15/20 כל אחד).
  בנוסף תומך ב-: ניגון קדימון סרט או עד 20 קדימונים אקראיים מתוך הספרייה שלך, ריענון קיר ידני/אוטומטי, פאנארט אקראי מו'ידגט ועוד..
- ו'ידגט מותאם אישית: צור עד 10 כפתורי ו'ידגט לכל כפתור.
	</description>
    <disclaimer></disclaimer>
	<email>featherence@groups.facebook.com</email>
	<forum>http://forum.kodi.tv/showthread.php?tid=251726</forum>
	<source>https://github.com/finalmakerr/featherence/tree/master/master/skin.featherence/1080i</source>
	<website>https://www.facebook.com/groups/featherence/</website>
	<assets>
		<icon>resources/icon.png</icon>
		<fanart>resources/fanart.jpg</fanart>
		<screenshot>resources/screenshot-01.jpg</screenshot>
	</assets>
  </extension>
</addon>