<?xml version="1.0" encoding="UTF-8"?>
<includes>
  <variable name="11156label" description="">
    <value condition="![!Skin.HasSetting(ShowDVDCases) | Skin.HasSetting(ShowDVDCases2)]">0</value>
	<value condition="![!String.Contains(Container.FolderPath,plugin://plugin.video.youtube/)]">3</value>
	<value condition="![!Window.IsVisible(DialogAddonInfo.xml) + !Window.IsVisible(MyPics.xml) + !Window.IsVisible(FileBrowser.xml)]">4</value>
	<value condition="[String.IsEqual(Container.Viewmode,$LOCALIZE[31011])] + !Skin.HasSetting(ShowDVDCases2)">14</value>
	<value condition="[String.IsEqual(Container.Viewmode,$LOCALIZE[31013])] + Skin.HasSetting(ShowDVDCases)">5</value>
	<value condition="[String.IsEqual(Container.Viewmode,$LOCALIZE[31016])] + !Skin.HasSetting(ShowDVDCases)">15</value>
	<value condition="![ [ [ [String.IsEqual(Container.Viewmode,$LOCALIZE[31015])] | [String.IsEqual(Container.Viewmode,$LOCALIZE[31014])] ] + Skin.HasSetting(ShowDVDCases2) ] | ![String.IsEqual(Container.Viewmode,$LOCALIZE[31015])] + ![String.IsEqual(Container.Viewmode,$LOCALIZE[31014])] ]">6</value>
	<value condition="![Container.Content(tvshows) | Container.Content(seasons) | Container.Content(episodes) | Container.Content(movies)] + !Window.IsVisible(Home.xml)">7</value>
	<value condition="![ [!String.IsEmpty(ListItem.Rating) | !String.IsEmpty(Container.ListItemNoWrap(-3).Rating) | !String.IsEmpty(Container.ListItemNoWrap(-2).Rating) | !String.IsEmpty(Container.ListItemNoWrap(-1).Rating) | !String.IsEmpty(Container.ListItemNoWrap(1).Rating) | !String.IsEmpty(Container.ListItemNoWrap(2).Rating) | !String.IsEmpty(Container.ListItemNoWrap(3).Rating)] | Window.IsVisible(Home.xml) ] + !String.Contains(Container.FolderPath,videodb://)">8</value>
	<value condition="Window.IsVisible(Home.xml) + [String.IsEqual(Window(home).Property(Button.ID),97) + !Skin.String(widget317) | String.IsEqual(Window(home).Property(Button.ID),Skin.String(widget317))]">12</value>
  </variable>
  <variable name="BorderTexture">
    <value condition="String.IsEqual(ListItem.Label,..)">$VAR[VideoInformation2]</value>
	<value>buttons/ButtonA0.png</value>
  </variable>
  <variable name="InternetKeyboardButton">
    <value condition="String.Contains(Control.GetLabel(311),YouTube) | String.Contains(Control.GetLabel(311),Add URL)">YouTube</value>
	<value condition="String.Contains(Control.GetLabel(311),thumb) | String.Contains(Control.GetLabel(311),$LOCALIZE[20015])">Google</value>
	<value condition="String.Contains(Control.GetLabel(311),fanart) | String.Contains(Control.GetLabel(311),$LOCALIZE[20441])">Google</value>
	<value condition="Skin.HasSetting(Admin)">Google</value>
  </variable>
  <variable name="Button9090" description="כפתור קצה">
  	<value description="סרטים שנוספו לאחרונה" condition="Control.IsVisible(311) + !Skin.HasSetting(MoviesShelfWL)">$LOCALIZE[20386]</value>
	<value description="סרטים שלא נצפו" condition="Control.IsVisible(311) + Skin.HasSetting(MoviesShelfWL)">$LOCALIZE[31811]</value>
	<value description="פרקים שנוספו לאחרונה" condition="Control.IsVisible(312) + !Skin.HasSetting(TVShelf_Watchlist)">$LOCALIZE[20387]</value>
	<value description="סדרות בתהליך" condition="Control.IsVisible(312) + Skin.HasSetting(TVShelf_Watchlist)">$LOCALIZE[31813]</value>
  </variable>
  <variable name="Button9091" description="כפתור קצה">
  	<value condition="Control.IsVisible(311) + String.IsEmpty(Window(home).Property(Widget_Trailers))">$LOCALIZE[342]</value>
	<value condition="Control.IsVisible(311) + !String.IsEmpty(Window(home).Property(Widget_Trailers))">$LOCALIZE[31812]</value>
  </variable>
  <variable name="Button708" description="רקע אקראי לפי ו'ידגט">
	<value description="סרטים-כן" condition="[String.IsEqual(Window(home).Property(Button.ID),90) + !Skin.String(widget311) | String.IsEqual(Window(home).Property(Button.ID),Skin.String(widget311))] + Skin.HasSetting(wbackground90)">$LOCALIZE[106]</value>
	<value description="סרטים-לא" condition="[String.IsEqual(Window(home).Property(Button.ID),90) + !Skin.String(widget311) | String.IsEqual(Window(home).Property(Button.ID),Skin.String(widget311))] + !Skin.HasSetting(wbackground90)">$LOCALIZE[107]</value>
	<value description="סדרות-כן" condition="[String.IsEqual(Window(home).Property(Button.ID),91) + !Skin.String(widget312) | String.IsEqual(Window(home).Property(Button.ID),Skin.String(widget312))] + Skin.HasSetting(wbackground91)">$LOCALIZE[106]</value>
	<value description="סדרות-לא" condition="[String.IsEqual(Window(home).Property(Button.ID),91) + !Skin.String(widget312) | String.IsEqual(Window(home).Property(Button.ID),Skin.String(widget312))] + !Skin.HasSetting(wbackground91)">$LOCALIZE[107]</value>
	<value description="מזג אוויר-כן" condition="[String.IsEqual(Window(home).Property(Button.ID),97) + !Skin.String(widget317) | String.IsEqual(Window(home).Property(Button.ID),Skin.String(widget317))] + Skin.HasSetting(wbackground97)">$LOCALIZE[106]</value>
	<value description="מזג אוויר-לא" condition="[String.IsEqual(Window(home).Property(Button.ID),97) + !Skin.String(widget317) | String.IsEqual(Window(home).Property(Button.ID),Skin.String(widget317))] + !Skin.HasSetting(wbackground97)">$LOCALIZE[107]</value>
  </variable>
  <variable name="Button11300" description="InProgressBadge">
    <value condition="[Container.Content(TVShows) + Integer.IsGreater(ListItem.Property(WatchedEpisodes),0) + Integer.IsGreater(ListItem.Property(UnWatchedEpisodes),0)]">$INFO[ListItem.Property(UnwatchedEpisodes)]</value>
	<value condition="[Container.Content(Seasons) + Integer.IsGreater(ListItem.Property(UnWatchedEpisodes),0)]">$INFO[ListItem.Property(UnwatchedEpisodes)]</value>
	<!--<value condition="[Container.Content(Episodes) + Integer.IsGreater(ListItem.Property(UnWatchedEpisodes),0)]">$INFO[ListItem.Property(UnwatchedEpisodes)]</value>-->
	<value condition="[Container.Content(Episodes)] + !String.IsEmpty(Window(home).Property(ListItemUnWatchedEpisodes))">$INFO[Window(home).Property(ListItemUnWatchedEpisodes)]</value>
  </variable>
  <variable name="Button31" description="מדריך טלוויזיה/ערוצי טלוויזיה">
    <value description="ערוצי טלוויזיה" condition="Window.IsVisible(MyPVRChannels.xml)">$LOCALIZE[4]</value>
	<value description="מדריך טלוויזיה" condition="Window.IsVisible(MyPVRGuide.xml)">$LOCALIZE[19023]</value>
  </variable>
  <variable name="Button100" description="MoviesShelfWL">
    <value description="סרטים שלא נצפו" condition="Skin.HasSetting(MoviesShelfWL)">$LOCALIZE[31811]</value>
	<value description="סרטים שנוספו לאחרונה" condition="!Skin.HasSetting(MoviesShelfWL)">$LOCALIZE[20386]</value>
  </variable>
  
  <variable name="ShowClock">
    <value condition="!Skin.String(ShowClock) | Skin.String(ShowClock,0)">$INFO[System.Time] $INFO[System.Date]</value>
	<value condition="Skin.String(ShowClock,1)">$INFO[System.Time]</value>
	<value condition="Skin.String(ShowClock,2)">$INFO[System.Date]</value>
  </variable>
  
  <variable name="Button200" description="TVShelf_Watchlist">
    <value description="סדרות בתהליך" condition="Skin.HasSetting(TVShelf_Watchlist)">$LOCALIZE[31813]</value>
	<value description="פרקים שנוספו לאחרונה" condition="!Skin.HasSetting(TVShelf_Watchlist)">$LOCALIZE[20387]</value>
  </variable>  
  <variable name="MenuColor" description="עיצוב גוון">
    <value condition="Window.IsVisible(Custom1170.xml) + String.IsEqual(Window(home).Property(TEMP),MenuColor) + !String.IsEmpty(Window(home).Property(SelectedColor))" description="">$INFO[Window(home).Property(SelectedColor)]</value>
    <value condition="!Skin.String(MenuColor)" description="ברירת מחדל-payne's grey(100%)">ff40404f</value>
	<value condition="Skin.String(MenuColor)" description="מותאם אישי">$INFO[Skin.String(MenuColor)]</value>
  </variable>
  
  <variable name="VolumeBackgroundColor" description="רקע עוצמה">
    <value condition="Window.IsVisible(Custom1170.xml) + String.IsEqual(Window(home).Property(TEMP),VolumeBackgroundColor) + !String.IsEmpty(Window(home).Property(SelectedColor))" description="">$INFO[Window(home).Property(SelectedColor)]</value>
    <value condition="!Skin.String(VolumeBackgroundColor)" description="ברירת מחדל-smoky black">ff100c08</value>
	<value condition="Skin.String(VolumeBackgroundColor)" description="מותאם אישי">$INFO[Skin.String(VolumeBackgroundColor)]</value>
  </variable>
  
  <variable name="VolumeIconColor" description="סמל עוצמה">
    <value condition="Window.IsVisible(Custom1170.xml) + String.IsEqual(Window(home).Property(TEMP),VolumeIconColor) + !String.IsEmpty(Window(home).Property(SelectedColor))" description="">$INFO[Window(home).Property(SelectedColor)]</value>
    <value condition="!Skin.String(VolumeIconColor)" description="ברירת מחדל">white</value>
	<value condition="Skin.String(VolumeIconColor)" description="מותאם אישי">$INFO[Skin.String(VolumeIconColor)]</value>
  </variable>
  
  <variable name="DialogMenuColor" description="עיצוב גוון">
    <value condition="Window.IsVisible(Custom1170.xml) + String.IsEqual(Window(home).Property(TEMP),DialogMenuColor) + !String.IsEmpty(Window(home).Property(SelectedColor))" description="">$INFO[Window(home).Property(SelectedColor)]</value>
    <value condition="!Skin.String(DialogMenuColor)" description="ברירת מחדל-payne's grey(100%)">ff40404f</value>
	<value condition="Skin.String(DialogMenuColor)" description="מותאם אישי">$INFO[Skin.String(DialogMenuColor)]</value>
  </variable>
  
  <variable name="DialogFontTitleColor" description="צבע פונט כותרת">
    <value condition="Window.IsVisible(Custom1170.xml) + String.IsEqual(Window(home).Property(TEMP),DialogFontTitleColor) + !String.IsEmpty(Window(home).Property(SelectedColor))" description="">$INFO[Window(home).Property(SelectedColor)]</value>
    <value condition="!Skin.String(DialogFontTitleColor)" description="ברירת-מחדל">yellow</value>
	<value condition="Skin.String(DialogFontTitleColor)" description="מותאם אישי">$INFO[Skin.String(DialogFontTitleColor)]</value>
  </variable>
  
  <variable name="DialogFontColor" description="צבע פונט כותרת">
    <value condition="Window.IsVisible(Custom1170.xml) + String.IsEqual(Window(home).Property(TEMP),DialogFontColor) + !String.IsEmpty(Window(home).Property(SelectedColor))" description="">$INFO[Window(home).Property(SelectedColor)]</value>
    <value condition="!Skin.String(DialogFontColor)" description="ברירת-מחדל">white</value>
	<value condition="Skin.String(DialogFontColor)" description="מותאם אישי">$INFO[Skin.String(DialogFontColor)]</value>
  </variable>
  
  <variable name="ButtonsDesignColor" description="צבע כפתור בית">
    <value condition="Window.IsVisible(Custom1170.xml) + String.StartsWith(Window(home).Property(TEMP),color) + !String.IsEmpty(Window(home).Property(SelectedColor))" description="">buttons/colors/$INFO[Window(home).Property(SelectedColor)].png</value>
    <value condition="true" description="">buttons/colors/$INFO[ListItem.Property(color)].png</value>
  </variable>
  
  <variable name="MainBackgroundColor" description="בחירת צבע רקע תחתון">
    <value condition="Window.IsVisible(Custom1170.xml) + String.IsEqual(Window(home).Property(TEMP),MainBackgroundColor) + !String.IsEmpty(Window(home).Property(SelectedColor))" description="">$INFO[Window(home).Property(SelectedColor)]</value>
    <value condition="!Skin.String(MainBackgroundColor)" description="ברירת מחדל-white smoke(100%)">fff5f5f5</value>
	<value condition="Skin.String(MainBackgroundColor)" description="מותאם אישי">$INFO[Skin.String(MainBackgroundColor)]</value>
  </variable>
  <variable name="TopBackgroundColor" description="בחירת צבע רקע עליון">
    <value condition="Window.IsVisible(Custom1170.xml) + String.IsEqual(Window(home).Property(TEMP),TopBackgroundColor) + !String.IsEmpty(Window(home).Property(SelectedColor))" description="">$INFO[Window(home).Property(SelectedColor)]</value>
    <value condition="!Skin.String(TopBackgroundColor)" description="">00FFFFFF</value>
	<value condition="Skin.String(TopBackgroundColor)" description="מותאם אישי">$INFO[Skin.String(TopBackgroundColor)]</value>
  </variable>
  <variable name="TopInformationColor" description="בחירת צבע פס עליון">
    <value condition="Window.IsVisible(Custom1170.xml) + String.IsEqual(Window(home).Property(TEMP),TopInformationColor) + !String.IsEmpty(Window(home).Property(SelectedColor))" description="">$INFO[Window(home).Property(SelectedColor)]</value>
	<value condition="!Skin.String(TopInformationColor)" description="ברירת מחדל">ff100c08</value>
	<value condition="Skin.String(TopInformationColor)" description="מותאם אישי">$INFO[Skin.String(TopInformationColor)]</value>
  </variable>
  
  <variable name="TopInformationFontColor" description="בחירת צבע פס עליון">
    <value condition="Window.IsVisible(Custom1170.xml) + String.IsEqual(Window(home).Property(TEMP),TopInformationFontColor) + !String.IsEmpty(Window(home).Property(SelectedColor))" description="">$INFO[Window(home).Property(SelectedColor)]</value>
	<value condition="!Skin.String(TopInformationFontColor)" description="white">white</value>
	<value condition="Skin.String(TopInformationFontColor)" description="מותאם אישי">$INFO[Skin.String(TopInformationFontColor)]</value>
  </variable>
  
  <variable name="TopVideoInformationColor" description="בחירת צבע פרטי וידאו">
    <value condition="Window.IsVisible(Custom1170.xml) + String.IsEqual(Window(home).Property(TEMP),TopVideoInformationColor) + !String.IsEmpty(Window(home).Property(SelectedColor))" description="">$INFO[Window(home).Property(SelectedColor)]</value>
    <value condition="!Skin.String(TopVideoInformationColor)" description="ברירת מחדל">ff100c08</value>
	<value condition="Skin.String(TopVideoInformationColor)" description="מותאם אישי">$INFO[Skin.String(TopVideoInformationColor)]</value>
  </variable>
  
  <variable name="TopVideoInformationFontColor" description="בחירת צבע גופן פרטי וידאו">
    <value condition="Window.IsVisible(Custom1170.xml) + String.IsEqual(Window(home).Property(TEMP),TopVideoInformationFontColor) + !String.IsEmpty(Window(home).Property(SelectedColor))" description="">$INFO[Window(home).Property(SelectedColor)]</value>
    <value condition="!Skin.String(TopVideoInformationFontColor)" description="white">white</value>
	<value condition="Skin.String(TopVideoInformationFontColor)" description="מותאם אישי">$INFO[Skin.String(TopVideoInformationFontColor)]</value>
  </variable>
  
  <variable name="MouseColor" description="בחירת צבע עכבר">
    <value condition="Window.IsVisible(Custom1170.xml) + String.IsEqual(Window(home).Property(TEMP),MouseColor) + !String.IsEmpty(Window(home).Property(SelectedColor))" description="">$INFO[Window(home).Property(SelectedColor)]</value>
    <value condition="!Skin.String(MouseColor)" description="ברירת מחדל">FFFFFFFF</value>
	<value condition="Skin.String(MouseColor)" description="מותאם אישי">$INFO[Skin.String(MouseColor)]</value>
  </variable>
  
  <variable name="IconUnFocusColor" description="בחירת צבע סמל לא נבחר">
    <value condition="Window.IsVisible(Custom1170.xml) + String.IsEqual(Window(home).Property(TEMP),IconUnFocusColor) + !String.IsEmpty(Window(home).Property(SelectedColor))" description="">$INFO[Window(home).Property(SelectedColor)]</value>
	<value condition="!Skin.String(IconUnFocusColor)" description="ברירת מחדל">FFFFFFFF</value>
	<value condition="Skin.String(IconUnFocusColor)" description="מותאם אישי">$INFO[Skin.String(IconUnFocusColor)]</value>
  </variable>
  
  <variable name="IconFocusColor" description="בחירת צבע סמל נבחר">
    <!--Check if container 9020 have focus-->
    <value condition="[Window.IsVisible(Home.xml) | Window.IsVisible(CustomHomeCustomizer.xml)] + [Control.HasFocus(9020) | ControlGroup(9009).HasFocus() | !String.IsEmpty(Window(home).Property(WidgetButton.ID_))] + !Window.IsVisible(Custom1173.xml) + !Skin.String(IconUnFocusColor)" description="">FFFFFFFF</value>
	<value condition="[Window.IsVisible(Home.xml) | Window.IsVisible(CustomHomeCustomizer.xml)] + [Control.HasFocus(9020) | ControlGroup(9009).HasFocus() | !String.IsEmpty(Window(home).Property(WidgetButton.ID_))] + !Window.IsVisible(Custom1173.xml) + Skin.String(IconUnFocusColor)" description="">$INFO[Skin.String(IconUnFocusColor)]</value>
	
    <value condition="Window.IsVisible(Custom1170.xml) + String.IsEqual(Window(home).Property(TEMP),IconFocusColor) + !String.IsEmpty(Window(home).Property(SelectedColor))" description="">$INFO[Window(home).Property(SelectedColor)]</value>
    <value condition="!Skin.String(IconFocusColor)" description="ברירת מחדל-light yellow">fffffacd</value>
	<value condition="Skin.String(IconFocusColor)" description="מותאם אישי">$INFO[Skin.String(IconFocusColor)]</value>
  </variable>
  
  <variable name="IconFocusColorSP" description="בחירת צבע סמל נבחרSP">
    <!--Check if container 9000 have focus-->
    <value condition="!Control.HasFocus(9020) + !Skin.String(IconUnFocusColor)" description="">FFFFFFFF</value>
	<value condition="!Control.HasFocus(9020) + Skin.String(IconUnFocusColor)" description="">$INFO[Skin.String(IconUnFocusColor)]</value>
	
	<value condition="Window.IsVisible(Custom1170.xml) + String.IsEqual(Window(home).Property(TEMP),IconFocusColor) + !String.IsEmpty(Window(home).Property(SelectedColor))" description="">$INFO[Window(home).Property(SelectedColor)]</value>
    <value condition="!Skin.String(IconFocusColor)" description="ברירת מחדל-light yellow">fffffacd</value>
	<value condition="Skin.String(IconFocusColor)" description="מותאם אישי">$INFO[Skin.String(IconFocusColor)]</value>
  </variable>
  
  <variable name="ButtonUnFocusColor" description="בחירת צבע כפתורי תפריט לא נבחר">
    <value condition="Window.IsVisible(Custom1170.xml) + String.IsEqual(Window(home).Property(TEMP),ButtonUnFocusColor) + !String.IsEmpty(Window(home).Property(SelectedColor))" description="">$INFO[Window(home).Property(SelectedColor)]</value>
	<value condition="!Skin.String(ButtonUnFocusColor)" description="ברירת מחדל">ff40404f</value>
	<value condition="Skin.String(ButtonUnFocusColor)" description="מותאם אישי">$INFO[Skin.String(ButtonUnFocusColor)]</value>
  </variable>
  
  <variable name="ButtonFocusColor" description="בחירת צבע כפתורי תפריט נבחר">
    <value condition="Window.IsVisible(Custom1170.xml) + String.IsEqual(Window(home).Property(TEMP),ButtonFocusColor) + !String.IsEmpty(Window(home).Property(SelectedColor))" description="">$INFO[Window(home).Property(SelectedColor)]</value>
    <value condition="!Skin.String(ButtonFocusColor)" description="">ff4f4f98</value>
	<value condition="Skin.String(ButtonFocusColor)" description="מותאם אישי">$INFO[Skin.String(ButtonFocusColor)]</value>
  </variable>
  
  <variable name="SubMenuMarkColor" description="בחירת צבע סמן תת-תפריט">
    <value condition="Window.IsVisible(Custom1170.xml) + String.IsEqual(Window(home).Property(TEMP),SubMenuMarkColor) + !String.IsEmpty(Window(home).Property(SelectedColor))" description="">$INFO[Window(home).Property(SelectedColor)]</value>
    <value condition="!Skin.String(SubMenuMarkColor)" description="ברירת מחדל-payne's grey(100%)">ff40404f</value>
	<value condition="Skin.String(SubMenuMarkColor)" description="מותאם אישי">$INFO[Skin.String(SubMenuMarkColor)]</value>
  </variable>
  
  <variable name="KeyboardUnFocusColor" description="בחירת צבע מקלדת וירטואלית">
    <value condition="Window.IsVisible(Custom1170.xml) + String.IsEqual(Window(home).Property(TEMP),KeyboardUnFocusColor) + !String.IsEmpty(Window(home).Property(SelectedColor))" description="">$INFO[Window(home).Property(SelectedColor)]</value>
	<value condition="!Skin.String(KeyboardUnFocusColor)" description="ברירת מחדל-payne's grey(100%)">ff40404f</value>
	<value condition="Skin.String(KeyboardUnFocusColor)" description="מותאם אישי">$INFO[Skin.String(KeyboardUnFocusColor)]</value>
  </variable>
  
  <variable name="KeyboardFocusColor" description="בחירת צבע מקלדת וירטואלית">
    <value condition="[Window.IsVisible(Custom1170.xml) | Window.IsVisible(DialogKeyboard.xml)] + String.IsEqual(Window(home).Property(TEMP),KeyboardFocusColor) + !String.IsEmpty(Window(home).Property(SelectedColor))" description="">$INFO[Window(home).Property(SelectedColor)]</value>
	<value condition="!Skin.String(KeyboardFocusColor)" description="ברירת-מחדל">ff4f4f98</value>
	<value condition="Skin.String(KeyboardFocusColor)" description="מותאם אישי">$INFO[Skin.String(KeyboardFocusColor)]</value>
  </variable>
  
  <variable name="KeyboardBackgroundColor" description="בחירת צבע מקלדת וירטואלית">
    <value condition="Window.IsVisible(Custom1170.xml) + String.IsEqual(Window(home).Property(TEMP),KeyboardBackgroundColor) + !String.IsEmpty(Window(home).Property(SelectedColor))" description="">$INFO[Window(home).Property(SelectedColor)]</value>
	<value condition="!Skin.String(KeyboardBackgroundColor)" description="ברירת-מחדל">ff40404f</value>
	<value condition="Skin.String(KeyboardBackgroundColor)" description="מותאם אישי">$INFO[Skin.String(KeyboardBackgroundColor)]</value>
  </variable>
  
  <variable name="KeyboardEditColor" description="בחירת צבע מקלדת וירטואלית">
    <value condition="Window.IsVisible(Custom1170.xml) + String.IsEqual(Window(home).Property(TEMP),KeyboardEditColor) + !String.IsEmpty(Window(home).Property(SelectedColor))" description="">$INFO[Window(home).Property(SelectedColor)]</value>
	<value condition="!Skin.String(KeyboardEditColor)" description="ברירת-מחדל">ff96708f</value>
	<value condition="Skin.String(KeyboardEditColor)" description="מותאם אישי">$INFO[Skin.String(KeyboardEditColor)]</value>
  </variable>
  
  <variable name="KeyboardEditFontColor" description="צבע פונט טקסט במקלדת">
    <value condition="Window.IsVisible(Custom1170.xml) + String.IsEqual(Window(home).Property(TEMP),KeyboardEditFontColor) + !String.IsEmpty(Window(home).Property(SelectedColor))" description="">$INFO[Window(home).Property(SelectedColor)]</value>
	<value condition="!Skin.String(KeyboardEditFontColor)" description="ברירת-מחדל">white2</value>
	<value condition="Skin.String(KeyboardEditFontColor)" description="מותאם אישי">$INFO[Skin.String(KeyboardEditFontColor)]</value>
  </variable>
  
  <variable name="KeyboardFontTitleColor" description="צבע פונט כותרת במקלדת">
    <value condition="Window.IsVisible(Custom1170.xml) + String.IsEqual(Window(home).Property(TEMP),KeyboardFontTitleColor) + !String.IsEmpty(Window(home).Property(SelectedColor))" description="">$INFO[Window(home).Property(SelectedColor)]</value>
	<value condition="!Skin.String(KeyboardFontTitleColor)" description="ברירת-מחדל">yellow</value>
	<value condition="Skin.String(KeyboardFontTitleColor)" description="מותאם אישי">$INFO[Skin.String(KeyboardFontTitleColor)]</value>
  </variable>
  
  <variable name="WidgetUnFocusFontColor" description="צבע פונט ו'ידגט לא נבחר">
    <value condition="Window.IsVisible(Custom1170.xml) + String.IsEqual(Window(home).Property(TEMP),WidgetUnFocusFontColor) + !String.IsEmpty(Window(home).Property(SelectedColor))" description="">$INFO[Window(home).Property(SelectedColor)]</value>
	<value condition="!Skin.String(WidgetUnFocusFontColor)" description="ברירת-מחדל">white2</value>
	<value condition="Skin.String(WidgetUnFocusFontColor)" description="מותאם אישי">$INFO[Skin.String(WidgetUnFocusFontColor)]</value>
  </variable>
  
  <variable name="WidgetFocusFontColor" description="צבע פונט ו'ידגט נבחר">
    <value condition="Window.IsVisible(Custom1170.xml) + String.IsEqual(Window(home).Property(TEMP),WidgetFocusFontColor) + !String.IsEmpty(Window(home).Property(SelectedColor))" description="">$INFO[Window(home).Property(SelectedColor)]</value>
	<value condition="!Skin.String(WidgetFocusFontColor)" description="ברירת-מחדל">yellow</value>
	<value condition="Skin.String(WidgetFocusFontColor)" description="מותאם אישי">$INFO[Skin.String(WidgetFocusFontColor)]</value>
  </variable>
  
  <variable name="SelectedFrameColor" description="בחירת צבע (מסגרת בחירה)">
    <value condition="Window.IsVisible(Custom1170.xml) + String.IsEqual(Window(home).Property(TEMP),SelectedFrameColor) + !String.IsEmpty(Window(home).Property(SelectedColor))" description="">$INFO[Window(home).Property(SelectedColor)]</value>
    <value condition="!Skin.String(SelectedFrameColor)" description="light blue">ff9697cb</value>
	<value condition="Skin.String(SelectedFrameColor)" description="מותאם אישי">$INFO[Skin.String(SelectedFrameColor)]</value>
  </variable>
  
  <variable name="ChannelGroupName" description="PVR">
	<value condition="!String.IsEmpty(ListItem.ChannelGroup)">$INFO[ListItem.ChannelGroup]</value>
	<value condition="!String.IsEmpty(Container.FolderName)">$INFO[Container.FolderName]</value>
  </variable>
  <variable name="DialogVideoInfoText" description="פרטי וידאו-טקסט לכפתורים">
    <value description="נגן וידאו" condition="Control.HasFocus(80) + !Container.Content(TVShows)">$LOCALIZE[208] $LOCALIZE[291]</value>
	<value description="בחירת סדרה:" condition="Control.HasFocus(8) + Container.Content(TVShows)">$LOCALIZE[20356]</value>
	<value description="נגן קדימון" condition="Control.HasFocus(11) | Control.HasFocus(7120)">$LOCALIZE[208] $LOCALIZE[20410]</value>
	<value description="חיפוש קדימון" condition="Control.HasFocus(7140)">$LOCALIZE[137] $LOCALIZE[20410]</value>
	<value description="רענן פרטים" condition="Control.HasFocus(6)">$LOCALIZE[184] $LOCALIZE[33029]</value>
	<value description="החלף תמונה / רקע" condition="Control.HasFocus(10)">$LOCALIZE[31815]</value>
	<value description="מידע במאי" condition="Control.HasFocus(7141)">$LOCALIZE[31413]</value>
	<value description="דרג" condition="Control.HasFocus(14)">Rate</value>
	<value description="סרטים נוספים של כותב זה" condition="Control.HasFocus(15)">$LOCALIZE[31135]</value>
	<value description="עוד..." condition="Control.HasFocus(26)">$LOCALIZE[22082]</value>
	<value description="יציאה" condition="Control.HasFocus(27)">$LOCALIZE[13012]</value>
  </variable>
  <variable name="DirectorButton" description="סרטים נוספים של הבמאי">
    <value condition="Control.HasFocus(7141) + String.IsEqual(System.Language,Hebrew) + !String.IsEmpty(ListItem.Director)">[COLOR yellow][B]$INFO[ListItem.Director][/B][/COLOR] [COLOR=white]$LOCALIZE[20339]:[/COLOR]</value>
	<value condition="Control.HasFocus(7141) + !String.IsEqual(System.Language,Hebrew) + !String.IsEmpty(ListItem.Director)">[COLOR=white]$LOCALIZE[20339]:[/COLOR] [COLOR yellow][B]$INFO[ListItem.Director][/B][/COLOR] </value>
	<value condition="String.IsEqual(System.Language,Hebrew) + !String.IsEmpty(ListItem.Director)">$INFO[ListItem.Director] [COLOR=white]$LOCALIZE[20339]:[/COLOR]</value>
	<value condition="!String.IsEqual(System.Language,Hebrew) + !String.IsEmpty(ListItem.Director)">[COLOR=white]$LOCALIZE[20339]:[/COLOR] $INFO[ListItem.Director]</value>
  </variable>
  <variable name="banner" description="פאנארט">
    <value condition="!String.IsEmpty(ListItem.Art(tvshow.banner))">$INFO[ListItem.Art(tvshow.banner)]</value>
	<value condition="!String.IsEmpty(ListItem.Art(season.banner))">$INFO[ListItem.Art(season.banner)]</value>
    <value condition="!String.IsEmpty(ListItem.Art(banner))">$INFO[ListItem.Art(banner)]</value>
  </variable>
  <variable name="Overlay" description="status">
	<value condition="VideoPlayer.IsFullscreen">overlay/OverlayWatched2.png</value>
	<value condition="Container.Content(Seasons) + Integer.IsGreater(ListItem.Property(WatchedEpisodes),0) + Integer.IsGreater(ListItem.Property(UnWatchedEpisodes),0)">overlay/OverlayWatched2.png</value>
	<value condition="Container.Content(TVShows) + Integer.IsGreater(ListItem.Property(WatchedEpisodes),1) + Integer.IsGreater(ListItem.Property(UnWatchedEpisodes),0)">overlay/OverlayWatched2.png</value>
    <value condition="ListItem.IsResumable">overlay/OverlayWatched2.png</value>
    <value condition="!String.IsEmpty(ListItem.Overlay)">$INFO[ListItem.Overlay,overlay/]</value>
  </variable>
  <variable name="Overlay2" description="status">
	<value condition="[Container.Content(TVShows) | Container.Content(Seasons)] + Integer.IsGreater(ListItem.Property(WatchedEpisodes),0) + Integer.IsLess(ListItem.Property(UnWatchedEpisodes),0)">overlay/OverlayWatched3.png</value>
	<value condition="String.IsEqual(ListItem.Overlay,OverlayWatched.png)">overlay/OverlayWatched3.png</value>
	<value condition="ListItem.IsResumable"></value>
    <value condition="!String.IsEmpty(ListItem.Overlay)">$INFO[ListItem.Overlay,overlay/]</value>
  </variable>
  <variable name="MainBackgroundTexture">
	<value condition="!Skin.String(MainBackgroundTexture)">backgrounds/BackgroundTexture5.png</value>
	<value condition="Skin.String(MainBackgroundTexture,1)">backgrounds/BackgroundTexture.png</value>
	<value condition="Skin.String(MainBackgroundTexture,2)">backgrounds/BackgroundTexture2.png</value>
	<value condition="Skin.String(MainBackgroundTexture,3)">backgrounds/BackgroundTexture3.png</value>
	<value condition="Skin.String(MainBackgroundTexture,4)">backgrounds/BackgroundTexture4.png</value>
	<value condition="Skin.String(MainBackgroundTexture,5)">backgrounds/BackgroundTexture5.png</value>
  </variable>
  <variable name="TopBackgroundTexture">
	<value condition="!Skin.String(TopBackgroundTexture)"></value>
	<value condition="Skin.String(TopBackgroundTexture,1)">backgrounds/BackgroundTexture.png</value>
	<value condition="Skin.String(TopBackgroundTexture,2)">backgrounds/BackgroundTexture2.png</value>
	<value condition="Skin.String(TopBackgroundTexture,3)">backgrounds/BackgroundTexture3.png</value>
	<value condition="Skin.String(TopBackgroundTexture,4)">backgrounds/BackgroundTexture4.png</value>
	<value condition="Skin.String(TopBackgroundTexture,5)">backgrounds/BackgroundTexture5.png</value>
  </variable>
  <variable name="VideoInformation1" description="עונה/פרק/וידאו/סינון">
	<value condition="Container.Content(Seasons) + !String.IsEmpty(ListItem.Season)">$LOCALIZE[20373] $INFO[ListItem.Season]</value>
	<value condition="Container.Content(Seasons) + !String.IsEmpty(ListItem.Label)">$INFO[ListItem.Label]</value>
	<value condition="!String.IsEmpty(ListItem.Episode) + Container.Content(Episodes) + !String.IsEmpty(ListItem.Season) + !String.IsEmpty(ListItem.TVShowTitle) + [String.IsEqual(Container.Viewmode,$LOCALIZE[31012])]">$LOCALIZE[20359] $INFO[ListItem.Episode]</value>
	<value condition="String.IsEqual(Container.FolderPath,videodb://movies/genres/) | String.IsEqual(Container.FolderPath,videodb://tvshows/genres/)">$VAR[GenreLabel]</value>
	<value description="Popcorn Time" condition="String.IsEqual(Container.FolderPath,plugin://plugin.video.kodipopcorntime/?action=genres_movies&endpoint=folders&mediaType=movies) | String.IsEqual(Container.FolderPath,plugin://plugin.video.kodipopcorntime/?action=genres_TV-shows&endpoint=folders&mediaType=movies)">$VAR[GenreLabel]</value>
	<value description="Exodus" condition="String.IsEqual(Container.FolderPath,plugin://plugin.video.exodus/?action=movieGenres) | String.IsEqual(Container.FolderPath,plugin://plugin.video.exodus/?action=tvGenres)">$VAR[GenreLabel]</value>
	<value condition="!String.IsEmpty(ListItem.Label)">$INFO[ListItem.Label]</value>
	<value>...</value>
  </variable> 
  <variable name="VideoInformation2" description="עונה/פרק/וידאו">
	<value condition="String.Contains(ListItem.Label,Next page) | String.Contains(ListItem.Label,$LOCALIZE[33078])">DefaultVideo2.png</value>
	<value description="Popcorn Time" condition="String.IsEqual(Container.FolderPath,plugin://plugin.video.kodipopcorntime/?action=genres_movies&endpoint=folders&mediaType=movies) | String.IsEqual(Container.FolderPath,plugin://plugin.video.kodipopcorntime/?action=genres_TV-shows&endpoint=folders&mediaType=movies)">$VAR[GenrePic]</value>
	<value description="Library" condition="String.IsEqual(Container.FolderPath,videodb://movies/genres/) | String.IsEqual(Container.FolderPath,videodb://tvshows/genres/)">$VAR[GenrePic]</value>
	<value description="Exodus" condition="String.IsEqual(Container.FolderPath,plugin://plugin.video.exodus/?action=movieGenres) | String.IsEqual(Container.FolderPath,plugin://plugin.video.exodus/?action=tvGenres)">$VAR[GenrePic]</value>
	<value condition="!String.IsEmpty(ListItem.Icon)">$INFO[ListItem.Icon]</value>
	<value condition="!String.IsEmpty(ListItem.Art(poster))">$INFO[ListItem.Art(poster)]</value>
	<value condition="!String.IsEmpty(ListItem.Thumb)">$INFO[ListItem.Thumb]</value>
  </variable>
  <variable name="VideoInformation3" description="מידע צדדי (11153)">
	<value condition="!String.IsEmpty(ListItem.ChannelNumber) + !String.IsEmpty(ListItem.Progress)">$INFO[ListItem.ChannelNumber] $INFO[ListItem.Progress]</value>
	<value condition="!String.IsEmpty(ListItem.ChannelNumber)">$INFO[ListItem.ChannelNumber]</value>
	<value condition="Window.IsVisible(MyPics.xml) + !String.IsEmpty(ListItem.FileExtension)">$INFO[ListItem.FileExtension]</value>
	<value condition="!String.IsEmpty(ListItem.Label2) + !String.IsEqual(ListItem.Label2,0 B) + !Window.IsVisible(MyVideoNav.xml)">$INFO[ListItem.Label2]</value>
  </variable>
  <variable name="VideoInformation4">
	<value condition="Integer.IsGreater(ListItem.Property(TotalSeasons),1) + [Container.Content(tvshows)]">$INFO[ListItem.Property(TotalSeasons)] $LOCALIZE[33054]</value>
	<value condition="Integer.IsGreater(Control.GetLabel(1109),0) + !String.IsEmpty(Control.GetLabel(1109)) + !String.Contains(ListItem.path,videodb://movies/sets/) + [!String.IsEmpty(ListItem.Duration) | !String.IsEmpty(ListItem.Property(runtime))]">$VAR[VideoInHours]h</value>
	<value condition="Integer.IsGreater(Control.GetLabel(1110),0) + !String.IsEmpty(Control.GetLabel(1110)) + !String.Contains(ListItem.path,videodb://movies/sets/) + [!String.IsEmpty(ListItem.Duration) | !String.IsEmpty(ListItem.Property(runtime))]">$VAR[VideoInMins]m</value>
	<value condition="Window.IsVisible(MyPics.xml) + !String.IsEmpty(ListItem.Size)">$INFO[ListItem.Size]</value>
  </variable>
  <variable name="VideoInformation5">
    <value condition="!String.IsEmpty(ListItem.Genre)">$INFO[ListItem.Genre]</value>
	<value condition="!String.IsEmpty(ListItem.Size) + !String.Contains(ListItem.Size,0 B)">$INFO[ListItem.Size]</value>
  </variable>
  <variable name="PhotoInformation1" description="סמל תמונה/תיקייה">
	<value condition="!ListItem.IsFolder + !String.IsEmpty(ListItem.PicturePath)">special://home/addons/script.featherence.service/resources/icons/pictures.png</value>
	<value condition="ListItem.IsFolder">special://home/addons/script.featherence.service/resources/icons/folder.png</value>
	<!--<value condition="!String.IsEmpty(ListItem.VideoResolution) | !String.IsEmpty(ListItem.VideoCodec) | !String.IsEmpty(ListItem.VideoAspect) | String.IsEqual(ListItem.FileExtension,mp4) | String.IsEqual(ListItem.FileExtension,flv) | String.IsEqual(ListItem.FileExtension,mov) | String.IsEqual(ListItem.FileExtension,MOV) | String.IsEqual(ListItem.FileExtension,MP4) | String.IsEqual(ListItem.FileExtension,Mov) | String.IsEqual(ListItem.FileExtension,avi) | String.IsEqual(ListItem.FileExtension,AVI) | String.IsEqual(ListItem.FileExtension,mkv) | String.IsEqual(ListItem.FileExtension,m4v)">special://home/addons/script.featherence.service/resources/icons/videos.png</value>	-->
	<value condition="!ListItem.IsFolder + String.IsEmpty(ListItem.PicturePath)">special://home/addons/script.featherence.service/resources/icons/videos.png</value>	
  </variable>
  <variable name="PhotoInformation2" description="תאריך תמונה">
	<value condition="!String.IsEmpty(ListItem.PictureDate)">$INFO[ListItem.PictureDate]</value>
	<value condition="!String.IsEmpty(ListItem.Date)">[COLOR=red]$INFO[ListItem.Date][/COLOR]</value>
  </variable>
  <variable name="MusicInformation3" description="דירוג אודיו/יו-טיוב">
	<value condition="Integer.IsGreater(ListItem.Rating,218) | String.Contains(ListItem.Rating,5)">badges/rating/5+/5.0.png</value>
	<value condition="Integer.IsGreater(ListItem.Rating,167) | String.Contains(ListItem.Rating,4)">badges/rating/5+/4.0.png</value>
	<value condition="Integer.IsGreater(ListItem.Rating,113) | String.Contains(ListItem.Rating,3)">badges/rating/5+/3.0.png</value>
	<value condition="Integer.IsGreater(ListItem.Rating,49) | String.Contains(ListItem.Rating,2)">badges/rating/5+/2.0.png</value>
	<value condition="Integer.IsGreater(ListItem.Rating,1) | String.Contains(ListItem.Rating,1)">badges/rating/5+/1.0.png</value>
	<value condition="Integer.IsLess(ListItem.Rating,1) | String.Contains(ListItem.Rating,0)">badges/rating/5+/0.0.png</value>
  </variable>
  <variable name="MusicInformation5" description="פרטי אודיו">
	<value condition="!String.IsEmpty(ListItem.Property(Album_Description))">$INFO[ListItem.Property(Album_Description)]</value>		
    <value condition="!String.IsEmpty(ListItem.Property(Artist_Description))">$INFO[ListItem.Property(Artist_Description)]</value>  
	<value condition="!String.IsEmpty(ListItem.Plot)">$INFO[ListItem.Plot]</value>  
  </variable> 
  <variable name="AlignRtl" description="!@#">
    <value condition="String.IsEqual(System.Language,Hebrew)">right</value>
	<value condition="!String.IsEqual(System.Language,Hebrew)">left</value>
  </variable>
  <variable name="WeatherText">
    <value description="מצב תצוגה" condition="Control.HasFocus(121)">$LOCALIZE[240]</value>
	<value description="מיקום" condition="Control.HasFocus(122)">$LOCALIZE[35500]</value>
	<value description="רענון" condition="Control.HasFocus(128)">$LOCALIZE[184]</value>
	<value description="הגדרות" condition="Control.HasFocus(129)">$LOCALIZE[1390]</value>
  </variable>
  <variable name="WeatherIconPath">
    <value description="ברירת מחדל" condition="!Skin.String(WeatherIcons)">special://home/addons/resource.images.weathericons.outline/resources/$INFO[ListItem.Property(FanartCode)].png</value>
	<value description="White" condition="Skin.String(WeatherIcons,0)">special://home/addons/resource.images.weathericons.white/resources/$INFO[ListItem.Property(FanartCode)].png</value>
	<value description="Transparent" condition="Skin.String(WeatherIcons,1)">special://home/addons/resource.images.weathericons.transparent/resources/$INFO[ListItem.Property(FanartCode)].png</value>
	<value description="Outline" condition="Skin.String(WeatherIcons,2)">special://home/addons/resource.images.weathericons.outline/resources/$INFO[ListItem.Property(FanartCode)].png</value>
	<value description="Flat" condition="Skin.String(WeatherIcons,3)">special://home/addons/resource.images.weathericons.flat/resources/$INFO[ListItem.Property(FanartCode)].png</value>
	<value description="Grey" condition="Skin.String(WeatherIcons,4)">special://home/addons/resource.images.weathericons.grey/resources/$INFO[ListItem.Property(FanartCode)].png</value>
	<value description="Coloured" condition="Skin.String(WeatherIcons,5)">special://home/addons/resource.images.weathericons.coloured/resources/$INFO[ListItem.Property(FanartCode)].png</value>
	<value description="Animated" condition="Skin.String(WeatherIcons,6)">special://home/addons/resource.images.weathericons.animated/resources/$INFO[ListItem.Property(FanartCode)].png</value>
	<value description="3D-White" condition="Skin.String(WeatherIcons,7)">special://home/addons/resource.images.weathericons.3d-white/resources/$INFO[ListItem.Property(FanartCode)].png</value>
	<value description="ED-Coloured" condition="Skin.String(WeatherIcons,8)">special://home/addons/resource.images.weathericons.ed-coloured/resources/$INFO[ListItem.Property(FanartCode)].png</value>
  </variable>
  <variable name="writerthumb">
	  <value condition="!String.Contains(ListItem.Writer,/)">http://localhost:52307/getthumb&amp;title=$INFO[Listitem.Writer]</value>
	  <value>DefaultActor2.png</value>
  </variable>
  <variable name="getcastcontents">
    <value condition="Container.Content(tvshows)">plugin://script.skin.helper.service/?action=getcast&amp;tvshow=$INFO[ListItem.Title]&amp;downloadthumbs=true</value>
    <value condition="">plugin://script.skin.helper.service/?action=getcast&amp;movie=$INFO[ListItem.Title]&amp;downloadthumbs=true</value>
  </variable>
  <variable name="TopVideoInformation1112a">
    <value condition="Integer.IsGreater(ListItem.Property(TotalSeasons),1) + [Container.Content(tvshows)]">$INFO[ListItem.Property(TotalSeasons)] </value>
  </variable>
  <variable name="TopVideoInformation1112b">
    <value condition="Integer.IsGreater(ListItem.Property(TotalSeasons),1) + [Container.Content(tvshows)]">$LOCALIZE[33054]</value>
  </variable>
  <variable name="fanartmv">
    <value condition="!String.IsEmpty(Player.Art(fanart))">$INFO[Player.Art(fanart)]</value>
    <value>special://skin/resources/fanart.jpg</value>
  </variable>
  <variable name="VideoInHours">
    <value description="N/A" condition="[!String.Contains(ListItem.Duration,:) + Integer.IsGreater(ListItem.Duration,285)] | [VideoPlayer.IsFullscreen + Integer.IsGreater(Player.Duration,17100)]">5</value>
	<value description="N/A" condition="[!String.Contains(ListItem.Duration,:) + Integer.IsGreater(ListItem.Duration,255)] | [VideoPlayer.IsFullscreen + Integer.IsGreater(Player.Duration,15300)]">4.5</value>
	<value description="N/A" condition="[!String.Contains(ListItem.Duration,:) + Integer.IsGreater(ListItem.Duration,225)] | [VideoPlayer.IsFullscreen + Integer.IsGreater(Player.Duration,13500)]">4</value>
	<value description="N/A" condition="[!String.Contains(ListItem.Duration,:) + Integer.IsGreater(ListItem.Duration,195)] | [VideoPlayer.IsFullscreen + Integer.IsGreater(Player.Duration,11700)]">3.5</value>
	<value description="N/A" condition="[!String.Contains(ListItem.Duration,:) + Integer.IsGreater(ListItem.Duration,165)] | [VideoPlayer.IsFullscreen + Integer.IsGreater(Player.Duration,9900)]">3</value>
	<value description="N/A" condition="[!String.Contains(ListItem.Duration,:) + Integer.IsGreater(ListItem.Duration,135)] | [VideoPlayer.IsFullscreen + Integer.IsGreater(Player.Duration,8100)]">2.5</value>
	<value description="N/A" condition="[!String.Contains(ListItem.Duration,:) + Integer.IsGreater(ListItem.Duration,105)] | [VideoPlayer.IsFullscreen + Integer.IsGreater(Player.Duration,6300)]">2</value>
    <value description="N/A" condition="[!String.Contains(ListItem.Duration,:) + Integer.IsGreater(ListItem.Duration,75)] | [VideoPlayer.IsFullscreen + Integer.IsGreater(Player.Duration,4500)]">1.5</value>
	<value description="N/A" condition="[!String.Contains(ListItem.Duration,:) + Integer.IsGreater(ListItem.Duration,55)] | [VideoPlayer.IsFullscreen + Integer.IsGreater(Player.Duration,3300)]">1</value>
	
	<value description="Widget" condition="[Control.IsVisible(311) + Integer.IsGreater(Container(311).ListItem(0).Property(runtime),285)] | [Control.IsVisible(312) + Integer.IsGreater(Container(312).ListItem(0).Property(runtime),285)]">5</value>
	<value description="Widget" condition="[Control.IsVisible(311) + Integer.IsGreater(Container(311).ListItem(0).Property(runtime),255)] | [Control.IsVisible(312) + Integer.IsGreater(Container(312).ListItem(0).Property(runtime),255)]">4.5</value>
	<value description="Widget" condition="[Control.IsVisible(311) + Integer.IsGreater(Container(311).ListItem(0).Property(runtime),225)] | [Control.IsVisible(312) + Integer.IsGreater(Container(312).ListItem(0).Property(runtime),225)]">4</value>
	<value description="Widget" condition="[Control.IsVisible(311) + Integer.IsGreater(Container(311).ListItem(0).Property(runtime),195)] | [Control.IsVisible(312) + Integer.IsGreater(Container(312).ListItem(0).Property(runtime),195)]">3.5</value>
	<value description="Widget" condition="[Control.IsVisible(311) + Integer.IsGreater(Container(311).ListItem(0).Property(runtime),165)] | [Control.IsVisible(312) + Integer.IsGreater(Container(312).ListItem(0).Property(runtime),165)]">3</value>
	<value description="Widget" condition="[Control.IsVisible(311) + Integer.IsGreater(Container(311).ListItem(0).Property(runtime),135)] | [Control.IsVisible(312) + Integer.IsGreater(Container(312).ListItem(0).Property(runtime),135)]">2.5</value>
	<value description="Widget" condition="[Control.IsVisible(311) + Integer.IsGreater(Container(311).ListItem(0).Property(runtime),105)] | [Control.IsVisible(312) + Integer.IsGreater(Container(312).ListItem(0).Property(runtime),105)]">2</value>
	<value description="Widget" condition="[Control.IsVisible(311) + Integer.IsGreater(Container(311).ListItem(0).Property(runtime),75)] | [Control.IsVisible(312) + Integer.IsGreater(Container(312).ListItem(0).Property(runtime),75)]">1.5</value>
	<value description="Widget" condition="[Control.IsVisible(311) + Integer.IsGreater(Container(311).ListItem(0).Property(runtime),55)] | [Control.IsVisible(312) + Integer.IsGreater(Container(312).ListItem(0).Property(runtime),55)]">1</value>
  </variable>
  <variable name="VideoInMins">
	<value description="N/A" condition="[!String.Contains(ListItem.Duration,:) + Integer.IsGreater(ListItem.Duration,47.5)] | [VideoPlayer.IsFullscreen + Integer.IsGreater(Player.Duration,2850)]">50</value>
	<value description="N/A" condition="[!String.Contains(ListItem.Duration,:) + Integer.IsGreater(ListItem.Duration,42.5)] | [VideoPlayer.IsFullscreen + Integer.IsGreater(Player.Duration,2550)]">45</value>
	<value description="N/A" condition="[!String.Contains(ListItem.Duration,:) + Integer.IsGreater(ListItem.Duration,37.5)] | [VideoPlayer.IsFullscreen + Integer.IsGreater(Player.Duration,2250)]">40</value>
	<value description="N/A" condition="[!String.Contains(ListItem.Duration,:) + Integer.IsGreater(ListItem.Duration,32.5)] | [VideoPlayer.IsFullscreen + Integer.IsGreater(Player.Duration,1950)]">35</value>
	<value description="N/A" condition="[!String.Contains(ListItem.Duration,:) + Integer.IsGreater(ListItem.Duration,27.5)] | [VideoPlayer.IsFullscreen + Integer.IsGreater(Player.Duration,1650)]">30</value>
	<value description="N/A" condition="[!String.Contains(ListItem.Duration,:) + Integer.IsGreater(ListItem.Duration,22.5)] | [VideoPlayer.IsFullscreen + Integer.IsGreater(Player.Duration,1350)]">25</value>
	<value description="N/A" condition="[!String.Contains(ListItem.Duration,:) + Integer.IsGreater(ListItem.Duration,17.5)] | [VideoPlayer.IsFullscreen + Integer.IsGreater(Player.Duration,1050)]">20</value>
	<value description="N/A" condition="[!String.Contains(ListItem.Duration,:) + Integer.IsGreater(ListItem.Duration,12.5)] | [VideoPlayer.IsFullscreen + Integer.IsGreater(Player.Duration,750)]">15</value>
	<value description="N/A" condition="[!String.Contains(ListItem.Duration,:) + Integer.IsGreater(ListItem.Duration,7.5)] | [VideoPlayer.IsFullscreen + Integer.IsGreater(Player.Duration,450)]">10</value>
	<value description="N/A" condition="[!String.Contains(ListItem.Duration,:) + Integer.IsGreater(ListItem.Duration,4.5)] | [VideoPlayer.IsFullscreen + Integer.IsGreater(Player.Duration,270)]">5</value>
	<value description="N/A" condition="[!String.Contains(ListItem.Duration,:) + Integer.IsGreater(ListItem.Duration,3.5)] | [VideoPlayer.IsFullscreen + Integer.IsGreater(Player.Duration,216)]">4</value>
	<value description="N/A" condition="[!String.Contains(ListItem.Duration,:) + Integer.IsGreater(ListItem.Duration,2.5)] | [VideoPlayer.IsFullscreen + Integer.IsGreater(Player.Duration,162)]">3</value>
	<value description="N/A" condition="[!String.Contains(ListItem.Duration,:) + Integer.IsGreater(ListItem.Duration,1.5)] | [VideoPlayer.IsFullscreen + Integer.IsGreater(Player.Duration,108)]">2</value>
	<value description="N/A" condition="[!String.Contains(ListItem.Duration,:) + Integer.IsGreater(ListItem.Duration,0.5)] | [VideoPlayer.IsFullscreen + Integer.IsGreater(Player.Duration,54)]">1</value>
	<value description="N/A" condition="[!String.Contains(ListItem.Duration,:) + Integer.IsLess(ListItem.Duration,0.5)] | [VideoPlayer.IsFullscreen + Integer.IsLess(Player.Duration,54)]">0</value>
	
	<value description="Widget" condition="[Control.IsVisible(311) + Integer.IsGreater(Container(311).ListItem(0).Property(runtime),47.5)] | [Control.IsVisible(312) + Integer.IsGreater(Container(312).ListItem(0).Property(runtime),47.5)]">50</value>
	<value description="Widget" condition="[Control.IsVisible(311) + Integer.IsGreater(Container(311).ListItem(0).Property(runtime),42.5)] | [Control.IsVisible(312) + Integer.IsGreater(Container(312).ListItem(0).Property(runtime),42.5)]">45</value>
	<value description="Widget" condition="[Control.IsVisible(311) + Integer.IsGreater(Container(311).ListItem(0).Property(runtime),37.5)] | [Control.IsVisible(312) + Integer.IsGreater(Container(312).ListItem(0).Property(runtime),37.5)]">40</value>
	<value description="Widget" condition="[Control.IsVisible(311) + Integer.IsGreater(Container(311).ListItem(0).Property(runtime),32.5)] | [Control.IsVisible(312) + Integer.IsGreater(Container(312).ListItem(0).Property(runtime),32.5)]">35</value>
	<value description="Widget" condition="[Control.IsVisible(311) + Integer.IsGreater(Container(311).ListItem(0).Property(runtime),27.5)] | [Control.IsVisible(312) + Integer.IsGreater(Container(312).ListItem(0).Property(runtime),27.5)]">30</value>
	<value description="Widget" condition="[Control.IsVisible(311) + Integer.IsGreater(Container(311).ListItem(0).Property(runtime),22.5)] | [Control.IsVisible(312) + Integer.IsGreater(Container(312).ListItem(0).Property(runtime),22.5)]">25</value>
	<value description="Widget" condition="[Control.IsVisible(311) + Integer.IsGreater(Container(311).ListItem(0).Property(runtime),17.5)] | [Control.IsVisible(312) + Integer.IsGreater(Container(312).ListItem(0).Property(runtime),17.5)]">20</value>
	<value description="Widget" condition="[Control.IsVisible(311) + Integer.IsGreater(Container(311).ListItem(0).Property(runtime),12.5)] | [Control.IsVisible(312) + Integer.IsGreater(Container(312).ListItem(0).Property(runtime),12.5)]">15</value>
	<value description="Widget" condition="[Control.IsVisible(311) + Integer.IsGreater(Container(311).ListItem(0).Property(runtime),7.5)] | [Control.IsVisible(312) + Integer.IsGreater(Container(312).ListItem(0).Property(runtime),7.5)]">10</value>
	<value description="Widget" condition="[Control.IsVisible(311) + Integer.IsGreater(Container(311).ListItem(0).Property(runtime),4.5)] | [Control.IsVisible(312) + Integer.IsGreater(Container(312).ListItem(0).Property(runtime),4.5)]">5</value>
	<value description="Widget" condition="[Control.IsVisible(311) + Integer.IsGreater(Container(311).ListItem(0).Property(runtime),3.5)] | [Control.IsVisible(312) + Integer.IsGreater(Container(312).ListItem(0).Property(runtime),3.5)]">4</value>
	<value description="Widget" condition="[Control.IsVisible(311) + Integer.IsGreater(Container(311).ListItem(0).Property(runtime),2.5)] | [Control.IsVisible(312) + Integer.IsGreater(Container(312).ListItem(0).Property(runtime),2.5)]">3</value>
	<value description="Widget" condition="[Control.IsVisible(311) + Integer.IsGreater(Container(311).ListItem(0).Property(runtime),1.5)] | [Control.IsVisible(312) + Integer.IsGreater(Container(312).ListItem(0).Property(runtime),1.5)]">2</value>
	<value description="Widget" condition="[Control.IsVisible(311) + Integer.IsGreater(Container(311).ListItem(0).Property(runtime),0.5)] | [Control.IsVisible(312) + Integer.IsGreater(Container(312).ListItem(0).Property(runtime),0.5)]">1</value>
	<value description="Widget" condition="[Control.IsVisible(311) + Integer.IsLess(Container(311).ListItem(0).Property(runtime),0.5)] | [Control.IsVisible(312) + Integer.IsLess(Container(312).ListItem(0).Property(runtime),0.5)]">0</value>
  </variable>
  
  <variable name="centermenu_color">
    <value condition="!String.Contains(ListItem.Property(id),_90) | Window.IsVisible(Home.xml)">yellow</value>
	<value condition="String.Contains(ListItem.Property(id),_90) + !Window.IsVisible(Home.xml)">grey</value>
  </variable>
  <variable name="VideoPlayerForwardRewindVar" description="(DialogSeekbar)">
	  <value condition="Player.Forwarding2x | Player.Rewinding2x">2x</value>
	  <value condition="Player.Forwarding4x | Player.Rewinding4x">4x</value>
	  <value condition="Player.Forwarding8x | Player.Rewinding8x">8x</value>
	  <value condition="Player.Forwarding16x | Player.Rewinding16x">16x</value>
	  <value condition="Player.Forwarding32x | Player.Rewinding32x">32x</value>
  </variable>
	<variable name="tips">
	  <value condition="String.IsEqual(Window(home).Property(tips),1)">[B]Featherence Support Team[/B][CR]Did you know?[CR]We are offering support for all of our addons.[CR]For support visit: www.featherence.com</value>
	  <value condition="String.IsEqual(Window(home).Property(tips),2)">[B]AutoView:[/B][CR]Did you know?[CR]You can force your preferred view for predefined categories such as: Movies/TVshows/Seasons/Episodes/Movies Set/Actors/Genre and more...</value>
	  <value condition="String.IsEqual(Window(home).Property(tips),3)">[B]Save/Load skin design:[/B][CR]Did you know?[CR]You can save your skin design and use that as backup or even share it with your friends.</value>
	  <value condition="String.IsEqual(Window(home).Property(tips),4)">[B]Coloring:[/B][CR]Did you know?[CR]You can color every piece of aspect in the skin.</value>
	  <value condition="String.IsEqual(Window(home).Property(tips),5)">[B]Resposition home buttons:[/B][CR]Did you know?[CR]You can easily move your buttons in the order you like.</value>
	  <value condition="String.IsEqual(Window(home).Property(tips),6)">[B]Sub Menu:[/B][CR]Did you know?[CR]You can activate sub menu for each button on your home screen.[CR]sub menu buttons are visible by the a small line at the top right button corner.</value>
	  <value condition="String.IsEqual(Window(home).Property(tips),7)">[B]Home views:[/B][CR]Did you know?[CR]You can change the home buttons position to panel/horizontal/vertical.</value>
	  <value condition="String.IsEqual(Window(home).Property(tips),8)">[B]Movies widget:[/B][CR]Did you know?[CR]You can easily access random unwatched movies in your library or recently added movies.[CR]You may also play trailers directly from the widget.</value>
	  <value condition="String.IsEqual(Window(home).Property(tips),9)">[B]TVshows widget:[/B][CR]Did you know?[CR]You can easily access your in progress TVshows or recently added episodes.[CR]You may also force refresh for triggering the next episode if needed.</value>
	  <value condition="String.IsEqual(Window(home).Property(tips),10)">[B]Share your ideas:[/B][CR]Would like to see something different?[CR]We want to hear you![CR]For requests visit us: www.featherence.com</value>
	  <value condition="String.IsEqual(Window(home).Property(tips),11)">[B]Featherence Service:[/B][CR]Did you know?[CR]You can open Featherence Service addon for using prebuilt tools.</value>
	  <value condition="String.IsEqual(Window(home).Property(tips),12)">[B]Internet:[/B][CR]Did you know?[CR]You can open your web browser or network settings using Featherence settings's tab.</value>
	  <value condition="String.IsEqual(Window(home).Property(tips),13)">[B]Wall / Posters views:[/B][CR]Did you know?[CR]You can adjust those views settings using the View Settings in the left menu.</value>
	  <value condition="String.IsEqual(Window(home).Property(tips),14)">[B]Movies/TVshows/Actors/Directors Information:[/B][CR]Did you know?[CR]You can view extra information for those using the movies/tvshows information window and selecting the director/actor/more button information.</value>
	  <value condition="String.IsEqual(Window(home).Property(tips),15)">[B]Date and Hours:[/B][CR]Did you know?[CR]You can change the dates and hours display to your like.</value>
	  <value condition="String.IsEqual(Window(home).Property(tips),16)">[B]Transperancy:[/B][CR]Did you know?[CR]You can adjust the transperancy for every piece of aspect in the skin.</value>
	  <value condition="String.IsEqual(Window(home).Property(tips),17)">[B]Music &amp; Video on startup:[/B][CR]Did you know?[CR]You can choose your favourite song and/or video to be launch on startup</value>
	  <value condition="String.IsEqual(Window(home).Property(tips),18)">[B]Align Plot[/B][CR]Did you know?[CR]You can adjust the plot align in the skin settings window.</value>
	  <value condition="String.IsEqual(Window(home).Property(tips),19)">[B]Rating method:[/B][CR]Did you know?[CR]You can tweak the rating method for videos/movies/tvshows in the skin settings window.</value>
	  <value condition="String.IsEqual(Window(home).Property(tips),20)">[B]Do you want to contribute?:[/B][CR]Want to start your way as developer?[CR]We welcome you to join us![CR]For joining the team send us an email to:[CR]featherence@groups.facebook.com[CR]Or visit our facebook group:[CR]https://www.facebook.com/groups/featherence</value>	  
	  <value condition="String.IsEqual(Window(home).Property(tips),21)">[B]Custom icons/backgrounds path:[/B][CR]Did you know?[CR]You can setup a custom path to be used when changing a button's icon / fanart.</value>
	  <value condition="String.IsEqual(Window(home).Property(tips),22)">[B]Reset icons/backgrounds to default:[/B][CR]Did you know?[CR]You can easily reset a specific button's icon/fanart.</value>
	  <value condition="String.IsEqual(Window(home).Property(tips),23)">[B]Main color:[/B][CR]Did you know?[CR]You can setup main color to be used across the entire skin.</value>
	  <value condition="String.IsEqual(Window(home).Property(tips),24)">[B]Disable Buttons:[/B][CR]Did you know?[CR]You can disable buttons to be hidden.[CR]The buttons will appear on the skin design window but may be hidden there too!</value>
	  <value condition="String.IsEqual(Window(home).Property(tips),25)">[B]Reposition Sub Buttons:[/B][CR]Did you know?[CR]You can instantly switch positions of sub buttons if there are more then two items.</value>
	  <value condition="String.IsEqual(Window(home).Property(tips),26)">[B]Video OSD extended:[/B][CR]Did you know?[CR]You can view extra buttons in the video OSD using the up key on the stop button.</value>
	  <value condition="String.IsEqual(Window(home).Property(tips),27)">[B]Subtitle button[/B][CR]Did you know?[CR]You can adjust the subtitle using the up/down arrows when standing on the subtitle button.[CR]You may also use the J / K buttons.</value>
	  <value condition="String.IsEqual(Window(home).Property(tips),28)">[B]Reset Design[/B][CR]Did you know?[CR]You can reset your skin design to default without effecting the buttons you have created or others skin settings - design only!</value>
	  <value condition="String.IsEqual(Window(home).Property(tips),29)">[B]Random Design[/B][CR]Did you know?[CR]You can randomize your skin design to see a wide range of options in no time.</value>
	  <value condition="String.IsEqual(Window(home).Property(tips),30)">[B]Have an idea for new addon?:[/B][CR]Is it that great?[CR]Come and share it with us![CR]send us an email to:[CR]featherence@groups.facebook.com[CR]Or visit our facebook group:[CR]https://www.facebook.com/groups/featherence</value>
	  
	  <value condition="String.IsEqual(Window(home).Property(tips),30)">[B]Password lock button:[/B][CR]Did you know?[CR]You can set a password for a button so it's be accessible for you only![CR]For more information visit our facebook group:[CR]https://www.facebook.com/groups/featherence</value>	  
	  <value condition="String.IsEqual(Window(home).Property(tips),31)">[B]Multi fanart:[/B][CR]Did you know?[CR]You can set a multi fanart for a button.</value>
	  <value condition="String.IsEqual(Window(home).Property(tips),32)">[B]Access Sub Menu in a different way:[/B][CR]Did you know?[CR]You can use the Sub Menu action option to open the sub menu by clicking the down arrow only!</value>
	  <value condition="String.IsEqual(Window(home).Property(tips),33)">[B]Big icons:[/B][CR]Did you know?[CR]You can enlarge your prefered icons to be match your prefered buttons shapes.</value>
	  <value condition="String.IsEqual(Window(home).Property(tips),34)">[B]Touch Screen support[/B][CR]Did you know?[CR]You can enable touch screen support for your touch devices![CR]For more information visit our facebook group:[CR]https://www.facebook.com/groups/featherence</value>
	  <value condition="String.IsEqual(Window(home).Property(tips),35)">[B]Reset default buttons names/icons:[/B][CR]Did you know?[CR]You can change the language of the default buttons by clicking on that option in the skin design window!</value>
	  <value condition="String.IsEqual(Window(home).Property(tips),36)">[B]Action and Thumbnail:[/B][CR]Did you know?[CR]You can setup this option in order to make any new action to appear with a label and icon instantly!</value>
	  <value condition="String.IsEqual(Window(home).Property(tips),37)">[B]Fanart-Sub Menu:[/B][CR]Did you know?[CR]You can setup each sub to be with it's own fanart!</value>
	  <value condition="String.IsEqual(Window(home).Property(tips),38)">[B]Fanart-Home Full Screen:[/B][CR]Did you know?[CR]You can setup your fanart for buttons to appear on the whole screen or just outside the buttons!</value>
	  <value condition="String.IsEqual(Window(home).Property(tips),39)">[B]Reshape Icons:[/B][CR]Did you know?[CR]You can reshape your custom icons to match the current button's shape!</value>
	  <value condition="String.IsEqual(Window(home).Property(tips),30)">[B]Menu Buttons 2D:[/B][CR]Did you know?[CR]You can setup the whole skin's buttons to appear in 2D mode!</value>
	</variable>
	<variable name="DialogSelectTitle">
	  <value condition="Control.IsVisible(3)">$INFO[Control.GetLabel(1)] ($INFO[Container(3).NumItems])</value>
	  <value condition="Control.IsVisible(6)">$INFO[Control.GetLabel(1)] ($INFO[Container(6).NumItems])</value>
	  <value condition="Control.IsVisible(3) + String.IsEmpty(Contol.GetLabel(1))">$ADDON[script.featherence.service 32423] ($INFO[Container(3).NumItems])</value>
	  <value condition="Control.IsVisible(6) + String.IsEmpty(Contol.GetLabel(1))">$ADDON[script.featherence.service 32423] ($INFO[Container(6).NumItems])</value>
	</variable>
	<variable name="ManualColor">
	  <value condition="!String.IsEmpty(Window(home).Property(SelectedColor))">$INFO[Window(home).Property(SelectedColor)]</value>
	  <value description="ידני" condition="Window.IsVisible(Custom1170.xml)">$LOCALIZE[413]</value>
	</variable>
	
	<variable name="CustomStartupImage">
	  <value condition="Skin.String(CustomStartupImage)">$INFO[Skin.String(CustomStartupImage)]</value>
	  <value condition="!Skin.String(CustomStartupImage)">special://skin/resources/fanart.jpg</value>
	</variable>
	
	<variable name="VolumeIcon">
	  <value condition="!Skin.String(VolumeIcon) + [Player.Muted | String.IsEqual(Player.Volume,-60.0 dB)]">images/speaker2.png</value>
	  <value condition="!Skin.String(VolumeIcon)">images/speaker.png</value>
	  <value condition="Skin.String(VolumeIcon)">$INFO[Skin.String(VolumeIcon)]</value>
	</variable>
	
	<variable name="MouseIcon_">
	  <value condition="!Skin.String(MouseIcon)">pointer/1.png</value>
	  <value condition="Skin.String(MouseIcon,0)">pointer/0.png</value>
	  <value condition="Skin.String(MouseIcon,1)">pointer/1.png</value>
	  <value condition="Skin.String(MouseIcon,2)">pointer/2.png</value>
	  <value condition="Skin.String(MouseIcon,3)">pointer/3.png</value>
	  <value condition="Skin.String(MouseIcon,4)">pointer/4.png</value>
	  <value>pointer/1.png</value>
	</variable>
	
	
</includes>
