<colors>
	<color name="grey">FF838383</color>
	<color name="grey2">FFBEBEBE</color>
	<color name="grey3">FFACACAC</color>
	<color name="white">FFDDDDDD</color>
	<color name="white2">FFFFFFFF</color>
	<color name="red">FFFF0000</color>
	<color name="blue">FF0084ff</color>
	<color name="green">FF00FF00</color>
	<color name="black">FF000000</color>
	<color name="silver">FFE0E0E0</color>
	<color name="orange">FFE66A4F</color>
	<color name="purple">ffa682a6</color>
	<color name="purple2">dfa682a6</color>
	<color name="shadow">70000000</color>
	<color name="shadowdark">FF262626</color>
	<color name="yellow">FFFA9600</color>
	<color name="yellow2">FFFFFF00</color>
</colors>
