<?xml version="1.0" encoding="UTF-8" standalone="yes"?>
<addon id="script.module.featherence.emu" name="Featherence Emu Module" version="1.1.1" provider-name="finalmakerr">
  <requires>
    <import addon="xbmc.python" version="2.24.0"/>
  </requires>
  <extension point="xbmc.python.module" library="lib" />
  <extension point="xbmc.addon.metadata">
	<platform>all</platform>
    <summary>Multi-emulator frontend based on libretro</summary>
    <description lang="en">_</description>
	<description lang="he">_</description>
    <disclaimer></disclaimer>
	<email>finalmakerr@gmail.com</email>
	<forum></forum>
	<source>https://github.com/finalmakerr/featherence/tree/master/master/script.module.featherence.emu</source>
	<website>www.featherence.com</website>
  </extension>
</addon>