<?xml version="1.0" encoding="UTF-8"?>
<window>
  <defaultcontrol always="true">13</defaultcontrol>
  <controls>
	<visible>!Window.IsVisible(FileBrowser)</visible>
    <control type="image" description="Dialog">
        <width>920</width>
        <height>1080</height>
        <aspectratio>stretch</aspectratio>
        <texture colordiffuse="ff000000" border="0">buttons/ButtonA0.png</texture>
		<colordiffuse>AAFFFFFF</colordiffuse>
      </control>
	  <control type="image" description="Dialog">
	  <posx>-60</posx>
	  <posy>-60</posy>
        <width>2040</width>
        <height>1150</height>
        <aspectratio>stretch</aspectratio>
        <texture border="20" colordiffuse="$VAR[MenuColor]">buttons/types/bd.png</texture>
      </control>
  <control type="image">
        <posx>595</posx>
        <posy>100</posy>
        <width>2</width>
        <height>750</height>
        <texture>images/LineV.png</texture>
      </control>
      <control type="image">
        <posx>1064</posx>
        <posy>100</posy>
        <width>2</width>
        <height>750</height>
        <texture>images/LineV.png</texture>
      </control>
	  <control type="image">
        <posx>1534</posx>
        <posy>100</posy>
        <width>2</width>
        <height>750</height>
        <texture>images/LineV.png</texture>
      </control>
	  <control type="image">
        <posx>120</posx>
        <posy>190</posy>
        <width>1680</width>
        <height>1</height>
        <texture>images/Line.png</texture>
      </control>
    <control type="group">
	<posx>15</posx>
      <control type="group">
        <control type="label">
          <description>header</description>
          <posx>90</posx>
          <posy>90</posy>
          <width>1740</width>
          <height>40</height>
          <label>19143</label>
          <align>center</align>
          <aligny>center</aligny>
          <textcolor>yellow</textcolor>
        </control>
        <control type="group">
          <description>Group list</description>
          <posx>120</posx>
          <posy>80</posy>
          <control type="label">
            <description>name label</description>
            <visible>!Control.HasFocus(13)</visible>
            <posy>55</posy>
            <width>460</width>
            <height>60</height>
            <font>Size26</font>
            <label>19146</label>
            <align>center</align>
            <aligny>center</aligny>
            <textcolor>grey</textcolor>
          </control>
          <control type="label">
            <description>name label</description>
            <visible>Control.HasFocus(13)</visible>
            <posy>55</posy>
            <width>460</width>
            <height>60</height>
            <font>Size26</font>
            <label>19146</label>
            <align>center</align>
            <aligny>center</aligny>
            <textcolor>white2</textcolor>
          </control>
          <control type="list" id="13">
            <posy>120</posy>
            <width>460</width>
            <height>640</height>
            <onup>13</onup>
            <ondown>13</ondown>
            <onleft>29</onleft>
            <onright>11</onright>
            <pagecontrol>-</pagecontrol>
            <itemlayout height="60">
              <control type="label">
                <posx>10</posx>
                <width>460</width>
                <height>60</height>
                <font>size26</font>
                <align>left</align>
                <aligny>center</aligny>
                <textcolor>white</textcolor>
                <selectedcolor>yellow</selectedcolor>
                <info>ListItem.Label</info>
              </control>
            </itemlayout>
            <focusedlayout height="60">
              <control type="image">
                <width>460</width>
                <height>60</height>
                <texture colordiffuse="$VAR[ButtonFocusColor]" border="40">buttons/types/bd.png</texture>
                <visible>Control.HasFocus(13)</visible>
              </control>
              <control type="label">
                <posx>10</posx>
                <width>460</width>
                <height>60</height>
                <font>size26</font>
                <align>left</align>
                <aligny>center</aligny>
                <textcolor>white</textcolor>
                <selectedcolor>yellow</selectedcolor>
                <info>ListItem.Label</info>
              </control>
            </focusedlayout>
          </control>
        </control>
        <control type="group">
          <description>Channels list</description>
          <posx>590</posx>
          <posy>80</posy>
          <control type="label">
            <description>name label</description>
            <visible>!Control.HasFocus(11)</visible>
            <posy>55</posy>
            <width>460</width>
            <height>60</height>
            <font>Size26</font>
            <align>center</align>
            <aligny>center</aligny>
            <textcolor>grey</textcolor>
            <info>Control.GetLabel(21)</info>
          </control>
          <control type="label">
            <description>name label</description>
            <visible>Control.HasFocus(11)</visible>
            <posy>55</posy>
            <width>460</width>
            <height>60</height>
            <font>Size26</font>
            <align>center</align>
            <aligny>center</aligny>
            <textcolor>white2</textcolor>
            <info>Control.GetLabel(21)</info>
          </control>
          <control type="list" id="11">
            <posy>120</posy>
            <width>460</width>
            <height>640</height>
            <onup>11</onup>
            <ondown>11</ondown>
            <onleft>13</onleft>
            <onright>12</onright>
            <pagecontrol>-</pagecontrol>
            <itemlayout height="60">
              <control type="label">
                <posx>10</posx>
                <width>450</width>
                <height>60</height>
                <font>size26</font>
                <align>left</align>
                <aligny>center</aligny>
                <textcolor>white</textcolor>
                <label>$INFO[ListItem.ChannelNumber,(,) - ]$INFO[ListItem.ChannelName]</label>
              </control>
              <control type="image">
                <width>40</width>
                <height>40</height>
                <posx>470</posx>
                <posy>10</posy>
                <texture fallback="images/ThumbBorder3.png" border="3">$INFO[ListItem.Icon]</texture>
              </control>
            </itemlayout>
            <focusedlayout height="60">
              <control type="image">
                <width>460</width>
                <height>60</height>
                <texture colordiffuse="$VAR[ButtonFocusColor]" border="40">buttons/types/bd.png</texture>
                <visible>Control.HasFocus(11)</visible>
              </control>
              <control type="label">
                <posx>10</posx>
                <width>450</width>
                <height>60</height>
                <font>size26</font>
                <align>left</align>
                <aligny>center</aligny>
                <textcolor>yellow</textcolor>
                <label>$INFO[ListItem.ChannelNumber,(,) - ]$INFO[ListItem.ChannelName]</label>
              </control>
              <control type="image">
                <width>40</width>
                <height>40</height>
                <posx>470</posx>
                <posy>10</posy>
                <texture fallback="images/ThumbBorder3.png" border="3">$INFO[ListItem.Icon]</texture>
              </control>
            </focusedlayout>
          </control>
        </control>
        <control type="group">
          <description>Grouped Channels list</description>
          <posx>1060</posx>
          <posy>80</posy>
          <control type="label">
            <description>name label</description>
            <visible>!Control.HasFocus(12)</visible>
            <posy>55</posy>
            <width>460</width>
            <height>60</height>
            <font>Size26</font>
            <align>center</align>
            <aligny>center</aligny>
            <textcolor>grey</textcolor>
            <info>Control.GetLabel(22)</info>
          </control>
          <control type="label">
            <description>name label</description>
            <visible>Control.HasFocus(12)</visible>
            <posy>55</posy>
            <width>460</width>
            <height>60</height>
            <font>Size26</font>
            <align>center</align>
            <aligny>center</aligny>
            <textcolor>white2</textcolor>
            <info>Control.GetLabel(22)</info>
          </control>
          <control type="list" id="12">
            <posy>120</posy>
            <width>460</width>
            <height>640</height>
            <onup>12</onup>
            <ondown>12</ondown>
            <onleft>11</onleft>
            <onright>29</onright>
            <pagecontrol>-</pagecontrol>
            <itemlayout height="60">
              <control type="label">
                <posx>10</posx>
                <width>450</width>
                <height>60</height>
                <font>size26</font>
                <align>left</align>
                <aligny>center</aligny>
                <textcolor>grey2</textcolor>
                <selectedcolor>selected</selectedcolor>
                <label>$INFO[ListItem.ChannelNumber,(,) - ]$INFO[ListItem.ChannelName]</label>
              </control>
              <control type="image">
                <width>40</width>
                <height>40</height>
                <posx>470</posx>
                <posy>10</posy>
                <texture fallback="images/ThumbBorder3.png" border="3">$INFO[ListItem.Icon]</texture>
              </control>
            </itemlayout>
            <focusedlayout height="60">
              <control type="image">
                <width>460</width>
                <height>60</height>
                <texture colordiffuse="$VAR[ButtonFocusColor]" border="40">buttons/types/bd.png</texture>
                <visible>Control.HasFocus(12)</visible>
              </control>
              <control type="label">
                <posx>10</posx>
                <width>450</width>
                <height>60</height>
                <font>size26</font>
                <align>left</align>
                <aligny>center</aligny>
                <textcolor>yellow</textcolor>
                <label>$INFO[ListItem.ChannelNumber,(,) - ]$INFO[ListItem.ChannelName]</label>
              </control>
              <control type="image">
                <width>40</width>
                <height>40</height>
                <posx>470</posx>
                <posy>10</posy>
                <texture fallback="images/ThumbBorder3.png" border="3">$INFO[ListItem.Icon]</texture>
              </control>
            </focusedlayout>
          </control>
        </control>
      </control>
    </control>
	<control type="group" description="תפריט ימין (8999)">
      <height>530</height>	  
	  <posx>1530</posx>
	  <posy>275</posy>	  
	  <width>400</width>
      <control type="image" description="רקע">
	    <animation condition="true" effect="fade" start="100" end="40" time="0">Conditional</animation>
        <bordertexture colordiffuse="ff000000" border="20">buttons/types/bd.png</bordertexture>
		<bordersize>2</bordersize>
		<texture border="20" colordiffuse="$VAR[MainMenu]">buttons/types/bd.png</texture>
		<visible>false</visible>
      </control>
      <control type="grouplist" id="8999" description="קבוצה תפריט ימין">
        <itemgap>0</itemgap>
        <onleft>13</onleft>
        <onright>noop</onright>
        <onup>noop</onup>
        <ondown>noop</ondown>
        <orientation>Vertical</orientation>
	    <control type="button" id="29" description="OK">
          <label>186</label>
		  <font>size28</font>
		  <height>70</height>
		  <width>420</width>
        </control>
		<control type="button" id="26" description="Add Group">
          <label>$LOCALIZE[31060] $LOCALIZE[19141]</label>
		  <font>size28</font>
		  <height>70</height>
		  <width>420</width>
        </control>
        <control type="button" id="27" description="Rename Group">
          <label>$LOCALIZE[118] $LOCALIZE[19141]</label>
		  <font>size28</font>
		  <height>70</height>
		  <width>420</width>
        </control>
        <control type="button" id="28" description="Delete">
          <label>$LOCALIZE[117] $LOCALIZE[19141]</label>
		  <font>size28</font>
		  <height>70</height>
		  <width>420</width>
        </control>
      </control>
	</control>
	
    <control type="label">
      <description>Selected Group label</description>
      <posx>170</posx>
      <posy>860</posy>
      <width>1580</width>
      <align>center</align>
      <label>[COLOR grey]$LOCALIZE[19207][/COLOR] $INFO[Control.GetLabel(20)]</label>
    </control>
  </controls>
</window>
