<?xml version="1.0" encoding="UTF-8"?>
<window>
  <defaultcontrol always="true">450</defaultcontrol>
  <allowoverlay>no</allowoverlay>
  <onload condition="Window.IsVisible(Custom1175.xml)">Dialog.Close(1175)</onload>
  <controls>
	  <include>BlackBackground2</include>
	  <include>MenuDesign_Left</include>
	  <include>ViewDesign_450</include>
	  <!--<include>ViewDesign_451</include>-->
	  <include>TopVideoInformation</include>
	  
	<control type="group" description="תפריט ימין (9005)">
	  <include condition="StringCompare(System.Language,Hebrew)">Control_Pos35</include>
      <height>455</height>	  
	  <posx>1475</posx>
	  <posy>345</posy>	  
	  <width>480</width>	  	  
      <include name="MenuBackground">
			<param name="border" value="40" />
			<param name="color" value="$VAR[MenuColor]" />
			<param name="height" value="0" />
			<param name="posx" value="0" />
			<param name="posy" value="0" />
			<param name="width" value="0" />
			<param name="condition" value="true"/>
		
			<param name="type0" value="false" description="MenuBackground"/>
			<param name="type1" value="true" description="DialogBackground"/>
	  </include>
      <control type="grouplist" id="9005" description="קבוצה תפריט ימין">
        <itemgap>0</itemgap>
        <include>4ways3</include>
        <orientation>Vertical</orientation>
	    <control type="button" id="413" description="OK">
          <include>SideMenuCommon</include>
		  <include condition="StringCompare(System.Language,Hebrew)">ButtonR1</include>
		  <include condition="!StringCompare(System.Language,Hebrew)">ButtonL1</include>
		  <font>size28</font>
		  <label>186</label>
        </control>
        <control type="button" id="414" description="Cancel">
          <include>SideMenuCommon</include>
		  <include condition="StringCompare(System.Language,Hebrew)">ButtonR1</include>
		  <include condition="!StringCompare(System.Language,Hebrew)">ButtonL1</include>
		  <font>size28</font>
		  <label>222</label>
        </control>
        <control type="button" id="415" description="Create folder">
		  <include>SideMenuCommon</include>
		  <include condition="StringCompare(System.Language,Hebrew)">ButtonR1</include>
		  <include condition="!StringCompare(System.Language,Hebrew)">ButtonL1</include>
		  <font>size28</font>
		  <label>119</label>
		  <visible>Window.IsVisible(FileBrowser.xml) + Control.IsEnabled(415)</visible>
		</control>
		<control type="radiobutton" id="416" description="Horizontal Flip">
		  <include>SideMenuCommon</include>
		  <include condition="StringCompare(System.Language,Hebrew)">ButtonR1</include>
		  <include condition="!StringCompare(System.Language,Hebrew)">ButtonL1</include>
		  <font>size28</font>
		  <label>Horizontal Flip</label>
		  <visible>Window.IsVisible(FileBrowser.xml) + Control.IsEnabled(416)</visible>
		</control>
		<control type="button" id="405" description="ברירת מחדל">
		  <include>SideMenuCommon</include>
		  <include condition="StringCompare(System.Language,Hebrew)">ButtonR1</include>
		  <include condition="!StringCompare(System.Language,Hebrew)">ButtonL1</include>
		  <font>size28</font>
		  <label>$LOCALIZE[571] $INFO[Window(home).Property(TEMP)] $INFO[Window(home).Property(Button.Name)]</label>
		  <onclick>RunScript(script.featherence.service,,?mode=235)</onclick>
		  <visible>Window.IsVisible(CustomHomeCustomizer.xml) + !IsEmpty(Window(home).Property(Button.ID))</visible>
		  <visible>StringCompare(Window(home).Property(TEMP),icon) | StringCompare(Window(home).Property(TEMP),background)</visible>
		  <visible>Window.IsVisible(FileBrowser.xml)</visible>
		</control>
      </control>
	</control>
  
	  <include>ScrollBar</include>
	  <include>TopInformation</include>
	  <control type="label" id="412" description="Path of the selected item">
	    <visible>false</visible>
	  </control>
  </controls>
</window>
