<?xml version="1.0" encoding="UTF-8"?>
<window id="2005" description="חלון קידוד וידאו">
  <defaultcontrol>-</defaultcontrol>
  <onload condition="IsEmpty(Window(home).Property(mode10)) + !Pvr.IsPlayingTv + !Window.IsVisible(DialogPVRChannelsOSD.xml)">AlarmClock(mode10,RunScript(script.featherence.service,,?mode=10),00:02,silent)</onload>
  <onload condition="!Pvr.IsPlayingTv + !Window.IsVisible(DialogPVRChannelsOSD.xml)">Action(Info)</onload>
  <include>Fade6</include>
  <controls>
    <control type="group">
      <visible>!Window.IsActive(DialogFullscreenInfo.xml)</visible>
      <animation effect="fade" time="200">VisibleChange</animation>
      <control type="image" description="Background">
        <width>1920</width>
        <height>300</height>
        <texture colordiffuse="ff000000" border="0">buttons/ButtonA0.png</texture>
        <colordiffuse>FFFFFFFF</colordiffuse>
      </control>
      <control type="grouplist" id="0">
        <posx>40</posx>
        <posy>70</posy>
        <width>1800</width>
        <height>500</height>
        <itemgap>10</itemgap>
        <control type="label" id="10" description="row 1 sys label">
          <width>1800</width>
          <height>50</height>
          <align>left</align>
          <font>Size24</font>
          <aligny>center</aligny>
          <label>-</label>
        </control>
        <control type="label" id="11" description="row 2 sys label">
          <width>1800</width>
          <height>40</height>
          <align>left</align>
          <aligny>center</aligny>
          <font>Size24</font>
          <label>-</label>
        </control>
        <control type="label" id="12" description="row 3 sys label">
          <width>1800</width>
          <height>90</height>
          <align>left</align>
          <aligny>center</aligny>
          <font>Size24</font>
          <label>-</label>
        </control>
      </control>
    </control>
  </controls>
</window>
