<?xml version="1.0" encoding="UTF-8" standalone="yes"?>
<addon id="script.featherence.service" name="featherence Service" version="0.1.3" provider-name="finalmakerr">
  <requires>
    <import addon="xbmc.addon" version="12.0.0"/>
	<import addon="xbmc.json" version="6.0.0"/>
	<import addon="xbmc.python" version="2.1.0"/> <!--2.1.0-->
	<import addon="script.module.simplejson" version="3.3.0"/>
  </requires>
  <extension point="xbmc.python.script" library="default.py"/>
  <extension point="xbmc.service" library="service.py" start="startup"/>
  <extension point="xbmc.addon.metadata">
    <language>he</language>
	<platform>all</platform>
    <summary lang="en"></summary>
	<summary lang="he"></summary>
    <description lang="en"></description>
	<description lang="he"></description>
    <disclaimer></disclaimer>
	<email>featherence@groups.facebook.com</email>
	<forum></forum>
	<source></source>
	<website>https://www.facebook.com/groups/featherence/</website>
  </extension>
</addon>
