<?xml version="1.0" encoding="UTF-8"?>
<window>
  <defaultcontrol>700</defaultcontrol>
  <controls>
    <control type="image" description="BG">
      <animation effect="fade" start="0" end="100" delay="150" time="300">WindowOpen</animation>
      <animation effect="fade" start="100" end="0" time="50">WindowClose</animation>
      <posx>0</posx>
      <posy>0</posy>
      <width>1920</width>
      <height>1080</height>
      <texture>busy/BusyBG.png</texture>
    </control>
	<include name="MenuBackground">
		<param name="border" value="40" />
		<param name="color" value="$VAR[MenuColor]" />
		<param name="height" value="980" />
		<param name="posx" value="415" />
		<param name="posy" value="50" />
		<param name="width" value="1100" />
		<param name="condition" value="true"/>
		
		<param name="type0" value="false" description="MenuBackground"/>
		<param name="type1" value="true" description="DialogBackground"/>
    </include>
    <control type="group">
      <posx>415</posx>
      <posy>75</posy>
      <control type="label" id="1" description="Header">
        <posx>0</posx>
        <posy>20</posy>
        <align>center</align>
        <width>1100</width>
        <height>45</height>
      </control>
	  <control type="button" id="700" description="כפתור סגור חלון">
		<left>940</left>
		<top>-18</top>
		<width>96</width>
		<height>48</height>
		<label>-</label>
		<font>-</font>
		<onclick>PreviousMenu</onclick>
		<texturefocus border="5" colordiffuse="$VAR[KeyboardFocusColor]">osd/keyboard/DialogCloseButton.png</texturefocus>
		<texturenofocus border="5" colordiffuse="$VAR[KeyboardUnFocusColor]">osd/keyboard/DialogCloseButton.png</texturenofocus>
		<onleft>noop</onleft>
		<onright>noop</onright>
		<onup>noop</onup>
		<ondown condition="Control.IsVisible(61)">61</ondown>
		<!--<visible>system.getbool(input.enablemouse)</visible>-->
	  </control>
	  <control type="image" description="פס עליון-התחלת טקסט">
	    <posx>80</posx>
		<posy>80</posy>
		<width>940</width>
		<height>40</height>
		<texture border="5">buttons/LineH.png</texture>
	  </control>
	  <control type="textbox" id="5" description="Textarea">
		<posx>90</posx>
		<posy>120</posy>
		<width>920</width>
		<height>790</height>
		<include condtion="StringCompare(System.Language,Hebrew)">LabelR1</include>
		<visible>StringCompare(System.Language,Hebrew)</visible>
		<visible>false</visible>
	  </control>
	  <control type="textbox" id="5" description="Textarea">
		<posx>90</posx>
		<posy>120</posy>
		<width>920</width>
		<height>790</height>
		<include>LabelL1</include>
		<!--<visible>!StringCompare(System.Language,Hebrew)</visible>-->
	  </control>
	  <include>ScrollBar</include>  
    </control>
  </controls>
</window>
