<?xml version="1.0" encoding="UTF-8"?>
<window>
	<visible>Player.Seeking | Player.DisplayAfterSeek | [Player.Paused + !Player.Caching] | Player.Forwarding | Player.Rewinding | Player.ShowInfo | Window.IsActive(videoosd) | Window.IsActive(musicosd) | Window.IsActive(playerprocessinfo) | !IsEmpty(Player.SeekNumeric)</visible>
	<visible>!Window.IsActive(sliderdialog)</visible>
	<depth>DepthOSD</depth>
	<zorder>0</zorder>
	<controls>
		<include>DialogSeekBar</include>
		<include>featherencepause</include>
		<include>ForwardingRewinding</include>
		<include>TopInformation</include>
	</controls>
</window>