<?xml version="1.0" encoding="UTF-8"?>
<includes>
  <include name="Trailer_50">
    <control type="grouplist" description="קדימונים-תפריט רחב">
	  <visible>!Skin.HasSetting(View50_Plus)</visible>
	  <visible>!Skin.HasSetting(EnableTrailerButton)</visible>
	  <visible>!Container.Content(episodes)</visible>
	  <posx>420</posx>
	  <posy>149</posy>
	  <width>480</width>
	  <height>985</height>
	  <orientation>vertical</orientation>
	  <itemgap>45</itemgap>
	  <include>Trailer_50S</include>
	</control>
	<control type="grouplist" description="קדימונים-תפריט צר">
	  <visible>Skin.HasSetting(View50_Plus)</visible>
	  <visible>!Skin.HasSetting(EnableTrailerButton)</visible>
	  <visible>!Container.Content(episodes)</visible>
	  <posx>420</posx>
	  <posy>149</posy>
	  <width>480</width>
	  <height>985</height>
	  <orientation>vertical</orientation>
	  <itemgap>0</itemgap>
	  <include>Trailer_50S</include>
	  <include>Trailer_50A</include>
	</control>
  </include>  
  <include name="Trailer_50S">
    <control type="button" description="קדימון סרט 0">
	  <animation condition="String.IsEmpty(Container(50).ListItemPosition(0).Trailer) | String.IsEqual(Container(50).ListItemPosition(0).Overlay,OverlayWatched.png)" effect="fade" start="100" end="0" reversible="true">Conditional</animation>
	  <include>Trailer_50_</include>
    </control>
	<control type="button" description="קדימון סרט 1">
	  <animation condition="String.IsEmpty(Container(50).ListItemPosition(1).Trailer)  | String.IsEqual(Container(50).ListItemPosition(1).Overlay,OverlayWatched.png)" effect="fade" start="100" end="0">Conditional</animation>
	  <include>Trailer_50_</include>
    </control>
	<control type="button" description="קדימון סרט 2">
	  <animation condition="String.IsEmpty(Container(50).ListItemPosition(2).Trailer) | String.IsEqual(Container(50).ListItemPosition(2).Overlay,OverlayWatched.png)" effect="fade" start="100" end="0">Conditional</animation>
	  <include>Trailer_50_</include>
    </control>
	<control type="button" description="קדימון סרט 3">
	  <animation condition="String.IsEmpty(Container(50).ListItemPosition(3).Trailer) | String.IsEqual(Container(50).ListItemPosition(3).Overlay,OverlayWatched.png)" effect="fade" start="100" end="0">Conditional</animation>
	  <include>Trailer_50_</include>
    </control>
	<control type="button" description="קדימון סרט 4">
	  <animation condition="String.IsEmpty(Container(50).ListItemPosition(4).Trailer) | String.IsEqual(Container(50).ListItemPosition(4).Overlay,OverlayWatched.png)" effect="fade" start="100" end="0">Conditional</animation>
	  <include>Trailer_50_</include>
    </control>
	<control type="button" description="קדימון סרט 5">
	  <animation condition="String.IsEmpty(Container(50).ListItemPosition(5).Trailer) | String.IsEqual(Container(50).ListItemPosition(5).Overlay,OverlayWatched.png)" effect="fade" start="100" end="0">Conditional</animation>
	  <include>Trailer_50_</include>
    </control>
	<control type="button" description="קדימון סרט 6">
	  <animation condition="String.IsEmpty(Container(50).ListItemPosition(6).Trailer) | String.IsEqual(Container(50).ListItemPosition(6).Overlay,OverlayWatched.png)" effect="fade" start="100" end="0">Conditional</animation>
	  <include>Trailer_50_</include>
    </control>
	<control type="button" description="קדימון סרט 7">
	  <animation condition="String.IsEmpty(Container(50).ListItemPosition(7).Trailer) | String.IsEqual(Container(50).ListItemPosition(7).Overlay,OverlayWatched.png)" effect="fade" start="100" end="0">Conditional</animation>
	  <include>Trailer_50_</include>
    </control>
	<control type="button" description="קדימון סרט 8">
	  <animation condition="String.IsEmpty(Container(50).ListItemPosition(8).Trailer) | String.IsEqual(Container(50).ListItemPosition(8).Overlay,OverlayWatched.png)" effect="fade" start="100" end="0">Conditional</animation>
	  <include>Trailer_50_</include>
    </control>
	<control type="button" description="קדימון סרט 9">
	  <animation condition="String.IsEmpty(Container(50).ListItemPosition(9).Trailer) | String.IsEqual(Container(50).ListItemPosition(9).Overlay,OverlayWatched.png)" effect="fade" start="100" end="0">Conditional</animation>
	  <include>Trailer_50_</include>
    </control>
	<control type="button" description="קדימון סרט 10">
	  <animation condition="String.IsEmpty(Container(50).ListItemPosition(10).Trailer) | String.IsEqual(Container(50).ListItemPosition(10).Overlay,OverlayWatched.png)" effect="fade" start="100" end="0">Conditional</animation>
	  <include>Trailer_50_</include>
    </control>
  </include>
  <include name="Trailer_50_">
	<animation condition="Container(50).Scrolling | Container(50).OnScrollNext | Container(50).OnScrollPrevious" effect="fade" start="100" end="0" time="0" reversible="false">Conditional</animation>
	<animation condition="!Container(50).Scrolling + !Container(50).OnScrollNext + !Container(50).OnScrollPrevious" effect="fade" start="0" end="100" delay="500" time="1000" reversible="false">Conditional</animation>
	<animation description="" condition="String.IsEqual(System.Language,Hebrew)" effect="slide" start="0,0" end="-427,0" time="0">Conditional</animation>
	<height>40</height>		
	<posx>430</posx>	      
	<width>40</width>
	<texturefocus>osd/buttons/OSDTrailer_.png</texturefocus>
	<texturenofocus colordiffuse="BBBBBBFF">osd/buttons/OSDTrailer_.png</texturenofocus>
	<onclick condition="Skin.HasSetting(trailers2)">PlayMedia($INFO[ListItem.Trailer])</onclick>
	<onclick condition="!Skin.HasSetting(trailers2)">PlayMedia($INFO[ListItem.Trailer],1)</onclick>
	<visible>!Window.IsVisible(MyPrograms.xml)</visible>
  </include>
  <include name="Trailer_50A">
	<control type="button" description="קדימון סרט 11">
	  <animation condition="String.IsEmpty(Container(50).ListItemPosition(11).Trailer)  | String.IsEqual(Container(50).ListItemPosition(11).Overlay,OverlayWatched.png)" effect="fade" start="100" end="0">Conditional</animation>
	  <include>Trailer_50_</include>
    </control>
	<control type="button" description="קדימון סרט 12">
	  <animation condition="String.IsEmpty(Container(50).ListItemPosition(12).Trailer) | String.IsEqual(Container(50).ListItemPosition(12).Overlay,OverlayWatched.png)" effect="fade" start="100" end="0">Conditional</animation>
	  <include>Trailer_50_</include>
    </control>
	<control type="button" description="קדימון סרט 13">
	  <animation condition="String.IsEmpty(Container(50).ListItemPosition(13).Trailer) | String.IsEqual(Container(50).ListItemPosition(13).Overlay,OverlayWatched.png)" effect="fade" start="100" end="0">Conditional</animation>
	  <include>Trailer_50_</include>
    </control>
	<control type="button" description="קדימון סרט 14">
	  <animation condition="String.IsEmpty(Container(50).ListItemPosition(14).Trailer) | String.IsEqual(Container(50).ListItemPosition(14).Overlay,OverlayWatched.png)" effect="fade" start="100" end="0">Conditional</animation>
	  <include>Trailer_50_</include>
    </control>
	<control type="button" description="קדימון סרט 15">
	  <animation condition="String.IsEmpty(Container(50).ListItemPosition(15).Trailer) | String.IsEqual(Container(50).ListItemPosition(15).Overlay,OverlayWatched.png)" effect="fade" start="100" end="0">Conditional</animation>
	  <include>Trailer_50_</include>
    </control>
	<control type="button" description="קדימון סרט 16">
	  <animation condition="String.IsEmpty(Container(50).ListItemPosition(16).Trailer) | String.IsEqual(Container(50).ListItemPosition(16).Overlay,OverlayWatched.png)" effect="fade" start="100" end="0">Conditional</animation>
	  <include>Trailer_50_</include>
    </control>
	<control type="button" description="קדימון סרט 17">
	  <animation condition="String.IsEmpty(Container(50).ListItemPosition(17).Trailer) | String.IsEqual(Container(50).ListItemPosition(17).Overlay,OverlayWatched.png)" effect="fade" start="100" end="0">Conditional</animation>
	  <include>Trailer_50_</include>
    </control>
	<control type="button" description="קדימון סרט 18">
	  <animation condition="String.IsEmpty(Container(50).ListItemPosition(18).Trailer) | String.IsEqual(Container(50).ListItemPosition(18).Overlay,OverlayWatched.png)" effect="fade" start="100" end="0">Conditional</animation>
	  <include>Trailer_50_</include>
    </control>
	<control type="button" description="קדימון סרט 19">
	  <animation condition="String.IsEmpty(Container(50).ListItemPosition(19).Trailer) | String.IsEqual(Container(50).ListItemPosition(19).Overlay,OverlayWatched.png)" effect="fade" start="100" end="0">Conditional</animation>
	  <include>Trailer_50_</include>
    </control>
	<control type="button" description="קדימון סרט 20">
	  <animation condition="String.IsEmpty(Container(50).ListItemPosition(20).Trailer) | String.IsEqual(Container(50).ListItemPosition(20).Overlay,OverlayWatched.png)" effect="fade" start="100" end="0">Conditional</animation>
	  <include>Trailer_50_</include>
    </control>
	<control type="button" description="קדימון סרט 21">
	  <animation condition="String.IsEmpty(Container(50).ListItemPosition(21).Trailer) | String.IsEqual(Container(50).ListItemPosition(21).Overlay,OverlayWatched.png)" effect="fade" start="100" end="0">Conditional</animation>
	  <include>Trailer_50_</include>
    </control>
	<control type="button" description="קדימון סרט 22">
	  <animation condition="String.IsEmpty(Container(50).ListItemPosition(22).Trailer) | String.IsEqual(Container(50).ListItemPosition(22).Overlay,OverlayWatched.png)" effect="fade" start="100" end="0">Conditional</animation>
	  <include>Trailer_50_</include>
    </control>
	<control type="button" description="קדימון סרט 23">
	  <animation condition="String.IsEmpty(Container(50).ListItemPosition(23).Trailer) | String.IsEqual(Container(50).ListItemPosition(23).Overlay,OverlayWatched.png)" effect="fade" start="100" end="0">Conditional</animation>
	  <include>Trailer_50_</include>
    </control>
  </include>
  
  <include name="Trailer_51">
    <control type="grouplist" description="קדימונים">
	  <visible>!Skin.HasSetting(EnableTrailerButton)</visible>
	  <visible>!Container.Content(episodes)</visible>
	  <posx>520</posx>
	  <posy>208</posy>
	  <width>485</width>
	  <height>985</height>
	  <orientation>vertical</orientation>
	  <itemgap>19.7</itemgap>
	  <include>Trailer_51S</include>
	</control>
  </include>
  <include name="Trailer_51S">
    <control type="button" description="קדימון סרט 0">
	  <animation condition="String.IsEmpty(Container(51).ListItemPosition(0).Trailer) | String.IsEqual(Container(51).ListItemPosition(0).Overlay,OverlayWatched.png)" effect="fade" start="100" end="0" reversible="true">Conditional</animation>
	  <include>Trailer_51_</include>
    </control>
	<control type="button" description="קדימון סרט 1">
	  <animation condition="String.IsEmpty(Container(51).ListItemPosition(1).Trailer)  | String.IsEqual(Container(51).ListItemPosition(1).Overlay,OverlayWatched.png)" effect="fade" start="100" end="0">Conditional</animation>
	  <include>Trailer_51_</include>
    </control>
	<control type="button" description="קדימון סרט 2">
	  <animation condition="String.IsEmpty(Container(51).ListItemPosition(2).Trailer) | String.IsEqual(Container(51).ListItemPosition(2).Overlay,OverlayWatched.png)" effect="fade" start="100" end="0">Conditional</animation>
	  <include>Trailer_51_</include>
    </control>
	<control type="button" description="קדימון סרט 3">
	  <animation condition="String.IsEmpty(Container(51).ListItemPosition(3).Trailer) | String.IsEqual(Container(51).ListItemPosition(3).Overlay,OverlayWatched.png)" effect="fade" start="100" end="0">Conditional</animation>
	  <include>Trailer_51_</include>
    </control>
	<control type="button" description="קדימון סרט 4">
	  <animation condition="String.IsEmpty(Container(51).ListItemPosition(4).Trailer) | String.IsEqual(Container(51).ListItemPosition(4).Overlay,OverlayWatched.png)" effect="fade" start="100" end="0">Conditional</animation>
	  <include>Trailer_51_</include>
    </control>
	<control type="button" description="קדימון סרט 5">
	  <animation condition="String.IsEmpty(Container(51).ListItemPosition(5).Trailer) | String.IsEqual(Container(51).ListItemPosition(5).Overlay,OverlayWatched.png)" effect="fade" start="100" end="0">Conditional</animation>
	  <include>Trailer_51_</include>
    </control>
	<control type="button" description="קדימון סרט 6">
	  <animation condition="String.IsEmpty(Container(51).ListItemPosition(6).Trailer) | String.IsEqual(Container(51).ListItemPosition(6).Overlay,OverlayWatched.png)" effect="fade" start="100" end="0">Conditional</animation>
	  <include>Trailer_51_</include>
    </control>
	<control type="button" description="קדימון סרט 7">
	  <animation condition="String.IsEmpty(Container(51).ListItemPosition(7).Trailer) | String.IsEqual(Container(51).ListItemPosition(7).Overlay,OverlayWatched.png)" effect="fade" start="100" end="0">Conditional</animation>
	  <include>Trailer_51_</include>
    </control>
	<control type="button" description="קדימון סרט 8">
	  <animation condition="String.IsEmpty(Container(51).ListItemPosition(8).Trailer) | String.IsEqual(Container(51).ListItemPosition(8).Overlay,OverlayWatched.png)" effect="fade" start="100" end="0">Conditional</animation>
	  <include>Trailer_51_</include>
    </control>
  </include>
  <include name="Trailer_51_">
    <animation condition="Container(51).Scrolling | Container(51).OnScrollNext | Container(51).OnScrollPrevious" effect="fade" start="100" end="0" time="0" reversible="false">Conditional</animation>
	<animation condition="!Container(51).Scrolling + !Container(51).OnScrollNext + !Container(51).OnScrollPrevious" effect="fade" start="0" end="100" delay="510" time="1000" reversible="false">Conditional</animation>
	<animation description="" condition="String.IsEqual(System.Language,Hebrew)" effect="slide" start="0,0" end="793,0" time="0">Conditional</animation>
	<height>70</height>		
	<posx>0</posx>	      
	<width>70</width>
	<texturefocus>osd/buttons/OSDTrailer_.png</texturefocus>
	<texturenofocus colordiffuse="BBBBBBFF">osd/buttons/OSDTrailer_.png</texturenofocus>
	<onclick condition="Skin.HasSetting(trailers2)">PlayMedia($INFO[ListItem.Trailer])</onclick>
	<onclick condition="!Skin.HasSetting(trailers2)">PlayMedia($INFO[ListItem.Trailer],1)</onclick>
  </include>

  <include name="Trailer_54">
	<control type="grouplist" description="קדימונים">
	  <visible>!Skin.HasSetting(EnableTrailerButton)</visible>
	  <visible>!Skin.HasSetting(View54_Boat)</visible>
	  <visible>!Container.Content(episodes)</visible>
	  <posx>300</posx>
	  <posy>633</posy>
	  <width>1800</width>
	  <height>300</height>
	  <orientation>horizontal</orientation>
	  <itemgap>303</itemgap>
	  <include>Trailer_54A</include>
	</control>
  </include>
		
  <include name="Trailer_54A">
    <control type="button" description="קדימון סרט 0">
	  <animation condition="String.IsEmpty(Container(54).ListItemPosition(0).Trailer) | String.IsEqual(Container(54).ListItemPosition(0).Overlay,OverlayWatched.png)" effect="fade" start="100" end="0" reversible="true">Conditional</animation>
	  <animation condition="!Skin.HasSetting(SelectedZoom) + Container(54).Position(0)" effect="zoom" center="auto" start="100,100" end="110,110">Conditional</animation>
	  <animation condition="Skin.HasSetting(View54_Boat) + $EXP[View54] + Container(54).Position(0)" effect="rotatey" center="auto" start="0" end="-10" delay="1000" time="720" reversible="false">Conditional</animation>
	  <include>Trailer_54_</include>
    </control>
	<control type="button" description="קדימון סרט 1">
	  <animation condition="String.IsEmpty(Container(54).ListItemPosition(1).Trailer)  | String.IsEqual(Container(54).ListItemPosition(1).Overlay,OverlayWatched.png)" effect="fade" start="100" end="0">Conditional</animation>
	  <animation condition="!Skin.HasSetting(SelectedZoom) + Container(54).Position(1)" effect="zoom" center="auto" start="100,100" end="110,110">Conditional</animation>
	  <animation condition="Skin.HasSetting(View54_Boat) + $EXP[View54] + Container(54).Position(1)" effect="rotatey" center="auto" start="0" end="-5" delay="1000" time="720" reversible="false">Conditional</animation>
	  <include>Trailer_54_</include>
    </control>
	<control type="button" description="קדימון סרט 2">
	  <animation condition="String.IsEmpty(Container(54).ListItemPosition(2).Trailer) | String.IsEqual(Container(54).ListItemPosition(2).Overlay,OverlayWatched.png)" effect="fade" start="100" end="0">Conditional</animation>
	  <animation condition="!Skin.HasSetting(SelectedZoom) + Container(54).Position(2)" effect="zoom" center="auto" start="100,100" end="110,110">Conditional</animation>
	  <animation condition="Skin.HasSetting(View54_Boat) + $EXP[View54] + Container(54).Position(2)" effect="rotatey" center="auto" start="0" end="0" delay="1000" time="720" reversible="false">Conditional</animation>
	  <include>Trailer_54_</include>
    </control>
	<control type="button" description="קדימון סרט 3">
	  <animation condition="String.IsEmpty(Container(54).ListItemPosition(3).Trailer) | String.IsEqual(Container(54).ListItemPosition(3).Overlay,OverlayWatched.png)" effect="fade" start="100" end="0">Conditional</animation>
	  <animation condition="!Skin.HasSetting(SelectedZoom) + Container(54).Position(3)" effect="zoom" center="auto" start="100,100" end="110,110">Conditional</animation>
	  <animation condition="Skin.HasSetting(View54_Boat) + $EXP[View54] + Container(54).Position(3)" effect="rotatey" center="auto" start="0" end="5" delay="1000" time="720" reversible="false">Conditional</animation>
	  <include>Trailer_54_</include>
    </control>
	<control type="button" description="קדימון סרט 4">
	  <animation condition="String.IsEmpty(Container(54).ListItemPosition(4).Trailer) | String.IsEqual(Container(54).ListItemPosition(4).Overlay,OverlayWatched.png)" effect="fade" start="100" end="0">Conditional</animation>
	  <animation condition="!Skin.HasSetting(SelectedZoom) + Container(54).Position(4)" effect="zoom" center="auto" start="100,100" end="110,110">Conditional</animation>
	  <animation condition="Skin.HasSetting(View54_Boat) + $EXP[View54] + Container(54).Position(4)" effect="rotatey" center="auto" start="0" end="10" delay="1000" time="720" reversible="false">Conditional</animation>
	  <include>Trailer_54_</include>
    </control>
  </include>
  
  <include name="Trailer_54_">
    <animation condition="Container(54).Scrolling | Container(54).OnScrollNext | Container(54).OnScrollPrevious" effect="fade" start="100" end="0" time="0" reversible="false">Conditional</animation>
	<animation condition="!Container(54).Scrolling + !Container(54).OnScrollNext + !Container(54).OnScrollPrevious" effect="fade" start="0" end="100" delay="540" time="1000" reversible="false">Conditional</animation>
	<height>70</height>
	<posx>55</posx>
	<posy>24</posy>
	<width>70</width>
	<texturefocus>osd/buttons/OSDTrailer_.png</texturefocus>
	<texturenofocus colordiffuse="BBBBBBFF">osd/buttons/OSDTrailer_.png</texturenofocus>
	<onclick condition="Skin.HasSetting(trailers2)">PlayMedia($INFO[ListItem.Trailer])</onclick>
	<onclick condition="!Skin.HasSetting(trailers2)">PlayMedia($INFO[ListItem.Trailer],1)</onclick>
	<visible>!Window.IsVisible(MyPrograms.xml)</visible>
  </include>
  
  <include name="View54_Boat_Itemlayout_Animation">
	  <animation condition="Skin.HasSetting(View54_Boat) + $EXP[View54] + Container(54).Position(0)" effect="rotatey" center="auto" start="0" end="10" time="220" reversible="false">Conditional</animation>
	  <animation condition="Skin.HasSetting(View54_Boat) + $EXP[View54] + Container(54).Position(1)" effect="rotatey" center="auto" start="0" end="5" time="220" reversible="false">Conditional</animation>
	  <animation condition="Skin.HasSetting(View54_Boat) + $EXP[View54] + Container(54).Position(2)" effect="rotatey" center="auto" start="0" end="0" time="220" reversible="false">Conditional</animation>
	  <animation condition="Skin.HasSetting(View54_Boat) + $EXP[View54] + Container(54).Position(3)" effect="rotatey" center="auto" start="0" end="-5" time="220" reversible="false">Conditional</animation>
	  <animation condition="Skin.HasSetting(View54_Boat) + $EXP[View54] + Container(54).Position(4)" effect="rotatey" center="auto" start="0" end="-10" time="220" reversible="false">Conditional</animation>
  </include>
  
  <include name="View54_Boat_Focuslayout_Animation">
	  <animation condition="Skin.HasSetting(View54_Boat) + $EXP[View54] + Container(54).Position(0)" effect="rotatey" center="auto" start="0" end="-10" delay="1000" time="720" reversible="true">Conditional</animation>
	  <animation condition="Skin.HasSetting(View54_Boat) + $EXP[View54] + Container(54).Position(1)" effect="rotatey" center="auto" start="0" end="-5" delay="1000" time="720" reversible="true">Conditional</animation>
	  <animation condition="Skin.HasSetting(View54_Boat) + $EXP[View54] + Container(54).Position(1)" effect="rotatey" center="auto" start="0" end="0" delay="1000" time="720" reversible="true">Conditional</animation>
	  <animation condition="Skin.HasSetting(View54_Boat) + $EXP[View54] + Container(54).Position(3)" effect="rotatey" center="auto" start="0" end="5" delay="1000" time="720" reversible="true">Conditional</animation>
	  <animation condition="Skin.HasSetting(View54_Boat) + $EXP[View54] + Container(54).Position(4)" effect="rotatey" center="auto" start="0" end="10" delay="1000" time="720" reversible="true">Conditional</animation>
  </include>
  
  <include name="Trailer_57">
      <control type="grouplist" description="קדימונים שורה 1">
          <visible>!Skin.HasSetting(EnableTrailerButton)</visible>
		  <visible>!Container.Content(episodes)</visible>
		  <include>TrailerFade</include>
		  <posx>220</posx>
          <posy>125</posy>
          <width>1800</width>
          <height>300</height>
		  <orientation>horizontal</orientation>
		  <itemgap>197</itemgap>
		  <include>Trailer_57A</include>
	  </control>
	  <control type="grouplist" description="קדימונים שורה 2">
		  <visible>!Skin.HasSetting(EnableTrailerButton)</visible>
		  <visible>!Container.Content(episodes)</visible>
		  <include>TrailerFade</include>
		  <posx>220</posx>
		  <posy>448</posy>
		  <width>1800</width>
		  <height>300</height>
		  <orientation>horizontal</orientation>
		  <itemgap>197</itemgap>
		  <include>Trailer_57B</include>
	  </control>
	  <control type="grouplist" description="קדימונים שורה 3">
		  <visible>!Skin.HasSetting(EnableTrailerButton)</visible>
		  <visible>!Container.Content(episodes)</visible>
		  <include>TrailerFade</include>
		  <posx>220</posx>
		  <posy>770</posy>
		  <width>1800</width>
		  <height>300</height>
		  <orientation>horizontal</orientation>
		  <itemgap>197</itemgap>
		  <include>Trailer_57C</include>
	  </control>
  </include>
  <include name="Trailer_57_">
    <animation condition="Container(57).Scrolling | Container(57).OnScrollNext | Container(57).OnScrollPrevious" effect="fade" start="100" end="0" time="0" reversible="false">Conditional</animation>
	<animation condition="!Container(57).Scrolling + !Container(57).OnScrollNext + !Container(57).OnScrollPrevious" effect="fade" start="0" end="100" delay="570" time="1000" reversible="false">Conditional</animation>
	<height>70</height>
	<posx>55</posx>
	<posy>24</posy>
	<width>70</width>
	<texturefocus>osd/buttons/OSDTrailer_.png</texturefocus>
	<texturenofocus colordiffuse="BBBBBBFF">osd/buttons/OSDTrailer_.png</texturenofocus>
	<onclick condition="Skin.HasSetting(trailers2)">PlayMedia($INFO[ListItem.Trailer])</onclick>
	<onclick condition="!Skin.HasSetting(trailers2)">PlayMedia($INFO[ListItem.Trailer],1)</onclick>
  </include>
  <include name="Trailer_57A">
    <control type="button" description="קדימון סרט 0">
	  <animation condition="String.IsEmpty(Container(57).ListItemPosition(0).Trailer) | String.IsEqual(Container(57).ListItemPosition(0).Overlay,OverlayWatched.png)" effect="fade" start="100" end="0" reversible="true">Conditional</animation>
	  <animation condition="!Skin.HasSetting(SelectedZoom) + Container(57).Position(0)" effect="zoom" center="auto" start="100,100" end="110,110">Conditional</animation>
	  <include>Trailer_57_</include>
    </control>
	<control type="button" description="קדימון סרט 1">
	  <animation condition="String.IsEmpty(Container(57).ListItemPosition(1).Trailer)  | String.IsEqual(Container(57).ListItemPosition(1).Overlay,OverlayWatched.png)" effect="fade" start="100" end="0">Conditional</animation>
	  <animation condition="!Skin.HasSetting(SelectedZoom) + Container(57).Position(1)" effect="zoom" center="auto" start="100,100" end="110,110">Conditional</animation>
	  <include>Trailer_57_</include>
    </control>
	<control type="button" description="קדימון סרט 2">
	  <animation condition="String.IsEmpty(Container(57).ListItemPosition(2).Trailer) | String.IsEqual(Container(57).ListItemPosition(2).Overlay,OverlayWatched.png)" effect="fade" start="100" end="0">Conditional</animation>
	  <animation condition="!Skin.HasSetting(SelectedZoom) + Container(57).Position(2)" effect="zoom" center="auto" start="100,100" end="110,110">Conditional</animation>
	  <include>Trailer_57_</include>
    </control>
	<control type="button" description="קדימון סרט 3">
	  <animation condition="String.IsEmpty(Container(57).ListItemPosition(3).Trailer) | String.IsEqual(Container(57).ListItemPosition(3).Overlay,OverlayWatched.png)" effect="fade" start="100" end="0">Conditional</animation>
	  <animation condition="!Skin.HasSetting(SelectedZoom) + Container(57).Position(3)" effect="zoom" center="auto" start="100,100" end="110,110">Conditional</animation>
	  <include>Trailer_57_</include>
    </control>
	<control type="button" description="קדימון סרט 4">
	  <animation condition="String.IsEmpty(Container(57).ListItemPosition(4).Trailer) | String.IsEqual(Container(57).ListItemPosition(4).Overlay,OverlayWatched.png)" effect="fade" start="100" end="0">Conditional</animation>
	  <animation condition="!Skin.HasSetting(SelectedZoom) + Container(57).Position(4)" effect="zoom" center="auto" start="100,100" end="110,110">Conditional</animation>
	  <include>Trailer_57_</include>
    </control>
	<control type="button" description="קדימון סרט 5">
	  <animation condition="String.IsEmpty(Container(57).ListItemPosition(5).Trailer) | String.IsEqual(Container(57).ListItemPosition(5).Overlay,OverlayWatched.png)" effect="fade" start="100" end="0">Conditional</animation>
	  <animation condition="!Skin.HasSetting(SelectedZoom) + Container(57).Position(5)" effect="zoom" center="auto" start="100,100" end="110,110">Conditional</animation>
	  <include>Trailer_57_</include>
    </control>
	<control type="button" description="קדימון סרט 6">
	  <animation condition="String.IsEmpty(Container(57).ListItemPosition(6).Trailer) | String.IsEqual(Container(57).ListItemPosition(6).Overlay,OverlayWatched.png)" effect="fade" start="100" end="0">Conditional</animation>
	  <animation condition="!Skin.HasSetting(SelectedZoom) + Container(57).Position(6)" effect="zoom" center="auto" start="100,100" end="110,110">Conditional</animation>
	  <include>Trailer_57_</include>
    </control>
  </include> 
  <include name="Trailer_57B">
    <control type="button" description="קדימון סרט 7">
	  <animation condition="String.IsEmpty(Container(57).ListItemPosition(7).Trailer) | String.IsEqual(Container(57).ListItemPosition(7).Overlay,OverlayWatched.png)" effect="fade" start="100" end="0" reversible="true">Conditional</animation>
	  <animation condition="!Skin.HasSetting(SelectedZoom) + Container(57).Position(7)" effect="zoom" center="auto" start="100,100" end="110,110">Conditional</animation>
	  <include>Trailer_57_</include>
    </control>
	<control type="button" description="קדימון סרט 8">
	  <animation condition="String.IsEmpty(Container(57).ListItemPosition(8).Trailer)  | String.IsEqual(Container(57).ListItemPosition(8).Overlay,OverlayWatched.png)" effect="fade" start="100" end="0">Conditional</animation>
	  <animation condition="!Skin.HasSetting(SelectedZoom) + Container(57).Position(8)" effect="zoom" center="auto" start="100,100" end="110,110">Conditional</animation>
	  <include>Trailer_57_</include>
    </control>
	<control type="button" description="קדימון סרט 9">
	  <animation condition="String.IsEmpty(Container(57).ListItemPosition(9).Trailer) | String.IsEqual(Container(57).ListItemPosition(9).Overlay,OverlayWatched.png)" effect="fade" start="100" end="0">Conditional</animation>
	  <animation condition="!Skin.HasSetting(SelectedZoom) + Container(57).Position(9)" effect="zoom" center="auto" start="100,100" end="110,110">Conditional</animation>
	  <include>Trailer_57_</include>
    </control>
	<control type="button" description="קדימון סרט 10">
	  <animation condition="String.IsEmpty(Container(57).ListItemPosition(10).Trailer) | String.IsEqual(Container(57).ListItemPosition(10).Overlay,OverlayWatched.png)" effect="fade" start="100" end="0">Conditional</animation>
	  <animation condition="!Skin.HasSetting(SelectedZoom) + Container(57).Position(10)" effect="zoom" center="auto" start="100,100" end="110,110">Conditional</animation>
	  <include>Trailer_57_</include>
    </control>
	<control type="button" description="קדימון סרט 11">
	  <animation condition="String.IsEmpty(Container(57).ListItemPosition(11).Trailer) | String.IsEqual(Container(57).ListItemPosition(11).Overlay,OverlayWatched.png)" effect="fade" start="100" end="0">Conditional</animation>
	  <animation condition="!Skin.HasSetting(SelectedZoom) + Container(57).Position(11)" effect="zoom" center="auto" start="100,100" end="110,110">Conditional</animation>
	  <include>Trailer_57_</include>
    </control>
	<control type="button" description="קדימון סרט 12">
	  <animation condition="String.IsEmpty(Container(57).ListItemPosition(12).Trailer) | String.IsEqual(Container(57).ListItemPosition(12).Overlay,OverlayWatched.png)" effect="fade" start="100" end="0">Conditional</animation>
	  <animation condition="!Skin.HasSetting(SelectedZoom) + Container(57).Position(12)" effect="zoom" center="auto" start="100,100" end="110,110">Conditional</animation>
	  <include>Trailer_57_</include>
    </control>
	<control type="button" description="קדימון סרט 13">
	  <animation condition="String.IsEmpty(Container(57).ListItemPosition(13).Trailer) | String.IsEqual(Container(57).ListItemPosition(13).Overlay,OverlayWatched.png)" effect="fade" start="100" end="0">Conditional</animation>
	  <animation condition="!Skin.HasSetting(SelectedZoom) + Container(57).Position(13)" effect="zoom" center="auto" start="100,100" end="110,110">Conditional</animation>
	  <include>Trailer_57_</include>
    </control>
  </include>
  <include name="Trailer_57C">
    <control type="button" description="קדימון סרט 14">
	  <animation condition="String.IsEmpty(Container(57).ListItemPosition(14).Trailer) | String.IsEqual(Container(57).ListItemPosition(14).Overlay,OverlayWatched.png)" effect="fade" start="100" end="0" reversible="true">Conditional</animation>
	  <animation condition="!Skin.HasSetting(SelectedZoom) + Container(57).Position(14)" effect="zoom" center="auto" start="100,100" end="110,110">Conditional</animation>
	  <include>Trailer_57_</include>
    </control>
	<control type="button" description="קדימון סרט 15">
	  <animation condition="String.IsEmpty(Container(57).ListItemPosition(15).Trailer)  | String.IsEqual(Container(57).ListItemPosition(15).Overlay,OverlayWatched.png)" effect="fade" start="100" end="0">Conditional</animation>
	  <animation condition="!Skin.HasSetting(SelectedZoom) + Container(57).Position(15)" effect="zoom" center="auto" start="100,100" end="110,110">Conditional</animation>
	  <include>Trailer_57_</include>
    </control>
	<control type="button" description="קדימון סרט 16">
	  <animation condition="String.IsEmpty(Container(57).ListItemPosition(16).Trailer) | String.IsEqual(Container(57).ListItemPosition(16).Overlay,OverlayWatched.png)" effect="fade" start="100" end="0">Conditional</animation>
	  <animation condition="!Skin.HasSetting(SelectedZoom) + Container(57).Position(16)" effect="zoom" center="auto" start="100,100" end="110,110">Conditional</animation>
	  <include>Trailer_57_</include>
    </control>
	<control type="button" description="קדימון סרט 17">
	  <animation condition="String.IsEmpty(Container(57).ListItemPosition(17).Trailer) | String.IsEqual(Container(57).ListItemPosition(17).Overlay,OverlayWatched.png)" effect="fade" start="100" end="0">Conditional</animation>
	  <animation condition="!Skin.HasSetting(SelectedZoom) + Container(57).Position(17)" effect="zoom" center="auto" start="100,100" end="110,110">Conditional</animation>
	  <include>Trailer_57_</include>
    </control>
	<control type="button" description="קדימון סרט 18">
	  <animation condition="String.IsEmpty(Container(57).ListItemPosition(18).Trailer) | String.IsEqual(Container(57).ListItemPosition(18).Overlay,OverlayWatched.png)" effect="fade" start="100" end="0">Conditional</animation>
	  <animation condition="!Skin.HasSetting(SelectedZoom) + Container(57).Position(18)" effect="zoom" center="auto" start="100,100" end="110,110">Conditional</animation>
	  <include>Trailer_57_</include>
    </control>
	<control type="button" description="קדימון סרט 19">
	  <animation condition="String.IsEmpty(Container(57).ListItemPosition(19).Trailer) | String.IsEqual(Container(57).ListItemPosition(19).Overlay,OverlayWatched.png)" effect="fade" start="100" end="0">Conditional</animation>
	  <animation condition="!Skin.HasSetting(SelectedZoom) + Container(57).Position(19)" effect="zoom" center="auto" start="100,100" end="110,110">Conditional</animation>
	  <include>Trailer_57_</include>
    </control>
	<control type="button" description="קדימון סרט 20">
	  <animation condition="String.IsEmpty(Container(57).ListItemPosition(20).Trailer) | String.IsEqual(Container(57).ListItemPosition(20).Overlay,OverlayWatched.png)" effect="fade" start="100" end="0">Conditional</animation>
	  <animation condition="!Skin.HasSetting(SelectedZoom) + Container(57).Position(20)" effect="zoom" center="auto" start="100,100" end="110,110">Conditional</animation>
	  <include>Trailer_57_</include>
    </control>
  </include>
  
  <include name="Trailer_59">
	  <control type="grouplist" description="קדימונים שורה 1">
		  <animation description="" condition="!Skin.HasSetting(View59_Distance)" effect="slide" end="20,-10">Conditional</animation>
		  <animation description="slide_he" condition="[String.IsEqual(System.Language,Hebrew) + !Skin.String(View59Align) | Skin.String(View59Align,1)]" effect="slide" end="763,0">Conditional</animation>
		  <animation description="slide_en+" condition="!String.IsEqual(System.Language,Hebrew) + Skin.String(View59Align,1)" effect="slide" end="20,0">Conditional</animation>
		  <animation description="slide_he+" condition="String.IsEqual(System.Language,Hebrew) + Skin.String(View59Align,0)" effect="slide" end="-20,0">Conditional</animation>
		  <visible>!Skin.HasSetting(EnableTrailerButton)</visible>
		  <visible>!Container.Content(episodes)</visible>
		  <include>TrailerFade</include>
		  <posx>210</posx>
		  <posy>70</posy>
		  <width>1028</width>
		  <height>300</height>
		  <orientation>horizontal</orientation>
		  <itemgap>197</itemgap>
		  <include>Trailer_59A</include>
	  </control>
	  <control type="grouplist" description="קדימונים שורה 2">
		  <animation description="" condition="!Skin.HasSetting(View59_Distance)" effect="slide" end="20,-10">Conditional</animation>
		  <animation description="slide_he" condition="[String.IsEqual(System.Language,Hebrew) + !Skin.String(View59Align) | Skin.String(View59Align,1)]" effect="slide" end="763,0">Conditional</animation>
		  <animation description="slide_en+" condition="!String.IsEqual(System.Language,Hebrew) + Skin.String(View59Align,1)" effect="slide" end="20,0">Conditional</animation>
		  <animation description="slide_he+" condition="String.IsEqual(System.Language,Hebrew) + Skin.String(View59Align,0)" effect="slide" end="-20,0">Conditional</animation>
		  <visible>!Skin.HasSetting(EnableTrailerButton)</visible>
		  <visible>!Container.Content(episodes)</visible>
		  <include>TrailerFade</include>
		  <posx>210</posx>
		  <posy>416</posy>
		  <width>1028</width>
		  <height>300</height>
		  <orientation>horizontal</orientation>
		  <itemgap>197</itemgap>
		  <include>Trailer_59B</include>
	  </control>
	  <control type="grouplist" description="קדימונים שורה 3">
		  <animation description="" condition="!Skin.HasSetting(View59_Distance)" effect="slide" end="20,-10">Conditional</animation>
		  <animation description="slide_he" condition="[String.IsEqual(System.Language,Hebrew) + !Skin.String(View59Align) | Skin.String(View59Align,1)]" effect="slide" end="763,0">Conditional</animation>
		  <animation description="slide_en+" condition="!String.IsEqual(System.Language,Hebrew) + Skin.String(View59Align,1)" effect="slide" end="20,0">Conditional</animation>
		  <animation description="slide_he+" condition="String.IsEqual(System.Language,Hebrew) + Skin.String(View59Align,0)" effect="slide" end="-20,0">Conditional</animation>
		  <visible>!Skin.HasSetting(EnableTrailerButton)</visible>
		  <visible>!Container.Content(episodes)</visible>
		  <include>TrailerFade</include>
		  <posx>210</posx>
		  <posy>743</posy>
		  <width>1028</width>
		  <height>300</height>
		  <orientation>horizontal</orientation>
		  <itemgap>197</itemgap>
		  <include>Trailer_59C</include>
	  </control>
  </include>
	  
  <include name="Trailer_59A">
    <control type="button" description="קדימון סרט 0">
	  <animation condition="String.IsEmpty(Container(59).ListItemPosition(0).Trailer) | String.IsEqual(Container(59).ListItemPosition(0).Overlay,OverlayWatched.png)" effect="fade" start="100" end="0" reversible="true">Conditional</animation>
	  <animation condition="!Skin.HasSetting(SelectedZoom) + Container(59).Position(0)" effect="zoom" center="auto" start="100,100" end="110,110">Conditional</animation>
	  <include>Trailer_59_</include>
    </control>
	<control type="button" description="קדימון סרט 1">
	  <animation condition="String.IsEmpty(Container(59).ListItemPosition(1).Trailer)  | String.IsEqual(Container(59).ListItemPosition(1).Overlay,OverlayWatched.png)" effect="fade" start="100" end="0">Conditional</animation>
	  <animation condition="!Skin.HasSetting(SelectedZoom) + Container(59).Position(1)" effect="zoom" center="auto" start="100,100" end="110,110">Conditional</animation>
	  <include>Trailer_59_</include>
    </control>
	<control type="button" description="קדימון סרט 2">
	  <animation condition="String.IsEmpty(Container(59).ListItemPosition(2).Trailer) | String.IsEqual(Container(59).ListItemPosition(2).Overlay,OverlayWatched.png)" effect="fade" start="100" end="0">Conditional</animation>
	  <animation condition="!Skin.HasSetting(SelectedZoom) + Container(59).Position(2)" effect="zoom" center="auto" start="100,100" end="110,110">Conditional</animation>
	  <include>Trailer_59_</include>
    </control>
	<control type="button" description="קדימון סרט 3">
	  <animation condition="String.IsEmpty(Container(59).ListItemPosition(3).Trailer) | String.IsEqual(Container(59).ListItemPosition(3).Overlay,OverlayWatched.png)" effect="fade" start="100" end="0">Conditional</animation>
	  <animation condition="!Skin.HasSetting(SelectedZoom) + Container(59).Position(3)" effect="zoom" center="auto" start="100,100" end="110,110">Conditional</animation>
	  <include>Trailer_59_</include>
    </control>
  </include>
  
  <include name="Trailer_59B">
    <control type="button" description="קדימון סרט 4">
	  <animation condition="String.IsEmpty(Container(59).ListItemPosition(4).Trailer) | String.IsEqual(Container(59).ListItemPosition(4).Overlay,OverlayWatched.png)" effect="fade" start="100" end="0" reversible="true">Conditional</animation>
	  <animation condition="!Skin.HasSetting(SelectedZoom) + Container(59).Position(4)" effect="zoom" center="auto" start="100,100" end="110,110">Conditional</animation>
	  <include>Trailer_59_</include>
    </control>
	<control type="button" description="קדימון סרט 5">
	  <animation condition="String.IsEmpty(Container(59).ListItemPosition(5).Trailer)  | String.IsEqual(Container(59).ListItemPosition(5).Overlay,OverlayWatched.png)" effect="fade" start="100" end="0">Conditional</animation>
	  <animation condition="!Skin.HasSetting(SelectedZoom) + Container(59).Position(5)" effect="zoom" center="auto" start="100,100" end="110,110">Conditional</animation>
	  <include>Trailer_59_</include>
    </control>
	<control type="button" description="קדימון סרט 6">
	  <animation condition="String.IsEmpty(Container(59).ListItemPosition(6).Trailer) | String.IsEqual(Container(59).ListItemPosition(6).Overlay,OverlayWatched.png)" effect="fade" start="100" end="0">Conditional</animation>
	  <animation condition="!Skin.HasSetting(SelectedZoom) + Container(59).Position(6)" effect="zoom" center="auto" start="100,100" end="110,110">Conditional</animation>
	  <include>Trailer_59_</include>
    </control>
	<control type="button" description="קדימון סרט 7">
	  <animation condition="String.IsEmpty(Container(59).ListItemPosition(7).Trailer) | String.IsEqual(Container(59).ListItemPosition(7).Overlay,OverlayWatched.png)" effect="fade" start="100" end="0">Conditional</animation>
	  <animation condition="!Skin.HasSetting(SelectedZoom) + Container(59).Position(7)" effect="zoom" center="auto" start="100,100" end="110,110">Conditional</animation>
	  <include>Trailer_59_</include>
    </control>
  </include>
    
  <include name="Trailer_59C">
    <control type="button" description="קדימון סרט 8">
	  <animation condition="String.IsEmpty(Container(59).ListItemPosition(8).Trailer) | String.IsEqual(Container(59).ListItemPosition(8).Overlay,OverlayWatched.png)" effect="fade" start="100" end="0" reversible="true">Conditional</animation>
	  <animation condition="!Skin.HasSetting(SelectedZoom) + Container(59).Position(8)" effect="zoom" center="auto" start="100,100" end="110,110">Conditional</animation>
	  <include>Trailer_59_</include>
    </control>
	<control type="button" description="קדימון סרט 9">
	  <animation condition="String.IsEmpty(Container(59).ListItemPosition(9).Trailer)  | String.IsEqual(Container(59).ListItemPosition(9).Overlay,OverlayWatched.png)" effect="fade" start="100" end="0">Conditional</animation>
	  <animation condition="!Skin.HasSetting(SelectedZoom) + Container(59).Position(9)" effect="zoom" center="auto" start="100,100" end="110,110">Conditional</animation>
	  <include>Trailer_59_</include>
    </control>
	<control type="button" description="קדימון סרט 10">
	  <animation condition="String.IsEmpty(Container(59).ListItemPosition(10).Trailer) | String.IsEqual(Container(59).ListItemPosition(10).Overlay,OverlayWatched.png)" effect="fade" start="100" end="0">Conditional</animation>
	  <animation condition="!Skin.HasSetting(SelectedZoom) + Container(59).Position(10)" effect="zoom" center="auto" start="100,100" end="110,110">Conditional</animation>
	  <include>Trailer_59_</include>
    </control>
	<control type="button" description="קדימון סרט 11">
	  <animation condition="String.IsEmpty(Container(59).ListItemPosition(11).Trailer) | String.IsEqual(Container(59).ListItemPosition(11).Overlay,OverlayWatched.png)" effect="fade" start="100" end="0">Conditional</animation>
	  <animation condition="!Skin.HasSetting(SelectedZoom) + Container(59).Position(11)" effect="zoom" center="auto" start="100,100" end="110,110">Conditional</animation>
	  <include>Trailer_59_</include>
    </control>
  </include>
  
  <include name="Trailer_59_">
    <animation condition="Container(59).Scrolling | Container(59).OnScrollNext | Container(59).OnScrollPrevious" effect="fade" start="100" end="0" time="0" reversible="false">Conditional</animation>
	<animation condition="!Container(59).Scrolling + !Container(59).OnScrollNext + !Container(59).OnScrollPrevious" effect="fade" start="0" end="100" delay="590" time="1000" reversible="false">Conditional</animation>
	<height>70</height>
	<posx>55</posx>
	<posy>24</posy>
	<width>70</width>
	<texturefocus>osd/buttons/OSDTrailer_.png</texturefocus>
	<texturenofocus colordiffuse="BBBBBBFF">osd/buttons/OSDTrailer_.png</texturenofocus>
	<onclick condition="Skin.HasSetting(trailers2)">PlayMedia($INFO[ListItem.Trailer])</onclick>
	<onclick condition="!Skin.HasSetting(trailers2)">PlayMedia($INFO[ListItem.Trailer],1)</onclick>
	<visible>!Skin.HasSetting(EnableTrailerButton)</visible>
  </include>
  
  <include name="Trailer_58">
	  <control type="grouplist" description="קדימונים שורה 1">
		  <animation description="מרווח_slide_en" condition="Skin.HasSetting(View58_Distance) + !String.IsEqual(System.Language,Hebrew)" effect="slide" end="15,0" reversible="true">Conditional</animation>
		  <visible>!Skin.HasSetting(EnableTrailerButton)</visible>
		  <visible>!Container.Content(episodes)</visible>
		  <include>TrailerFade</include>
		  <posx>317</posx>
		  <posy>137</posy>
		  <width>1800</width>
		  <height>300</height>
		  <orientation>horizontal</orientation>
		  <itemgap>304</itemgap>
		  <include>Trailer_58A</include>
	  </control>
	  <control type="grouplist" description="קדימונים שורה 2">
		  <animation description="מרווח_slide_en" condition="Skin.HasSetting(View58_Distance) + !String.IsEqual(System.Language,Hebrew)" effect="slide" end="15,0" reversible="true">Conditional</animation>
		  <visible>!Skin.HasSetting(EnableTrailerButton)</visible>
		  <visible>!Container.Content(episodes)</visible>
		  <include>TrailerFade</include>
		  <posx>317</posx>
		  <posy>645</posy>
		  <width>1800</width>
		  <height>300</height>
		  <orientation>horizontal</orientation>
		  <itemgap>304</itemgap>
		  <include>Trailer_58B</include>
	  </control>
  </include>
  
  <include name="Trailer_58A">
    <control type="button" description="קדימון סרט 0">
	  <animation condition="String.IsEmpty(Container(58).ListItemPosition(0).Trailer) | String.IsEqual(Container(58).ListItemPosition(0).Overlay,OverlayWatched.png)" effect="fade" start="100" end="0" reversible="true">Conditional</animation>
	  <animation condition="!Skin.HasSetting(SelectedZoom) + Container(58).Position(0)" effect="zoom" center="auto" start="100,100" end="110,110">Conditional</animation>
	  <include>Trailer_58_</include>
    </control>
	<control type="button" description="קדימון סרט 1">
	  <animation condition="String.IsEmpty(Container(58).ListItemPosition(1).Trailer)  | String.IsEqual(Container(58).ListItemPosition(1).Overlay,OverlayWatched.png)" effect="fade" start="100" end="0">Conditional</animation>
	  <animation condition="!Skin.HasSetting(SelectedZoom) + Container(58).Position(1)" effect="zoom" center="auto" start="100,100" end="110,110">Conditional</animation>
	  <include>Trailer_58_</include>
    </control>
	<control type="button" description="קדימון סרט 2">
	  <animation condition="String.IsEmpty(Container(58).ListItemPosition(2).Trailer) | String.IsEqual(Container(58).ListItemPosition(2).Overlay,OverlayWatched.png)" effect="fade" start="100" end="0">Conditional</animation>
	  <animation condition="!Skin.HasSetting(SelectedZoom) + Container(58).Position(2)" effect="zoom" center="auto" start="100,100" end="110,110">Conditional</animation>
	  <include>Trailer_58_</include>
    </control>
	<control type="button" description="קדימון סרט 3">
	  <animation condition="String.IsEmpty(Container(58).ListItemPosition(3).Trailer) | String.IsEqual(Container(58).ListItemPosition(3).Overlay,OverlayWatched.png)" effect="fade" start="100" end="0">Conditional</animation>
	  <animation condition="!Skin.HasSetting(SelectedZoom) + Container(58).Position(3)" effect="zoom" center="auto" start="100,100" end="110,110">Conditional</animation>
	  <include>Trailer_58_</include>
    </control>
	<control type="button" description="קדימון סרט 4">
	  <animation condition="String.IsEmpty(Container(58).ListItemPosition(4).Trailer) | String.IsEqual(Container(58).ListItemPosition(4).Overlay,OverlayWatched.png)" effect="fade" start="100" end="0">Conditional</animation>
	  <animation condition="!Skin.HasSetting(SelectedZoom) + Container(58).Position(4)" effect="zoom" center="auto" start="100,100" end="110,110">Conditional</animation>
	  <include>Trailer_58_</include>
    </control>
  </include>
  
  <include name="Trailer_58B">
    <control type="button" description="קדימון סרט 5">
	  <animation condition="String.IsEmpty(Container(58).ListItemPosition(5).Trailer) | String.IsEqual(Container(58).ListItemPosition(5).Overlay,OverlayWatched.png)" effect="fade" start="100" end="0" reversible="true">Conditional</animation>
	  <animation condition="!Skin.HasSetting(SelectedZoom) + Container(58).Position(5)" effect="zoom" center="auto" start="100,100" end="110,110">Conditional</animation>
	  <include>Trailer_58_</include>
    </control>
	<control type="button" description="קדימון סרט 6">
	  <animation condition="String.IsEmpty(Container(58).ListItemPosition(6).Trailer)  | String.IsEqual(Container(58).ListItemPosition(6).Overlay,OverlayWatched.png)" effect="fade" start="100" end="0">Conditional</animation>
	  <animation condition="!Skin.HasSetting(SelectedZoom) + Container(58).Position(6)" effect="zoom" center="auto" start="100,100" end="110,110">Conditional</animation>
	  <include>Trailer_58_</include>
    </control>
	<control type="button" description="קדימון סרט 7">
	  <animation condition="String.IsEmpty(Container(58).ListItemPosition(7).Trailer) | String.IsEqual(Container(58).ListItemPosition(7).Overlay,OverlayWatched.png)" effect="fade" start="100" end="0">Conditional</animation>
	  <animation condition="!Skin.HasSetting(SelectedZoom) + Container(58).Position(7)" effect="zoom" center="auto" start="100,100" end="110,110">Conditional</animation>
	  <include>Trailer_58_</include>
    </control>
	<control type="button" description="קדימון סרט 8">
	  <animation condition="String.IsEmpty(Container(58).ListItemPosition(8).Trailer) | String.IsEqual(Container(58).ListItemPosition(8).Overlay,OverlayWatched.png)" effect="fade" start="100" end="0">Conditional</animation>
	  <animation condition="!Skin.HasSetting(SelectedZoom) + Container(58).Position(8)" effect="zoom" center="auto" start="100,100" end="110,110">Conditional</animation>
	  <include>Trailer_58_</include>
    </control>
	<control type="button" description="קדימון סרט 9">
	  <animation condition="String.IsEmpty(Container(58).ListItemPosition(9).Trailer) | String.IsEqual(Container(58).ListItemPosition(9).Overlay,OverlayWatched.png)" effect="fade" start="100" end="0">Conditional</animation>
	  <animation condition="!Skin.HasSetting(SelectedZoom) + Container(58).Position(9)" effect="zoom" center="auto" start="100,100" end="110,110">Conditional</animation>
	  <include>Trailer_58_</include>
    </control>
  </include>
  
  <include name="Trailer_58_">
    <animation condition="Container(58).Scrolling | Container(58).OnScrollNext | Container(58).OnScrollPrevious" effect="fade" start="100" end="0" time="0" reversible="false">Conditional</animation>
	<animation condition="!Container(58).Scrolling + !Container(58).OnScrollNext + !Container(58).OnScrollPrevious" effect="fade" start="0" end="100" delay="580" time="1000" reversible="false">Conditional</animation>
	<height>70</height>
	<posx>55</posx>
	<posy>24</posy>
	<width>70</width>
	<texturefocus>osd/buttons/OSDTrailer_.png</texturefocus>
	<texturenofocus colordiffuse="BBBBBBFF">osd/buttons/OSDTrailer_.png</texturenofocus>
	<onclick condition="Skin.HasSetting(trailers2)">PlayMedia($INFO[ListItem.Trailer])</onclick>
	<onclick condition="!Skin.HasSetting(trailers2)">PlayMedia($INFO[ListItem.Trailer],1)</onclick>
	<visible>!Skin.HasSetting(EnableTrailerButton)</visible>
  </include>
  
  <include name="VisibilityInfoIcon">
    <visible>!ListItem.HasEpg</visible>
    <visible>!String.IsEqual(ListItem.Overlay,OverlayWatched.png)</visible>
    <visible>String.IsEmpty(ListItem.Trailer)</visible>
	<visible>[!String.IsEmpty(ListItem.Plot) | !String.IsEmpty(ListItem.AddonDescription)]</visible>
	<visible description="Label2">![!String.IsEmpty(ListItem.Label2) + !String.IsEqual(ListItem.Label2,0 B) + !Window.IsVisible(MyVideoNav.xml)]</visible>
	<visible description="Progress">![String.IsEmpty(ListItem.ChannelNumber) + !String.IsEmpty(ListItem.Progress)]</visible>
	<visible>String.IsEmpty(ListItem.Rating)</visible>
	<visible>![[Container.Content(TVShows) + Integer.IsGreater(ListItem.Property(WatchedEpisodes),0) + Integer.IsGreater(ListItem.Property(UnWatchedEpisodes),0)] | [Container.Content(Seasons) + !String.IsEmpty(ListItem.Property(UnWatchedEpisodes))] | [Container.Content(Episodes)] + Skin.String(ListItemUnWatchedEpisodes)]</visible>
  </include>
  
  <include name="Rating_">
    <control type="group" description="דירוג">
	  <animation condition="$EXP[View57] | $EXP[View59]" effect="zoom" center="60,-38" start="100,100" end="80,80" time="0">Conditional</animation>
	  <!--<animation condition="$EXP[View51]" effect="zoom" center="1413,-30" start="100,100" end="80,80" time="0">Conditional</animation>-->
	  <animation condition="$EXP[View51]" effect="zoom" center="-650,-127" start="100,100" end="68,68" time="0">Conditional</animation>
	  <height>312</height>
	  <posx>55</posx>
	  <posy>37</posy>
	  <width>135</width>	  
	  <visible></visible>
	  <visible>!String.IsEmpty(ListItem.Rating) + !Skin.HasSetting(Show_Rating)</visible>
	  <visible>$EXP[View57] | $EXP[View58] | $EXP[View54] | $EXP[View59]</visible>
	  <control type="image" description="">
		<animation condition="true" effect="fade" start="70" end="70" time="0">Conditional</animation>
		<height>40</height>
		<posy>4</posy>
		<texture colordiffuse="ff100c08" border="0">buttons/ButtonA0.png</texture>
		<width>100%</width>
	  </control>	  
	  <control type="image" description="דירוג">
		  <posy>8</posy>
		  <width>100%</width>
		  <height>30</height>
		  <aspectratio align="center">stretch</aspectratio>
		  <texture background="true">$VAR[TopVideoInformation3]</texture>
		  <visible>!String.IsEmpty(ListItem.Rating)</visible>
	  </control>
	</control>
  </include>
</includes>
