<?xml version="1.0" encoding="UTF-8"?>
<window description="(2600)">
  <defaultcontrol always="true">50</defaultcontrol>
  <include>Fade_WindowsOpenClose</include>
  <controls>
  <include>Backgrounds3</include>
  <control type="group">
		<include>TopInformationSize1</include>
		<control type="button" id="2" description="רענון">
		  <visible>false</visible>
		</control>
		<!--<control type="spincontrolex" id="3" description="מקום">
		  <visible>false</visible>
		</control>-->
		<control type="label" id="31" description="Current day label">
		  <visible>false</visible>
		</control>
		<control type="label" id="32" description="Today's high temperature value">
		  <visible>false</visible>
		</control>
		<control type="label" id="33" description="Today's low temperature value">
		  <visible>false</visible>
		</control>
		
		<control type="label" id="226" description="Current.Wind">
		  <visible>false</visible>
		</control>
		<control type="label" id="103" description="Today's low temperature value">
		  <visible>false</visible>
		</control>
		
		<control type="list" id="50" description="DAYS">
		  <posx>1225</posx>
		  <posy>145</posy>
		  <width>700</width>
		  <height>300</height>
		  <onup>noop</onup>
		  <ondown>9000</ondown>
		  <!--<onleft condition="String.IsEqual(System.Language,Hebrew)">9000</onleft>
		  <onright condition="!String.IsEqual(System.Language,Hebrew)">9000</onright>-->
		  <orientation>horizontal</orientation>
		  <itemlayout width="170">
			<control type="group">
			  <posy>10</posy>
			  <posx>10</posx>
				<control type="image">
				  <animation condition="ControlGroup(9009).HasFocus" effect="fade" start="100" end="40" delay="0" time="700">Conditional</animation>
				  <include>Fade_TopVideoInformationOverlay</include>
				  <height>220</height>
				  <posx>-13</posx>
				  <posy>-27</posy>
				  <width>185</width>
				  <texture border="40" colordiffuse="$VAR[TopVideoInformationColor]">buttons/ButtonA0.png</texture>
				</control>
				<control type="label" description="ימים">
				  <include>LabelC2</include>
				  <height>20</height>
				  <width>160</width>
				  <align>center</align>
				  <font>size36</font>
				  <label>$INFO[ListItem.label]</label>
				</control>
				<control type="label" description="מעלות">
				  <include>LabelC4</include>
				  <posy>110</posy>
				  <height>40</height>
				  <width>160</width>
				  <label>$INFO[ListItem.Property(LowTemp)] - $INFO[ListItem.Property(HighTemp)]</label>
				</control>
				<control type="label" description="מצב">
				  <include>LabelC4</include>
				  <posy>140</posy>
				  <height>40</height>
				  <width>160</width>
				  <label>$INFO[ListItem.Property(Conditions)]</label>
				</control>
				<control type="image" description="תמונת מצב">
				  <posy>15</posy>
				  <posx>30</posx>
				  <height>100</height>
				  <width>100</width>
				  <texture>$VAR[WeatherIconPath]</texture>
				  <aspectratio align="center">keep</aspectratio>
				</control>
				<control type="image" description="קו לאורך">
				  <include>Fade_TopVideoInformationOverlay</include>
				  <aspectratio align="left">stretch</aspectratio>
				  <posx>160</posx>
				  <posy>0</posy>
				  <width>10</width>
				  <height>188</height>
				  <texture border="1" colordiffuse="$VAR[TopVideoInformationColor]">images/LineV.png</texture>
				</control>
			</control>
		  </itemlayout>
		  <focusedlayout width="170">
			<control type="group">
			  <posy>10</posy>
			  <posx>10</posx>
				<control type="button">
				  <!--<onfocus>AlarmClock(WeatherRefresh,SendClick(2),00:01,silent)</onfocus>-->
				  <visible>false</visible>
				</control>
				<control type="image">
				  <animation condition="ControlGroup(9009).HasFocus" effect="fade" start="100" end="40" delay="0" time="700">Conditional</animation>
				  <include>Fade_TopVideoInformationOverlay</include>
				  <height>220</height>
				  <posx>-13</posx>
				  <posy>-27</posy>
				  <width>185</width>
				  <texture border="40" colordiffuse="$VAR[ButtonFocusColor]">buttons/ButtonA0.png</texture>
				</control>
				<control type="label" description="ימים">
				  <include>LabelC2</include>
				  <height>20</height>
				  <width>160</width>
				  <align>center</align>
				  <font>size36</font>
				  <label>$INFO[ListItem.label]</label>
				</control>
				<control type="label" description="מעלות">
				  <include>LabelC4</include>
				  <posy>110</posy>
				  <height>40</height>
				  <width>160</width>
				  <label>$INFO[ListItem.Property(LowTemp)] - $INFO[ListItem.Property(HighTemp)]</label>
				</control>
				<control type="label" description="מצב">
				  <include>LabelC4</include>
				  <posy>140</posy>
				  <height>40</height>
				  <width>160</width>
				  <label>$INFO[ListItem.Property(Conditions)]</label>
				</control>
				<control type="image" description="תמונת מצב">
				  <posy>15</posy>
				  <posx>30</posx>
				  <height>100</height>
				  <width>100</width>
				  <texture>$VAR[WeatherIconPath]</texture>
				  <aspectratio align="center">keep</aspectratio>
				</control>
			</control>
		  </focusedlayout>
		  <content>
			<item id="0">
			  <label>33006</label>
			  <label2>Min:  $INFO[Window.Property(Day0.LowTemp)][CR]Max: $INFO[Window.Property(Day0.HighTemp)]</label2>
			  <property name="Conditions">$INFO[Window.Property(Day0.Outlook)]</property>
			  <property name="FanartCode">$INFO[Window.Property(Day0.FanartCode)]</property>
			  <property name="LowTemp">$INFO[Window.Property(Day0.LowTemp)]</property>
			  <property name="HighTemp">$INFO[Window.Property(Day0.HighTemp)]</property>
			  <property name="Title">$INFO[Window.Property(Day0.Title)]</property>
			  <thumb>$INFO[Window.Property(Day0.OutlookIcon)]</thumb>
			  <onclick>noop</onclick>
			  <!--<onclick>Weather.Refresh</onclick>-->
			  <visible>false</visible>
			</item>
			<item id="1">
			  <label>$INFO[Window.Property(Day1.Title)]</label>
			  <label2>Min:  $INFO[Window.Property(Day1.LowTemp)][CR]Max: $INFO[Window.Property(Day1.HighTemp)]</label2>
			  <property name="Conditions">$INFO[Window(Weather).Property(Day1.Outlook)]</property>
			  <property name="FanartCode">$INFO[Window.Property(Day1.FanartCode)]</property>
			  <property name="LowTemp">$INFO[Window.Property(Day1.LowTemp)]</property>
			  <property name="HighTemp">$INFO[Window.Property(Day1.HighTemp)]</property>
			  <property name="Title">$INFO[Window.Property(Day1.Title)]</property>
			  <thumb>$INFO[Window.Property(Day1.OutlookIcon)]</thumb>
			  <onclick>noop</onclick>
			  <!--<onclick>Weather.Refresh</onclick>-->
			</item>
			<item id="2">
			  <label>$INFO[Window.Property(Day2.Title)]</label>
			  <label2>Min:  $INFO[Window.Property(Day2.LowTemp)][CR]Max: $INFO[Window.Property(Day2.HighTemp)]</label2>
			  <property name="Conditions">$INFO[Window(Weather).Property(Day2.Outlook)]</property>
			  <property name="FanartCode">$INFO[Window.Property(Day2.FanartCode)]</property>
			  <property name="LowTemp">$INFO[Window.Property(Day2.LowTemp)]</property>
			  <property name="HighTemp">$INFO[Window.Property(Day2.HighTemp)]</property>
			  <property name="Title">$INFO[Window.Property(Day2.Title)]</property>
			  <thumb>$INFO[Window.Property(Day2.OutlookIcon)]</thumb>
			  <onclick>noop</onclick>
			  <!--<onclick>Weather.Refresh</onclick>-->
			</item>
			<item id="3">
			  <label>$INFO[Window.Property(Day3.Title)]</label>
			  <label2>Min:  $INFO[Window.Property(Day3.LowTemp)][CR]Max: $INFO[Window.Property(Day3.HighTemp)]</label2>
			  <property name="Conditions">$INFO[Window(Weather).Property(Day3.Outlook)]</property>
			  <property name="FanartCode">$INFO[Window.Property(Day3.FanartCode)]</property>
			  <property name="LowTemp">$INFO[Window.Property(Day3.LowTemp)]</property>
			  <property name="HighTemp">$INFO[Window.Property(Day3.HighTemp)]</property>
			  <property name="Title">$INFO[Window.Property(Day3.Title)]</property>
			  <thumb>$INFO[Window.Property(Day3.OutlookIcon)]</thumb>
			  <onclick>noop</onclick>
			  <!--<onclick>Weather.Refresh</onclick>-->
			</item>
			<item id="4">
			  <label>$INFO[Window.Property(Day4.Title)]</label>
			  <label2>Min:  $INFO[Window.Property(Day4.LowTemp)][CR]Max: $INFO[Window.Property(Day4.HighTemp)]</label2>
			  <property name="Conditions">$INFO[Window(Weather).Property(Day4.Outlook)]</property>
			  <property name="FanartCode">$INFO[Window.Property(Day4.FanartCode)]</property>
			  <property name="LowTemp">$INFO[Window.Property(Day4.LowTemp)]</property>
			  <property name="HighTemp">$INFO[Window.Property(Day4.HighTemp)]</property>
			  <property name="Title">$INFO[Window.Property(Day4.Title)]</property>
			  <thumb>$INFO[Window.Property(Day4.OutlookIcon)]</thumb>
			  <onclick>noop</onclick>
			  <!--<onclick>Weather.Refresh</onclick>-->
			</item>
			<item id="5">
			  <label>$INFO[Window.Property(Day5.Title)]</label>
			  <label2>Min:  $INFO[Window.Property(Day5.LowTemp)][CR]Max: $INFO[Window.Property(Day5.HighTemp)]</label2>
			  <property name="Conditions">$INFO[Window(Weather).Property(Day5.Outlook)]</property>
			  <property name="FanartCode">$INFO[Window.Property(Day5.FanartCode)]</property>
			  <property name="LowTemp">$INFO[Window.Property(Day5.LowTemp)]</property>
			  <property name="HighTemp">$INFO[Window.Property(Day5.HighTemp)]</property>
			  <property name="Title">$INFO[Window.Property(Day5.Title)]</property>
			  <onclick>noop</onclick>
			  <!--<onclick>Weather.Refresh</onclick>-->
			  <visible>false</visible>
			</item>
			<item id="6">
			  <label>$INFO[Window.Property(Day6.Title)]</label>
			  <label2>Min:  $INFO[Window.Property(Day6.LowTemp)][CR]Max: $INFO[Window.Property(Day6.HighTemp)]</label2>
			  <property name="Conditions">$INFO[Window(Weather).Property(Day6.Outlook)]</property>
			  <property name="FanartCode">$INFO[Window.Property(Day6.FanartCode)]</property>
			  <property name="LowTemp">$INFO[Window.Property(Day6.LowTemp)]</property>
			  <property name="HighTemp">$INFO[Window.Property(Day6.HighTemp)]</property>
			  <property name="Title">$INFO[Window.Property(Day6.Title)]</property>
			  <thumb>$INFO[Window.Property(Day6.OutlookIcon)]</thumb>
			  <onclick>noop</onclick>
			  <!--<onclick>Weather.Refresh</onclick>-->
			  <visible>false</visible>
			</item>
		  </content>
		</control>
	</control>
		<include>MenuDesign_Left</include>
		<include>TopVideoInformation</include>
		<include>TopInformation</include>
		<include>WindowsBusy</include>
		<control type="image">
			<animation condition="!String.IsEqual(System.Language,Hebrew)" effect="slide" start="0,0" end="540,0" time="0">Conditional</animation>
			<left>20</left>
			<top>30</top>
			<width>100</width>
			<height>40</height>
			<aspectratio align="center" aligny="center">keep</aspectratio>
			<texture>$INFO[Window.Property(WeatherProviderLogo)]</texture>
			<visible>false</visible>
		</control>
  </controls>
</window>
