<?xml version="1.0" encoding="UTF-8"?>
<includes>
  <include name="SetProperty_Home" description="">
    <control type="button">
	  <onfocus description="Button.ID_BASE" condition="!Window.IsVisible(CustomHomeCustomizer2.xml)">SetProperty(Button.ID_,$INFO[Container(9000).ListItemNoWrap(0).Property(id)],home)</onfocus>
	  <!--<onfocus description="Button.ID_BASE-CustomHome" condition="Window.IsVisible(CustomHomeCustomizer.xml) + !Window.IsVisible(CustomHomeCustomizer2.xml)">SetProperty(Button.ID_,$INFO[Container(50).ListItemNoWrap(0).Property(id)],home)</onfocus>-->
	  
	  <onfocus description="Button.ID-Home" condition="!Window.IsVisible(CustomHomeCustomizer2.xml)">SetProperty(Button.ID,$INFO[Container(9000).ListItem(0).Label2],home)</onfocus>
	  <onfocus description="Button.Name-Home" condition="!Window.IsVisible(CustomHomeCustomizer2.xml)">SetProperty(Button.Name,$INFO[System.CurrentControl],home)</onfocus>
	  
	  <onfocus description="Button.ID_BASE-CustomHome2" condition="Window.IsVisible(CustomHomeCustomizer2.xml)">SetProperty(TEMP2,$INFO[Container(51).ListItemNoWrap(0).Property(id)],home)</onfocus>
	  <onfocus description="Button.ID-CustomHome2" condition="Window.IsVisible(CustomHomeCustomizer2.xml)">SetProperty(TEMP,$INFO[Container(51).ListItem(0).Label2],home)</onfocus>
	  
	  <visible>false</visible>
	</control>
  </include>
  
  <include name="ReloadSkin_Check">
    <onload condition="Skin.HasSetting(Admin3) + Skin.HasSetting(Admin) + !Skin.HasSetting(Admin2) + Window.IsVisible(Home.xml) + Control.IsVisible(9000) + [!IntegerGreaterThan(Container(9000).NumItems,4) | StringCompare(Container(9000).NumItems,0) | StringCompare(Container(9000).ListItem(0).Label,) | IsEmpty(Control.GetLabel(700105))]">Notification(TESTING,,2000)</onload>
	<onload condition="Window.IsVisible(Home.xml) + Control.IsVisible(9000) + [!IntegerGreaterThan(Container(9000).NumItems,4) | StringCompare(Container(9000).NumItems,0) | StringCompare(Container(9000).ListItem(0).Label,) | IsEmpty(Control.GetLabel(700105))]">RunScript(script.featherence.service,,?mode=213&amp;value=1)</onload>
	<onload condition="Window.IsVisible(CustomHomeCustomizer.xml) + Control.IsVisible(9000) + [StringCompare(Container(9000).NumItems,0) | StringCompare(Container(9000).ListItem(0).Label,) | IsEmpty(Control.GetLabel(700105))]">RunScript(script.featherence.service,,?mode=213&amp;value=1)</onload>
	<onload condition="Window.IsVisible(CustomHomeCustomizer2.xml) + StringCompare(Container.Viewmode,$LOCALIZE[31011]) + [StringCompare(Container(51).NumItems,0) | StringCompare(Container(51).ListItem(0).Label,)]">RunScript(script.featherence.service,,?mode=213&amp;value=3)</onload>
	<onload condition="Window.IsVisible(MyVideoNav.xml) + IsEmpty(Control.GetLabel(111)) + !Control.IsVisible(7021) + IsEmpty(Control.GetLabel(700105))">RunScript(script.featherence.service,,?mode=213&amp;value=4)</onload>
  </include>
  
  <include name="Design_TopButtons">
	<control type="grouplist" id="9009" description="כפתורים עליונים">
	  <animation condition="Window.IsVisible(Home.xml) + System.IdleTime(3) + [Control.HasFocus(311) | Control.HasFocus(312) | System.IdleTime(5)]" effect="fade" start="100" end="0" delay="0" time="700" reversible="false">Conditional</animation>
	  <visible>[Window.IsVisible(Home.xml) + !Skin.HasSetting(widget) + [Control.IsVisible(311) | Control.IsVisible(312)]] | !Window.IsVisible(Home.xml)</visible>
	  <visible>Window.IsVisible(CustomHomeCustomizer.xml) + !Window.IsVisible(CustomHomeCustomizer2.xml) | !Window.IsVisible(CustomHomeCustomizer.xml)</visible>
	  <visible>[Container(9000).Row(0) | Container(9000).Row(1)] + !Container(9000).HasPrevious() | ![Skin.String(MenuDesign,0) | Skin.String(MenuDesign,1)]</visible>
	  <visible>!Window.IsVisible(Custom1173.xml)</visible>
	  <height>40</height>
	  <posx>20</posx>
	  <posy>27</posy>
	  <width>1880</width>
	  <orientation>horizontal</orientation>
	  <onup condition="Player.HasMedia">ActivateWindow(12901)</onup>
	  <ondown condition="Control.IsVisible(7011)">7017</ondown>
	  <ondown condition="Control.IsVisible(700)">700</ondown>
	  <ondown condition="Control.IsVisible(9000)">9000</ondown>
	  <ondown condition="StringCompare(Container.Viewmode,$LOCALIZE[31010])">50</ondown>
	  <onright condition="">noop</onright>
	  <onright condition="Control.IsVisible(312)">312</onright>
	  <onleft condition="">noop</onleft>
	  
	  
	  <include>Content_TopButtons</include>
	</control>
  </include>
  
  <include name="Widget_Home">
    <control type="group" description="סמן חץ ימינה">
		<visible>[Control.HasFocus(311) + Container(311).HasNext] | [Control.HasFocus(312) + Container(312).HasNext]</visible>
		<posx>60r</posx>
		<posy>275</posy>
		<control type="image" description="לא נבחר">
		  <width>40</width>
		  <height>40</height>
		  <texture border="0">images/ArrowNF.png</texture>
		  <visible>[Control.HasFocus(311) + !Container(311).Position(4)] | [Control.HasFocus(312) + !Container(312).Position(4)]</visible>
		</control>
		<control type="image" description="נבחר">
		  <width>40</width>
		  <height>40</height>
		  <texture border="0">images/ArrowFO.png</texture>
		  <visible>[Control.HasFocus(311) + Container(311).Position(4)] | [Control.HasFocus(312) + Container(312).Position(4)]</visible>
		</control>
	</control>
	
	<control type="group" description="סמן חץ שמאלה">
		<visible>[Control.HasFocus(311) + Container(311).HasPrevious] | [Control.HasFocus(312) + Container(312).HasPrevious]</visible>
		<posx>20l</posx>
		<posy>275</posy>
		<control type="image" description="לא נבחר">
		  <width>40</width>
		  <height>40</height>
		  <texture border="0">images/Arrow2NF.png</texture>
		  <visible>[Control.HasFocus(311) + !Container(311).Position(0)] | [Control.HasFocus(312) + !Container(312).Position(0)]</visible>
		</control>
		<control type="image" description="נבחר">
		  <width>40</width>
		  <height>40</height>
		  <texture border="0">images/Arrow2FO.png</texture>
		  <visible>[Control.HasFocus(311) + Container(311).Position(0)] | [Control.HasFocus(312) + Container(312).Position(0)]</visible>
		</control>
	</control>
    <control type="group" id="700" description="Shelf items שורה עליונה בכחול">
	  <visible>Container(9000).Row(0) + !Container(9000).Row(1) + !Container(9000).HasPrevious() | ![Skin.String(MenuDesign,0) | Skin.String(MenuDesign,1)]</visible>
	  <animation condition="[Skin.String(MenuDesign,4)] + [!Control.HasFocus(311) + !Control.HasFocus(312) + Control.HasFocus(9000)] + StringCompare(System.Language,Hebrew)" effect="slide" start="0,0" end="-300,0">Conditonal</animation>
	  <animation condition="[Skin.String(MenuDesign,4)] + [!Control.HasFocus(311) + !Control.HasFocus(312) + Control.HasFocus(9000)] + !StringCompare(System.Language,Hebrew)" effect="slide" start="0,0" end="300,0">Conditonal</animation>
      <include description="פנל מדף סרטים שנוספו לאחרונה" condition="!Skin.HasSetting(MoviesShelfWL)">Movies_RA</include>
      <include condition="Skin.HasSetting(MoviesShelfWL)">Movies_WL</include> 
      <include description="פנל מדף פרקים שנוספו לאחרונה" condition="!Skin.HasSetting(TVShelf_Watchlist)">TV_RAIR</include> 
      <include condition="Skin.HasSetting(TVShelf_Watchlist)">TV_WL</include>
	  <!--<include condition="Skin.HasSetting(Admin) + !Skin.HasSetting(Admin2) + Skin.HasSetting(Admin3)">MenuDesign_Widget</include>-->
	  <onright condition="Control.IsVisible(9009) + !StringCompare(System.Language,Hebrew) + Skin.String(MenuDesign,4)">9009</onright>
	  <onleft condition="Control.IsVisible(9009) + StringCompare(System.Language,Hebrew) + Skin.String(MenuDesign,4)">9009</onleft>
	  <onup condition="Control.IsVisible(9009)">9009</onup>
	  <onup condition="Control.IsVisible(7011)">7017</onup>
	  <onup condition="Player.HasAudio + !Control.IsVisible(9009)">ActivateWindow(12901)</onup>
	  <ondown>9000</ondown>
    </control>
  </include>
  <include name="Menu_Home">
    <control type="panel" id="9000">
	  <animation condition="[!Container(9000).Row(0) + !Container(9000).Row(1) | Container(9000).HasPrevious()] + !Window.IsVisible(CustomHomeCustomizer2.xml)" effect="slide" start="0,0" end="0,-551" time="220">Conditonal</animation>
	  <animation condition="Window.IsVisible(CustomHomeCustomizer2.xml) + [!Container(51).Row(0) + !Container(51).Row(1) | !Container(51).HasPrevious()]" effect="fade" start="100" end="0" time="220">Conditonal</animation>
	  <visible>IsEmpty(Window(home).Property(ReloadSkin))</visible>
	  <visible>Skin.String(MenuDesign,0) | Skin.String(MenuDesign,1)</visible>
	  <posx>30</posx>
	  <posy>581</posy>
	  <width>1850</width>
	  <height>1040</height>
	  <onleft>9000</onleft>
	  <onright>9000</onright>
	  <onup condition="Control.IsVisible(7011)">7017</onup>
	  <onup condition="Control.IsVisible(700)">700</onup>
	  <onup condition="Control.IsVisible(9009)">9009</onup>
	  <onup>520</onup>
	  <ondown>noop</ondown>
	  <scrolltime tween="sine" easing="out">220</scrolltime>
	  <include condition="Skin.String(MenuDesign,0)" description="פנל">MenuDesign_Home</include>
	  <include condition="Skin.String(MenuDesign,1)" description="פנל2">MenuDesign_Home1</include>
	  <content>
		<include condition="!Window.IsVisible(LoginScreen)">Content_Home</include>
		<include condition="Window.IsVisible(LoginScreen)">Content_LoginScreen</include>
		<include condition="true">Content_Home2</include>
	  </content>
	</control>
	
	<control type="list" id="9000" description="מאוזן">
	  <visible>IsEmpty(Window(home).Property(ReloadSkin))</visible>
	  <visible>Skin.String(MenuDesign,2) | Skin.String(MenuDesign,3) | !Skin.String(MenuDesign)</visible>
	  <posx>30</posx>
	  <posy>820</posy>
	  <width>1860</width>
	  <height>1040</height>
	  <onleft>9000</onleft>
	  <onright>9000</onright>
	  <onup condition="Control.IsVisible(7011)">7017</onup>
	  <onup condition="Control.IsVisible(700)">700</onup>
	  <onup condition="Control.IsVisible(9009)">9009</onup>
	  <onup>520</onup>
	  <ondown>noop</ondown>
	  <scrolltime tween="sine" easing="out">220</scrolltime>
	  <orientation>horizontal</orientation>
	  <include condition="Skin.String(MenuDesign,2)" description="מאוזן">MenuDesign_Home</include>
	  <include condition="Skin.String(MenuDesign,3) | !Skin.String(MenuDesign)" description="מאוזן2">MenuDesign_Home1</include>
	  <content>
		<include condition="!Window.IsVisible(LoginScreen)">Content_Home</include>
		<include condition="Window.IsVisible(LoginScreen)">Content_LoginScreen</include>
		<include condition="true">Content_Home2</include>
	  </content>
	</control>
	
	<control type="list" id="9000" description="מאונך">
	  <visible>IsEmpty(Window(home).Property(ReloadSkin))</visible>
	  <visible>Skin.String(MenuDesign,4) | Skin.String(MenuDesign,5)</visible>
	  <animation condition="StringCompare(System.Language,Hebrew)" effect="slide" start="0,0" end="1665,0" time="0">Conditonal</animation>
	  <posx>10</posx>
	  <posy>150</posy>
	  <width>1850</width>
	  <height>920</height>
	  <onup>9000</onup>
	  <ondown>9000</ondown>
	  <onright condition="Control.IsVisible(7011) + !StringCompare(System.Language,Hebrew)">7017</onright>
	  <onright condition="Control.IsVisible(700) + !StringCompare(System.Language,Hebrew)">700</onright>
	  <onright condition="Control.IsVisible(9009) + !StringCompare(System.Language,Hebrew)">9009</onright>
	  <onright>520</onright>
	  <onleft condition="Control.IsVisible(7011) + StringCompare(System.Language,Hebrew)">7017</onleft>
	  <onleft condition="Control.IsVisible(700) + StringCompare(System.Language,Hebrew)">700</onleft>
	  <onleft condition="Control.IsVisible(9009) + StringCompare(System.Language,Hebrew)">9009</onleft>
	  <scrolltime tween="sine" easing="out">220</scrolltime>
	  <orientation>vertical</orientation>
	  <include condition="Skin.String(MenuDesign,4)" description="מאונך">MenuDesign_Home2</include>
	  <content>
		<include condition="!Window.IsVisible(LoginScreen)">Content_Home</include>
		<include condition="Window.IsVisible(LoginScreen)">Content_LoginScreen</include>
		<include condition="true">Content_Home2</include>
	  </content>
	</control>
  </include>
  <include name="MenuDesign_Home" description="פנל/מאוזן">
    <itemlayout height="230" width="368">
	  <control type="group">
		<include>MenuDesign_Home_itemlayout</include>
        <control type="image" description="צבע">
		  <height>180</height>
		  <posx>30</posx>
          <posy>30</posy>
		  <texture>buttons/colors/$INFO[ListItem.Property(color)].png</texture>
		  <width>312</width>
        </control>
		<control type="image" description="אלמנט כפתור לא נבחר">
          <posx>30</posx>
          <posy>30</posy>
          <width>312</width>
          <height>180</height>
          <texture>buttons/effects/black2.png</texture>
		  <visible>Skin.String(ElementUButton)</visible>
        </control>
		<control type="image" description="צללית">
		  <animation condition="true" effect="fade" end="40" time="0">Conditional</animation>
		  <posx>30</posx>
          <posy>30</posy>
          <width>312</width>
          <height>180</height>
          <texture>buttons/effects/menuiconshadow.png</texture>
		  <visible>Skin.HasSetting(ShadowButton)</visible>
        </control>
		<control type="image" description="שקופית">
          <posx>30</posx>
          <posy>30</posy>
          <width>312</width>
          <height>180</height>
          <texture>buttons/effects/gardient.png</texture>
		  <visible>!Skin.HasSetting(OverlayButton)</visible>
        </control>
		<control type="image" description="שפוע Bevel">
          <posx>30</posx>
          <posy>30</posy>
          <width>312</width>
          <height>180</height>
          <texture>buttons/effects/bevel.png</texture>
		  <visible>!Skin.HasSetting(BevelButton)</visible>
        </control>
		<control type="image" description="מסגרת (Stroke)">
          <posx>30</posx>
          <posy>30</posy>
          <width>312</width>
          <height>180</height>
          <texture>buttons/effects/stroke.png</texture>
		  <visible>Skin.HasSetting(StrokeButton)</visible>
        </control>
        <control type="image" description="סמל">
		  <include>Fade_IconOverlayButton</include>
          <aspectratio>keep</aspectratio>
		  <height>150</height>
		  <posx>30</posx>
          <posy>30</posy>
          <texture border="0" diffuse="buttons/colors/ffffffff.png" colordiffuse="$VAR[IconUnFocusColor]">$INFO[ListItem.Thumb]</texture>
		  <visible>!IsEmpty(ListItem.Thumb)</visible>
		  <width>312</width>
        </control>
		<control type="image" description="סמל2">
          <include>Fade_IconOverlayButton</include>
		  <aspectratio>keep</aspectratio>
          <height>180</height>
		  <posx>30</posx>
          <posy>30</posy>
		  <texture diffuse="buttons/diffusehome.png">$INFO[ListItem.ActualIcon]</texture>
		  <visible>!IsEmpty(Listitem.ActualIcon)</visible>
		  <width>312</width>
		  <visible>false</visible>
        </control>
		<control type="image" description="OFF">
          <aspectratio>keep</aspectratio>
		  <height>180</height>
		  <posx>30</posx>
          <posy>30</posy>
		  <texture>misc/help/off.png</texture>
		  <visible>Window.IsVisible(CustomHomeCustomizer.xml) + !IsEmpty(ListItem.Property(off))</visible>
		  <width>312</width>
        </control>
		<control type="image" description="תפריט משני">
		  <height>180</height>
		  <posx>30</posx>
          <posy>30</posy>
		  <texture colordiffuse="$VAR[SubMenuMarkColor]">buttons/effects/sub.png</texture>
		  <visible>!IsEmpty(ListItem.Property(sub))</visible>
		  <width>312</width>
        </control>
        <control type="label" description="כותרת">
          <textcolor>$VAR[IconUnFocusColor]</textcolor>
		  <include>LabelC1</include>
		  <posx>35</posx>
          <posy>170</posy>
          <width>300</width>
          <height>24</height>
          <label>[B]$INFO[ListItem.Label][/B]</label>
		  <shadowcolor>black</shadowcolor>
        </control>
	  </control>
    </itemlayout>
    <focusedlayout height="250" width="388">
	  <control type="group">
	    <include>SetProperty_Home</include>
		<!--<animation condition="Skin.String(MenuDesign,1)" effect="zoom" center="312,180" end="50,100" time="0" reversible="false">Conditional</animation>-->
		<control type="image" description="צבע">
          <posx>20</posx>
          <posy>20</posy>
          <width>332</width>
          <height>200</height>
		  <texture>buttons/colors/$INFO[ListItem.Property(color)].png</texture>
        </control>
		<control type="image" description="אלמנט כפתור נבחר">
          <posx>20</posx>
          <posy>20</posy>
          <width>332</width>
          <height>200</height>
          <texture>buttons/effects/black2.png</texture>
		  <visible>Skin.String(ElementFButton)</visible>
        </control>
		<control type="image" description="סמן בחירה 2">
		  <colordiffuse>BFFFFFFF</colordiffuse>
		  <posx>20</posx>
          <posy>20</posy>
          <width>332</width>
          <height>200</height>
		  <texture border="0" diffuse="buttons/colors/ffffffff.png">buttons/effects/choosen2.png</texture>
		  <visible>Skin.HasSetting(SelectionMarker2)</visible>
        </control>
		<control type="image" description="סמן בחירה 3">
		  <!--<animation condition="true" effect="fade" end="10" time="0">Conditional</animation>-->
		  <bordersize>1</bordersize>
		  <posx>18</posx>
          <posy>14</posy>
		  <width>335</width>
		  <height>211</height>
		  <texture border="10" colordiffuse="$VAR[SelectedFrameColor]">misc/frames/selector.png</texture>
		  <visible>Skin.HasSetting(SelectionMarker) | [Window.IsVisible(CustomHomeCustomizer.xml) + [Window.IsVisible(Custom1175.xml) | Window.IsVisible(CustomHomeCustomizer2.xml)]]</visible>
		</control>
		<control type="image" description="צללית">
		  <animation condition="true" effect="fade" end="40" time="0">Conditional</animation>
		  <posx>20</posx>
          <posy>20</posy>
          <width>332</width>
          <height>200</height>
          <texture>buttons/menuiconshadow.png</texture>
		  <visible>Skin.HasSetting(ShadowButton)</visible>
		  <visible>false</visible>
        </control>
		<control type="image" description="שקופית">
          <posx>20</posx>
          <posy>20</posy>
          <width>332</width>
          <height>200</height>
          <texture>buttons/effects/gardient.png</texture>
		  <visible>!Skin.HasSetting(OverlayButton)</visible>
        </control>
		<control type="image" description="שפוע Bevel">
          <posx>20</posx>
          <posy>20</posy>
          <width>332</width>
          <height>200</height>
          <texture>buttons/effects/bevel.png</texture>
		  <visible>!Skin.HasSetting(BevelButton)</visible>
        </control>
		<control type="image" description="מסגרת (Stroke)">
          <posx>20</posx>
          <posy>20</posy>
          <width>332</width>
          <height>200</height>
          <texture>buttons/effects/stroke.png</texture>
		  <visible>Skin.HasSetting(StrokeButton)</visible>
        </control>
		<control type="image" description="סמל">
          <aspectratio>keep</aspectratio>
          <height>180</height>		  
		  <posx>20</posx>
          <posy>20</posy>
		  <texture border="-8" diffuse="buttons/colors/ffffffff.png" colordiffuse="$VAR[IconFocusColor]">$INFO[ListItem.Thumb]</texture>
		  <!--<visible>IsEmpty(Listitem.ActualIcon) + !IsEmpty(Listitem.thumb)</visible>-->
		  <width>332</width>
        </control>
		<control type="image" description="סמל2">
          <include>Fade_IconOverlayButton</include>
		  <aspectratio>keep</aspectratio>
          <height>200</height>		  
		  <posx>20</posx>
          <posy>20</posy>
		  <texture diffuse="buttons/diffusehome.png">$INFO[ListItem.ActualIcon]</texture>
		  <visible>!IsEmpty(Listitem.ActualIcon)</visible>
		  <width>332</width>
		  <visible>false</visible>
        </control>
		<control type="image" description="OFF">
          <aspectratio>keep</aspectratio>
		  <height>200</height>
		  <posx>20</posx>
          <posy>20</posy>
		  <texture>misc/help/off.png</texture>
		  <visible>Window.IsVisible(CustomHomeCustomizer.xml) + !IsEmpty(ListItem.Property(off))</visible>
		  <width>332</width>
        </control>
		<control type="image" description="תפריט משני">
		  <height>200</height>
		  <posx>20</posx>
          <posy>20</posy>
		  <texture colordiffuse="$VAR[SubMenuMarkColor]">buttons/effects/sub.png</texture>
		  <visible>!IsEmpty(ListItem.Property(sub))</visible>
		  <width>332</width>
        </control>
        <control type="label" description="כותרת נבחר">
          <textcolor>$VAR[IconFocusColor]</textcolor>
		  <animation effect="fade" start="80" end="100" time="220" delay="0">Focus</animation>
		  <include>LabelC1</include>
		  <posx>35</posx>
          <posy>180</posy>
          <!--<width>368</width>-->
		  <width>300</width>
          <height>24</height>
          <label>[B]$INFO[ListItem.Label][/B]</label>
		  <shadowcolor>black</shadowcolor>
        </control>
	  </control>
    </focusedlayout>
  </include>
  <include name="MenuDesign_Home1" description="פנל2/מאוזן2">
    <itemlayout height="230" width="250">
	  <control type="group">
		<include>MenuDesign_Home_itemlayout</include>
        <control type="image" description="צבע">
		  <height>180</height>
		  <posx>30</posx>
          <posy>30</posy>
		  <texture>buttons/colors/$INFO[ListItem.Property(color)].png</texture>
		  <width>312</width>
        </control>
		<control type="image" description="אלמנט כפתור לא נבחר">
          <posx>30</posx>
          <posy>30</posy>
          <width>312</width>
          <height>180</height>
          <texture>buttons/effects/black2.png</texture>
		  <visible>Skin.String(ElementUButton)</visible>
        </control>
		<control type="image" description="צללית">
		  <animation condition="true" effect="fade" end="40" time="0">Conditional</animation>
		  <posx>30</posx>
          <posy>30</posy>
          <width>312</width>
          <height>180</height>
          <texture>buttons/effects/menuiconshadow.png</texture>
		  <visible>Skin.HasSetting(ShadowButton)</visible>
        </control>
		<control type="image" description="שקופית">
          <posx>30</posx>
          <posy>30</posy>
          <width>312</width>
          <height>180</height>
          <texture>buttons/effects/gardient.png</texture>
		  <visible>!Skin.HasSetting(OverlayButton)</visible>
        </control>
		<control type="image" description="שפוע Bevel">
          <posx>30</posx>
          <posy>30</posy>
          <width>312</width>
          <height>180</height>
          <texture>buttons/effects/bevel.png</texture>
		  <visible>!Skin.HasSetting(BevelButton)</visible>
        </control>
		<control type="image" description="מסגרת (Stroke)">
          <posx>30</posx>
          <posy>30</posy>
          <width>312</width>
          <height>180</height>
          <texture>buttons/effects/stroke.png</texture>
		  <visible>Skin.HasSetting(StrokeButton)</visible>
        </control>
        <control type="image" description="סמל">
		  <include>Fade_IconOverlayButton</include>
          <aspectratio>keep</aspectratio>
		  <height>150</height>
		  <posx>30</posx>
          <posy>30</posy>
          <texture border="0" diffuse="buttons/colors/ffffffff.png" colordiffuse="$VAR[IconUnFocusColor]">$INFO[ListItem.Thumb]</texture>
		  <visible>!IsEmpty(ListItem.Thumb)</visible>
		  <width>312</width>
        </control>
		<control type="image" description="סמל2">
          <include>Fade_IconOverlayButton</include>
		  <aspectratio>keep</aspectratio>
          <height>180</height>
		  <posx>30</posx>
          <posy>30</posy>
		  <texture diffuse="buttons/diffusehome.png">$INFO[ListItem.ActualIcon]</texture>
		  <visible>!IsEmpty(Listitem.ActualIcon)</visible>
		  <width>312</width>
		  <visible>false</visible>
        </control>
		<control type="image" description="OFF">
          <aspectratio>keep</aspectratio>
		  <height>180</height>
		  <posx>30</posx>
          <posy>30</posy>
		  <texture>misc/help/off.png</texture>
		  <visible>Window.IsVisible(CustomHomeCustomizer.xml) + !IsEmpty(ListItem.Property(off))</visible>
		  <width>312</width>
        </control>
		<control type="image" description="תפריט משני">
		  <height>180</height>
		  <posx>30</posx>
          <posy>30</posy>
		  <texture colordiffuse="$VAR[SubMenuMarkColor]">buttons/effects/sub.png</texture>
		  <visible>!IsEmpty(ListItem.Property(sub))</visible>
		  <width>312</width>
        </control>
        <control type="label" description="כותרת">
          <textcolor>$VAR[IconUnFocusColor]</textcolor>
		  <include>LabelC1</include>
		  <posx>35</posx>
          <posy>170</posy>
          <width>300</width>
          <height>24</height>
          <label>[B]$INFO[ListItem.Label][/B]</label>
		  <shadowcolor>black</shadowcolor>
        </control>
	  </control>
    </itemlayout>
    <focusedlayout height="250" width="250">
	  <control type="group">
	    <include>SetProperty_Home</include>
		<!--<animation condition="Skin.String(MenuDesign,1)" effect="zoom" center="312,180" end="50,100" time="0" reversible="false">Conditional</animation>-->
		<control type="image" description="צבע">
          <posx>20</posx>
          <posy>20</posy>
          <width>332</width>
          <height>200</height>
		  <texture>buttons/colors/$INFO[ListItem.Property(color)].png</texture>
        </control>
		<control type="image" description="אלמנט כפתור נבחר">
          <posx>20</posx>
          <posy>20</posy>
          <width>332</width>
          <height>200</height>
          <texture>buttons/effects/black2.png</texture>
		  <visible>Skin.String(ElementFButton)</visible>
        </control>
		<control type="image" description="סמן בחירה 2">
		  <colordiffuse>BFFFFFFF</colordiffuse>
		  <posx>20</posx>
          <posy>20</posy>
          <width>332</width>
          <height>200</height>
		  <texture diffuse="buttons/colors/ffffffff.png">buttons/effects/choosen2.png</texture>
		  <visible>Skin.HasSetting(SelectionMarker2)</visible>
        </control>
		<control type="image" description="סמן בחירה 3">
		  <!--<animation condition="true" effect="fade" end="10" time="0">Conditional</animation>-->
		  <bordersize>1</bordersize>
		  <posx>18</posx>
          <posy>14</posy>
		  <width>335</width>
		  <height>211</height>
		  <texture border="10" colordiffuse="$VAR[SelectedFrameColor]">misc/frames/selector.png</texture>
		  <visible>Skin.HasSetting(SelectionMarker) | [Window.IsVisible(CustomHomeCustomizer.xml) + [Window.IsVisible(Custom1175.xml) | Window.IsVisible(CustomHomeCustomizer2.xml)]]</visible>
		</control>
		<control type="image" description="צללית">
		  <animation condition="true" effect="fade" end="40" time="0">Conditional</animation>
		  <posx>20</posx>
          <posy>20</posy>
          <width>332</width>
          <height>200</height>
          <texture>buttons/menuiconshadow.png</texture>
		  <visible>Skin.HasSetting(ShadowButton)</visible>
		  <visible>false</visible>
        </control>
		<control type="image" description="שקופית">
          <posx>20</posx>
          <posy>20</posy>
          <width>332</width>
          <height>200</height>
          <texture>buttons/effects/gardient.png</texture>
		  <visible>!Skin.HasSetting(OverlayButton)</visible>
        </control>
		<control type="image" description="שפוע Bevel">
          <posx>20</posx>
          <posy>20</posy>
          <width>332</width>
          <height>200</height>
          <texture>buttons/effects/bevel.png</texture>
		  <visible>!Skin.HasSetting(BevelButton)</visible>
        </control>
		<control type="image" description="מסגרת (Stroke)">
          <posx>20</posx>
          <posy>20</posy>
          <width>332</width>
          <height>200</height>
          <texture>buttons/effects/stroke.png</texture>
		  <visible>Skin.HasSetting(StrokeButton)</visible>
        </control>
		<control type="image" description="סמל">
          <aspectratio>keep</aspectratio>
          <height>180</height>		  
		  <posx>20</posx>
          <posy>20</posy>
		  <texture border="-8" diffuse="buttons/colors/ffffffff.png" colordiffuse="$VAR[IconFocusColor]">$INFO[ListItem.Thumb]</texture>
		  <!--<visible>IsEmpty(Listitem.ActualIcon) + !IsEmpty(Listitem.thumb)</visible>-->
		  <width>332</width>
        </control>
		<control type="image" description="סמל2">
          <include>Fade_IconOverlayButton</include>
		  <aspectratio>keep</aspectratio>
          <height>200</height>		  
		  <posx>20</posx>
          <posy>20</posy>
		  <texture diffuse="buttons/diffusehome.png">$INFO[ListItem.ActualIcon]</texture>
		  <visible>!IsEmpty(Listitem.ActualIcon)</visible>
		  <width>332</width>
		  <visible>false</visible>
        </control>
		<control type="image" description="OFF">
          <aspectratio>keep</aspectratio>
		  <height>200</height>
		  <posx>20</posx>
          <posy>20</posy>
		  <texture>misc/help/off.png</texture>
		  <visible>Window.IsVisible(CustomHomeCustomizer.xml) + !IsEmpty(ListItem.Property(off))</visible>
		  <width>332</width>
        </control>
		<control type="image" description="תפריט משני">
		  <height>200</height>
		  <posx>20</posx>
          <posy>20</posy>
		  <texture colordiffuse="$VAR[SubMenuMarkColor]">buttons/effects/sub.png</texture>
		  <visible>!IsEmpty(ListItem.Property(sub))</visible>
		  <width>332</width>
        </control>
        <control type="label" description="כותרת נבחר">
          <textcolor>$VAR[IconFocusColor]</textcolor>
		  <animation effect="fade" start="80" end="100" time="220" delay="0">Focus</animation>
		  <include>LabelC1</include>
		  <posx>35</posx>
          <posy>180</posy>
          <!--<width>368</width>-->
		  <width>300</width>
          <height>24</height>
          <label>[B]$INFO[ListItem.Label][/B]</label>
		  <shadowcolor>black</shadowcolor>
        </control>
	  </control>
    </focusedlayout>
  </include>
  <include name="MenuDesign_Home2" description="מאונך2">
    <itemlayout height="100" width="268">
	  <control type="group">
		<animation description="VerticalMenu" condition="[Window.IsVisible(Home.xml) + [Control.HasFocus(311) | Control.HasFocus(312) | ControlGroup(9009).HasFocus]] + StringCompare(System.Language,Hebrew)" effect="slide" start="0,0" end="200,0" delay="0" time="220" reversible="true">Conditional</animation>
		<animation description="VerticalMenu" condition="[Window.IsVisible(Home.xml) + [Control.HasFocus(311) | Control.HasFocus(312) | ControlGroup(9009).HasFocus]] + !StringCompare(System.Language,Hebrew)" effect="slide" start="0,0" end="-170,0" delay="0" time="220" reversible="true">Conditional</animation>
		<animation description="VerticalMenu" condition="StringCompare(System.Language,Hebrew)" effect="slide" start="0,0" end="20,0" delay="0" time="0" reversible="true">Conditional</animation>
		<animation condition="[Window.IsVisible(CustomHomeCustomizer.xml) + Window.IsVisible(CustomHomeCustomizer2.xml) | !Skin.HasSetting(FixedUnFocusButtonsTransperancy) + [Control.HasFocus(311) | Control.HasFocus(312) | [IntegerGreaterThan(Container(9000).NumItems,7) + System.IdleTime(7)]]]" effect="fade" start="100" end="40" time="220" reversible="true">Conditional</animation>
        <control type="image" description="צבע">
		  <height>100</height>
		  <posx>0</posx>
          <posy>20</posy>
		  <texture>buttons/colors/$INFO[ListItem.Property(color)].png</texture>
		  <width>212</width>
        </control>
		<control type="image" description="אלמנט כפתור לא נבחר">
          <posx>0</posx>
          <posy>20</posy>
          <width>212</width>
          <height>100</height>
          <texture>buttons/effects/black2.png</texture>
		  <visible>Skin.String(ElementUButton)</visible>
        </control>
		<control type="image" description="צללית">
		  <animation condition="true" effect="fade" end="40" time="0">Conditional</animation>
		  <posx>0</posx>
          <posy>20</posy>
          <width>212</width>
          <height>100</height>
          <texture>buttons/effects/menuiconshadow.png</texture>
		  <visible>Skin.HasSetting(ShadowButton)</visible>
        </control>
		<control type="image" description="שקופית">
          <posx>0</posx>
          <posy>20</posy>
          <width>212</width>
          <height>100</height>
          <texture>buttons/effects/gardient.png</texture>
		  <visible>!Skin.HasSetting(OverlayButton)</visible>
        </control>
		<control type="image" description="שפוע Bevel">
          <posx>0</posx>
          <posy>20</posy>
          <width>212</width>
          <height>100</height>
          <texture>buttons/effects/bevel.png</texture>
		  <visible>!Skin.HasSetting(BevelButton)</visible>
        </control>
		<control type="image" description="מסגרת (Stroke)">
          <posx>0</posx>
          <posy>20</posy>
          <width>212</width>
          <height>100</height>
          <texture>buttons/effects/stroke.png</texture>
		  <visible>Skin.HasSetting(StrokeButton)</visible>
        </control>
        <control type="image" description="סמל">
		  <include>Fade_IconOverlayButton</include>
          <include condition="StringCompare(System.Language,Hebrew)">ImageR1</include>
		  <include condition="!StringCompare(System.Language,Hebrew)">ImageL1</include>
		  <height>70</height>
		  <posx>10</posx>
          <posy>50</posy>
          <texture border="0" diffuse="buttons/colors/ffffffff.png" colordiffuse="$VAR[IconUnFocusColor]">$INFO[ListItem.Thumb]</texture>
		  <visible>!IsEmpty(ListItem.Thumb)</visible>
		  <width>190</width>
        </control>
		<control type="image" description="סמל2">
          <include>Fade_IconOverlayButton</include>
		  <aspectratio>keep</aspectratio>
          <height>100</height>
		  <posx>0</posx>
          <posy>20</posy>
		  <texture diffuse="buttons/diffusehome.png">$INFO[ListItem.ActualIcon]</texture>
		  <visible>!IsEmpty(Listitem.ActualIcon)</visible>
		  <width>212</width>
		  <visible>false</visible>
        </control>
		<control type="image" description="OFF">
          <aspectratio>keep</aspectratio>
		  <height>100</height>
		  <posx>0</posx>
          <posy>30</posy>
		  <texture>misc/help/off.png</texture>
		  <visible>Window.IsVisible(CustomHomeCustomizer.xml) + !IsEmpty(ListItem.Property(off))</visible>
		  <width>212</width>
        </control>
		<control type="image" description="תפריט משני">
		  <height>100</height>
		  <posx>0</posx>
          <posy>20</posy>
		  <texture colordiffuse="$VAR[SubMenuMarkColor]">buttons/effects/sub.png</texture>
		  <visible>!IsEmpty(ListItem.Property(sub))</visible>
		  <width>212</width>
        </control>
        <control type="label" description="כותרת">
		  <textcolor>$VAR[IconUnFocusColor]</textcolor>
          <include condition="StringCompare(System.Language,Hebrew)">LabelR1</include>
		  <include condition="!StringCompare(System.Language,Hebrew)">LabelL1</include>
		  <posx>10</posx>
          <posy>35</posy>
          <width>190</width>
          <height>24</height>
          <label>[B]$INFO[ListItem.Label][/B]</label>
		  <shadowcolor>black</shadowcolor>
        </control>
	  </control>
    </itemlayout>
    <focusedlayout height="100" width="288">
	  <control type="group">
	    <include>SetProperty_Home</include>
		<animation description="VerticalMenu" condition="StringCompare(System.Language,Hebrew)" effect="slide" start="0,0" end="0,0" delay="0" time="0" reversible="true">Conditional</animation>
		<animation description="VerticalMenu" condition="[Window.IsVisible(Home.xml) + [Control.HasFocus(311) | Control.HasFocus(312) | ControlGroup(9009).HasFocus]] + StringCompare(System.Language,Hebrew)" effect="slide" start="0,0" end="170,0" delay="0" time="220" reversible="true">Conditional</animation>
		<animation description="VerticalMenu" condition="[Window.IsVisible(Home.xml) + [Control.HasFocus(311) | Control.HasFocus(312) | ControlGroup(9009).HasFocus]] + !StringCompare(System.Language,Hebrew)" effect="slide" start="0,0" end="-170,0" delay="0" time="220" reversible="true">Conditional</animation>
		<control type="image" description="צבע">
          <posx>0</posx>
          <posy>20</posy>
          <width>232</width>
          <height>100</height>
		  <texture>buttons/colors/$INFO[ListItem.Property(color)].png</texture>
        </control>
		<control type="image" description="אלמנט כפתור נבחר">
          <posx>0</posx>
          <posy>20</posy>
          <width>232</width>
          <height>100</height>
          <texture>buttons/effects/black2.png</texture>
		  <visible>Skin.String(ElementFButton)</visible>
        </control>
		<control type="image" description="סמן בחירה 2">
		  <colordiffuse>BFFFFFFF</colordiffuse>
		  <posx>0</posx>
          <posy>20</posy>
          <width>232</width>
          <height>100</height>
		  <texture border="0" diffuse="buttons/colors/ffffffff.png">buttons/effects/choosen2.png</texture>
		  <visible>Skin.HasSetting(SelectionMarker2)</visible>
        </control>
		<control type="image" description="סמן בחירה 3">
		  <!--<animation condition="true" effect="fade" end="10" time="0">Conditional</animation>-->
		  <bordersize>1</bordersize>
		  <posx>0</posx>
          <posy>14</posy>
		  <width>232</width>
		  <height>111</height>
		  <texture border="10" colordiffuse="$VAR[SelectedFrameColor]">misc/frames/selector.png</texture>
		  <visible>Skin.HasSetting(SelectionMarker) | [Window.IsVisible(CustomHomeCustomizer.xml) + [Window.IsVisible(Custom1175.xml) | Window.IsVisible(CustomHomeCustomizer2.xml)]]</visible>
		</control>
		<control type="image" description="צללית">
		  <animation condition="true" effect="fade" end="40" time="0">Conditional</animation>
		  <posx>0</posx>
          <posy>20</posy>
          <width>232</width>
          <height>100</height>
          <texture>buttons/menuiconshadow.png</texture>
		  <visible>Skin.HasSetting(ShadowButton)</visible>
		  <visible>false</visible>
        </control>
		<control type="image" description="שקופית">
          <posx>0</posx>
          <posy>20</posy>
          <width>232</width>
          <height>100</height>
          <texture>buttons/effects/gardient.png</texture>
		  <visible>!Skin.HasSetting(OverlayButton)</visible>
        </control>
		<control type="image" description="שפוע Bevel">
          <posx>0</posx>
          <posy>20</posy>
          <width>232</width>
          <height>100</height>
          <texture>buttons/effects/bevel.png</texture>
		  <visible>!Skin.HasSetting(BevelButton)</visible>
        </control>
		<control type="image" description="מסגרת (Stroke)">
          <posx>0</posx>
          <posy>20</posy>
          <width>232</width>
          <height>100</height>
          <texture>buttons/effects/stroke.png</texture>
		  <visible>Skin.HasSetting(StrokeButton)</visible>
        </control>
		<control type="image" description="סמל">
		  <animation description="VerticalMenu" condition="StringCompare(System.Language,Hebrew)" effect="slide" start="0,0" end="20,0" delay="0" time="0" reversible="true">Conditional</animation>
          <include condition="StringCompare(System.Language,Hebrew)">ImageR1</include>
		  <include condition="!StringCompare(System.Language,Hebrew)">ImageL1</include>
		  <height>70</height>
		  <posx>10</posx>
          <posy>50</posy>
		  <texture border="-8" diffuse="buttons/colors/ffffffff.png" colordiffuse="$VAR[IconFocusColor]">$INFO[ListItem.Thumb]</texture>
		  <!--<visible>IsEmpty(Listitem.ActualIcon) + !IsEmpty(Listitem.thumb)</visible>-->
		  <width>190</width>
        </control>
		<control type="image" description="סמל2">
          <include>Fade_IconOverlayButton</include>
		  <aspectratio>keep</aspectratio>
          <height>100</height>		  
		  <posx>0</posx>
          <posy>20</posy>
		  <texture diffuse="buttons/diffusehome.png">$INFO[ListItem.ActualIcon]</texture>
		  <visible>!IsEmpty(Listitem.ActualIcon)</visible>
		  <width>232</width>
		  <visible>false</visible>
        </control>
		<control type="image" description="OFF">
          <aspectratio>keep</aspectratio>
		  <height>100</height>
		  <posx>0</posx>
          <posy>30</posy>
		  <texture>misc/help/off.png</texture>
		  <visible>Window.IsVisible(CustomHomeCustomizer.xml) + !IsEmpty(ListItem.Property(off))</visible>
		  <width>212</width>
        </control>
		<control type="image" description="תפריט משני">
		  <height>100</height>
		  <posx>0</posx>
          <posy>20</posy>
		  <texture colordiffuse="$VAR[SubMenuMarkColor]">buttons/effects/sub.png</texture>
		  <visible>!IsEmpty(ListItem.Property(sub))</visible>
		  <width>232</width>
        </control>
        <control type="label" description="כותרת נבחר">
		  <textcolor>$VAR[IconFocusColor]</textcolor>
		  <animation description="VerticalMenu" condition="StringCompare(System.Language,Hebrew)" effect="slide" start="0,0" end="20,0" delay="0" time="0" reversible="true">Conditional</animation>
          <animation effect="fade" start="80" end="100" time="220" delay="0">Focus</animation>
          <textcolor>yellow</textcolor>
		  <include condition="StringCompare(System.Language,Hebrew)">LabelR1</include>
		  <include condition="!StringCompare(System.Language,Hebrew)">LabelL1</include>
		  <posx>10</posx>
          <posy>35</posy>
		  <width>190</width>
          <height>24</height>
          <label>[B]$INFO[ListItem.Label][/B]</label>
		  <shadowcolor>black</shadowcolor>
        </control>
	  </control>
    </focusedlayout>
  </include>
</includes>
